true_label,predicted_label
0,14
0,14
0,0
0,0
0,0
0,0
0,0
0,0
0,0
0,21
0,0
0,0
0,0
0,0
0,0
0,0
0,0
0,0
0,0
0,0
0,0
0,1
0,0
0,1
0,1
0,0
0,1
0,1
0,1
0,1
0,0
0,1
0,1
0,1
0,0
0,0
0,0
0,0
0,0
0,0
0,0
0,1
0,1
0,0
0,1
0,1
0,1
0,1
0,1
0,1
0,1
0,1
0,0
0,1
0,1
0,0
0,0
0,0
0,0
0,0
0,0
0,1
0,0
0,0
0,1
0,0
0,0
0,0
0,14
0,24
0,0
0,1
0,1
0,1
0,1
0,0
0,1
0,0
0,1
0,1
0,1
0,1
0,1
0,1
0,14
0,1
0,1
0,1
0,1
0,1
0,1
0,1
0,0
0,1
0,1
0,1
0,1
0,24
0,1
0,1
0,1
0,1
0,1
0,1
0,1
0,1
0,1
0,1
0,1
0,1
0,1
0,0
0,1
0,24
0,1
0,0
0,0
0,1
0,1
0,1
0,1
0,0
0,1
0,0
0,0
0,0
0,0
0,0
0,0
0,0
0,0
0,0
0,0
0,0
0,0
0,1
0,1
0,0
0,0
0,1
0,1
0,1
0,1
0,1
0,0
0,1
0,1
0,1
0,1
0,0
0,1
0,0
0,1
0,0
0,1
0,0
0,0
0,24
0,1
0,0
0,1
0,1
0,1
0,1
0,1
0,1
0,1
0,1
0,1
0,1
0,24
0,1
0,1
0,1
0,1
0,17
0,14
0,1
0,1
0,14
0,1
0,1
0,1
0,1
0,1
0,1
0,0
0,0
0,0
0,1
0,1
0,1
0,1
0,1
0,1
0,3
0,24
0,0
0,0
0,24
0,0
0,0
0,1
0,1
0,0
0,0
0,0
0,0
0,0
0,0
0,0
0,0
0,0
0,0
0,1
0,0
0,1
0,0
0,0
0,0
0,1
0,1
0,1
0,1
0,0
0,1
0,1
0,1
0,1
0,1
0,1
0,1
0,0
0,1
0,1
0,14
0,1
0,1
0,1
0,9
0,0
0,0
0,0
0,0
0,0
0,24
0,24
0,24
0,0
0,0
0,0
0,0
0,24
0,24
0,3
0,1
0,1
0,24
0,24
0,0
0,0
0,0
0,0
0,0
0,0
0,0
0,24
0,0
0,0
0,0
0,0
0,0
0,24
0,24
0,1
0,0
0,0
0,0
0,0
0,0
0,0
0,0
0,0
0,0
0,0
0,0
0,0
0,0
0,0
0,0
0,0
0,0
0,0
0,0
0,24
0,24
0,0
0,0
0,0
0,0
0,0
0,0
0,0
0,0
0,0
0,0
0,0
0,0
0,0
0,0
0,0
0,0
0,0
0,0
0,0
0,0
0,0
0,0
0,0
0,0
0,0
0,0
0,0
0,0
0,0
0,0
0,0
0,7
0,24
0,1
0,0
0,0
0,0
0,0
0,0
0,0
0,0
0,0
0,0
0,0
0,0
0,0
0,0
0,0
0,0
0,0
0,0
0,0
0,0
0,1
0,1
0,1
0,3
0,11
0,3
0,0
0,0
0,0
0,0
0,0
0,0
0,0
0,0
0,6
0,10
0,10
0,10
0,10
0,10
0,3
0,3
0,0
0,0
0,13
0,3
0,0
0,3
0,24
0,0
0,0
0,0
0,1
0,1
0,1
0,0
0,0
0,0
0,0
0,0
0,0
0,0
0,0
0,0
0,0
0,0
0,0
0,0
0,0
0,0
0,0
0,0
0,0
0,0
0,0
0,0
0,0
0,0
0,0
0,0
0,0
0,0
0,0
0,0
0,0
0,0
0,0
0,0
0,0
0,0
0,0
0,0
0,0
0,0
0,0
0,0
0,0
0,0
0,0
0,0
0,0
0,0
0,0
0,0
0,0
0,0
0,0
0,0
0,0
0,0
0,0
0,0
0,0
0,0
0,0
0,0
0,0
0,0
0,6
0,0
0,0
0,0
0,0
0,0
0,0
0,0
0,0
0,0
0,0
0,0
0,0
0,0
0,0
0,0
0,0
0,0
0,0
0,0
0,0
0,0
0,0
0,0
0,0
0,0
0,0
0,6
0,0
0,0
0,0
0,0
0,0
0,0
0,0
0,0
0,0
0,0
0,0
0,0
0,0
0,0
0,0
0,21
0,25
0,25
0,25
0,25
0,22
0,9
0,2
0,21
0,25
0,21
0,21
0,21
0,21
0,9
0,9
0,2
0,2
0,21
0,2
0,2
0,21
0,21
0,25
0,25
0,2
0,0
0,0
0,0
0,0
0,0
0,0
0,0
0,2
0,21
0,0
1,17
1,1
1,1
1,1
1,1
1,1
1,1
1,1
1,1
1,1
1,1
1,1
1,1
1,1
1,1
1,1
1,1
1,1
1,1
1,1
1,1
1,1
1,1
1,1
1,1
1,1
1,1
1,1
1,1
1,1
1,1
1,1
1,1
1,1
1,1
1,1
1,1
1,1
1,1
1,1
1,1
1,1
1,1
1,1
1,1
1,1
1,1
1,1
1,1
1,1
1,1
1,1
1,1
1,1
1,1
1,1
1,1
1,1
1,1
1,1
1,1
1,1
1,1
1,1
1,1
1,1
1,1
1,1
1,1
1,1
1,1
1,1
1,1
1,1
1,1
1,1
1,1
1,1
1,1
1,1
1,1
1,1
1,1
1,1
1,1
1,1
1,1
1,1
1,1
1,1
1,1
1,1
1,1
1,1
1,1
1,1
1,1
1,1
1,1
1,1
1,1
1,1
1,1
1,1
1,1
1,1
1,1
1,1
1,1
1,1
1,1
1,1
1,1
1,1
1,1
1,1
1,1
1,1
1,1
1,1
1,1
1,1
1,1
1,1
1,1
1,1
1,1
1,1
1,1
1,1
1,1
1,1
1,1
1,1
1,1
1,1
1,1
1,1
1,1
1,1
1,1
1,1
1,1
1,1
1,1
1,1
1,1
1,1
1,1
1,1
1,1
1,1
1,1
1,1
1,1
1,1
1,1
1,1
1,1
1,1
1,1
1,1
1,1
1,1
1,1
1,1
1,1
1,1
1,1
1,1
1,1
1,1
1,1
1,1
1,1
1,1
1,1
1,1
1,1
1,1
1,1
1,1
1,1
1,1
1,1
1,1
1,1
1,1
1,1
1,1
1,1
1,1
1,1
1,1
1,1
1,1
1,1
1,1
1,1
1,14
1,14
1,14
1,1
1,17
1,1
1,1
1,1
1,1
1,1
1,1
1,17
1,1
1,1
1,1
1,14
1,14
1,14
1,1
1,1
1,1
1,1
1,1
1,1
1,1
1,1
1,1
1,1
1,1
1,1
1,1
1,1
1,1
1,1
1,1
1,1
1,1
1,1
1,1
1,1
1,1
1,1
1,1
1,1
1,1
1,1
1,1
1,1
1,1
1,1
1,1
1,1
1,1
1,1
1,1
1,1
1,1
1,1
1,1
1,1
1,1
1,1
1,1
1,1
1,1
1,1
1,1
1,1
1,1
1,1
1,1
1,1
1,1
1,1
1,1
1,1
1,1
1,1
1,1
1,1
1,1
1,1
1,1
1,1
1,1
1,1
1,1
1,1
1,1
1,1
1,1
1,1
1,1
1,1
1,1
1,1
1,1
1,1
1,1
1,1
1,1
1,1
1,1
1,1
1,1
1,1
1,1
1,1
1,1
1,1
1,1
1,1
1,1
1,1
1,1
1,1
1,1
1,1
1,1
1,1
1,1
1,1
1,1
1,1
1,1
1,1
1,1
1,1
1,1
1,1
1,1
1,1
1,1
1,1
1,1
1,1
1,1
1,1
1,1
1,1
1,7
1,14
1,14
1,11
1,11
1,11
1,11
1,1
1,17
1,1
1,1
1,1
1,1
1,1
1,1
1,1
1,1
1,1
1,1
1,1
1,1
1,1
1,1
1,1
1,1
1,1
1,1
1,7
1,14
1,14
1,1
1,1
1,1
1,1
1,1
1,1
1,1
1,1
1,1
1,1
1,1
1,1
1,1
1,1
1,1
1,1
1,3
1,1
1,1
1,1
1,1
1,1
1,1
1,1
1,1
1,1
1,1
1,1
1,1
1,1
1,1
1,1
1,1
1,24
1,1
1,1
1,1
1,1
1,1
1,1
1,1
1,1
1,1
1,1
1,1
1,1
1,1
1,1
1,1
1,1
1,1
1,1
1,1
1,1
1,1
1,1
1,1
1,1
1,1
1,1
1,1
1,1
1,1
1,14
1,1
1,1
1,1
1,1
1,1
1,1
1,1
1,1
1,1
1,1
1,1
1,1
1,1
1,1
1,1
1,1
1,1
1,1
1,1
1,1
1,1
1,1
1,1
1,1
1,1
1,1
1,1
1,1
1,1
1,1
1,1
1,1
1,1
1,1
1,1
1,1
1,1
1,1
1,1
1,1
1,1
1,1
1,1
1,1
1,1
1,1
1,1
1,1
1,1
1,1
1,1
1,1
1,1
1,1
1,1
1,1
1,1
1,1
1,1
1,1
1,1
1,1
1,7
1,1
1,1
1,1
1,1
1,1
1,1
1,1
1,1
1,1
1,1
1,1
1,1
1,1
1,1
1,1
1,1
1,1
1,1
1,1
1,1
1,1
1,1
1,1
1,1
1,1
1,1
1,1
1,1
1,1
1,1
1,1
1,1
1,1
1,1
1,1
1,1
1,1
1,1
1,1
1,1
1,1
1,1
1,7
1,14
1,11
1,14
1,0
1,1
1,1
1,1
1,0
1,1
1,1
1,0
1,1
1,1
1,1
1,1
1,3
1,25
1,13
1,13
1,13
1,1
1,0
1,1
1,1
1,1
1,1
1,1
1,1
1,1
1,1
1,1
1,1
1,1
1,1
1,1
1,1
1,1
1,1
1,1
1,1
1,1
1,1
1,1
1,1
1,16
1,13
1,25
1,2
1,3
2,6
2,23
2,0
2,6
2,2
2,2
2,2
2,2
2,2
2,6
2,23
2,2
2,2
2,2
2,2
2,2
2,2
2,2
2,2
2,2
2,2
2,2
2,2
2,2
2,2
2,6
2,2
2,22
2,8
2,2
2,2
2,2
2,22
2,2
2,2
2,2
2,2
2,2
2,26
2,2
2,2
2,2
2,2
2,2
2,2
2,2
2,2
2,2
2,2
2,2
2,2
2,2
2,2
2,2
2,2
2,26
2,2
2,2
2,2
2,2
2,2
2,2
2,26
2,2
2,2
2,2
2,2
2,2
2,2
2,2
2,26
2,26
2,26
2,2
2,2
2,2
2,2
2,0
2,2
2,2
2,2
2,28
2,13
2,2
2,2
2,2
2,13
2,2
2,2
2,2
2,6
2,2
2,2
2,26
2,3
2,3
2,2
2,2
2,2
2,2
2,2
2,2
2,2
2,2
2,2
2,2
2,2
2,2
2,22
2,2
2,22
2,2
2,2
2,2
2,2
2,2
2,26
2,2
2,2
2,2
2,2
2,22
2,2
2,2
2,2
2,2
2,2
2,2
2,2
2,2
2,2
2,2
2,2
2,2
2,2
2,10
2,10
2,10
2,10
2,10
2,2
2,2
2,2
2,2
2,2
2,2
2,2
2,2
2,2
2,2
2,2
2,2
2,2
2,2
2,2
2,2
2,2
2,2
2,2
2,21
2,2
2,2
2,2
2,2
2,2
2,2
2,2
2,2
2,2
2,2
2,2
2,2
2,2
2,22
2,2
2,2
2,2
2,2
2,22
2,2
2,21
2,6
2,6
2,6
2,9
2,2
2,2
2,2
2,2
2,2
2,2
2,2
2,2
2,2
2,2
2,22
2,22
2,2
2,2
2,2
2,6
2,22
2,2
2,2
2,2
2,22
2,2
2,2
2,22
2,2
2,2
2,2
2,2
2,2
2,22
2,2
2,8
2,2
2,2
3,3
3,3
3,3
3,3
3,3
3,3
3,3
3,3
3,3
3,3
3,3
3,3
3,3
3,3
3,3
3,3
3,3
3,1
3,3
3,3
3,3
3,3
3,3
3,3
3,3
3,12
3,12
3,12
3,3
3,3
3,3
3,24
3,3
3,3
3,3
3,3
3,3
3,3
3,3
3,3
3,3
3,3
3,3
3,3
3,1
3,3
3,3
3,3
3,3
3,3
3,3
3,3
3,3
3,3
3,3
3,3
3,3
3,3
3,3
3,3
3,3
3,3
3,3
3,3
3,3
3,1
3,1
3,1
3,12
3,12
3,3
3,3
3,3
3,1
3,1
3,1
3,1
3,3
3,3
3,3
3,3
3,3
3,3
3,3
3,3
3,1
3,1
3,3
3,3
3,12
3,3
3,3
3,3
3,3
3,3
3,3
3,24
3,3
3,3
3,3
3,3
3,24
3,24
3,3
3,12
3,12
3,3
3,3
3,3
3,3
3,3
3,3
3,24
3,3
3,3
3,3
3,3
3,3
3,3
3,3
3,3
3,3
3,3
3,3
3,3
3,3
3,3
3,3
3,3
3,3
3,3
3,3
3,3
3,3
3,3
3,3
3,3
3,3
3,3
3,3
3,14
3,1
3,1
3,3
3,3
3,26
3,26
3,3
3,3
3,3
3,3
3,3
3,3
3,3
3,3
3,3
3,3
3,3
3,3
3,3
3,3
3,3
3,3
3,3
3,3
3,3
3,13
3,3
3,3
3,3
3,3
3,3
3,3
3,3
3,3
3,3
3,3
3,3
3,3
3,3
3,3
3,3
3,3
3,3
3,3
3,13
3,3
3,3
3,3
3,3
3,3
3,3
3,3
3,3
3,3
3,3
3,3
3,12
3,13
3,3
3,3
3,3
3,3
3,3
3,3
3,3
3,3
3,3
3,3
3,3
3,3
4,10
4,4
4,4
4,4
4,4
4,4
4,4
4,2
4,4
4,4
4,4
4,4
4,4
4,4
4,4
4,4
4,4
4,10
4,13
4,10
4,4
4,4
4,8
4,4
4,13
4,13
4,13
4,13
4,10
4,10
4,13
4,13
4,4
4,4
4,4
4,4
4,8
4,13
4,22
4,2
4,4
4,4
4,4
4,4
4,4
4,4
4,8
4,5
4,5
4,4
4,4
4,4
4,4
4,5
4,5
4,5
4,11
4,4
4,4
4,4
4,4
4,5
4,5
4,4
4,5
4,4
4,4
4,4
4,4
4,4
4,4
4,4
4,5
4,11
4,11
4,4
4,4
4,4
4,4
4,5
4,4
4,4
4,4
4,4
4,6
4,4
4,4
4,4
4,4
4,8
4,4
4,4
4,8
4,4
4,4
4,5
4,9
4,5
4,8
4,4
4,4
4,4
4,5
4,4
4,9
4,5
4,4
4,4
4,4
4,4
4,5
4,5
4,4
4,4
4,4
4,4
4,5
4,4
4,5
4,4
4,4
4,4
4,4
4,5
4,4
4,5
4,4
4,4
4,4
4,4
4,5
4,5
4,4
4,4
4,4
4,4
4,4
4,4
4,5
4,5
4,4
4,4
4,4
5,5
5,5
5,5
5,5
5,5
5,5
5,5
5,5
5,5
5,5
5,5
5,5
5,5
5,5
5,5
5,5
5,5
5,5
5,5
5,5
5,5
5,5
5,5
5,5
5,5
5,5
5,5
5,5
5,5
5,5
5,5
5,5
5,5
5,5
5,5
5,5
5,5
5,5
5,5
5,5
5,5
5,5
5,5
5,5
5,5
5,5
5,5
5,5
5,5
5,4
5,5
5,5
5,5
5,5
5,5
5,5
5,5
5,5
5,5
5,5
5,5
5,5
5,5
5,5
5,5
5,5
5,5
5,5
5,5
5,5
5,5
5,5
5,5
5,5
5,5
5,5
5,5
5,5
5,5
5,5
5,5
5,5
5,5
5,9
5,5
5,5
5,13
5,9
5,5
5,4
5,5
5,5
5,5
5,9
6,6
6,9
6,6
6,6
6,6
6,6
6,2
6,26
6,9
6,9
6,23
6,6
6,9
6,0
6,6
6,9
6,9
6,6
6,9
6,3
6,9
6,6
6,9
6,6
6,9
6,6
6,6
6,6
6,9
6,6
6,6
6,6
6,9
6,6
6,6
6,9
6,6
6,6
6,6
6,0
6,0
6,6
6,6
6,6
6,6
6,9
6,6
6,6
6,6
6,6
6,9
6,6
6,6
6,6
6,6
6,6
6,6
6,6
6,6
6,6
6,6
6,6
6,9
6,9
6,6
6,9
6,6
6,6
6,6
6,6
6,6
6,6
6,6
6,6
6,6
7,7
7,7
7,7
7,7
7,7
7,7
7,7
7,7
7,7
7,7
7,7
7,7
7,7
7,7
7,7
7,7
7,7
7,7
7,7
7,7
7,7
7,7
7,7
7,7
7,7
7,7
7,7
7,7
7,7
7,7
7,7
7,7
7,7
7,7
7,7
7,7
7,7
7,7
7,7
7,7
7,7
7,7
7,7
7,7
7,7
7,7
7,7
7,7
7,7
7,7
7,7
7,7
7,7
7,7
7,7
7,7
7,7
7,7
7,7
7,7
7,7
7,7
7,7
7,7
7,7
7,7
7,7
7,7
7,7
7,7
7,7
7,7
7,7
7,7
7,7
7,7
7,7
7,7
7,7
7,7
7,7
7,7
7,7
7,7
7,7
7,7
7,7
7,7
7,7
7,7
7,7
7,7
7,7
7,7
7,7
7,7
7,7
7,7
7,7
7,7
7,7
7,7
7,7
7,7
7,7
7,7
7,7
7,7
7,7
7,7
7,7
7,7
7,7
7,7
7,7
7,7
7,4
7,13
7,7
7,7
7,7
7,7
7,7
7,7
7,7
7,7
7,7
7,7
7,7
7,7
7,7
7,7
7,7
7,7
7,7
7,7
7,7
7,7
7,7
7,7
7,7
7,7
7,7
7,7
7,7
7,7
7,7
7,7
7,7
7,7
7,7
7,7
7,7
7,7
7,7
7,7
7,7
7,7
7,7
7,7
7,7
7,7
7,7
7,7
7,7
7,7
7,7
7,7
7,7
7,7
7,7
7,7
7,7
7,7
7,7
7,7
7,7
7,7
7,7
7,7
7,7
7,7
7,7
7,7
7,7
7,7
7,7
7,7
7,7
7,7
7,7
7,7
7,7
7,7
7,7
7,7
7,7
7,7
7,7
7,7
7,7
7,7
7,7
7,7
7,7
7,7
7,2
7,7
7,7
7,7
7,7
7,7
7,7
7,7
7,7
7,7
7,7
7,7
7,7
7,7
7,7
7,7
7,7
7,7
7,7
7,7
7,7
7,7
7,7
7,7
7,7
7,7
7,7
7,7
7,7
7,7
7,7
7,7
7,7
7,7
7,7
7,7
7,7
7,7
7,7
7,7
7,7
7,7
7,7
7,7
7,7
7,7
7,7
7,7
7,7
7,7
7,7
7,7
7,7
7,7
7,7
7,7
7,7
7,7
7,7
7,7
7,7
7,7
7,7
7,7
7,7
7,7
7,7
7,7
7,7
7,7
7,7
7,7
7,7
7,7
8,8
8,8
8,8
8,8
8,22
8,8
8,22
8,8
8,8
8,8
8,8
8,8
8,22
8,8
8,8
8,8
8,8
8,22
8,22
8,8
8,8
8,8
8,8
8,22
8,22
8,8
8,8
8,8
8,8
8,8
8,8
8,8
8,8
8,7
8,8
8,7
8,8
8,8
8,8
8,8
8,7
8,8
8,8
8,8
8,8
8,8
8,8
8,8
8,7
8,21
8,9
8,7
8,7
8,8
8,8
8,8
8,8
8,8
8,8
8,7
8,8
8,7
8,21
8,7
8,7
8,7
8,7
8,7
8,7
8,7
8,9
8,7
8,7
8,8
8,7
8,9
8,8
8,8
8,8
8,8
8,23
8,8
8,8
8,8
8,8
8,8
8,8
8,8
8,8
8,8
8,8
8,8
8,8
8,8
8,8
8,8
8,8
8,8
8,4
8,4
8,13
8,4
8,4
8,4
8,8
8,8
8,8
8,8
8,8
8,8
8,4
8,4
8,8
8,8
8,8
8,8
8,13
8,8
8,8
8,8
8,8
9,9
9,9
9,9
9,9
9,9
9,9
9,9
9,9
9,21
9,9
9,9
9,9
9,9
9,9
9,9
9,9
9,9
9,9
9,9
9,9
9,9
9,9
9,9
9,9
9,9
9,21
9,9
9,9
9,7
9,9
9,9
9,9
9,9
9,9
9,9
9,9
9,9
9,21
9,9
9,11
9,25
9,14
9,14
9,14
9,9
9,3
9,3
9,9
9,9
9,9
9,9
9,9
9,9
9,9
9,9
9,2
9,22
9,9
9,2
9,13
9,13
9,2
9,21
9,9
9,9
9,9
9,9
9,9
9,23
9,9
9,9
9,9
9,9
9,9
9,9
9,9
9,9
9,9
9,9
9,9
9,9
9,9
9,9
9,9
9,9
9,9
9,9
9,9
9,9
9,6
9,6
9,9
9,9
9,9
9,9
9,9
9,9
9,9
9,9
9,9
9,9
9,9
9,9
9,9
9,9
9,9
9,23
9,9
9,9
9,9
9,9
9,9
9,9
9,9
9,9
9,9
9,9
9,9
9,9
9,9
9,9
9,9
9,9
9,9
9,9
9,9
9,9
9,9
9,9
9,9
9,9
9,9
9,9
9,9
9,9
9,9
9,9
9,9
9,7
9,9
9,9
9,9
9,9
9,9
9,9
9,7
9,9
9,9
9,9
9,9
9,7
9,9
9,9
9,9
9,0
9,9
9,9
9,9
9,9
9,9
9,9
9,9
9,9
9,9
9,9
9,9
9,9
9,9
9,9
9,9
9,9
9,9
9,9
9,9
9,9
10,10
10,10
10,10
10,10
10,10
10,10
10,10
10,10
10,10
10,10
10,10
10,10
10,10
10,26
10,10
10,10
10,10
10,10
10,10
10,10
10,10
10,10
10,10
10,10
10,10
10,10
10,10
10,10
10,10
10,10
10,10
10,10
10,10
10,10
10,10
10,10
10,10
10,10
10,10
10,10
10,26
10,10
10,10
10,10
10,10
10,10
10,10
10,10
10,10
10,10
10,10
10,10
10,10
10,14
10,24
10,13
10,10
10,10
10,10
10,10
10,10
10,10
10,10
10,10
10,10
10,10
10,10
10,10
10,10
10,10
10,10
10,10
10,10
10,10
10,10
10,10
10,10
10,10
10,13
10,10
10,10
10,10
10,10
10,10
10,10
10,10
10,10
10,10
10,10
10,10
10,10
10,10
10,10
10,10
10,10
10,10
10,10
10,10
10,10
10,10
10,10
10,10
10,10
10,10
10,10
10,10
10,10
10,10
10,10
10,10
10,10
10,10
10,10
10,3
10,10
10,10
10,26
10,10
10,10
10,10
10,10
10,10
10,10
10,10
10,10
10,10
10,10
10,10
10,10
10,10
10,12
10,10
10,10
10,10
10,10
10,26
10,10
10,10
10,10
10,10
10,10
10,10
10,10
10,10
10,10
10,10
10,26
10,26
10,10
10,10
10,10
10,10
10,10
10,10
10,10
10,10
10,10
10,10
10,10
10,26
10,10
10,10
10,10
10,10
10,10
10,10
10,10
10,10
10,10
10,10
10,26
10,10
10,10
10,10
10,4
10,10
10,10
10,10
10,10
10,10
10,10
10,10
10,10
10,10
10,10
10,10
10,10
10,10
10,10
10,10
10,10
10,0
10,10
10,10
10,0
10,10
10,10
10,10
10,0
10,13
10,13
10,10
10,10
10,10
10,10
10,10
10,10
10,10
10,10
10,10
10,10
10,10
10,10
10,26
10,10
10,10
10,10
10,10
10,10
10,10
10,10
10,10
10,10
10,10
10,10
10,10
10,13
10,13
10,10
10,10
10,10
10,10
10,10
10,10
10,0
10,0
11,11
11,11
11,11
11,11
11,11
11,11
11,11
11,11
11,11
11,11
11,11
11,11
11,11
11,11
11,11
11,11
11,11
11,11
11,11
11,11
11,11
11,11
11,11
11,11
11,11
11,11
11,11
11,11
11,11
11,11
11,11
11,11
11,11
11,11
11,11
11,11
11,11
11,11
11,11
11,11
11,11
11,11
11,11
11,11
11,11
11,11
11,11
11,11
11,11
11,11
11,11
11,11
11,11
11,11
11,11
11,11
11,11
11,11
11,11
11,11
11,11
11,11
11,11
11,11
11,11
11,11
11,11
11,11
11,11
11,11
11,11
11,11
11,11
11,11
11,11
11,11
11,11
11,11
11,11
11,11
11,11
11,11
11,11
11,11
11,11
11,11
11,11
11,11
11,11
11,11
11,11
11,11
11,11
11,11
11,11
11,11
11,11
11,11
11,11
11,11
11,11
11,11
11,11
11,11
11,11
11,11
11,11
11,11
11,11
11,11
11,11
11,11
11,11
11,11
11,11
11,11
11,11
11,11
11,11
11,11
11,11
11,11
11,11
11,11
11,11
11,11
11,11
11,11
11,11
11,11
11,11
11,11
11,11
11,11
11,11
11,11
11,11
11,11
11,11
11,11
11,11
11,11
11,11
11,11
11,11
11,11
11,11
11,11
11,11
11,11
11,11
11,11
11,11
11,11
11,11
11,11
11,11
11,11
11,11
11,11
11,11
11,11
11,11
11,11
11,11
11,11
11,11
11,11
11,11
11,11
11,11
11,11
11,11
11,11
11,11
11,11
11,11
11,11
11,11
11,11
11,11
11,11
11,11
11,11
11,11
11,11
11,11
11,4
11,11
11,11
11,11
11,11
11,11
11,11
11,11
11,11
11,11
11,11
11,11
11,11
11,11
11,11
11,11
11,11
11,11
11,11
11,11
11,11
11,11
11,11
11,11
11,11
11,11
11,11
11,11
11,11
11,11
11,11
11,11
11,11
11,11
11,11
11,11
11,11
11,11
11,11
11,11
11,11
11,11
11,11
11,11
11,11
11,11
11,11
11,11
11,11
11,11
11,11
11,11
11,11
11,11
11,11
11,11
11,11
11,11
11,11
11,11
11,11
11,11
12,12
12,12
12,12
12,12
12,12
12,12
12,12
12,12
12,12
12,12
12,12
12,12
12,12
12,12
12,12
12,12
12,12
12,12
12,12
12,12
12,12
12,3
12,12
12,12
12,12
12,12
12,12
12,12
12,12
12,12
12,12
12,12
12,12
12,12
12,12
12,12
12,12
12,12
12,12
12,12
12,12
12,12
12,12
12,12
12,12
12,12
12,12
12,12
12,12
12,12
12,12
12,12
12,12
12,12
12,12
12,12
12,12
12,12
12,12
12,12
12,12
12,12
12,12
12,12
12,12
12,12
12,12
12,12
12,12
12,12
12,12
12,12
12,12
12,12
12,12
12,12
12,12
12,12
12,12
12,12
12,12
12,12
12,12
12,12
12,12
12,12
12,12
12,12
12,12
12,12
12,12
12,12
12,12
12,12
12,12
12,12
12,12
12,12
12,12
12,12
12,12
12,12
12,12
12,12
12,12
12,12
12,12
12,12
12,12
12,12
12,12
12,12
12,12
12,12
12,12
12,12
12,12
12,12
12,12
12,12
12,12
12,12
12,12
12,12
12,12
12,12
12,12
12,12
12,12
12,12
12,12
12,12
12,12
12,12
12,12
12,12
12,12
12,12
12,12
12,12
12,12
12,12
12,12
12,12
12,12
12,12
12,12
12,12
12,12
12,12
12,12
12,12
12,12
12,12
12,12
12,12
12,12
12,12
12,12
12,12
12,12
12,3
12,12
12,12
12,12
12,12
12,12
12,12
12,12
12,12
12,12
12,12
12,12
12,12
12,12
12,12
12,12
12,12
12,12
12,12
12,12
12,12
12,12
12,12
12,12
12,12
12,12
12,12
12,12
12,12
12,12
12,12
12,12
12,12
12,12
12,3
12,12
12,12
12,12
12,12
12,12
12,3
12,12
12,3
12,12
12,12
12,12
12,12
12,12
12,12
12,12
13,13
13,10
13,13
13,8
13,25
13,13
13,13
13,13
13,13
13,10
13,10
13,10
13,10
13,10
13,10
13,13
13,13
13,26
13,3
13,26
13,13
13,13
13,13
13,25
13,13
13,13
13,13
13,13
13,13
13,13
13,13
13,13
13,13
13,13
13,10
13,13
13,13
13,13
13,13
13,13
13,11
13,13
13,13
13,13
13,13
13,13
13,13
13,13
13,13
13,13
13,25
13,13
13,13
13,13
13,13
13,13
13,13
13,13
13,13
13,13
13,13
13,13
13,13
13,13
13,13
13,10
13,13
13,13
13,13
13,13
13,13
13,13
13,8
13,8
13,13
13,13
13,13
13,13
13,13
13,13
13,8
13,13
13,13
13,13
13,2
13,10
13,13
13,13
13,13
13,13
13,13
13,3
13,13
13,13
13,13
13,20
13,26
13,2
13,13
13,13
13,13
13,8
13,8
13,25
13,13
13,13
13,13
13,8
13,13
13,13
13,13
13,13
13,13
13,8
13,13
13,13
13,8
13,8
13,13
13,2
13,13
13,13
13,13
13,13
13,13
13,13
13,20
14,3
14,3
14,3
14,3
14,3
14,14
14,14
14,14
14,14
14,1
14,7
14,1
14,1
14,12
14,0
14,3
14,14
14,14
14,1
14,1
14,25
14,25
14,3
14,12
14,3
14,3
14,14
14,14
14,7
14,1
14,1
14,1
14,1
14,1
14,1
14,14
14,14
15,22
15,22
15,22
15,22
15,22
15,22
15,22
15,19
15,22
15,22
15,15
15,15
15,15
15,15
15,15
15,22
15,15
15,25
15,25
15,15
15,14
16,25
16,25
16,8
16,9
16,14
16,14
16,14
16,14
16,14
16,8
16,7
16,16
16,9
16,3
16,3
16,26
16,25
16,14
16,25
16,13
16,7
16,9
16,25
16,25
17,25
17,3
17,14
17,14
17,14
17,14
17,14
17,14
17,14
17,14
17,14
17,14
17,14
17,14
17,14
17,14
17,14
17,14
17,14
17,14
17,14
17,14
17,13
17,11
17,11
17,11
17,13
17,14
17,14
17,14
17,14
17,14
17,14
17,1
17,1
17,14
17,14
17,14
17,14
17,14
17,14
17,14
17,14
17,1
17,1
17,1
17,14
17,14
17,14
17,14
17,14
17,14
17,14
17,14
17,14
17,14
17,14
17,14
17,25
17,25
17,14
17,14
17,14
17,14
17,14
17,14
17,14
17,14
17,14
17,14
17,14
17,14
17,14
17,17
17,17
17,17
17,21
17,9
17,9
18,26
18,26
18,26
18,26
18,13
18,25
18,13
18,13
18,13
18,25
18,25
18,18
18,18
18,18
18,18
18,18
18,18
18,20
18,18
18,13
18,13
18,13
18,13
18,8
18,13
18,13
18,13
18,13
18,13
18,13
18,11
18,11
18,11
18,11
18,11
18,11
18,11
18,11
18,11
18,13
18,18
18,18
18,1
18,18
18,18
18,13
18,13
18,13
18,25
18,21
18,26
18,13
18,13
18,13
18,11
18,11
18,11
18,11
18,11
18,13
18,18
18,18
18,18
18,18
18,18
19,27
19,3
19,21
19,14
19,14
19,14
19,14
19,14
19,13
19,13
19,14
19,14
19,1
19,1
19,1
19,14
19,14
19,13
19,14
19,14
19,14
19,21
19,13
20,20
20,20
20,8
20,7
20,9
20,9
20,9
20,21
20,20
20,9
20,13
20,14
20,9
20,9
20,20
20,2
20,9
20,24
20,9
20,9
20,8
20,21
20,13
20,7
20,7
20,21
20,9
20,20
20,9
20,8
20,13
20,9
20,9
20,9
20,21
20,2
20,21
20,7
20,16
20,7
20,7
20,9
20,9
20,9
20,21
20,21
20,9
20,9
20,8
20,21
20,13
21,9
21,21
21,21
21,21
21,21
21,21
21,2
21,2
21,21
21,21
21,21
21,22
21,8
21,22
21,22
21,22
21,22
21,22
21,21
21,2
21,21
21,21
21,21
21,8
21,21
21,8
21,8
21,22
21,2
21,2
21,2
22,22
22,22
22,22
22,22
22,22
22,22
22,22
22,2
22,2
22,2
22,22
22,22
22,22
22,21
22,22
22,22
22,22
22,22
22,22
22,22
22,22
22,22
22,22
22,22
22,22
22,8
22,8
22,8
22,22
22,22
22,22
22,22
22,22
22,22
22,22
22,22
22,22
22,22
22,22
22,22
22,22
22,22
22,22
22,22
22,22
22,9
22,22
22,21
22,9
22,1
22,13
22,16
22,15
22,8
22,22
22,22
22,22
22,22
22,22
22,22
22,22
22,22
22,2
22,22
22,21
23,23
23,9
23,23
23,23
23,23
23,23
23,23
23,23
23,0
23,23
23,23
23,23
23,7
23,23
23,0
23,23
23,7
23,23
23,7
23,7
23,23
23,23
23,23
23,23
23,23
23,23
23,23
23,23
23,23
23,23
23,23
23,23
23,23
23,23
23,7
23,23
23,23
23,23
23,23
23,23
23,23
23,23
23,23
23,23
23,23
23,23
23,23
23,23
23,23
24,14
24,24
24,24
24,3
24,3
24,3
24,3
24,3
24,3
24,24
24,1
24,24
24,24
24,24
24,3
24,24
24,24
24,3
24,3
24,3
24,24
24,1
24,24
24,1
24,24
24,24
24,24
24,24
24,24
24,24
24,24
24,24
24,3
24,24
24,24
24,24
24,24
24,24
24,24
24,24
24,24
24,3
24,1
24,24
24,24
24,24
24,24
24,1
24,3
24,24
24,0
24,24
24,1
24,1
24,24
24,24
24,24
24,24
24,24
24,24
24,24
24,24
24,1
24,24
24,24
24,13
24,24
25,13
25,25
25,14
25,13
25,13
25,13
25,13
25,4
25,25
25,25
25,25
25,25
25,25
25,21
25,14
25,4
25,4
25,13
25,4
25,10
25,4
25,4
25,4
25,4
25,4
25,4
25,4
25,4
25,4
25,4
25,4
25,4
25,22
25,22
25,13
25,14
25,8
25,13
25,4
25,4
25,4
25,4
25,4
25,4
25,13
25,4
25,25
26,26
26,3
26,3
26,3
26,3
26,3
26,3
26,26
26,3
26,24
26,13
26,26
26,26
26,26
26,26
26,26
26,26
26,26
26,2
26,3
26,26
26,26
26,13
26,26
26,3
26,3
26,3
26,3
26,3
26,3
26,3
26,3
26,26
26,2
26,2
26,3
26,3
26,3
26,3
26,3
26,3
26,12
26,3
26,3
26,12
26,3
26,3
26,3
26,3
26,3
26,3
26,3
26,3
26,26
26,3
26,26
26,3
26,3
26,3
26,3
26,3
26,3
26,3
26,26
26,3
26,3
26,3
26,3
26,26
26,3
26,3
26,3
26,3
26,3
26,9
26,3
26,3
26,3
26,26
26,26
26,3
26,3
26,3
26,3
26,26
26,26
26,24
26,3
26,3
26,3
26,24
26,13
26,13
26,26
26,26
26,13
26,2
26,26
26,3
26,3
26,3
26,13
26,26
26,26
26,26
26,26
26,10
26,26
26,26
26,26
26,26
26,3
26,3
26,3
26,26
26,13
26,13
26,26
26,3
26,3
26,26
26,10
26,13
26,26
26,26
26,10
26,10
26,3
26,13
26,13
26,26
26,3
26,26
26,13
26,13
27,2
27,2
27,2
27,2
27,2
27,22
27,2
27,22
27,2
27,2
27,2
27,27
27,0
27,14
27,7
27,9
27,9
27,3
27,2
27,2
27,26
27,2
27,21
27,21
27,22
27,2
27,2
27,2
27,22
27,2
27,13
27,25
27,16
27,26
27,3
27,3
27,2
27,2
27,22
27,22
27,22
27,2
27,2
27,8
27,2
27,7
27,24
27,9
27,2
27,22
27,22
27,26
28,4
28,1
28,9
28,4
28,1
28,14
28,7
28,7
28,7
28,8
28,7
28,13
28,7
28,7
28,0
28,7
28,7
28,7
28,13
28,13
28,7
28,13
28,8
28,8
28,13
28,8
28,8
28,7
28,8
28,8
28,7
28,13
28,25
28,8
28,8
28,8
28,7
28,7
28,7
28,13
28,13
28,8
28,13
28,4
28,5
28,5
28,5
28,4
28,4
28,5
28,5
28,13
28,8
28,28
28,13
28,8
0,0
0,0
0,0
0,0
0,0
0,0
0,7
0,24
0,0
0,0
0,0
0,0
0,0
0,0
0,0
0,7
0,0
0,0
0,7
0,7
0,0
0,0
0,6
0,0
0,0
0,0
0,0
0,0
0,0
0,0
0,0
0,0
0,0
0,0
0,9
0,0
0,0
0,0
0,0
0,0
0,9
0,9
0,2
0,3
0,3
0,3
0,3
0,3
0,24
0,0
0,0
0,0
0,0
0,0
0,0
0,0
0,0
0,0
0,0
2,9
2,9
2,2
2,2
2,2
2,22
2,22
2,22
2,22
2,22
2,22
2,22
2,2
2,2
2,2
2,22
2,22
2,22
2,22
2,22
2,22
2,22
2,22
2,22
2,22
2,22
2,22
2,22
2,22
3,3
3,10
3,10
3,26
3,0
3,3
3,3
3,3
3,12
3,12
3,3
3,3
3,3
3,3
3,3
3,3
3,12
3,3
3,3
3,3
3,3
3,3
3,3
3,3
3,3
3,3
3,3
3,3
3,3
3,3
3,3
3,3
3,3
3,3
3,3
3,3
3,3
3,3
3,3
3,3
3,3
3,3
3,3
3,3
3,3
3,3
3,3
3,3
3,3
4,4
4,4
4,4
4,4
4,4
4,4
4,4
4,13
4,4
4,4
4,4
4,4
4,4
4,4
4,4
4,4
4,4
4,4
4,4
4,4
4,4
4,4
4,4
4,4
4,8
4,4
4,4
4,4
4,4
4,4
4,4
4,4
4,4
4,13
4,4
4,4
4,4
4,4
4,4
4,4
4,4
4,4
4,4
4,4
4,4
4,4
4,4
5,3
5,26
5,5
5,5
5,5
5,5
5,11
5,11
5,26
5,13
5,5
5,5
5,5
5,26
5,13
5,13
5,5
5,5
5,5
5,5
5,5
5,5
5,5
5,5
5,5
5,5
5,5
5,5
5,5
5,5
5,5
5,5
5,5
5,5
5,5
5,5
5,5
5,5
5,5
5,5
5,5
5,5
5,5
5,5
5,5
5,5
5,13
5,24
5,14
5,14
5,3
5,11
5,5
5,5
5,5
5,5
5,5
5,13
5,5
6,6
6,0
6,6
6,6
6,9
6,6
6,13
6,3
6,3
6,3
6,13
6,13
6,13
6,13
6,21
6,6
6,6
6,6
6,6
6,9
6,6
6,6
6,6
6,9
6,9
6,6
6,0
6,6
6,6
6,23
6,0
6,6
6,6
6,6
6,14
6,13
6,15
6,6
6,8
6,6
6,6
6,6
7,7
7,7
7,7
7,7
7,7
7,20
7,7
7,7
7,20
7,7
7,23
7,7
7,7
7,7
7,7
7,14
7,7
7,7
7,7
7,14
7,9
7,7
7,7
7,21
7,7
7,7
7,7
7,7
7,7
7,7
7,7
7,7
7,7
7,7
7,7
7,7
7,7
7,7
7,7
7,7
7,7
7,7
7,20
8,8
8,8
8,8
8,8
8,8
8,8
8,8
8,8
8,8
8,2
8,8
8,8
8,8
8,8
8,8
8,8
8,8
8,8
8,8
8,8
8,8
8,13
8,8
8,8
8,8
8,8
8,8
8,8
8,8
9,9
9,9
9,3
9,3
9,3
9,3
9,9
9,21
9,9
9,9
9,3
9,9
9,9
9,14
9,26
9,9
9,11
9,9
9,3
9,9
9,9
9,9
9,9
9,9
9,9
9,7
9,9
9,9
9,13
9,21
9,21
9,7
9,9
9,9
9,9
9,9
9,9
9,9
9,9
9,9
9,6
9,3
9,3
9,3
9,21
9,9
9,9
9,2
9,9
9,9
9,9
9,9
9,9
9,9
9,9
9,9
9,9
9,9
9,9
10,10
10,10
10,10
10,10
10,10
10,10
10,10
10,10
10,10
10,10
10,10
10,10
10,10
10,10
10,10
10,10
10,10
10,10
10,10
10,10
10,10
10,10
10,10
10,10
10,10
10,10
10,10
10,10
10,10
10,10
10,10
10,10
10,10
10,10
10,10
10,10
10,10
10,10
10,10
10,10
10,10
10,10
10,10
10,10
10,10
10,10
10,10
10,10
10,10
10,10
10,10
10,10
10,10
10,10
10,10
10,10
10,10
10,10
10,10
10,10
10,10
10,10
10,10
10,10
10,10
10,10
10,10
10,10
10,13
10,13
10,26
10,10
10,10
10,10
10,10
10,10
10,10
10,10
10,10
10,10
10,10
10,10
10,10
10,10
10,10
10,10
10,10
10,10
10,10
10,10
10,10
10,10
10,10
10,10
10,10
10,10
10,10
10,10
10,10
10,10
10,10
10,10
10,10
10,10
10,10
10,10
10,10
10,10
10,10
10,10
10,10
10,10
10,10
10,10
10,10
10,10
10,10
10,10
10,10
10,10
10,10
10,10
10,10
10,10
10,10
10,10
10,10
10,10
10,10
10,10
10,10
10,10
10,10
10,10
10,10
10,10
10,10
10,10
10,10
10,10
10,10
10,10
10,10
10,10
10,10
10,10
10,10
10,13
10,10
10,26
11,5
11,5
11,11
11,11
11,5
11,5
11,5
11,11
11,11
11,5
11,11
11,11
11,11
11,11
11,11
11,5
11,11
11,11
11,11
11,11
11,11
11,11
11,11
11,11
11,11
11,11
11,11
11,11
11,11
11,11
11,11
11,11
11,11
11,11
11,11
11,11
11,11
11,11
11,11
11,11
11,11
11,11
11,11
11,11
11,11
11,11
11,11
11,11
11,11
11,11
11,11
11,11
11,11
11,11
11,11
11,11
11,11
11,11
11,11
11,11
11,11
11,11
11,11
11,11
11,11
11,11
11,11
11,11
11,11
11,11
11,11
11,11
11,11
11,11
11,11
11,11
11,11
11,11
11,11
11,11
11,11
11,11
11,11
11,11
11,11
11,11
11,11
11,11
11,11
12,12
12,12
12,12
12,12
12,12
12,12
12,12
12,12
12,12
12,12
12,12
12,12
12,12
12,12
12,12
12,12
12,12
12,12
12,12
12,12
12,12
12,12
12,12
12,13
12,13
12,25
12,21
12,13
12,24
12,12
12,12
12,12
12,12
12,12
12,12
12,12
12,12
12,12
12,12
12,12
12,12
12,12
12,12
12,12
12,12
12,12
12,12
12,12
12,12
12,12
12,12
12,12
12,12
12,12
12,12
12,12
12,12
12,12
12,12
12,12
12,12
12,12
12,12
12,12
12,12
13,4
13,4
13,4
13,13
13,13
13,3
13,26
13,21
13,15
13,13
13,13
13,13
13,13
13,13
13,4
13,4
13,8
13,13
13,4
13,4
13,4
13,4
13,4
13,13
13,13
13,13
13,13
13,4
13,4
13,13
13,13
13,13
13,4
13,8
13,13
13,13
13,13
13,4
13,4
13,4
13,8
13,8
13,13
13,13
13,13
13,13
13,4
13,13
13,13
13,13
13,13
13,13
13,13
13,13
13,13
13,8
13,8
13,13
13,13
13,13
13,28
13,13
13,13
13,13
13,13
13,4
13,11
13,13
13,4
14,12
14,12
14,12
14,12
14,3
14,3
14,14
14,14
14,17
14,17
14,17
14,17
14,14
14,24
14,12
15,15
15,15
15,15
15,15
15,25
16,14
16,13
16,13
16,13
16,3
17,13
17,14
17,14
17,14
17,14
17,17
17,17
17,17
17,17
17,17
17,14
17,14
17,24
18,13
18,13
18,14
18,18
18,18
18,18
18,18
18,18
18,18
18,18
18,13
18,5
18,13
19,13
19,26
19,14
19,14
19,14
19,14
19,14
20,21
20,21
20,13
20,9
20,9
20,9
20,9
20,9
20,6
20,2
20,9
20,21
20,21
20,21
20,20
20,7
20,9
20,9
20,8
21,0
21,17
21,7
21,7
21,21
21,22
21,22
21,21
21,22
21,22
21,9
21,23
21,23
21,2
21,2
22,22
22,22
22,22
22,22
22,22
22,22
22,22
22,22
22,22
22,22
22,22
22,22
22,22
22,22
22,22
22,22
22,22
22,22
22,22
22,22
22,22
22,22
22,22
22,22
22,22
23,7
23,23
23,7
23,23
23,7
23,23
24,24
24,3
24,3
24,0
24,0
24,3
24,24
24,24
24,24
24,3
24,3
24,24
24,3
24,3
24,3
25,25
25,25
25,14
25,25
25,25
25,25
25,25
25,25
25,25
25,25
25,21
25,21
25,9
25,25
25,15
25,25
25,25
25,25
25,22
25,22
25,25
25,25
25,22
25,25
25,25
25,22
25,25
25,25
25,15
25,25
25,25
25,25
25,25
25,25
25,25
25,25
25,25
25,22
25,22
25,21
25,14
26,26
26,26
26,26
26,11
26,11
26,11
26,11
26,11
26,26
26,26
26,26
26,26
26,5
26,10
26,11
26,10
26,13
26,26
26,11
26,26
26,11
26,26
26,26
26,5
26,11
26,11
26,11
26,11
26,5
26,13
26,13
26,10
26,11
26,13
26,3
26,3
26,26
26,3
26,3
26,3
26,3
27,10
27,10
27,10
27,10
27,10
27,10
27,10
27,10
27,10
27,10
27,2
27,26
27,11
27,13
27,14
27,3
27,3
27,3
27,3
27,3
27,3
28,28
28,18
28,18
28,28
28,18
28,28
28,28
28,28
28,18
28,18
28,18
28,28
28,18
28,18
28,18
28,18
28,18
28,28
28,18
1,1
1,0
1,0
1,0
1,0
1,4
1,1
1,1
1,1
1,1
1,1
1,0
1,0
1,1
1,4
1,1
1,1
1,1
1,7
1,0
1,1
1,0
1,0
1,1
1,1
1,1
1,1
1,1
1,1
1,1
1,1
1,1
1,1
1,1
1,1
1,1
1,1
1,1
1,1
1,1
1,1
1,1
1,1
1,1
1,1
1,1
1,1
1,1
1,0
1,7
1,7
1,1
1,1
1,1
1,1
1,1
1,7
1,1
1,1
1,1
1,1
1,1
1,1
1,1
1,1
1,1
1,1
1,1
1,1
1,1
1,1
1,1
1,1
1,1
1,1
1,1
1,1
1,1
1,1
1,1
1,1
1,1
1,1
1,1
1,1
1,1
1,1
1,1
1,1
1,1
1,1
1,1
1,1
1,1
1,11
1,11
1,11
1,11
1,1
1,1
1,1
1,1
1,1
1,1
1,1
1,0
1,0
1,0
1,0
1,0
2,2
2,2
2,2
2,11
2,13
2,2
2,8
2,13
2,13
2,13
2,13
2,2
2,13
2,8
2,2
2,2
2,2
2,2
2,2
2,2
2,2
2,2
2,2
2,2
2,2
2,2
2,10
2,2
2,2
2,2
2,2
2,2
2,2
2,2
2,2
2,2
2,2
2,26
2,2
2,2
2,2
2,2
2,2
2,2
2,2
2,2
2,2
2,2
2,10
2,2
2,2
2,2
2,2
2,2
2,2
2,2
2,26
2,2
2,2
2,2
2,2
2,2
2,2
2,2
2,2
2,2
2,2
2,2
2,2
2,2
2,26
2,2
2,2
2,2
2,2
2,2
2,13
2,13
2,13
2,2
2,10
2,2
2,2
2,2
2,2
2,25
2,26
2,2
2,2
2,2
2,4
2,8
2,2
2,2
2,2
2,2
2,9
2,2
2,2
2,2
2,2
2,8
2,22
2,22
2,2
2,2
2,2
2,2
2,26
2,26
2,2
2,2
2,2
2,2
2,2
2,2
2,2
2,2
2,2
2,2
4,13
4,4
4,4
4,4
4,13
4,4
4,13
4,4
4,13
4,4
4,4
4,13
4,4
4,4
4,13
4,13
4,4
4,4
4,13
4,13
4,4
4,4
4,4
4,4
4,13
4,4
4,4
4,4
4,4
4,4
4,4
4,4
4,4
4,4
4,4
4,4
4,4
4,4
4,4
4,4
4,4
4,4
4,4
4,4
4,4
4,4
4,4
4,4
4,4
4,4
4,13
4,4
4,13
4,4
4,13
4,13
4,13
4,13
4,4
4,13
4,13
4,4
4,13
6,7
6,9
6,6
6,6
6,6
6,9
6,9
6,6
6,9
6,6
6,6
6,6
6,6
6,23
6,6
6,6
6,6
6,6
6,6
6,6
6,6
6,6
6,6
6,6
6,9
6,6
6,6
6,6
6,6
6,6
6,6
6,9
6,6
6,9
6,6
6,6
6,6
6,6
6,9
6,6
6,9
6,9
6,6
6,6
6,6
6,6
6,9
6,6
6,6
6,6
6,6
6,6
6,6
6,6
6,6
6,6
6,6
8,8
8,8
8,8
8,8
8,8
8,8
8,8
8,8
8,8
8,8
8,8
8,21
8,8
8,8
8,8
8,8
8,8
8,8
8,8
8,8
8,8
8,8
8,8
8,8
8,8
8,8
8,8
8,8
8,8
8,8
8,8
8,8
8,8
8,8
8,8
8,8
8,8
8,8
8,8
8,8
8,8
8,8
8,8
8,8
8,8
8,8
8,8
8,8
8,8
8,8
8,8
8,8
8,23
8,8
8,8
9,9
9,9
9,8
9,9
9,9
9,9
9,9
9,9
9,9
9,9
9,9
9,9
9,9
9,9
9,8
9,9
9,9
9,9
9,9
9,8
9,8
9,8
9,9
9,9
9,26
9,9
9,9
9,9
9,9
9,9
9,9
9,9
9,9
9,9
9,9
9,9
9,9
9,9
9,9
9,9
9,9
9,9
9,8
9,9
9,8
9,9
9,9
9,9
9,9
9,9
9,9
9,9
9,9
9,9
9,8
9,9
9,9
9,9
9,9
9,9
9,9
9,8
9,8
10,10
10,10
10,10
10,10
10,10
10,10
10,10
10,10
10,10
10,10
10,10
10,10
10,10
10,10
10,10
10,13
10,10
10,10
10,10
10,10
10,10
10,10
10,10
10,10
10,13
10,10
10,10
10,10
10,10
10,10
10,10
10,10
10,10
10,10
10,10
10,10
10,10
10,10
10,10
10,10
10,10
10,10
10,10
10,10
10,10
10,10
10,10
10,13
10,13
10,13
10,10
10,10
10,10
10,10
10,10
10,10
10,13
11,11
11,11
11,11
11,11
11,11
11,11
11,11
11,11
11,11
11,14
11,11
11,11
11,11
11,11
11,11
11,11
11,11
11,11
11,11
11,11
11,11
11,11
11,11
11,11
11,11
11,11
11,11
11,11
11,11
11,11
11,11
11,11
11,11
11,11
11,11
11,11
11,11
11,11
11,11
11,11
11,11
11,11
11,11
11,11
11,14
11,11
11,11
11,11
11,11
12,11
12,1
12,12
12,12
12,12
12,12
12,12
12,12
12,1
12,12
12,12
12,12
12,12
12,12
12,12
12,12
12,12
12,12
12,12
12,12
12,12
12,12
12,12
12,12
12,12
12,12
12,12
12,12
12,12
12,12
12,12
12,12
12,12
12,12
12,12
12,12
12,12
12,12
12,12
12,12
12,12
12,12
12,12
12,12
12,12
12,12
12,12
12,12
12,12
12,12
12,12
12,12
12,12
13,13
13,7
13,6
13,3
13,3
13,24
13,13
13,7
13,7
13,7
13,7
13,7
13,7
13,7
13,7
13,3
13,3
13,13
13,13
13,13
13,13
13,11
13,13
13,11
13,7
13,7
13,13
13,13
13,3
13,3
13,3
13,3
13,13
13,11
13,11
13,11
13,11
13,7
13,26
14,14
14,1
14,14
14,14
14,1
14,12
14,14
14,1
14,1
14,12
14,1
14,12
14,12
14,14
14,14
14,14
14,1
14,12
14,12
14,14
14,12
14,12
14,12
14,14
14,1
15,21
15,8
15,2
16,13
16,7
16,7
16,13
16,13
18,7
18,7
18,13
18,26
18,18
18,3
18,18
18,3
18,18
18,18
18,18
18,18
18,18
18,18
18,18
18,18
18,18
18,18
18,18
18,18
18,18
18,18
18,13
18,13
18,13
18,28
18,3
19,13
19,14
19,14
19,14
19,14
19,14
19,14
20,7
20,21
20,21
20,9
20,9
20,9
20,6
20,9
20,9
20,21
20,9
20,9
21,9
21,21
21,8
21,21
21,22
21,21
21,9
21,6
22,22
22,22
22,22
22,22
22,22
22,22
22,22
22,22
22,22
22,22
22,22
22,22
22,22
22,22
22,22
22,22
23,23
23,23
23,7
23,23
23,23
23,23
23,23
23,23
23,23
23,23
23,23
23,23
23,23
23,23
23,23
23,23
23,23
23,23
25,21
25,2
25,2
25,25
25,25
25,25
25,25
25,25
25,25
25,2
25,2
25,21
25,8
27,22
27,22
27,22
27,22
27,22
27,22
27,22
27,22
27,22
27,22
27,22
27,22
27,22
27,22
27,22
27,22
27,22
27,22
27,22
27,22
27,2
27,22
27,22
27,21
27,22
27,22
27,22
27,22
27,22
27,26
27,2
27,22
27,22
27,26
27,2
28,8
28,22
28,8
28,8
28,8
28,8
28,8
28,8
28,8
28,8
28,8
28,8
28,8
28,8
28,8
28,8
28,8
28,8
28,8
28,8
28,8
28,22
28,8
2,2
2,2
2,2
2,9
2,2
2,2
2,2
2,2
2,2
2,22
2,2
2,2
2,2
2,9
2,21
2,21
2,20
2,2
2,2
2,2
2,2
2,13
2,2
2,22
2,21
2,22
2,2
2,22
2,2
2,2
2,2
2,2
2,22
3,3
3,3
3,3
3,3
3,3
3,3
3,3
3,3
3,3
3,3
3,3
3,4
3,3
3,3
3,3
3,3
3,3
3,3
3,3
3,3
3,3
3,3
3,3
3,3
3,3
3,3
3,3
3,3
3,3
3,3
3,3
3,3
3,3
3,3
3,3
3,3
3,3
3,3
3,3
3,3
3,3
3,3
3,12
3,3
3,3
3,12
3,3
3,3
3,3
3,3
3,3
3,3
3,3
3,3
3,12
3,3
3,3
3,3
3,3
3,3
3,3
3,3
3,3
3,3
3,3
3,3
3,3
4,4
4,4
4,4
4,4
4,4
4,4
4,4
4,4
4,4
4,4
4,4
4,4
4,13
4,13
4,3
4,3
4,4
4,4
4,4
4,4
4,4
4,4
4,4
4,13
4,13
4,4
4,4
4,4
4,4
5,7
5,13
5,4
5,13
5,4
5,4
5,4
5,13
5,4
5,4
5,4
5,4
5,4
5,4
5,4
5,13
5,7
5,7
5,13
5,7
5,7
5,13
5,26
5,13
5,13
5,13
5,4
5,7
5,13
6,6
6,9
6,6
6,6
6,6
6,0
6,9
6,3
6,6
6,9
6,9
6,9
6,6
6,9
6,9
6,6
6,9
6,9
6,6
6,9
6,9
6,9
6,9
6,9
6,9
6,21
6,6
6,9
6,6
6,9
6,6
6,6
6,6
6,9
6,9
6,6
6,6
6,9
6,9
7,0
7,7
7,0
7,7
7,0
7,0
7,7
7,7
7,7
7,4
7,7
7,7
7,7
7,7
7,7
7,7
7,7
7,7
7,14
7,14
7,9
7,21
7,7
7,7
7,14
7,14
7,7
7,7
7,7
8,11
8,25
8,13
8,25
8,25
8,25
8,25
8,13
8,25
8,8
8,13
8,8
8,8
8,25
8,8
8,13
8,25
8,8
8,8
8,13
8,25
8,13
8,8
8,25
8,13
8,13
8,13
8,13
8,25
8,13
8,13
8,13
8,13
8,13
8,8
8,8
8,13
8,13
8,13
8,8
8,13
8,8
8,25
8,25
8,13
8,25
8,13
8,8
8,13
9,3
9,12
9,3
9,9
9,9
9,9
9,9
9,9
9,0
9,0
9,9
9,9
9,9
9,3
9,9
9,9
9,3
9,9
9,9
9,9
9,9
9,9
9,14
9,3
9,3
9,9
9,14
9,3
9,3
9,3
9,3
9,3
9,3
9,9
9,3
9,9
9,3
9,3
9,3
9,3
9,9
9,9
9,9
9,9
9,9
9,9
9,9
9,9
9,9
10,10
10,10
10,10
10,10
10,10
10,10
10,10
10,10
10,10
10,10
10,10
10,10
10,10
10,10
10,10
10,10
10,10
10,10
10,10
10,10
10,10
10,10
10,10
10,10
10,10
10,10
10,10
10,10
10,10
10,10
10,10
10,10
10,10
10,10
10,10
10,10
10,10
10,10
10,10
10,10
10,10
10,10
10,10
10,10
10,10
10,10
10,10
10,10
10,10
10,10
10,10
10,10
10,10
10,10
10,10
10,10
10,10
10,10
10,10
10,10
10,10
10,10
10,10
10,10
10,10
10,10
10,10
10,10
10,10
10,10
10,10
10,10
10,10
11,11
11,11
11,11
11,11
11,11
11,11
11,11
11,11
11,11
11,11
11,11
11,11
11,11
11,11
11,11
11,11
11,11
11,11
11,11
11,11
11,11
11,4
11,11
11,11
11,11
11,11
11,11
11,11
11,11
11,11
11,11
11,11
11,11
11,11
11,11
11,11
11,11
11,11
11,11
11,11
11,11
11,11
11,11
11,11
11,11
11,11
11,11
11,11
11,11
11,11
11,11
11,11
11,11
11,11
11,11
11,11
11,11
11,11
11,11
11,12
11,11
11,11
11,11
11,11
11,11
11,11
11,11
11,11
11,11
12,12
12,12
12,12
12,12
12,12
12,3
12,3
12,3
12,12
12,12
12,3
12,12
12,3
12,12
12,3
12,3
12,12
12,12
12,3
12,3
12,12
13,11
13,11
13,4
13,4
13,11
13,13
13,4
13,4
13,4
13,4
13,4
13,13
13,25
13,13
13,13
13,13
13,4
13,4
13,4
13,4
13,4
13,4
13,11
13,11
13,11
13,11
13,11
13,11
13,4
14,12
14,12
14,3
14,3
14,3
14,3
14,14
14,14
14,14
14,14
14,14
14,14
14,14
14,14
14,14
14,14
14,14
14,14
14,14
14,14
14,14
14,14
14,14
14,14
14,14
14,14
14,14
14,14
14,14
14,7
14,7
14,1
14,7
15,14
15,21
15,21
15,8
15,16
16,1
16,14
16,1
16,7
17,13
17,13
17,7
17,4
17,4
17,4
17,18
17,14
17,1
17,1
17,1
17,1
17,7
18,13
18,7
18,19
18,14
18,14
18,14
18,7
18,7
18,7
18,7
18,7
18,7
18,7
19,11
19,7
19,7
19,7
19,7
19,14
19,7
19,7
19,14
19,1
19,0
20,20
20,6
20,21
20,9
20,8
20,22
20,22
20,15
20,15
20,9
20,21
20,2
20,2
20,2
20,2
20,2
20,2
20,26
20,21
20,21
20,9
20,0
20,0
20,0
20,0
20,16
20,9
20,9
20,13
21,21
21,21
21,21
21,21
21,21
21,21
21,9
21,22
21,9
21,22
21,21
21,8
21,8
21,22
21,8
21,9
21,20
21,7
21,13
23,23
23,23
23,23
23,7
23,9
23,9
23,21
23,7
23,7
23,9
23,7
23,9
24,7
24,24
24,3
24,24
24,21
24,7
24,17
24,1
24,1
24,12
24,17
24,1
24,1
24,1
24,24
24,14
24,14
24,9
24,14
24,4
24,4
24,4
24,4
24,4
24,13
25,4
25,9
25,26
25,25
25,25
25,25
25,25
25,25
25,25
25,25
25,25
25,25
25,26
25,21
25,4
26,10
26,10
26,2
26,2
26,10
26,10
26,3
26,10
26,10
26,26
26,3
26,13
26,2
26,3
26,3
26,3
26,3
26,3
26,10
26,3
26,26
26,3
26,3
27,27
27,22
27,25
27,26
27,22
27,22
27,22
27,8
27,9
27,22
28,4
28,4
28,25
28,25
28,28
28,28
28,23
28,20
28,8
28,2
28,2
28,8
28,8
0,0
0,0
0,0
0,0
0,0
0,0
0,0
0,0
0,0
0,6
0,0
0,0
0,0
0,0
0,0
0,0
0,0
0,0
0,0
0,0
0,0
0,0
0,0
0,0
0,0
0,0
0,0
0,0
0,0
0,0
0,0
0,0
0,0
0,0
0,0
0,0
0,0
0,0
0,0
0,0
0,0
0,0
0,0
0,0
0,0
0,0
0,0
0,0
0,0
0,0
0,0
0,0
0,0
0,0
0,0
0,0
0,0
0,0
0,6
0,0
0,0
0,0
0,0
0,0
0,6
0,0
0,0
0,0
0,0
0,0
0,0
0,0
0,0
0,0
0,23
0,0
0,0
0,0
0,0
0,0
0,0
0,7
0,7
0,0
0,0
0,0
0,0
0,0
0,0
0,0
0,0
0,0
0,0
0,0
0,0
0,0
0,0
0,0
0,0
0,0
0,0
0,23
0,0
0,0
0,0
0,0
0,0
0,0
0,0
0,0
0,6
0,9
0,0
0,0
0,0
0,0
0,0
0,6
0,0
0,0
0,0
0,0
0,0
0,0
0,0
0,0
0,0
0,0
0,0
0,13
2,2
2,2
2,23
2,2
2,2
2,2
2,2
2,2
2,2
2,2
2,2
2,2
2,2
2,2
2,2
2,2
2,2
2,0
2,2
2,2
2,2
2,2
2,2
2,2
2,6
2,2
2,2
2,0
2,2
2,2
2,2
2,2
2,10
2,2
2,2
2,8
2,2
2,2
2,2
2,2
2,2
2,2
2,2
2,2
2,2
2,2
2,22
2,8
2,8
2,8
2,4
2,4
2,2
2,2
2,2
2,8
2,8
2,8
2,8
3,3
3,3
3,3
3,3
3,3
3,3
3,3
3,3
3,3
3,3
3,3
3,3
3,3
3,3
3,3
3,3
3,3
3,3
3,3
3,3
3,3
3,3
3,3
3,3
3,3
3,3
3,3
3,3
3,3
3,3
3,3
3,3
3,3
3,3
3,3
3,3
3,3
3,3
3,3
3,3
3,3
3,3
3,3
3,3
3,3
4,4
4,4
4,13
4,7
4,13
4,4
4,4
4,11
4,4
4,11
4,4
4,13
4,4
4,5
4,5
4,4
4,5
4,4
4,4
4,4
4,4
4,4
4,4
4,4
4,4
4,4
4,5
4,3
4,3
4,26
4,9
4,14
4,24
4,3
4,13
4,3
4,14
4,14
4,3
4,7
4,24
4,14
4,14
5,5
5,10
5,10
5,13
5,5
5,12
5,5
5,10
5,10
5,5
5,18
5,10
5,5
5,5
5,4
5,10
5,5
5,10
5,4
5,4
5,4
5,10
5,26
5,26
5,10
5,5
5,10
5,10
5,10
6,6
6,6
6,6
6,6
6,0
6,0
6,0
6,23
6,6
6,6
6,6
6,6
6,6
6,6
6,6
6,0
6,6
6,6
6,23
6,6
6,6
6,6
6,6
6,6
6,6
6,6
6,6
6,6
6,6
6,6
6,6
6,6
6,6
7,7
7,13
7,7
7,7
7,7
7,7
7,7
7,7
7,7
7,7
7,13
7,7
7,13
7,9
7,13
7,7
7,7
7,7
7,7
7,7
7,7
7,7
7,9
7,7
7,7
7,7
7,7
7,7
7,7
7,7
7,7
7,7
7,7
7,7
7,7
7,7
7,7
7,7
7,7
7,7
7,13
7,13
7,7
7,7
7,7
7,7
7,7
7,14
7,7
7,13
7,7
7,7
7,7
7,13
7,13
7,7
7,7
7,7
7,7
7,13
7,13
7,7
7,7
7,7
7,7
7,7
7,7
7,7
7,7
7,7
7,7
8,23
8,8
8,8
8,0
8,23
8,23
8,0
8,23
8,0
8,23
8,4
8,4
8,8
8,0
8,23
8,8
8,8
8,8
8,8
8,8
8,23
8,8
8,8
8,8
8,8
8,8
8,8
8,8
8,8
8,8
8,8
8,7
8,8
8,8
8,13
8,8
8,8
8,8
8,8
8,8
8,8
8,13
8,13
8,4
8,4
9,9
9,7
9,9
9,9
9,9
9,9
9,9
9,9
9,9
9,9
9,9
9,9
9,9
9,9
9,9
9,9
9,9
9,9
9,9
9,9
9,9
9,9
9,9
9,9
9,9
9,9
9,9
9,9
9,13
9,7
9,9
9,7
9,9
9,9
9,9
9,9
9,6
9,9
9,7
9,9
9,9
9,9
9,9
9,9
9,9
10,10
10,10
10,10
10,10
10,10
10,10
10,10
10,10
10,10
10,10
10,10
10,10
10,10
10,10
10,10
10,10
10,10
10,10
10,10
10,10
10,10
10,10
10,10
10,10
10,10
10,10
10,10
10,10
10,10
10,10
10,10
10,10
10,10
10,10
10,10
10,10
10,10
10,10
10,10
10,10
10,10
10,10
10,10
10,10
10,10
10,13
10,13
10,26
10,10
10,10
10,10
10,10
10,10
10,10
10,10
10,10
10,10
10,10
10,10
10,10
10,10
10,10
10,10
10,10
10,10
10,10
10,10
10,10
10,10
10,10
10,10
10,10
10,10
10,10
10,10
10,10
10,10
10,10
10,10
11,11
11,11
11,11
11,11
11,11
11,11
11,11
11,11
11,11
11,11
11,11
11,11
11,11
11,11
11,11
11,11
11,11
11,11
11,11
11,11
11,11
11,11
11,11
11,11
11,11
11,11
11,11
11,11
11,4
11,11
11,4
11,11
11,11
11,11
11,11
11,11
11,11
11,4
11,11
12,12
12,12
12,12
12,12
12,12
12,12
12,12
12,12
12,3
12,12
12,12
12,12
12,12
12,12
12,12
12,12
12,12
12,12
12,12
12,12
12,12
12,12
12,12
12,12
12,12
12,12
12,12
12,12
12,12
12,12
12,12
12,12
12,12
12,12
12,12
12,12
12,12
12,12
12,12
12,12
12,12
12,12
12,12
12,12
12,12
12,12
12,12
12,12
12,12
13,7
13,7
13,11
13,11
13,11
13,13
13,13
13,13
13,13
13,13
13,4
13,13
13,11
13,13
13,13
13,13
13,13
13,13
13,13
13,11
13,11
13,4
13,13
13,13
13,13
13,4
13,13
13,13
13,13
13,13
13,13
13,4
13,13
14,3
14,3
14,3
14,3
14,3
14,3
14,3
14,14
14,3
14,24
14,24
14,24
14,14
14,17
14,17
14,17
14,17
14,17
14,1
15,15
15,15
15,15
15,14
15,3
16,7
16,1
16,16
16,18
16,16
16,7
16,26
16,5
17,26
17,14
17,14
17,17
17,17
17,17
17,17
17,17
17,17
17,17
17,17
17,17
17,14
17,14
17,14
17,3
18,13
18,10
18,18
18,18
18,18
18,18
18,18
18,3
18,3
18,3
18,3
18,3
18,3
18,3
18,3
18,3
18,3
18,12
18,18
18,18
18,18
18,4
18,3
19,14
19,14
19,17
19,14
19,14
19,14
19,14
19,14
20,7
20,7
20,14
20,23
20,7
20,20
20,7
20,7
20,9
20,9
20,7
20,9
20,9
20,9
20,7
20,7
20,24
21,9
21,13
21,9
21,7
21,21
21,9
21,9
21,9
21,14
21,14
22,8
22,8
22,8
22,8
22,8
22,8
22,8
22,22
22,22
22,22
22,22
22,22
22,22
22,22
22,22
22,2
22,22
22,22
22,22
22,22
22,22
22,22
22,22
22,22
22,22
22,22
22,22
22,22
22,22
22,22
22,22
22,22
22,22
22,22
22,22
23,23
23,23
23,23
23,23
23,23
23,23
23,23
23,23
23,23
23,23
23,23
23,23
23,23
24,3
24,24
24,24
24,3
24,14
24,7
24,14
24,14
24,17
24,14
24,14
24,17
24,14
24,24
24,14
24,14
24,14
24,14
24,7
24,24
24,14
24,24
24,24
25,3
25,26
25,26
25,26
25,3
25,25
25,25
25,13
25,5
25,3
25,3
25,3
25,3
25,3
25,25
25,13
25,13
26,13
26,10
26,10
26,13
26,4
26,4
26,13
26,26
26,3
26,26
26,26
26,26
26,26
26,26
26,26
26,26
26,10
26,10
26,26
26,10
26,10
26,2
26,26
26,26
26,10
26,10
26,10
26,10
26,10
26,10
26,10
26,10
26,10
26,10
26,26
27,3
27,10
27,2
27,13
27,7
27,7
27,12
27,7
27,14
27,1
27,7
27,1
27,14
27,13
27,14
27,8
27,9
28,10
28,4
28,4
28,4
28,4
28,4
28,12
28,1
28,28
28,1
28,4
28,28
28,28
28,0
28,3
2,2
2,26
2,2
2,22
2,9
2,2
2,2
2,2
2,22
2,9
2,2
2,2
2,2
2,9
2,6
2,2
2,2
2,6
2,2
2,9
2,9
2,22
2,22
2,2
2,22
2,2
2,22
2,2
2,2
3,3
3,3
3,3
3,3
3,3
3,12
3,12
3,12
3,3
3,3
3,3
3,3
3,3
3,3
3,3
3,3
3,3
3,3
3,3
3,3
3,3
3,3
3,3
3,3
3,3
3,3
3,3
3,3
3,3
3,3
3,3
3,3
3,3
3,3
3,3
3,3
3,3
3,3
3,3
3,3
3,3
4,11
4,1
4,4
4,4
4,4
4,4
4,4
4,11
4,4
4,4
4,4
4,4
4,13
4,4
4,11
4,11
4,11
4,4
4,4
4,4
4,4
4,4
4,13
4,13
4,4
4,4
4,4
4,4
4,4
4,4
4,13
4,4
4,4
4,4
4,11
4,11
4,11
5,5
5,5
5,3
5,3
5,3
5,3
5,24
5,26
5,0
5,0
5,13
5,7
5,7
5,13
5,3
5,3
5,3
5,13
5,13
5,24
5,3
5,3
5,12
5,3
5,0
5,3
5,3
5,3
5,3
5,3
5,3
5,3
5,26
5,13
5,13
5,5
5,13
5,6
5,9
5,3
5,12
5,24
5,9
5,3
5,3
6,6
6,0
6,6
6,6
6,6
6,6
6,0
6,6
6,0
6,6
6,0
6,6
6,6
6,6
6,6
7,7
7,7
7,7
7,7
7,7
7,7
7,7
7,7
7,7
7,7
7,7
7,7
7,7
7,7
7,7
8,8
8,8
8,8
8,8
8,8
8,8
8,21
8,8
8,8
8,8
8,8
8,8
8,8
9,9
9,9
9,9
9,9
9,9
9,9
9,9
9,9
9,9
9,9
9,9
9,9
9,9
9,9
9,9
9,9
9,9
9,9
9,9
9,9
9,9
9,9
9,9
9,13
9,9
9,9
9,9
9,9
9,9
9,13
9,9
9,9
9,8
9,13
9,9
9,9
9,9
9,9
9,9
9,9
9,9
9,9
9,13
10,13
10,10
10,13
10,10
10,26
10,10
10,10
10,13
10,10
10,10
10,10
10,13
10,13
10,10
10,13
10,10
10,10
10,10
10,13
10,13
10,10
10,13
10,13
10,10
10,13
10,10
10,10
10,13
10,13
10,13
10,13
11,11
11,11
11,11
11,11
11,11
11,11
11,11
11,11
11,11
11,11
11,11
11,11
11,11
11,11
11,11
11,11
11,11
11,11
11,11
11,11
11,11
11,11
11,11
11,11
11,11
11,11
11,11
11,11
11,11
11,11
11,11
11,11
11,11
11,11
11,11
11,11
11,11
11,11
11,11
11,11
11,11
11,11
11,11
11,11
11,11
11,11
11,11
11,11
11,11
12,12
12,12
12,12
12,12
12,12
12,12
12,12
12,12
12,12
12,12
12,12
12,12
12,12
12,12
12,12
12,12
12,12
12,12
12,12
12,12
12,12
12,12
12,12
12,12
12,12
12,12
12,12
12,12
12,12
12,12
12,12
12,12
12,12
12,12
12,12
12,12
12,12
12,12
12,12
12,12
12,12
12,12
12,12
12,12
12,12
12,12
12,12
12,12
12,12
12,12
12,12
12,12
12,12
12,12
12,12
13,13
13,13
13,13
13,13
13,13
13,4
13,4
13,4
13,13
13,13
13,13
13,13
13,13
13,13
13,13
13,13
13,13
13,13
13,13
13,13
13,13
13,13
13,13
13,4
13,13
13,13
13,13
13,13
13,13
14,3
14,3
14,3
14,3
14,3
14,14
14,14
14,14
14,14
14,14
14,14
14,24
14,3
15,22
15,22
15,15
15,14
16,4
16,4
16,13
16,7
16,13
17,3
17,13
17,14
17,14
17,14
17,14
17,14
17,14
17,14
17,14
17,14
17,14
17,14
17,14
17,7
17,3
18,5
18,13
18,13
18,13
18,4
18,4
18,4
18,13
18,13
18,13
18,26
19,7
19,14
19,7
19,14
19,14
19,7
19,7
20,23
20,22
20,8
20,21
20,8
20,21
20,6
20,21
20,9
20,9
20,9
20,9
20,9
21,21
21,8
21,8
21,21
21,9
21,8
21,9
21,9
21,9
21,9
21,9
21,7
21,9
22,2
22,22
22,22
22,2
22,21
22,9
22,2
22,22
22,22
22,22
22,22
22,22
22,22
22,22
22,22
22,22
22,22
22,22
22,22
22,22
22,22
22,22
22,22
22,22
22,21
23,23
23,23
23,23
24,24
24,9
24,7
24,24
24,24
24,24
24,7
24,24
24,24
24,24
24,7
24,24
24,7
24,7
24,7
24,24
24,7
25,21
25,22
25,2
25,8
25,2
25,25
25,22
25,22
25,21
26,26
26,10
26,26
26,13
26,26
26,26
26,13
26,10
26,13
26,26
26,13
26,13
26,3
26,18
26,12
26,3
26,3
26,12
26,18
26,18
26,26
26,3
26,3
26,9
26,9
26,3
26,3
26,12
26,12
26,12
26,3
27,3
27,12
27,24
27,3
27,3
27,26
27,10
27,10
27,10
27,10
27,2
27,3
27,3
27,7
27,9
27,7
27,13
27,26
27,26
27,26
27,2
27,9
27,8
28,8
28,8
28,21
28,22
28,8
28,8
28,21
28,8
28,21
28,22
28,22
0,0
0,0
0,0
0,0
0,0
0,0
0,0
0,0
0,0
0,7
0,7
0,0
0,0
0,0
0,0
0,0
0,0
0,0
0,0
0,0
0,0
0,0
0,0
0,0
0,0
0,0
0,0
0,24
0,1
0,1
0,0
0,0
0,0
0,0
0,0
0,0
0,0
0,0
0,0
0,7
0,24
0,0
0,0
0,0
0,0
0,0
0,0
0,0
0,0
0,0
0,0
0,0
0,0
0,0
0,0
0,0
0,0
0,0
0,0
0,0
0,0
0,0
0,0
0,7
0,0
0,9
0,7
0,0
0,1
0,0
0,1
0,1
0,0
0,1
0,1
0,0
0,1
0,1
0,0
0,0
0,0
0,0
0,0
0,0
0,0
0,0
0,0
0,0
0,0
0,0
0,0
0,0
0,0
0,0
0,0
0,0
0,0
0,0
0,0
0,7
0,0
0,0
0,0
0,0
0,0
2,2
2,2
2,0
2,0
2,2
2,0
2,0
2,0
2,2
2,0
2,2
2,2
2,0
2,0
2,9
2,0
2,0
3,3
3,3
3,3
3,3
3,3
3,3
3,12
3,3
3,14
3,3
3,3
3,3
3,3
3,3
3,3
3,3
3,3
3,3
3,26
3,26
3,14
3,5
3,3
3,3
3,3
3,12
3,3
3,3
3,3
3,3
3,12
3,12
3,12
3,12
3,3
3,3
3,3
3,3
3,3
3,12
3,12
3,3
3,3
3,3
3,3
3,3
3,3
3,3
3,3
3,3
3,3
4,13
4,13
4,9
4,3
4,24
4,3
4,13
4,7
4,7
4,4
4,13
4,13
4,13
4,5
4,13
4,5
4,4
4,13
4,4
4,4
4,4
4,4
4,7
6,6
6,6
6,6
6,9
6,6
6,6
6,6
6,6
6,6
6,6
6,9
6,6
6,6
6,6
6,6
6,6
6,6
6,6
6,6
6,6
6,6
6,6
6,7
6,6
6,9
6,9
6,6
6,9
6,9
6,6
6,6
6,6
6,6
6,7
6,6
6,6
6,0
7,7
7,7
7,6
7,7
7,7
7,7
7,13
7,7
7,13
7,13
7,7
7,7
7,7
7,7
7,7
7,7
7,7
7,7
7,7
7,7
7,7
7,7
7,7
7,7
7,9
7,7
7,7
7,7
7,7
7,7
7,7
7,7
7,7
7,7
7,9
7,7
7,7
7,7
7,7
7,7
7,7
7,7
7,7
7,7
7,7
7,7
7,7
7,7
7,7
7,7
7,7
7,7
7,7
7,23
7,7
7,7
7,7
7,7
7,13
8,8
8,8
8,8
8,8
8,8
8,8
8,8
8,8
8,8
8,8
8,8
8,8
8,8
8,8
8,8
8,8
8,8
8,8
8,8
8,8
8,8
8,8
8,8
8,8
8,8
8,8
8,8
8,8
8,7
8,8
8,8
8,8
8,8
8,8
8,8
8,8
8,8
8,8
8,8
8,8
8,8
8,8
8,8
8,8
8,8
8,8
8,8
9,9
9,9
9,9
9,9
9,9
9,9
9,9
9,9
9,9
9,9
9,9
9,9
9,9
9,9
9,9
9,9
9,9
9,9
9,9
9,9
9,9
9,9
9,9
9,9
9,9
9,9
9,9
9,9
9,9
9,9
9,3
9,3
9,9
9,9
9,6
9,9
9,9
9,9
9,9
9,9
9,9
9,3
9,9
9,9
9,9
9,9
9,9
9,9
9,9
10,10
10,10
10,10
10,10
10,2
10,26
10,26
10,10
10,10
10,10
10,10
10,10
10,10
10,10
10,10
10,10
10,10
10,10
10,10
10,10
10,10
10,10
10,10
10,10
10,10
10,10
10,10
10,10
10,26
10,10
10,10
10,10
10,10
10,10
10,10
10,10
10,10
10,10
10,10
10,10
10,10
10,10
10,10
10,10
10,10
10,10
10,10
10,26
10,26
10,26
10,10
10,10
10,10
10,10
10,10
10,10
10,26
10,2
10,10
10,10
10,10
10,10
10,10
10,26
10,10
10,26
10,10
10,26
10,10
11,11
11,11
11,11
11,11
11,11
11,11
11,11
11,11
11,11
11,11
11,11
11,11
11,11
11,11
11,11
11,11
11,11
11,11
11,11
11,11
11,11
11,11
11,11
11,11
11,11
11,11
11,11
11,11
11,11
11,11
11,11
11,11
11,11
11,11
11,11
11,11
11,11
11,11
11,11
11,11
11,11
11,11
11,13
11,13
11,11
11,11
11,11
11,11
11,11
11,11
11,11
11,11
11,11
11,11
11,11
11,11
11,11
11,11
11,11
11,11
11,11
11,11
11,11
11,4
11,13
11,13
11,11
11,11
11,11
11,11
11,11
11,11
11,11
11,11
11,11
11,11
11,11
11,11
11,11
11,11
11,11
11,11
11,11
12,12
12,12
12,12
12,12
12,12
12,12
12,12
12,12
12,12
12,12
12,12
12,12
12,12
12,12
12,12
12,12
12,12
12,12
12,12
12,12
12,12
12,12
12,12
12,3
12,12
12,12
12,12
12,12
12,12
12,12
12,12
12,12
12,12
12,12
12,12
12,12
12,12
12,3
12,12
12,12
12,12
12,12
12,12
12,12
12,12
12,12
12,3
12,3
12,3
13,11
13,11
13,4
13,7
13,7
13,7
13,4
13,4
13,4
13,13
13,4
13,4
13,4
13,13
13,4
13,13
13,13
13,13
13,13
13,13
13,7
13,7
13,7
13,13
13,13
13,13
13,13
13,7
13,7
13,13
13,26
13,13
13,13
13,13
13,13
13,13
13,13
13,13
13,13
13,13
13,13
13,13
13,13
13,5
13,9
13,26
13,13
13,13
13,4
14,12
14,24
14,14
14,14
14,17
14,17
14,17
14,17
14,14
14,14
14,14
14,14
14,17
14,17
14,14
14,14
14,14
15,22
15,22
15,15
15,14
16,13
16,13
16,13
16,7
16,7
16,4
16,7
17,14
17,14
17,14
17,1
17,1
17,14
17,1
17,17
17,14
17,14
17,14
17,14
17,14
17,17
17,14
17,14
17,3
18,3
18,13
18,19
18,18
18,18
18,18
18,18
18,18
18,18
18,18
18,18
18,18
18,18
18,18
18,18
18,18
18,18
18,18
18,1
18,1
18,1
19,13
19,14
19,14
19,14
19,14
19,1
19,17
19,1
19,17
19,21
20,21
20,9
20,9
20,20
20,20
20,9
20,9
20,7
20,24
20,14
20,14
20,9
20,9
20,7
20,14
20,9
20,9
20,6
20,9
20,9
20,9
21,8
21,21
21,9
21,9
21,9
21,9
21,21
21,9
21,9
21,9
21,22
21,22
21,9
22,22
22,22
22,22
22,22
22,21
22,22
22,22
22,22
22,22
22,21
22,22
22,2
22,2
22,22
22,21
22,9
22,22
22,9
22,22
22,8
22,22
23,0
23,23
23,9
23,23
23,23
23,23
23,23
23,23
23,23
23,23
23,0
24,14
24,24
24,3
24,3
24,3
24,3
24,12
24,3
24,3
24,3
24,3
24,3
24,1
24,14
24,14
24,3
24,3
24,3
24,3
24,9
24,3
25,2
25,2
25,26
25,26
25,26
25,26
25,25
25,25
25,26
25,25
25,26
25,2
25,2
25,2
25,9
26,6
26,9
26,9
26,9
26,3
26,3
26,3
26,3
26,3
26,3
26,3
26,3
26,3
26,13
26,26
26,3
26,3
26,3
26,26
26,26
26,3
26,3
26,3
26,26
26,10
26,10
26,10
26,26
26,10
26,10
26,26
26,10
26,26
26,10
26,10
26,10
26,10
26,10
26,26
27,22
27,22
27,22
27,22
27,15
27,15
27,21
27,9
27,8
27,25
27,16
27,13
27,9
27,9
27,21
27,21
27,21
28,22
28,22
28,22
28,8
28,22
28,22
28,22
28,22
28,22
28,22
28,22
28,8
28,22
28,22
28,22
28,22
28,22
28,8
28,22
0,0
0,0
0,23
0,0
0,0
0,0
0,0
0,0
0,0
0,0
0,0
0,0
0,23
0,0
0,0
0,0
0,0
0,0
0,0
0,0
0,0
0,0
0,0
0,0
0,0
0,0
0,0
0,0
0,0
0,0
0,0
0,0
0,0
0,0
0,0
0,0
0,0
0,0
0,0
0,0
0,0
0,0
0,0
0,1
0,0
0,0
0,0
0,0
0,0
0,0
0,7
0,7
0,23
0,0
0,7
0,0
0,0
0,0
0,0
2,7
2,7
2,7
2,23
2,13
2,7
2,13
2,7
2,7
2,23
2,23
2,23
2,0
2,7
2,23
2,7
2,13
2,7
2,7
2,7
2,21
2,2
2,2
2,21
2,2
2,21
2,2
2,21
2,2
2,21
2,21
2,21
2,2
2,13
2,22
2,22
2,21
2,2
2,2
2,2
2,2
3,3
3,3
3,3
3,3
3,3
3,3
3,3
3,3
3,3
3,3
3,3
3,3
3,3
3,3
3,3
3,3
3,3
3,3
3,3
3,3
3,3
3,3
3,3
3,3
3,3
3,3
3,3
3,3
3,3
3,3
3,3
3,3
3,3
3,3
3,3
3,3
3,3
3,3
3,3
3,3
3,3
3,3
3,3
3,3
3,3
3,3
3,3
3,3
3,3
4,4
4,4
4,4
4,4
4,4
4,4
4,4
4,4
4,10
4,28
4,4
4,4
4,28
4,4
4,28
4,28
4,18
4,18
4,28
4,4
4,13
4,3
4,18
4,4
4,4
4,4
4,4
4,4
4,4
4,4
4,4
4,4
4,4
4,4
4,4
4,4
4,4
4,18
4,18
4,18
4,18
4,4
4,4
4,4
4,4
4,4
4,4
4,23
4,4
4,4
4,4
4,4
4,8
4,4
4,4
4,4
4,4
4,4
4,4
6,6
6,6
6,7
6,6
6,9
6,9
6,6
6,6
6,9
6,9
6,6
6,6
6,6
6,6
6,23
6,6
6,6
6,6
6,6
6,6
6,6
6,6
6,6
6,6
6,6
6,6
6,6
6,9
6,6
6,23
6,6
6,6
6,6
6,6
6,6
6,6
6,6
6,6
6,6
7,9
7,21
7,9
7,2
7,9
7,9
7,9
7,9
7,7
7,7
7,23
7,9
7,9
7,2
7,9
7,9
7,9
7,9
7,9
8,8
8,8
8,8
8,8
8,8
8,8
8,8
8,8
8,8
8,8
8,8
8,8
8,8
8,8
8,8
8,8
8,8
8,8
8,8
8,8
8,8
8,21
8,8
8,21
8,22
8,15
8,22
8,21
8,8
8,21
8,8
8,23
8,8
9,9
9,9
9,9
9,7
9,21
9,9
9,9
9,9
9,9
9,9
9,9
9,9
9,9
9,9
9,9
9,7
9,9
9,9
9,9
9,9
9,9
9,9
9,14
9,21
9,9
9,9
9,9
9,9
9,9
9,9
9,9
9,9
9,9
9,9
9,9
9,9
9,9
9,21
9,21
9,21
9,21
9,9
9,9
9,9
9,9
9,9
9,9
9,9
9,9
9,9
9,9
9,7
9,9
10,10
10,10
10,10
10,10
10,10
10,10
10,10
10,10
10,10
10,10
10,10
10,10
10,10
10,10
10,10
10,10
10,10
10,10
10,10
10,10
10,10
10,10
10,10
10,10
10,10
10,10
10,10
10,10
10,10
10,10
10,10
10,10
10,10
10,10
10,10
10,10
10,10
10,10
10,10
10,10
10,10
10,10
10,10
10,10
10,10
10,10
10,10
10,10
10,10
10,10
10,10
10,10
10,10
10,10
10,10
10,10
10,10
10,10
10,4
10,10
10,10
11,11
11,11
11,11
11,11
11,11
11,11
11,11
11,11
11,11
11,18
11,11
11,11
11,11
11,11
11,18
11,18
11,11
11,11
11,11
11,11
11,4
11,18
11,18
11,11
11,11
11,11
11,11
11,11
11,11
11,18
11,18
11,11
11,11
11,11
11,11
11,11
11,11
11,11
11,11
11,11
11,18
11,18
11,18
11,18
11,18
11,11
11,11
11,11
11,11
11,18
11,18
12,24
12,24
12,14
12,24
12,24
12,12
12,24
12,14
12,24
12,3
12,24
12,14
12,12
12,12
12,24
12,24
12,12
12,12
12,24
12,12
12,12
12,12
12,12
12,24
12,12
12,12
12,12
12,24
12,12
13,7
13,26
13,13
13,13
13,25
13,4
13,13
13,4
13,8
13,2
13,13
13,25
13,25
13,13
13,4
13,4
13,4
13,4
13,4
13,4
13,4
13,4
13,4
13,4
13,4
13,13
13,4
13,13
13,26
13,13
13,13
13,4
13,4
13,4
13,13
13,4
13,4
13,4
13,4
13,28
13,13
13,13
13,4
14,3
14,3
14,3
14,3
14,3
14,7
14,7
14,17
14,17
14,17
14,17
14,17
14,17
14,17
14,17
14,17
14,17
14,17
14,7
14,14
14,3
15,22
15,22
15,21
15,13
15,4
16,9
16,7
16,24
16,21
16,21
16,8
16,22
17,22
17,21
17,15
17,21
17,14
17,14
17,17
17,17
17,17
17,17
17,17
17,17
17,17
17,17
17,17
17,17
17,17
17,17
17,17
17,17
17,17
17,17
17,17
17,17
17,17
17,17
17,17
17,14
17,14
17,22
17,22
17,22
17,22
18,21
18,16
18,19
18,3
18,1
18,18
18,18
18,18
18,13
18,13
18,13
18,13
18,4
18,25
18,4
18,9
18,13
18,26
18,14
18,3
19,22
19,21
19,16
19,7
19,17
19,17
19,17
19,21
19,21
19,22
19,22
19,8
19,8
19,22
19,13
20,9
20,13
20,8
20,21
20,8
20,8
20,7
20,21
20,13
20,13
20,21
20,22
20,22
21,22
21,22
21,22
21,22
21,22
21,22
21,22
21,22
21,22
21,22
21,22
21,22
21,22
21,21
21,21
21,9
21,8
21,21
21,21
21,20
21,21
22,22
22,15
22,22
22,22
22,22
22,15
22,22
22,22
22,22
22,22
22,22
22,22
22,21
22,22
22,22
22,22
22,22
22,22
22,2
23,23
23,23
23,23
23,23
23,23
23,23
23,23
23,0
23,23
23,23
23,0
23,23
23,23
23,23
23,23
24,7
24,7
24,24
24,24
24,24
24,24
24,24
24,24
24,24
24,24
24,24
24,24
24,24
24,24
24,24
24,24
24,24
24,24
24,24
24,24
24,24
24,24
24,24
24,24
24,24
24,24
24,7
24,24
24,7
24,7
24,7
24,24
24,24
24,0
24,0
24,24
24,24
24,24
24,24
25,13
25,13
25,13
25,13
25,13
25,13
25,26
25,13
25,13
25,14
25,7
25,26
25,26
25,21
25,13
25,14
25,13
25,13
25,13
25,28
25,28
26,9
26,26
26,24
26,26
26,26
26,13
26,26
26,13
26,26
26,13
26,26
26,26
26,13
26,13
26,13
26,13
26,26
27,22
27,21
27,26
27,22
27,21
27,21
27,7
27,24
27,24
27,24
27,3
27,3
27,3
27,3
27,3
27,3
27,24
27,21
27,21
27,22
28,28
28,28
28,28
28,28
28,28
28,28
28,28
28,18
28,28
28,18
28,18
28,28
28,18
28,1
28,3
28,28
28,18
28,18
28,18
28,18
28,28
28,18
28,18
28,18
28,28
28,28
28,18
28,18
28,18
28,18
28,18
28,28
28,28
28,28
28,28
28,28
28,13
28,4
28,4
28,8
28,28
28,28
28,4
28,4
28,4
0,0
0,0
0,0
0,0
0,0
0,0
0,0
0,0
0,0
0,0
0,0
0,0
0,0
0,0
0,0
0,0
0,0
0,0
0,0
0,0
0,0
0,0
0,0
0,0
0,0
0,0
0,0
0,0
0,0
0,0
0,0
0,0
0,0
0,0
0,0
0,0
0,0
0,0
0,0
0,0
0,0
0,0
0,0
0,0
0,0
0,0
0,0
0,0
0,0
0,0
0,0
0,0
0,0
0,0
0,0
0,0
0,0
0,0
0,0
0,0
0,0
0,0
0,0
0,0
0,0
0,0
0,0
0,0
0,0
0,0
0,0
0,0
0,0
0,0
0,0
0,0
0,0
0,0
0,0
0,0
0,0
0,1
0,0
0,0
0,1
0,1
0,1
0,0
0,0
0,0
0,0
0,0
0,0
0,0
0,0
0,0
0,0
0,0
0,0
0,0
0,0
0,0
0,0
0,0
0,0
0,0
0,0
0,0
0,0
0,0
0,0
0,0
0,0
0,0
0,0
0,0
0,0
0,0
0,0
0,0
0,0
0,0
0,0
0,0
0,0
0,0
0,0
0,0
0,0
0,0
0,0
0,4
0,0
0,0
0,0
0,0
0,0
0,0
0,0
0,0
0,0
0,0
0,0
0,0
0,0
0,0
0,0
0,0
0,0
0,0
0,0
0,0
0,0
0,0
0,0
0,0
0,0
0,0
0,0
0,0
0,0
0,0
0,0
0,0
0,0
0,0
0,0
0,0
0,0
0,0
0,0
0,0
0,0
0,0
0,0
0,0
0,0
0,0
0,0
0,0
0,0
0,0
0,0
0,0
0,0
0,0
2,2
2,2
2,8
2,26
2,2
2,2
2,2
2,13
2,2
2,2
2,2
2,2
2,2
2,2
2,2
2,2
2,2
2,2
2,2
2,2
2,2
2,2
2,2
2,2
2,2
2,2
2,2
2,2
2,25
2,26
2,25
2,2
2,2
2,21
2,3
2,3
2,26
2,3
2,2
2,2
2,13
2,26
2,2
2,2
2,2
2,2
2,2
2,2
2,22
2,2
2,2
2,2
2,2
2,2
2,22
2,22
2,2
2,22
2,22
2,22
2,22
2,25
2,25
2,25
2,25
2,25
2,22
2,2
2,2
2,8
2,8
2,8
2,8
7,7
7,7
7,7
7,7
7,7
7,7
7,7
7,7
7,7
7,7
7,7
7,7
7,7
7,7
7,7
7,7
7,7
7,7
7,7
7,7
7,7
7,7
7,7
7,7
7,7
7,7
7,7
7,7
7,7
7,7
7,7
7,7
7,7
7,7
7,7
7,7
7,7
7,7
7,7
7,7
7,7
7,7
7,7
7,7
7,7
7,7
7,7
7,7
7,7
7,7
7,7
7,7
7,7
7,7
7,7
7,7
7,14
7,7
7,7
7,7
7,7
7,7
7,7
7,7
7,7
7,7
7,7
7,7
7,7
7,7
7,7
7,7
7,7
7,7
7,7
7,7
7,7
7,7
7,7
10,10
10,10
10,10
10,10
10,10
10,10
10,10
10,10
10,10
10,10
10,10
10,10
10,10
10,10
10,10
10,10
10,10
10,10
10,10
10,10
10,10
10,10
10,10
10,10
10,10
10,10
10,10
10,10
10,10
10,4
10,26
10,10
10,10
10,0
10,5
10,10
10,10
10,10
10,10
10,10
10,10
10,10
10,10
10,10
10,10
10,10
10,10
10,10
10,10
10,10
10,10
10,10
10,10
10,10
10,10
10,10
10,10
10,10
10,10
10,10
10,10
10,10
10,10
10,10
10,10
10,10
10,10
10,10
10,10
10,10
10,10
10,10
10,10
10,10
10,10
10,10
10,10
10,10
10,10
10,10
10,10
10,10
10,10
10,10
10,10
10,10
10,10
10,10
10,10
10,10
10,10
10,10
10,10
10,10
10,10
10,13
10,10
10,10
10,10
10,10
10,10
10,10
10,10
10,10
10,10
10,10
10,10
10,10
10,10
10,10
10,10
10,10
10,10
10,10
10,10
10,10
10,10
10,10
10,10
10,10
10,10
10,10
10,10
10,10
10,10
10,10
10,10
10,10
10,10
10,10
10,10
10,10
10,10
10,10
10,10
10,10
10,10
10,10
10,10
10,10
10,10
10,10
10,10
10,10
10,10
10,10
10,10
10,10
10,10
10,26
11,2
11,26
11,26
11,22
11,2
11,2
11,8
11,3
11,0
11,5
11,4
11,3
11,3
11,2
11,21
12,7
12,7
12,7
12,7
12,7
12,7
12,13
12,8
12,8
12,14
12,7
12,7
12,7
12,23
12,7
12,23
12,7
12,7
12,7
12,7
12,7
12,7
12,7
13,21
13,21
13,21
13,22
13,22
13,22
13,22
13,8
13,8
13,2
13,25
14,13
14,14
14,14
14,21
14,9
14,7
14,14
14,7
14,13
14,14
14,21
14,8
14,18
15,13
15,13
15,14
15,14
15,14
15,17
15,17
15,7
15,13
15,8
17,26
17,25
17,10
17,10
17,4
19,15
19,22
19,22
19,15
19,22
19,22
19,22
20,14
20,20
20,20
20,20
20,20
20,20
20,20
20,20
20,20
20,20
20,20
20,20
20,20
20,20
20,20
20,20
20,20
20,20
20,20
20,20
20,20
20,20
20,20
20,20
20,20
20,20
20,20
20,20
20,20
20,20
20,20
20,20
20,20
20,20
20,20
20,20
20,20
20,20
20,20
20,20
20,20
20,20
20,20
20,20
20,20
20,20
20,20
20,20
20,20
20,20
20,20
20,20
20,20
20,20
20,20
20,20
20,20
20,20
20,20
20,20
20,20
20,20
20,20
20,20
20,20
20,20
20,20
20,20
20,20
20,7
20,14
20,3
20,3
20,3
20,14
20,14
20,24
21,22
21,22
21,22
21,22
21,22
21,22
21,22
21,21
21,22
21,22
21,22
21,22
21,22
21,22
21,11
21,11
21,11
21,4
21,13
21,11
21,22
21,22
21,22
21,22
21,22
21,22
21,22
21,22
21,22
21,22
21,22
21,22
21,22
21,22
21,22
21,21
21,11
21,11
21,12
21,22
21,22
21,22
21,22
21,22
21,22
21,22
21,22
21,22
21,22
21,21
21,22
21,22
21,22
21,22
21,22
21,22
21,22
21,22
21,22
21,22
21,22
21,11
21,11
21,22
21,22
21,22
21,22
21,22
21,22
22,22
22,22
22,22
22,22
22,22
22,22
22,22
22,22
22,22
22,22
22,22
22,22
22,22
22,22
22,22
22,22
22,22
22,22
22,22
22,22
22,22
22,22
22,22
22,22
22,22
22,22
22,22
22,22
22,22
22,22
22,22
22,22
22,22
22,22
22,22
22,22
22,22
22,22
22,22
22,22
22,22
22,22
22,22
22,22
22,22
22,22
22,22
22,22
22,22
23,23
23,23
23,23
23,23
23,23
23,23
23,23
23,23
23,23
23,23
23,23
23,23
23,23
23,23
23,23
23,23
23,23
23,23
23,23
23,23
23,23
23,23
23,23
23,23
23,23
23,23
23,23
23,23
23,23
23,23
23,23
23,23
23,23
23,23
23,23
23,23
23,23
23,23
23,23
23,23
23,23
23,23
23,23
23,23
23,23
23,23
23,23
23,23
23,23
23,23
23,23
23,23
23,23
23,23
23,23
23,23
23,23
23,23
23,23
23,23
23,23
23,23
23,23
23,23
23,23
23,23
23,23
23,23
23,23
23,23
23,23
23,23
23,23
23,23
23,23
23,23
23,23
23,23
23,23
23,23
23,23
23,23
23,23
23,23
23,23
23,23
23,23
23,23
23,23
6,0
6,6
6,6
6,6
6,9
6,9
6,9
6,9
6,9
6,9
6,6
6,6
6,9
6,6
6,6
6,9
6,6
6,9
6,9
6,6
6,6
6,6
6,6
6,6
6,6
6,6
6,6
0,0
0,0
0,0
0,0
0,0
0,0
0,0
0,0
0,24
0,0
0,0
0,0
0,0
0,0
0,0
0,0
0,0
0,0
0,0
0,0
0,0
0,6
0,0
0,6
0,0
0,0
0,0
0,0
0,0
0,0
0,0
0,0
0,9
0,0
0,0
0,0
0,0
0,0
0,0
0,0
0,0
0,0
0,0
0,0
0,0
0,0
0,0
0,0
0,0
0,0
0,1
0,1
0,1
0,0
0,1
0,0
0,0
0,0
0,0
0,0
0,0
0,0
0,0
0,0
0,0
0,0
0,0
0,0
0,0
0,0
0,0
0,0
0,1
0,0
0,24
0,0
0,0
0,0
0,0
0,0
0,0
0,0
0,6
0,0
0,0
0,0
0,0
0,0
0,0
0,0
0,23
0,0
0,0
0,0
0,0
0,0
0,0
0,0
0,0
0,0
0,0
0,0
0,0
0,0
0,0
0,0
0,0
0,0
0,0
0,0
0,3
0,3
0,26
0,3
0,9
0,6
0,0
0,0
0,0
0,0
0,0
0,0
0,0
0,0
0,0
0,0
0,0
0,0
0,0
0,0
0,0
0,0
0,0
0,1
0,0
0,0
0,0
0,0
0,0
0,0
0,0
0,0
0,0
0,0
0,0
0,0
0,0
0,0
0,0
0,0
0,1
0,0
0,0
0,0
0,0
0,1
0,0
0,0
0,0
0,0
0,0
0,0
0,6
0,0
1,1
1,1
1,1
1,1
1,1
1,1
1,1
1,1
1,1
1,1
1,1
1,1
1,1
1,1
1,1
1,1
1,1
1,14
1,17
1,17
1,17
1,14
1,14
1,1
1,1
1,1
1,1
1,1
1,1
1,1
1,1
1,1
1,1
1,1
1,1
1,1
1,1
1,1
1,14
1,1
1,17
1,17
1,17
1,17
1,1
1,1
1,1
1,1
1,1
1,1
1,1
1,1
1,1
1,1
1,1
1,1
1,1
1,1
1,1
1,1
1,14
1,1
1,1
1,1
1,1
1,1
1,1
1,1
1,1
1,1
1,1
1,1
1,1
1,1
1,1
1,1
1,1
1,1
1,1
1,1
1,1
1,1
1,1
1,1
1,1
1,1
1,1
1,1
1,17
1,1
1,1
1,1
1,1
1,1
1,1
1,1
1,1
1,1
1,1
1,1
1,1
1,1
1,1
1,1
1,1
1,1
1,1
1,1
1,1
1,1
1,1
1,1
1,1
1,1
1,1
1,1
1,1
1,1
1,1
1,1
1,1
1,1
1,1
1,1
1,1
1,1
1,1
1,1
1,1
1,3
1,1
1,1
1,1
1,1
1,1
1,1
1,1
1,1
1,1
1,1
1,1
1,1
1,1
1,1
1,1
1,1
1,1
1,1
1,1
1,1
1,1
1,1
1,1
1,1
1,1
1,1
1,1
1,1
1,1
1,1
1,1
1,1
1,1
1,1
1,1
1,1
1,1
1,1
1,1
1,1
1,1
1,1
1,1
1,1
1,1
1,1
1,1
1,1
1,1
1,1
1,1
1,1
1,1
1,1
1,1
1,1
1,1
1,1
1,1
1,1
1,1
1,1
1,1
1,1
1,1
1,1
1,1
1,1
1,1
1,1
1,1
1,1
1,1
1,1
1,1
1,1
1,1
1,1
1,1
1,1
1,1
1,1
1,1
1,1
1,1
1,1
1,1
1,1
1,1
1,1
1,1
1,1
1,1
1,1
1,1
1,1
1,1
1,1
1,1
1,1
1,1
1,1
1,1
1,1
1,1
1,1
1,1
1,1
1,1
1,1
1,1
1,1
1,1
1,1
1,1
1,1
1,1
1,1
1,1
1,1
1,1
1,1
1,1
1,1
1,1
1,0
2,2
2,21
2,2
2,2
2,2
2,2
2,8
2,8
2,27
2,22
2,2
2,2
2,13
2,2
2,2
2,22
2,22
2,2
2,2
2,2
2,2
2,2
2,2
2,2
2,8
2,2
2,2
2,2
2,2
2,2
2,2
2,10
2,2
2,2
2,2
2,2
2,26
2,22
2,2
2,2
2,22
2,22
2,22
2,22
2,8
2,2
2,2
2,2
2,2
2,2
2,22
2,22
2,22
2,22
2,22
2,2
2,2
2,21
2,2
2,22
2,2
2,2
2,2
2,22
2,22
2,2
2,2
2,2
2,22
2,2
2,2
2,2
2,2
2,2
2,2
2,2
2,22
2,22
2,2
2,2
2,2
2,2
2,2
2,2
2,2
2,22
3,3
3,3
3,3
3,3
3,3
3,3
3,3
3,3
3,3
3,3
3,3
3,3
3,3
3,3
3,3
3,3
3,3
3,3
3,3
3,3
3,3
3,3
3,3
3,3
3,3
3,3
3,3
3,3
3,3
3,14
3,3
3,3
3,12
3,3
3,3
3,3
3,3
3,24
3,14
3,24
3,12
3,12
3,3
3,3
3,3
3,3
3,3
3,24
3,14
3,3
3,3
3,3
3,3
3,3
3,3
3,3
3,3
3,3
3,3
3,3
3,3
3,3
3,3
3,3
3,3
3,3
3,3
3,3
3,3
3,3
3,3
3,3
3,3
3,3
3,3
3,3
3,3
3,3
3,3
3,3
3,3
3,3
3,3
3,3
3,3
3,3
3,3
3,3
3,3
3,3
3,3
3,3
3,3
3,3
3,3
3,3
3,3
3,3
3,3
3,3
3,3
3,3
3,3
3,3
3,3
3,3
3,3
3,3
3,3
3,3
3,3
3,3
4,4
4,4
4,4
4,4
4,4
4,4
4,4
4,4
4,4
4,4
4,1
4,4
4,4
4,11
4,11
4,4
4,4
4,4
4,4
4,4
4,4
4,4
4,4
4,4
4,4
4,13
4,18
4,13
4,4
4,4
4,4
4,4
4,4
4,18
4,4
4,4
4,18
4,4
4,11
4,4
4,4
4,4
4,4
4,4
4,4
4,4
4,4
4,5
4,4
4,4
4,4
4,4
4,4
4,4
4,4
4,4
4,4
4,4
4,4
4,4
4,4
4,4
4,4
4,10
4,4
4,4
4,4
4,4
4,4
4,13
4,13
4,22
4,4
4,4
4,4
4,4
4,4
4,4
4,4
4,4
4,4
4,4
4,4
4,4
4,4
4,4
4,4
4,4
4,4
4,4
4,4
4,4
4,4
4,4
4,4
4,4
4,4
4,4
4,4
4,4
4,4
4,4
4,4
4,4
4,4
4,4
5,5
5,5
5,5
5,5
5,5
5,5
5,5
5,5
5,5
5,4
5,4
5,5
5,5
5,5
5,5
5,5
5,9
5,9
5,4
5,13
5,9
5,5
5,13
5,7
5,9
5,13
5,20
5,5
5,13
5,13
5,4
5,13
5,7
5,7
5,5
5,4
5,4
6,6
6,9
6,9
6,9
6,9
6,9
6,9
6,7
6,7
6,9
6,6
6,6
6,9
6,9
6,9
6,7
6,6
6,9
6,9
6,7
6,6
6,6
6,6
6,7
6,6
6,6
6,6
6,7
6,7
6,6
6,6
6,6
6,7
6,6
6,9
6,7
6,9
6,6
6,6
6,0
6,6
6,0
6,0
6,6
6,0
6,6
6,0
6,6
6,0
6,6
6,6
6,6
6,6
6,6
6,6
6,6
6,6
6,6
6,6
6,6
6,6
6,6
6,6
6,6
6,6
6,6
7,7
7,21
7,14
7,24
7,7
7,21
7,14
7,14
7,7
7,7
7,24
7,7
7,7
7,7
7,7
7,7
7,7
7,7
7,7
7,7
7,7
7,7
7,7
7,7
7,7
7,7
7,7
7,7
7,7
7,7
7,7
7,7
7,7
7,7
7,7
7,7
7,7
7,7
7,7
7,7
7,7
7,7
7,7
7,7
7,7
7,7
7,7
7,7
7,7
7,7
7,7
7,7
7,7
7,7
7,7
7,7
7,14
7,14
7,7
7,7
7,14
7,7
7,7
7,7
7,7
7,7
7,7
7,14
7,7
7,7
7,7
7,7
7,7
7,7
7,7
7,7
7,7
7,7
7,7
7,7
7,7
7,7
7,7
7,7
7,7
7,7
7,7
7,7
7,7
7,7
7,7
7,7
7,7
7,7
7,7
7,7
7,7
7,7
7,7
7,7
7,7
7,7
7,7
7,7
7,7
7,7
7,7
7,7
7,7
7,7
7,7
7,7
7,7
7,7
7,7
7,14
7,7
7,7
7,7
7,7
7,7
7,7
8,8
8,8
8,8
8,8
8,8
8,8
8,8
8,8
8,8
8,8
8,8
8,8
8,8
8,8
8,8
8,8
8,8
8,8
8,8
8,8
8,8
8,8
8,8
8,8
8,8
8,8
8,8
8,8
8,8
8,8
8,8
8,8
8,8
8,8
8,8
8,8
8,8
8,8
8,8
8,8
8,8
8,8
8,8
8,8
8,8
8,8
8,8
8,8
8,8
8,8
8,8
8,8
8,8
8,8
8,22
8,8
8,8
8,8
8,8
8,8
8,8
8,8
8,8
8,8
8,8
8,8
8,8
8,8
8,8
8,8
8,8
8,8
8,8
8,8
8,8
8,8
8,8
8,8
8,8
8,8
9,7
9,7
9,9
9,9
9,9
9,9
9,9
9,9
9,9
9,9
9,9
9,9
9,9
9,9
9,9
9,9
9,9
9,9
9,9
9,9
9,9
9,9
9,9
9,9
9,9
9,9
9,9
9,9
9,9
9,9
9,9
9,9
9,9
9,9
9,9
9,9
9,9
9,9
9,9
9,9
9,9
9,9
9,9
9,9
9,9
9,9
9,9
9,9
9,9
9,9
9,2
9,9
9,9
9,0
9,14
9,3
9,9
9,9
9,9
9,9
9,9
9,9
9,9
9,9
9,9
9,9
9,21
9,9
9,9
9,9
9,9
9,7
9,9
9,9
9,9
9,9
9,9
9,24
9,9
9,9
9,9
9,9
9,9
9,9
9,9
9,9
9,9
9,9
9,9
9,9
9,9
9,9
9,9
9,9
9,9
9,9
9,9
9,9
9,9
9,9
9,9
9,9
9,9
9,9
9,9
9,9
9,9
9,9
9,9
9,9
9,9
9,9
9,14
9,9
9,9
9,9
9,9
9,9
9,3
9,0
9,9
9,9
9,9
9,9
9,9
9,9
9,9
9,9
9,9
9,9
9,9
9,9
9,9
9,9
9,9
9,9
9,9
9,9
10,13
10,13
10,13
10,13
10,13
10,13
10,13
10,13
10,13
10,10
10,13
10,13
10,13
10,10
10,10
10,10
10,10
10,5
10,10
10,10
10,10
10,10
10,10
10,10
10,10
10,5
10,13
10,13
10,10
10,10
10,10
10,10
10,5
10,10
10,10
10,10
10,5
10,10
10,10
10,10
10,10
10,10
10,10
10,10
10,10
10,10
10,10
10,10
10,10
10,10
10,10
10,5
10,13
10,10
10,10
10,10
10,10
10,10
10,13
10,10
10,10
10,10
10,10
10,10
10,10
10,10
10,10
10,5
10,10
10,10
10,10
10,10
10,10
10,10
10,10
10,10
10,10
10,10
10,10
10,10
10,10
10,10
10,10
10,10
10,10
10,10
10,10
10,10
10,10
10,10
10,10
10,10
10,10
10,10
10,10
10,10
10,10
10,10
10,10
10,10
10,10
10,10
10,10
10,10
10,10
10,10
10,10
10,10
10,10
10,10
10,10
10,10
10,10
10,10
10,10
10,10
10,10
10,10
10,10
10,10
10,10
10,10
10,10
10,10
10,10
10,10
10,10
10,10
10,10
10,10
10,10
10,10
10,10
10,10
10,10
10,10
10,10
10,10
10,10
10,10
10,10
10,10
10,10
10,10
10,10
10,10
10,10
10,10
10,10
10,10
10,10
10,10
10,10
10,10
10,10
10,10
10,10
10,10
10,10
10,10
10,10
10,10
10,10
10,10
10,10
10,10
10,10
10,10
10,10
10,10
10,10
10,10
10,10
10,10
10,10
10,10
10,10
10,10
10,10
10,10
10,10
10,10
10,10
10,10
10,10
10,10
10,13
10,10
10,10
10,10
10,10
10,10
10,10
10,10
10,10
10,10
10,10
10,10
10,10
10,10
10,10
10,10
10,10
10,10
10,10
10,10
10,10
10,10
10,10
10,10
10,10
10,10
10,10
10,10
10,10
10,10
10,10
10,10
10,0
11,11
11,11
11,11
11,11
11,11
11,11
11,11
11,11
11,11
11,11
11,11
11,11
11,11
11,11
11,11
11,11
11,11
11,11
11,11
11,11
11,11
11,11
11,11
11,11
11,11
11,11
11,11
11,11
11,11
11,11
11,11
11,11
11,13
11,13
11,13
11,13
11,13
11,11
11,13
11,11
11,11
11,11
11,11
11,11
11,11
11,11
11,11
11,11
11,11
11,11
11,11
11,11
11,11
11,11
11,11
11,11
11,11
11,11
11,11
11,11
11,11
11,11
11,11
11,11
11,11
11,11
11,11
11,11
11,11
11,11
11,11
11,11
11,11
11,11
11,11
11,11
11,11
11,11
11,11
11,11
11,11
11,11
11,11
11,11
11,11
11,11
11,11
11,11
11,11
11,11
11,11
11,11
11,11
11,10
11,11
11,11
11,11
11,11
11,11
11,11
11,11
11,11
11,11
11,13
11,11
11,11
11,11
11,11
11,11
11,11
11,11
11,11
11,11
11,11
11,11
11,11
11,11
11,10
11,11
11,11
11,11
11,11
11,11
11,11
11,11
11,11
11,11
11,11
12,12
12,12
12,12
12,12
12,12
12,12
12,12
12,12
12,12
12,12
12,12
12,12
12,12
12,12
12,12
12,12
12,12
12,12
12,12
12,12
12,12
12,12
12,12
12,12
12,12
12,12
12,12
12,12
12,12
12,12
12,12
12,12
12,12
12,12
12,12
12,12
12,12
12,12
12,12
12,12
12,12
12,12
12,12
12,12
12,12
12,12
12,12
12,12
12,12
12,12
12,12
12,12
12,12
12,12
12,12
12,12
12,12
12,12
12,12
12,12
12,12
12,12
12,12
12,12
12,12
12,12
12,11
12,12
12,12
12,12
12,12
12,12
12,12
12,12
12,12
12,11
12,12
12,12
12,12
12,12
12,12
12,12
12,12
12,12
12,12
12,12
12,12
12,12
12,11
12,12
12,12
12,12
12,14
12,9
12,3
12,1
12,12
12,12
12,12
12,12
13,13
13,13
13,11
13,4
13,10
13,11
13,11
13,13
13,13
13,13
13,13
13,13
13,13
13,5
13,5
13,5
13,5
13,5
13,13
13,13
13,13
13,13
13,13
13,13
13,13
13,4
13,13
13,13
13,13
13,4
13,2
13,13
13,9
13,13
13,13
13,13
13,13
13,13
13,13
13,13
13,13
13,13
13,13
13,13
13,13
13,13
13,7
13,13
13,13
13,4
13,13
13,13
13,13
13,13
13,13
13,13
13,4
13,13
13,13
13,13
13,13
13,13
13,13
13,13
13,13
13,13
13,10
13,13
13,13
13,13
13,13
13,13
13,13
13,13
13,13
13,13
13,9
13,13
13,13
13,13
13,13
13,10
13,13
13,13
13,13
13,13
13,11
13,11
13,11
13,11
13,11
13,13
13,13
13,13
13,13
13,10
13,13
13,13
13,13
13,13
13,11
13,13
13,13
13,11
13,13
13,13
13,13
13,13
13,13
13,13
13,3
13,3
13,13
13,13
13,13
13,13
13,13
13,4
13,13
13,13
13,13
13,11
13,13
13,13
13,13
13,13
13,13
13,13
13,13
13,13
13,3
13,26
13,26
13,13
13,13
13,13
13,13
13,11
13,11
13,11
13,13
13,13
14,11
14,11
14,11
14,11
14,11
14,11
14,11
14,11
14,11
14,11
14,11
14,1
14,1
14,1
14,1
14,1
15,22
15,22
15,22
15,22
15,22
15,22
15,22
15,22
15,22
15,22
15,22
15,22
15,22
15,22
15,22
15,22
15,22
15,22
15,22
15,22
15,22
15,22
15,4
15,4
16,4
16,4
16,2
16,4
16,13
16,5
16,0
16,18
16,18
16,10
16,13
16,13
16,8
16,13
16,13
16,13
16,13
16,4
17,14
17,14
17,17
17,17
17,17
17,17
17,17
17,17
17,17
17,17
17,17
17,17
17,17
17,17
17,17
17,17
17,17
17,17
17,17
17,17
17,17
17,17
17,17
17,17
17,17
17,17
17,17
17,17
17,17
17,17
17,17
17,17
17,17
17,17
17,17
17,17
17,17
17,17
17,17
17,17
17,17
17,17
17,17
17,17
17,17
17,17
17,17
17,17
17,17
17,17
17,1
17,1
17,1
17,17
17,17
17,17
17,17
17,14
17,3
17,3
17,14
17,1
17,1
17,1
17,1
17,1
17,1
17,1
17,1
17,1
17,1
17,1
17,1
17,1
17,1
17,1
17,1
17,1
17,1
17,1
17,1
17,1
17,1
17,3
17,3
17,3
17,3
17,1
17,1
17,1
17,1
17,1
17,1
17,1
17,1
17,1
17,1
17,1
17,1
17,1
17,1
17,1
17,1
17,1
18,13
18,13
18,11
18,13
18,13
18,18
18,18
18,18
18,18
18,18
18,18
18,18
18,18
18,18
18,18
18,18
18,18
18,18
18,18
18,18
18,18
18,18
18,18
18,13
18,13
18,3
18,3
18,3
18,3
18,18
18,18
18,18
18,18
18,18
18,18
18,18
18,18
18,3
18,18
18,3
18,3
18,13
19,14
19,3
19,3
19,3
19,24
19,14
19,14
19,14
19,14
19,14
19,14
19,14
19,14
19,7
19,13
19,25
19,13
19,5
19,13
19,14
19,14
19,14
19,14
19,14
19,18
19,7
19,9
19,9
20,9
20,13
20,23
20,9
20,2
20,21
20,9
20,7
20,20
20,21
20,7
20,13
20,8
20,9
20,21
20,21
20,22
20,8
20,8
20,13
20,13
20,23
20,23
20,21
20,9
20,5
20,9
20,9
20,9
20,25
20,21
20,9
21,8
21,9
21,8
21,9
21,21
21,21
21,22
21,8
21,22
21,22
21,8
21,8
21,8
21,22
21,22
21,22
21,22
21,22
21,21
21,21
21,21
21,21
21,21
21,21
21,22
21,22
21,22
21,22
21,22
21,2
21,21
21,21
21,22
21,8
22,5
22,5
22,13
22,13
22,13
22,13
22,13
22,13
22,2
22,26
22,2
22,22
22,22
22,22
22,22
22,22
22,22
22,22
22,8
22,8
22,22
22,22
22,22
22,22
22,22
22,22
22,22
22,22
22,22
22,22
22,22
22,13
22,13
22,22
22,25
22,25
22,25
22,22
22,22
22,22
22,22
22,22
22,22
22,22
22,22
22,22
22,22
22,22
22,22
22,22
22,22
22,22
22,22
22,22
22,22
22,22
22,22
22,22
22,22
22,22
23,23
23,23
23,23
23,23
23,23
23,23
23,23
23,23
23,23
23,23
23,23
23,23
23,23
23,23
23,23
23,23
23,0
23,8
23,9
23,9
23,23
23,23
23,23
23,6
23,20
23,8
23,23
23,23
23,23
23,23
23,23
23,23
23,23
23,23
23,23
23,23
23,23
23,23
24,3
24,1
24,1
24,1
24,1
24,1
24,1
24,14
24,1
24,1
24,24
24,14
24,14
24,14
24,24
24,24
24,24
24,14
24,14
24,14
24,24
24,12
24,12
24,26
24,9
24,27
24,26
24,3
24,24
24,14
24,1
24,1
24,1
24,1
24,1
24,1
24,1
24,1
24,24
24,24
24,24
24,24
24,24
24,24
24,21
24,21
25,13
25,14
25,8
25,13
25,13
25,25
25,22
25,25
25,22
25,14
25,13
25,13
25,8
25,25
25,25
25,4
25,13
25,26
25,11
25,13
25,11
25,11
25,25
25,25
25,5
25,25
25,25
25,25
25,13
25,13
25,13
25,25
25,25
25,25
25,25
25,25
25,25
26,9
26,14
26,3
26,3
26,26
26,3
26,3
26,11
26,13
26,13
26,11
26,11
26,11
26,13
26,13
26,26
26,26
26,26
26,2
26,11
26,11
26,13
26,13
26,26
26,10
26,10
26,26
26,10
26,10
26,26
26,22
26,13
26,13
26,3
26,3
26,13
26,13
26,10
26,10
26,13
26,13
26,26
26,26
26,13
26,13
26,13
26,13
26,13
26,26
26,2
26,26
26,26
26,26
26,2
26,2
26,26
26,26
26,22
27,22
27,22
27,25
27,27
27,27
27,22
27,22
27,22
27,21
27,14
27,14
27,14
27,12
27,24
27,24
27,22
27,22
27,3
27,3
27,2
27,22
27,13
27,22
27,22
27,22
27,22
27,22
27,22
27,22
27,22
27,2
27,22
27,26
27,2
27,26
27,2
27,2
27,2
27,25
27,2
27,26
27,10
27,26
27,26
27,2
27,2
27,13
27,13
27,24
27,3
27,3
27,14
27,21
27,13
27,25
27,14
27,3
27,26
27,2
27,22
27,22
27,22
27,22
27,2
27,2
27,2
28,21
28,22
28,22
28,22
28,8
28,8
28,8
28,8
28,22
28,8
28,8
28,8
28,8
28,22
28,22
28,8
28,8
28,8
28,22
28,8
28,8
28,8
28,22
28,22
28,8
28,8
28,22
28,8
28,4
28,4
28,22
28,4
28,8
28,22
28,4
28,4
28,4
28,4
28,4
28,4
28,4
28,4
28,4
28,4
28,4
28,4
28,4
28,4
28,4
28,4
28,4
28,4
1,1
1,1
1,1
1,1
1,1
1,1
1,1
1,1
1,1
1,1
1,1
1,1
1,1
1,1
1,1
1,1
1,1
1,1
1,1
1,1
1,1
1,1
1,1
1,1
1,1
1,1
1,1
1,1
1,1
1,1
1,1
1,1
1,1
1,1
1,1
1,1
1,1
1,1
1,1
1,1
1,1
1,1
1,1
1,1
1,1
1,1
1,1
1,1
1,1
1,1
1,1
1,1
1,1
1,1
1,1
1,1
1,1
1,1
1,1
1,1
1,1
1,1
1,1
1,1
1,1
1,1
1,1
1,1
1,1
1,1
1,1
1,1
1,1
1,1
1,1
1,1
1,1
1,1
1,1
1,1
1,1
1,1
1,1
1,1
1,1
1,1
1,1
1,1
1,1
1,1
1,1
1,1
1,1
1,1
1,1
2,21
2,2
2,2
2,2
2,2
2,2
2,2
2,2
2,2
2,2
2,2
2,2
2,2
2,2
2,2
2,2
2,2
2,2
2,2
2,2
2,2
2,2
2,2
2,2
2,2
2,2
2,2
2,2
2,2
2,2
2,2
2,2
2,2
3,3
3,3
3,3
3,3
3,3
3,3
3,3
3,3
3,3
3,3
3,3
3,3
3,3
3,3
3,3
3,3
3,3
3,3
3,3
3,3
3,3
3,3
3,3
3,3
3,3
3,3
3,14
3,3
3,3
3,3
3,3
3,3
3,24
3,14
3,3
3,3
3,3
3,3
3,14
3,14
3,14
3,3
3,3
3,3
3,3
3,3
3,3
3,3
3,14
3,3
3,3
3,1
3,3
3,3
3,3
3,3
3,3
3,3
3,3
3,3
3,3
3,3
3,3
3,3
3,3
3,3
3,3
3,3
3,3
3,3
3,3
3,3
3,3
3,3
3,3
3,1
3,24
3,3
3,3
3,3
3,3
3,3
3,3
3,3
3,3
3,3
3,3
3,3
3,1
3,1
4,5
4,5
4,5
4,4
4,5
4,4
4,5
4,4
4,4
4,4
4,13
4,4
4,4
4,4
4,4
4,4
4,4
4,4
4,4
4,4
4,13
4,4
4,13
4,4
4,4
4,4
4,4
4,13
4,4
4,4
4,4
4,4
4,4
4,4
4,4
4,4
4,4
4,4
4,4
4,4
4,4
4,4
4,4
4,13
4,4
4,13
4,4
4,4
4,9
4,5
4,4
4,5
4,13
4,4
4,9
4,4
4,4
4,4
4,13
4,4
4,4
4,4
4,4
5,5
5,5
5,5
5,5
5,5
5,5
5,5
5,5
5,5
5,5
5,5
5,5
5,5
5,5
5,5
5,5
5,5
5,13
5,5
5,13
5,5
5,4
5,13
5,13
5,5
5,5
5,5
5,5
5,13
5,13
5,13
5,13
5,13
5,13
5,4
5,4
5,13
5,13
5,13
5,13
5,13
5,13
5,13
5,13
5,13
5,5
5,5
5,5
5,5
6,6
6,6
6,6
6,6
6,6
6,6
6,6
6,6
6,6
6,6
6,6
6,6
6,6
6,9
6,6
6,6
6,6
6,6
6,0
6,0
6,6
7,7
7,7
7,7
7,7
7,14
7,7
7,7
7,16
7,7
7,7
7,7
7,7
7,7
7,7
7,7
7,7
7,7
7,7
7,7
7,7
7,7
7,7
7,7
7,7
7,7
7,7
7,7
7,7
7,7
7,7
7,7
7,7
7,7
7,7
7,7
7,7
7,7
8,8
8,8
8,8
8,8
8,8
8,8
8,8
8,8
8,8
8,8
8,8
8,8
8,8
8,8
8,8
8,8
8,8
8,8
8,8
8,8
8,8
9,9
9,9
9,9
9,9
9,9
9,9
9,9
9,9
9,9
9,9
9,9
9,9
9,23
9,9
9,9
9,9
9,9
9,9
9,9
9,9
9,9
9,9
9,9
9,9
9,9
9,9
9,9
9,9
9,21
9,9
9,9
9,9
9,9
9,9
9,9
9,9
9,9
9,9
9,9
9,9
9,9
9,9
9,9
9,9
9,9
9,9
9,9
9,7
9,9
9,9
9,9
9,9
9,9
9,9
9,9
9,9
9,9
9,9
9,9
10,10
10,5
10,10
10,10
10,10
10,10
10,4
10,10
10,10
10,10
10,10
10,10
10,10
10,10
10,10
10,10
10,10
10,10
10,10
10,10
10,10
10,10
10,10
10,10
10,11
10,13
10,10
10,10
10,10
10,10
10,10
10,10
10,10
10,10
10,10
10,10
10,10
10,10
10,10
10,10
10,10
10,10
10,10
10,10
10,10
10,10
10,10
10,10
10,10
10,10
10,10
10,10
10,5
10,10
10,10
10,10
10,10
10,10
10,10
10,10
10,10
10,10
10,10
10,10
10,10
10,10
10,10
10,10
10,10
10,10
10,10
10,10
10,10
10,10
10,10
10,10
10,10
10,26
10,26
10,4
10,10
10,5
10,10
10,10
10,10
10,10
10,10
10,10
10,10
10,10
10,10
10,10
10,10
10,10
10,10
10,10
10,10
10,10
10,10
11,11
11,11
11,11
11,11
11,11
11,11
11,11
11,11
11,11
11,11
11,11
11,11
11,11
11,11
11,11
11,11
11,11
11,11
11,11
11,11
11,11
11,11
11,11
11,11
11,11
11,11
11,11
11,11
11,12
11,11
11,11
11,11
11,11
11,11
11,11
11,11
11,11
11,11
11,11
11,11
11,11
11,11
11,11
11,11
11,11
11,11
11,11
11,11
11,11
11,11
11,11
11,11
11,11
11,11
11,11
11,11
11,11
11,11
11,11
11,11
11,11
11,11
11,22
11,11
11,11
11,11
11,11
11,11
11,11
11,11
11,11
11,11
11,11
11,11
11,11
11,11
11,11
11,11
11,11
11,11
11,11
11,11
11,11
11,11
11,11
11,11
11,11
11,11
11,11
11,11
11,11
11,11
11,11
11,11
11,11
11,11
11,11
11,11
11,11
11,11
11,11
11,11
11,11
11,11
11,11
11,11
11,11
11,11
11,11
11,11
11,11
11,11
11,11
11,11
11,11
11,11
11,11
11,11
11,11
11,11
11,11
11,11
11,11
11,11
11,11
11,11
11,11
11,11
11,11
11,0
12,12
12,12
12,12
12,12
12,12
12,12
12,12
12,12
12,12
12,12
12,12
12,12
12,12
12,12
12,12
12,12
12,12
12,12
12,12
12,12
12,12
12,12
12,12
12,12
12,12
12,12
12,12
12,12
12,12
12,12
12,12
12,12
12,12
12,12
12,12
12,12
12,12
12,12
12,12
12,12
12,12
12,12
12,12
12,12
12,12
12,12
12,12
12,12
12,12
12,12
12,12
12,12
12,12
12,12
12,12
12,12
12,12
12,12
12,12
12,12
12,12
12,12
12,12
12,12
12,12
12,12
12,12
12,12
12,12
12,12
12,12
12,12
12,12
12,12
12,12
12,12
12,12
12,12
12,12
13,13
13,13
13,13
13,13
13,13
13,13
13,13
13,13
13,13
13,13
13,13
13,13
13,13
13,13
13,13
13,4
13,8
13,13
13,13
13,13
13,13
13,13
13,13
13,13
13,13
13,13
13,13
13,7
13,13
13,13
13,13
13,13
13,13
13,4
13,13
13,13
13,13
13,13
13,13
13,13
13,13
13,13
13,13
13,4
13,11
13,13
13,13
13,5
13,13
13,13
13,4
13,13
13,13
13,13
13,13
13,4
13,13
13,13
13,13
13,13
13,13
13,4
13,4
13,13
13,13
13,4
13,13
13,13
13,13
13,13
13,13
13,13
13,13
13,13
13,13
13,13
13,13
13,13
13,13
13,13
13,13
13,13
13,13
13,13
13,13
13,13
13,13
13,13
13,13
13,13
13,13
13,13
13,13
13,13
13,13
13,13
13,13
13,13
13,13
14,14
14,14
14,14
14,14
14,14
14,14
14,14
14,14
14,14
15,3
15,24
15,3
15,3
15,3
16,14
16,14
16,18
16,14
16,18
16,18
16,14
16,14
16,20
17,17
17,17
17,14
17,17
17,17
17,17
17,17
17,17
17,17
17,17
17,17
17,17
17,17
17,17
17,17
17,17
17,14
17,14
17,14
17,14
17,14
17,17
17,17
17,17
17,14
18,12
18,12
18,3
18,4
18,18
18,18
18,18
18,18
18,18
18,18
18,7
18,14
18,1
19,1
19,17
19,17
19,17
19,17
19,17
19,17
19,17
19,17
20,13
20,4
20,7
20,7
20,7
20,21
20,14
20,24
20,9
20,24
20,9
20,9
20,9
20,9
20,21
20,9
20,9
20,9
20,9
21,13
21,21
21,22
21,22
21,21
21,22
21,22
21,22
21,15
23,9
23,9
23,21
23,21
23,9
23,9
23,2
23,21
23,21
23,21
23,21
23,9
23,0
24,0
24,1
24,7
24,6
24,6
24,6
24,6
24,6
24,7
24,7
24,13
25,14
25,7
25,7
25,14
25,7
25,14
25,7
25,14
25,14
25,14
25,14
25,7
25,14
26,26
26,10
26,26
26,26
26,26
26,25
26,2
26,26
26,26
27,7
27,7
27,14
27,7
27,7
27,14
27,14
27,14
27,14
28,26
28,10
28,10
28,2
28,7
28,7
28,7
28,7
28,9
28,0
28,21
0,0
0,7
0,0
0,0
0,0
0,0
0,0
0,0
0,0
0,0
0,7
0,0
0,0
0,0
0,1
0,0
0,1
0,14
0,1
0,7
0,0
0,0
0,0
0,0
0,0
0,0
0,0
0,7
0,0
0,7
0,23
0,0
0,0
0,0
0,0
0,0
0,0
0,0
0,7
0,13
0,10
0,10
0,13
0,7
0,0
0,0
0,0
0,0
0,0
0,0
0,0
0,0
0,13
0,10
0,13
0,0
0,0
0,0
0,0
0,26
0,2
0,0
0,0
0,0
0,0
0,0
0,0
0,0
0,0
0,0
0,7
0,7
0,0
0,0
0,0
0,7
0,9
0,13
0,0
0,0
0,0
0,0
0,0
0,0
0,0
0,0
0,0
0,0
0,0
0,0
0,24
0,0
0,0
0,0
0,0
0,13
0,4
0,0
0,2
2,9
2,2
2,2
2,6
2,6
2,2
2,21
2,21
2,9
2,26
2,0
2,9
2,2
2,2
2,7
2,18
2,13
2,22
2,21
2,22
2,21
2,13
2,13
2,14
2,22
2,2
2,2
2,22
2,22
3,3
3,3
3,3
3,3
3,3
3,3
3,3
3,3
3,3
3,3
3,3
3,24
3,3
3,3
3,3
3,3
3,3
3,3
3,3
3,3
3,3
3,3
3,3
3,3
3,3
3,3
3,3
3,24
3,3
3,3
3,3
3,3
3,3
3,3
3,3
3,3
3,3
3,3
3,3
3,3
3,3
3,3
3,3
3,3
3,3
3,3
3,3
3,3
3,3
3,3
3,3
4,2
4,25
4,8
4,22
4,2
4,26
4,2
4,4
4,4
4,4
4,2
4,2
4,2
4,25
4,25
4,25
4,22
4,25
4,4
4,4
4,4
4,22
4,2
4,10
4,4
4,10
4,4
4,10
4,10
4,4
4,10
4,10
4,10
4,4
4,4
4,4
4,10
4,10
4,10
4,10
4,10
4,10
4,10
4,10
4,10
4,10
4,10
4,10
4,10
4,10
4,4
4,25
4,4
4,4
4,4
4,10
4,4
4,25
4,11
4,25
4,11
4,11
4,4
4,26
4,2
6,6
6,6
6,9
6,0
6,6
6,6
6,6
6,6
6,6
6,6
6,6
6,6
6,6
6,0
6,6
6,6
6,6
6,6
6,6
6,6
6,6
6,6
6,6
6,0
6,6
6,6
6,6
6,9
6,9
6,6
6,6
6,6
6,6
6,6
6,6
6,6
6,6
6,6
6,6
6,6
6,6
7,7
7,7
7,7
7,7
7,7
7,7
7,7
7,7
7,7
7,7
7,16
7,7
7,7
7,7
7,7
7,7
7,7
7,7
7,7
7,7
7,7
7,7
7,7
7,7
7,7
7,7
7,7
7,7
7,7
7,7
7,7
7,7
7,7
7,7
7,7
7,7
7,7
7,7
7,7
8,8
8,8
8,8
8,8
8,8
8,8
8,8
8,8
8,8
8,8
8,8
8,8
8,8
8,8
8,8
8,8
8,8
8,8
8,25
8,22
8,8
8,8
8,8
8,8
8,8
8,8
8,8
8,8
8,8
8,8
8,8
8,8
8,8
8,8
8,8
8,8
8,8
8,8
8,8
9,9
9,21
9,9
9,9
9,6
9,9
9,9
9,9
9,9
9,9
9,9
9,9
9,9
9,9
9,9
9,9
9,9
9,6
9,9
9,9
9,6
9,24
9,9
9,9
9,9
9,9
9,9
9,21
9,9
9,21
9,9
9,9
9,9
9,7
9,9
9,9
9,9
9,7
9,7
9,9
9,9
9,7
9,9
9,9
9,9
10,10
10,10
10,10
10,10
10,10
10,10
10,10
10,10
10,10
10,10
10,10
10,10
10,10
10,10
10,10
10,10
10,10
10,10
10,10
10,10
10,10
10,10
10,10
10,10
10,26
10,3
10,10
10,10
10,10
10,10
10,10
10,10
10,10
10,10
10,10
11,26
11,11
11,11
11,11
11,11
11,11
11,11
11,11
11,11
11,11
11,11
11,11
11,11
11,13
11,3
11,3
11,26
11,3
11,11
11,11
11,11
11,11
11,11
11,11
11,11
11,11
11,11
11,11
11,11
11,11
11,11
11,11
11,11
11,11
11,11
11,11
11,11
11,11
11,11
11,11
11,11
11,11
11,11
11,11
11,11
11,11
11,11
11,11
11,11
11,11
11,11
11,11
11,11
11,11
11,11
11,11
11,11
11,11
11,11
11,11
11,11
11,11
11,11
11,11
11,11
11,11
11,11
11,11
11,11
11,11
11,11
11,11
11,11
11,11
11,11
11,11
11,11
11,11
11,11
11,11
11,11
11,11
11,11
11,11
11,13
11,11
11,11
11,11
11,11
11,11
11,11
11,11
11,11
11,11
11,11
11,11
11,11
11,11
11,11
11,11
11,11
11,11
11,11
11,11
11,11
11,11
11,11
11,11
11,11
11,11
11,11
11,11
11,11
12,12
12,12
12,12
12,12
12,12
12,22
12,12
12,12
12,12
12,12
12,12
12,12
12,22
12,12
12,12
12,12
12,12
12,14
12,12
12,12
12,24
12,12
12,12
12,12
12,22
13,13
13,13
13,5
13,13
13,13
13,13
13,13
13,5
13,13
13,14
13,13
13,13
13,13
13,11
13,13
13,13
13,11
13,10
13,27
13,10
13,26
13,13
13,13
13,13
13,11
13,13
13,7
13,13
13,13
13,13
13,10
13,13
13,13
13,13
13,13
13,13
13,13
13,13
13,13
13,13
13,13
13,7
13,13
13,13
13,13
13,13
13,21
13,13
13,13
13,11
13,13
13,13
13,13
13,13
13,7
13,13
13,13
13,13
13,23
13,9
13,3
13,21
13,13
13,13
13,13
13,13
13,13
13,13
13,13
13,13
13,13
13,11
13,13
13,13
13,11
13,13
13,13
13,13
13,11
13,13
13,13
13,9
13,13
13,13
13,13
13,13
13,13
13,13
13,13
13,13
13,13
13,13
13,13
14,12
14,12
14,12
14,12
14,22
14,12
14,12
14,12
14,12
14,12
14,3
14,9
14,13
15,22
15,22
15,22
15,22
15,15
15,21
15,13
16,13
16,13
16,13
16,7
16,7
16,3
17,22
17,14
17,1
17,1
17,1
17,1
17,1
17,1
17,1
17,1
17,1
17,1
17,17
17,1
17,11
17,11
17,11
18,22
18,13
18,13
18,11
18,11
18,14
18,14
18,7
18,7
19,14
19,14
19,17
19,14
19,7
19,9
20,21
20,13
20,21
20,14
20,0
20,7
20,9
20,9
20,9
20,9
20,8
20,8
20,21
20,8
20,13
21,9
21,9
21,9
21,26
21,21
21,9
21,4
21,8
21,8
21,9
21,9
22,22
22,22
22,21
22,22
22,22
22,22
22,8
22,22
22,22
22,22
22,8
22,8
22,22
22,22
22,22
23,23
23,23
23,9
23,21
23,8
23,8
23,23
23,23
23,23
23,8
24,21
24,24
24,3
24,3
24,3
24,24
24,24
24,24
24,24
24,24
24,24
24,24
24,24
24,24
24,24
24,26
25,21
25,21
25,13
25,13
25,7
25,13
25,25
25,14
25,11
25,1
25,1
25,7
25,15
26,2
26,26
26,2
26,10
26,2
26,2
26,26
26,10
26,26
26,26
26,0
26,26
26,26
26,11
26,11
26,13
26,13
27,21
27,22
27,2
27,9
27,22
27,9
27,10
27,26
27,2
27,9
27,22
27,21
27,21
27,2
27,21
28,13
28,13
28,13
28,8
28,8
28,8
28,8
28,8
28,8
0,0
0,0
0,0
0,0
0,0
0,0
0,0
0,1
0,0
0,0
0,0
0,0
0,0
0,0
0,0
0,0
0,0
0,7
0,0
0,0
0,0
0,1
0,1
0,0
0,0
0,0
0,23
0,0
0,0
0,0
0,0
0,0
0,0
0,0
0,0
0,0
0,0
0,0
0,0
0,0
0,0
0,0
0,0
0,0
0,0
0,0
0,0
0,0
0,0
0,0
0,0
0,0
0,0
0,0
0,0
0,0
0,0
0,0
0,1
0,1
0,1
0,0
0,1
0,0
0,0
0,0
0,0
0,0
0,0
0,0
0,0
0,0
0,0
0,0
0,0
0,0
0,0
0,0
0,0
0,0
0,0
0,0
0,0
0,0
0,0
0,0
0,0
0,0
0,0
0,0
0,0
0,0
0,0
0,0
0,0
0,1
0,3
0,0
0,0
0,0
0,0
0,0
0,0
0,5
0,4
0,0
0,0
0,0
0,0
0,0
0,0
0,0
0,0
0,0
0,0
0,0
0,0
0,0
0,0
0,0
0,0
0,0
0,0
0,0
0,0
0,0
0,0
0,0
0,0
0,0
0,0
0,0
0,0
0,0
2,2
2,10
2,10
2,10
2,2
2,8
2,8
2,2
2,2
2,2
2,2
2,2
2,2
2,8
2,8
2,2
2,8
2,22
2,22
2,22
2,2
2,27
2,2
2,22
2,22
2,22
2,22
2,22
2,22
2,22
2,22
2,22
2,2
2,22
2,22
2,22
2,22
2,22
2,22
2,22
2,2
2,22
2,22
2,22
2,22
2,2
2,26
2,10
2,26
2,26
2,13
3,13
3,26
3,3
3,3
3,3
3,3
3,3
3,3
3,3
3,3
3,3
3,3
3,3
3,3
3,3
3,3
3,3
3,3
3,3
3,3
3,3
3,3
3,3
3,3
3,3
3,3
3,3
3,3
3,3
3,3
3,3
3,3
3,3
3,3
3,3
3,3
3,3
3,3
3,3
3,3
3,3
3,3
3,3
3,11
3,3
3,3
3,3
3,3
3,3
3,3
3,3
3,3
3,3
3,3
3,3
3,3
3,3
3,3
3,3
3,3
3,3
3,3
3,3
3,3
3,3
3,3
3,3
3,3
3,3
3,3
3,3
3,11
3,3
3,3
3,12
4,11
4,11
4,13
4,9
4,3
4,5
4,5
4,11
4,11
4,11
4,4
4,11
4,4
4,11
4,5
4,5
4,4
4,4
4,4
4,5
4,4
4,5
4,4
4,4
4,4
4,5
4,4
4,11
4,4
4,4
4,4
4,0
4,4
4,0
4,4
4,1
4,1
4,4
4,4
4,5
4,4
4,4
4,4
4,4
4,5
4,4
4,5
4,0
4,4
4,4
4,4
5,5
5,5
5,5
5,5
5,5
5,5
5,5
5,5
5,5
5,5
5,5
5,5
5,11
5,11
5,11
5,11
5,11
5,5
5,5
5,5
5,5
5,5
5,5
5,5
5,5
5,5
5,5
5,13
5,13
5,13
5,5
5,5
5,5
5,5
5,5
5,5
5,5
5,5
5,10
5,10
5,5
5,5
5,5
5,5
5,10
5,5
5,5
5,5
5,10
5,10
5,5
5,5
5,5
5,5
5,5
5,5
5,10
5,10
5,5
5,5
5,5
5,5
5,5
5,5
5,5
5,5
5,5
5,5
5,5
6,6
6,23
6,6
6,6
6,6
6,6
6,6
6,6
6,6
6,6
6,6
6,6
6,6
6,0
6,14
6,0
6,0
6,6
6,6
6,6
6,6
6,6
6,6
6,9
6,6
6,6
6,0
7,7
7,7
7,7
7,7
7,7
7,7
7,7
7,7
7,7
7,7
7,7
7,7
7,7
7,7
7,7
7,7
7,7
7,7
7,7
7,7
7,7
7,7
7,7
7,7
7,7
8,25
8,8
8,8
8,8
8,8
8,13
8,8
8,8
8,8
8,8
8,8
8,13
8,8
8,8
8,8
8,8
8,25
8,9
8,8
8,8
8,8
8,21
8,13
8,8
8,8
8,8
8,21
9,9
9,9
9,9
9,9
9,9
9,9
9,9
9,9
9,9
9,9
9,9
9,9
9,9
9,9
9,9
9,9
9,9
9,9
9,9
9,9
9,9
9,9
9,9
9,9
9,9
9,9
9,9
9,9
9,9
9,9
9,9
9,9
9,9
9,9
9,9
9,9
9,9
9,9
9,9
9,9
9,9
9,9
9,9
9,9
9,9
9,9
9,9
9,9
9,9
9,9
9,9
9,9
9,9
9,9
9,9
9,9
9,9
9,9
9,9
9,9
9,9
9,9
9,9
9,9
9,9
9,9
9,9
9,9
9,9
9,9
9,9
9,9
9,9
9,9
9,9
9,9
9,24
10,10
10,10
10,10
10,10
10,10
10,10
10,10
10,10
10,10
10,10
10,10
10,10
10,10
10,10
10,10
10,10
10,10
10,10
10,10
10,10
10,10
10,10
10,10
10,10
10,10
10,10
10,10
10,10
10,10
10,10
10,10
10,10
10,10
10,10
10,10
10,10
10,10
10,10
10,10
10,10
10,10
10,10
10,10
10,10
10,10
10,10
10,10
10,10
10,10
10,10
10,10
10,10
10,10
10,10
10,10
10,10
10,10
10,10
10,10
10,10
10,10
10,10
10,10
10,10
10,10
10,10
10,10
10,10
10,10
11,11
11,11
11,11
11,11
11,11
11,11
11,11
11,11
11,11
11,11
11,11
11,11
11,11
11,11
11,11
11,11
11,11
11,11
11,11
11,11
11,11
11,11
11,11
11,11
11,11
11,11
11,11
11,11
11,11
11,11
11,11
11,11
11,11
11,11
11,11
11,11
11,11
11,11
11,11
11,11
11,11
11,11
11,11
12,12
12,12
12,12
12,12
12,12
12,12
12,12
12,12
12,12
12,12
12,12
12,12
12,12
12,5
12,3
12,3
12,3
12,12
12,3
13,13
13,4
13,13
13,13
13,10
13,5
13,26
13,13
13,13
13,13
13,13
13,2
13,13
13,8
13,13
13,13
13,4
13,8
13,13
13,13
13,13
13,13
13,13
13,8
13,13
13,13
13,13
13,5
13,13
13,4
13,13
13,4
13,13
13,5
13,13
13,13
13,13
13,4
13,13
13,13
13,13
13,13
13,13
13,8
13,4
13,13
13,13
13,13
13,8
13,13
13,8
13,4
13,13
13,4
13,13
13,13
13,4
13,4
13,13
13,4
13,4
14,12
14,12
14,12
14,3
14,3
14,3
14,14
14,14
14,14
14,14
14,14
14,14
14,14
14,14
14,14
15,25
15,15
15,15
15,15
15,15
15,14
15,16
16,8
16,8
16,8
16,8
16,13
16,13
16,5
17,3
17,3
17,14
17,14
17,17
17,3
17,3
17,3
17,26
17,3
17,3
17,3
17,17
17,1
17,3
17,3
17,3
17,26
17,26
18,3
18,13
18,13
18,13
18,4
18,4
18,4
18,4
18,4
18,4
18,4
18,4
18,4
18,4
18,4
18,4
18,4
18,4
18,13
18,13
18,3
19,13
19,13
19,14
19,24
19,7
19,7
19,17
19,17
19,1
19,17
19,11
20,9
20,9
20,9
20,9
20,9
20,9
20,9
20,2
20,9
20,9
20,21
20,9
20,7
20,13
20,13
20,28
20,7
20,7
20,7
20,14
20,18
20,7
20,7
20,7
20,21
20,7
20,7
21,9
21,21
21,21
21,15
21,22
21,22
21,22
21,22
21,22
21,21
21,21
21,9
21,9
22,4
22,22
22,22
22,22
22,22
22,22
22,22
22,22
22,22
22,22
22,22
22,22
22,22
22,22
22,22
22,22
22,22
22,22
22,15
22,22
22,22
22,22
22,22
23,7
23,7
23,7
23,7
23,7
23,7
23,7
23,7
23,7
23,7
23,7
23,7
23,7
23,7
23,7
24,24
24,24
24,24
24,24
24,3
24,3
24,3
24,3
24,2
24,3
24,24
24,24
24,24
24,12
24,12
24,12
24,24
24,24
24,24
24,24
24,24
24,24
24,24
25,4
25,25
25,22
25,22
25,22
25,22
25,22
25,22
25,22
25,22
25,22
25,22
25,22
25,22
26,3
26,3
26,3
26,3
26,5
26,11
26,11
26,9
26,22
26,9
26,26
26,9
26,26
26,26
26,26
26,26
26,26
26,26
26,26
26,26
26,26
26,26
26,26
26,10
26,3
26,26
26,3
26,26
26,26
26,26
26,26
26,26
26,26
26,26
26,26
26,26
26,26
26,26
26,26
27,22
27,22
27,22
27,22
27,22
27,3
27,14
27,3
27,3
27,22
27,22
27,22
27,22
28,4
28,4
28,28
28,4
28,4
28,28
28,4
28,4
28,4
28,4
28,4
28,4
28,4
28,4
28,4
28,4
28,13
0,0
0,0
0,0
0,0
0,0
0,0
0,0
0,0
0,0
0,0
0,0
0,0
0,0
0,0
0,0
0,0
0,0
0,0
0,0
0,0
0,0
0,0
0,0
0,0
0,0
0,0
0,0
0,0
0,0
0,0
0,0
0,0
0,0
0,0
0,0
0,0
0,0
0,0
0,0
0,0
0,0
0,0
0,0
0,0
0,0
0,0
0,0
0,0
0,0
0,0
0,0
0,0
0,0
0,0
0,0
0,0
0,0
0,0
0,0
0,0
0,0
0,0
0,0
0,0
0,0
0,0
0,0
0,0
0,0
0,0
0,0
0,0
0,0
0,0
0,2
0,0
0,0
0,0
0,0
0,0
0,0
0,0
0,0
0,0
0,0
0,0
0,0
0,0
0,0
0,0
0,0
0,0
0,0
0,0
0,0
0,0
0,0
0,0
0,0
0,0
0,0
0,0
0,0
0,0
0,0
0,0
0,0
0,0
0,0
0,0
0,0
0,0
0,0
0,0
0,0
0,0
0,0
0,0
0,0
0,0
0,0
0,0
0,0
0,0
0,0
0,0
0,0
0,0
0,0
0,0
0,0
0,3
0,0
0,0
0,0
0,0
0,0
0,0
0,0
0,0
0,0
0,0
0,0
0,0
0,0
0,0
0,0
0,0
0,0
0,0
0,0
0,0
0,0
0,0
0,0
0,0
0,0
0,0
0,0
0,0
0,0
0,0
0,0
0,0
0,0
0,6
0,0
0,0
0,0
0,0
0,0
0,0
0,0
0,0
0,0
0,0
0,0
0,0
0,0
0,0
0,0
0,0
0,0
0,0
0,0
0,0
0,0
0,0
0,0
0,0
0,0
0,0
0,0
0,0
0,0
0,0
0,6
0,0
0,0
0,0
0,0
0,0
0,0
0,0
2,2
2,23
2,6
2,2
2,2
2,2
2,2
2,2
2,2
2,2
2,2
2,2
2,2
2,2
2,2
2,2
2,2
2,2
2,2
2,10
2,2
2,2
2,2
2,2
2,2
2,22
2,2
2,2
2,2
2,2
2,2
2,2
2,2
2,2
2,2
2,2
2,2
2,2
2,2
2,2
2,2
2,2
2,2
2,2
2,2
2,2
2,2
2,2
2,2
2,2
2,2
2,2
2,2
2,2
2,2
2,2
2,2
2,8
2,9
2,9
2,9
3,3
3,3
3,3
3,3
3,3
3,3
3,3
3,3
3,3
3,10
3,10
3,3
3,3
3,3
3,3
3,3
3,3
3,3
3,3
3,3
3,3
3,3
3,3
3,3
3,3
3,3
3,3
3,3
3,3
3,3
3,3
3,3
3,3
3,3
3,3
3,3
3,3
3,3
3,3
3,3
3,3
3,3
3,3
3,3
3,3
3,3
3,3
3,3
3,3
3,3
3,3
3,3
3,3
3,3
3,3
3,3
3,3
3,3
3,3
3,3
3,3
3,3
3,3
3,3
3,3
3,3
3,3
4,3
4,4
4,11
4,4
4,4
4,4
4,4
4,13
4,26
4,3
4,4
4,1
4,3
4,3
4,3
4,3
4,5
4,12
4,5
4,5
4,4
4,4
4,4
4,4
4,8
4,4
4,8
4,13
4,26
4,5
4,4
4,4
4,1
4,1
4,1
4,1
4,1
4,1
4,1
4,1
4,4
4,5
4,5
4,11
4,4
4,4
4,4
4,4
4,13
5,11
5,11
5,11
5,11
5,11
5,11
5,5
5,5
5,11
5,5
5,5
5,5
5,5
5,5
5,5
5,5
5,5
5,5
5,5
5,5
5,5
5,5
5,5
5,5
5,5
5,5
5,5
5,5
5,5
5,5
5,5
5,5
5,5
5,5
5,5
5,5
5,5
5,5
5,5
5,5
5,5
5,5
5,5
5,5
5,5
5,11
5,4
5,4
5,4
5,5
5,4
5,5
5,11
5,11
5,11
5,5
5,4
5,4
5,4
6,6
6,9
6,6
6,23
6,6
6,6
6,6
6,6
6,6
6,6
6,0
6,6
6,6
6,6
6,6
6,6
6,6
6,6
6,6
6,0
6,0
6,0
6,6
6,6
6,6
7,7
7,7
7,7
7,7
7,7
7,7
7,7
7,7
7,7
7,7
7,7
7,7
7,7
7,7
7,7
7,7
7,7
7,7
7,7
7,7
7,7
7,7
7,7
7,7
7,7
7,7
7,7
7,7
7,7
7,7
7,7
7,7
7,7
7,7
7,7
8,8
8,8
8,22
8,21
8,8
8,8
8,8
8,8
8,8
8,8
8,8
8,8
8,9
8,8
8,8
8,8
8,8
8,8
8,8
8,8
8,8
8,8
8,8
8,8
8,9
8,9
8,8
8,8
8,8
8,8
8,8
8,8
8,21
8,8
8,8
8,21
8,8
8,8
8,8
8,8
8,8
8,8
8,8
8,9
8,25
8,2
8,2
9,9
9,9
9,9
9,9
9,9
9,9
9,9
9,9
9,9
9,9
9,9
9,9
9,9
9,9
9,9
9,9
9,9
9,9
9,9
9,9
9,9
9,9
9,9
9,9
9,9
9,9
9,9
9,9
9,9
9,9
9,9
9,9
9,9
9,9
9,9
9,9
9,9
9,9
9,9
9,9
9,9
9,9
9,9
9,9
9,9
9,9
9,9
9,9
9,9
9,9
9,7
9,9
9,7
9,9
9,7
9,7
9,7
9,9
9,9
9,9
9,7
9,4
9,7
9,7
9,9
9,21
9,15
9,8
9,22
9,15
9,22
9,22
9,22
9,15
9,15
9,15
9,22
9,22
9,15
9,21
9,22
9,21
9,22
9,15
9,15
9,8
9,22
9,15
9,15
10,10
10,10
10,10
10,10
10,10
10,10
10,10
10,10
10,10
10,10
10,10
10,10
10,10
10,10
10,10
10,10
10,10
10,10
10,10
10,10
10,10
10,10
10,10
10,10
10,10
10,10
10,10
10,10
10,10
10,10
10,10
10,10
10,10
10,4
10,10
10,10
10,10
10,10
10,10
10,10
10,10
10,10
10,10
10,10
10,10
10,10
10,10
10,10
10,10
10,10
10,10
10,10
10,10
10,10
10,10
10,10
10,10
10,10
10,10
10,10
10,10
10,10
10,11
10,10
10,10
10,10
10,10
10,11
10,11
10,11
10,11
10,10
10,10
10,10
10,10
10,10
10,4
10,10
10,10
10,10
10,10
10,10
10,10
10,10
10,10
10,10
10,10
10,10
10,10
10,10
10,10
10,10
10,10
10,10
10,10
10,10
10,10
10,10
10,10
10,4
10,10
10,10
10,10
10,10
10,10
10,10
10,10
10,10
10,10
10,10
10,10
10,10
10,10
10,10
10,10
10,10
10,10
10,10
10,10
10,3
11,11
11,11
11,11
11,11
11,11
11,11
11,11
11,11
11,11
11,11
11,11
11,11
11,11
11,11
11,11
11,11
11,11
11,11
11,11
11,11
11,11
11,11
11,11
11,11
11,11
11,11
11,11
11,11
11,11
11,11
11,11
11,11
11,11
11,11
11,11
11,11
11,11
11,11
11,11
11,11
11,11
11,11
11,11
11,11
11,11
11,11
11,11
11,11
11,11
11,11
11,11
11,11
11,11
11,11
11,11
11,11
11,11
11,11
11,11
11,11
11,11
11,11
11,11
11,11
11,11
11,11
11,11
11,11
11,11
12,3
12,12
12,12
12,12
12,3
12,12
12,12
12,12
12,3
12,3
12,3
12,3
12,26
12,10
12,10
12,10
13,8
13,8
13,11
13,11
13,11
13,4
13,11
13,11
13,11
13,13
13,13
13,8
13,8
13,13
13,13
13,13
13,11
13,11
13,11
13,11
13,11
13,13
13,13
13,8
13,8
14,12
14,12
14,1
14,1
14,1
14,1
14,12
14,12
14,3
14,9
14,7
14,7
14,14
14,14
14,12
15,22
15,22
15,22
15,15
15,19
16,13
16,13
16,13
16,13
16,5
16,4
17,11
17,13
17,14
17,14
17,17
17,17
17,17
17,17
17,1
17,1
17,1
17,1
17,1
17,1
17,1
17,17
17,1
17,14
18,8
18,25
18,25
18,18
18,18
18,18
18,18
18,18
18,28
18,22
18,22
19,11
19,11
19,13
19,11
19,14
19,9
19,4
19,4
19,13
19,7
19,7
19,14
19,14
19,7
19,7
19,14
19,7
20,8
20,8
20,14
20,14
20,7
20,9
20,21
20,7
20,21
20,9
20,21
20,9
20,9
20,21
20,2
21,22
21,9
21,9
21,22
21,21
21,22
21,22
21,15
21,22
21,13
21,4
21,4
21,8
21,8
21,9
22,8
22,8
22,8
22,25
22,8
22,22
22,25
22,25
22,22
22,22
22,22
22,25
22,11
22,22
22,22
22,22
22,22
22,22
22,22
22,22
22,22
22,22
22,22
22,15
22,8
22,22
22,22
22,26
22,26
22,2
22,22
22,22
22,22
22,22
22,25
22,22
22,25
23,23
23,23
23,7
23,23
23,23
23,23
23,7
23,23
23,7
23,7
23,7
24,5
24,5
24,13
24,14
24,14
24,1
24,1
24,1
24,1
24,17
24,1
24,1
24,1
24,17
24,1
24,1
24,1
25,13
25,13
25,25
25,8
25,8
25,21
25,25
25,8
25,8
25,8
25,8
25,8
26,10
26,10
26,10
26,5
26,5
26,10
26,10
26,5
26,10
26,26
26,10
26,4
26,10
26,10
26,10
26,10
26,10
26,4
26,4
26,4
26,4
26,10
26,4
27,2
27,25
27,2
27,2
27,22
27,22
27,22
27,14
27,9
27,0
27,2
27,21
27,15
27,22
27,2
28,13
28,13
28,4
28,13
28,13
28,4
28,4
28,13
28,13
1,17
1,17
1,1
1,1
1,11
1,1
1,1
1,1
1,1
1,1
1,1
1,1
1,1
1,1
1,1
1,1
1,1
1,1
1,1
1,1
1,1
1,1
1,1
1,1
1,1
1,1
1,1
1,1
1,1
1,1
1,1
1,1
1,1
1,1
1,1
1,1
1,1
1,1
1,1
1,1
1,1
1,1
1,1
1,1
1,1
1,1
1,1
1,1
1,1
1,1
1,1
1,1
1,1
1,1
1,1
1,1
1,1
1,1
1,1
1,1
1,1
1,1
1,1
1,1
1,1
1,1
1,1
1,1
1,1
1,1
1,1
1,1
1,1
1,1
1,1
1,1
1,1
1,1
1,1
1,1
1,1
1,1
1,1
1,1
1,1
1,1
1,1
1,1
1,1
2,10
2,2
2,2
2,2
2,2
2,2
2,13
2,13
2,4
2,4
2,8
2,2
2,2
2,2
2,2
2,2
2,22
2,22
2,2
2,2
2,2
2,2
2,8
2,28
2,8
2,4
2,4
2,22
2,2
2,22
2,22
2,2
2,22
2,2
2,22
2,22
2,22
2,22
2,2
2,2
2,22
2,26
2,27
3,3
3,3
3,3
3,3
3,3
3,3
3,3
3,3
3,3
3,3
3,3
3,3
3,3
3,3
3,3
3,3
3,3
3,14
3,3
3,3
3,3
3,3
3,3
3,14
3,3
3,3
3,3
3,3
3,3
3,3
3,3
3,3
3,3
3,3
3,3
3,3
3,3
3,3
3,3
4,4
4,4
4,11
4,11
4,4
4,11
4,4
4,4
4,14
4,7
4,13
4,4
4,4
4,4
4,4
4,4
4,4
4,11
4,11
4,4
4,4
4,4
4,4
4,4
4,4
4,7
4,14
4,14
4,14
4,7
4,11
6,6
6,7
6,6
6,21
6,6
6,7
6,7
6,7
6,9
6,7
6,7
6,6
6,0
6,23
6,23
6,24
6,7
6,0
6,7
6,6
6,23
6,23
6,0
6,6
6,6
7,7
7,7
7,7
7,7
7,7
7,7
7,7
7,7
7,7
7,7
7,7
7,7
7,7
7,7
7,7
7,7
7,7
7,7
7,7
7,7
7,7
7,14
7,7
7,7
7,7
7,14
7,7
7,14
7,14
7,14
7,14
7,7
7,14
8,7
8,7
8,7
8,8
8,7
8,8
8,8
8,8
8,8
8,8
8,8
8,8
8,7
8,8
8,8
8,8
8,8
8,8
8,8
8,8
8,8
8,8
8,8
8,8
8,13
8,8
8,13
8,8
8,7
8,13
8,7
8,8
8,7
9,9
9,9
9,9
9,9
9,2
9,13
9,21
9,9
9,21
9,7
9,21
9,7
9,9
9,9
9,9
9,9
9,21
9,9
9,9
9,7
9,7
9,7
9,9
9,7
9,21
9,9
9,21
9,7
9,6
9,7
9,9
9,9
9,7
9,7
9,7
9,7
9,7
9,7
9,7
9,7
9,1
9,9
9,7
9,9
9,9
9,9
9,7
9,7
9,21
9,9
9,7
10,10
10,10
10,10
10,10
10,10
10,10
10,10
10,10
10,10
10,10
10,10
10,10
10,10
10,10
10,10
10,10
10,10
10,10
10,10
10,10
10,10
10,10
10,10
10,10
10,10
10,10
10,10
10,10
10,10
10,10
10,10
10,2
10,4
10,10
10,10
10,10
10,10
10,10
10,10
10,10
10,10
10,10
10,10
10,10
10,10
10,10
10,10
10,11
10,10
10,10
10,10
10,10
10,10
10,10
10,10
10,10
10,10
10,10
10,10
10,10
10,10
11,1
11,14
11,14
11,11
11,11
11,11
11,11
11,14
11,11
11,14
11,11
11,14
11,11
11,14
11,1
11,14
11,14
11,11
11,14
11,11
11,12
11,11
11,11
11,11
11,11
11,14
11,14
11,11
11,14
11,14
11,11
11,11
11,14
11,14
11,14
11,14
11,14
11,14
11,14
11,14
11,14
11,14
11,11
11,11
11,1
11,14
11,14
11,14
11,12
11,11
11,11
11,14
11,11
11,14
11,14
11,11
11,11
11,11
11,14
11,1
11,14
11,11
11,1
11,11
11,11
11,11
11,1
11,11
11,1
12,12
12,12
12,12
12,12
12,12
12,12
12,12
12,12
12,12
12,12
12,12
12,12
12,12
12,12
12,12
12,12
12,12
12,12
12,12
12,12
12,12
12,12
12,12
12,12
12,12
12,12
12,12
12,12
12,12
12,12
12,12
12,12
12,12
12,12
12,12
12,12
12,12
12,12
12,12
12,12
12,12
12,12
12,12
12,12
12,12
12,12
12,12
12,12
12,12
12,12
12,12
12,12
12,12
12,12
12,12
12,12
12,12
12,12
12,12
13,26
13,26
13,17
13,3
13,1
13,26
13,3
13,1
13,19
13,24
13,3
13,3
13,26
13,3
13,3
13,3
13,3
13,3
13,3
13,3
13,3
13,3
13,3
13,3
13,26
13,26
13,26
13,26
13,26
13,26
13,26
14,12
14,12
14,12
14,12
14,12
14,12
14,12
14,13
14,1
14,3
14,3
14,14
14,17
14,14
14,14
15,13
15,13
15,13
15,13
15,13
16,1
16,1
16,26
16,26
16,13
16,26
16,3
16,26
17,21
17,14
17,7
17,14
17,17
17,17
17,17
17,17
17,17
17,17
17,24
17,24
17,24
17,24
17,24
17,3
17,3
17,3
17,3
17,3
17,3
17,3
17,3
17,3
17,3
17,3
17,3
18,11
18,18
18,18
18,18
18,18
18,18
18,18
18,18
18,18
18,18
18,7
18,16
18,11
19,13
19,19
19,7
19,7
19,3
19,24
19,24
19,1
20,9
20,21
20,9
20,6
20,7
20,7
20,7
20,7
20,7
20,7
20,7
20,7
20,7
20,20
20,21
21,21
21,21
21,21
21,8
21,2
21,8
21,8
21,21
21,7
21,7
21,7
21,7
22,8
22,22
22,22
22,22
22,8
22,8
22,22
22,22
22,8
22,8
22,22
22,22
22,26
22,22
22,22
22,22
22,22
22,8
22,21
22,21
22,21
22,22
22,22
22,22
22,22
22,22
22,22
22,22
22,22
22,22
22,22
22,22
22,22
22,22
22,22
22,26
22,22
22,22
22,22
22,8
22,22
22,22
22,22
22,22
22,22
22,22
22,22
22,22
22,22
22,22
22,22
22,22
22,22
22,22
22,22
22,22
22,22
22,22
22,22
23,8
23,23
23,23
23,23
23,23
23,23
23,23
23,23
23,23
24,24
24,14
24,24
24,24
24,7
24,7
24,24
24,24
24,24
24,24
24,24
24,7
24,7
24,7
24,7
24,24
24,24
24,24
24,24
24,24
24,24
24,7
24,7
24,7
24,24
24,24
24,24
24,24
24,24
25,21
25,26
25,26
25,26
25,26
25,26
25,26
25,26
25,26
25,2
25,13
26,26
26,26
26,26
26,26
26,26
26,26
26,26
26,26
26,26
26,26
26,26
26,26
26,26
26,26
26,26
26,26
26,26
26,26
26,26
26,26
26,26
26,26
26,26
26,3
26,26
26,3
26,26
26,21
26,13
28,1
28,1
28,1
28,1
28,7
28,17
28,24
28,7
28,7
0,0
0,0
0,0
0,0
0,0
0,0
0,0
0,0
0,0
0,0
0,0
0,0
0,0
0,0
0,0
0,0
0,0
0,0
0,0
0,0
0,0
0,0
0,0
0,0
0,0
0,0
0,0
0,0
0,0
0,0
0,0
0,0
0,0
0,0
0,0
0,0
0,0
0,0
0,0
0,0
0,0
0,0
0,0
0,0
0,0
0,0
0,0
0,0
0,0
0,0
0,0
0,0
0,0
0,0
0,0
0,0
0,0
0,0
0,0
0,0
0,0
0,0
0,0
0,0
0,0
0,0
0,0
0,0
0,0
0,0
0,0
0,0
0,0
0,0
0,0
0,0
0,0
0,0
0,0
0,0
0,0
0,0
0,0
0,0
0,0
0,0
0,0
0,0
0,0
0,0
0,0
0,0
0,9
0,0
0,0
0,0
0,0
0,0
0,0
0,0
0,0
0,0
0,0
0,0
0,0
0,0
0,0
0,0
0,0
0,0
0,0
0,0
0,0
0,0
0,0
0,0
0,0
0,0
0,0
0,0
0,0
0,0
0,0
0,0
0,0
0,0
0,0
0,0
0,0
0,0
0,0
0,0
0,0
0,0
0,0
0,0
0,0
0,0
0,0
0,0
0,0
0,0
0,0
0,0
0,0
0,0
0,0
0,1
2,2
2,2
2,2
2,2
2,8
2,2
2,22
2,22
2,8
2,2
2,2
2,2
2,22
2,2
2,26
2,2
2,2
2,22
2,22
2,26
2,2
2,2
2,2
2,22
2,8
2,22
2,22
2,9
2,2
2,2
2,2
2,2
2,2
2,2
2,10
2,2
2,2
2,2
2,26
2,2
2,2
2,2
2,2
3,3
3,3
3,3
3,3
3,3
3,3
3,3
3,3
3,3
3,3
3,3
3,3
3,3
3,3
3,3
3,2
3,3
3,3
3,3
3,3
3,1
3,3
3,3
3,3
3,14
3,0
3,3
3,3
3,3
3,3
3,0
3,5
3,5
3,3
3,3
3,3
3,3
3,3
3,3
3,0
3,3
3,3
3,3
4,4
4,1
4,4
4,4
4,4
4,4
4,4
4,4
4,4
4,4
4,4
4,4
4,4
4,11
4,4
4,4
4,4
4,6
4,4
4,4
4,0
4,4
4,1
4,4
4,4
4,4
4,4
4,4
4,0
4,4
4,0
4,0
4,4
4,4
4,4
4,4
4,4
4,9
4,4
4,6
4,4
4,4
4,0
5,5
5,5
5,5
5,5
5,5
5,5
5,5
5,5
5,5
5,5
5,5
5,5
5,5
5,5
5,5
5,2
5,2
5,2
5,5
5,5
5,5
5,5
5,5
5,5
5,9
5,5
5,5
5,5
5,5
5,5
5,5
5,5
5,5
5,5
5,5
5,5
5,5
5,4
5,5
6,6
6,6
6,6
6,6
6,6
6,6
6,6
6,6
6,23
6,0
6,0
6,6
6,6
6,6
6,6
6,0
6,6
6,6
6,0
6,0
6,6
6,6
6,6
6,0
6,6
6,6
6,6
6,6
6,6
6,6
6,6
7,7
7,23
7,7
7,7
7,7
7,7
7,23
7,7
7,7
7,7
7,8
7,23
7,8
7,7
7,7
7,6
7,7
7,6
7,7
7,7
7,23
7,23
7,23
7,7
7,7
7,7
7,7
7,7
7,7
7,7
7,7
7,9
7,7
7,7
7,7
8,8
8,8
8,8
8,8
8,8
8,8
8,8
8,8
8,8
8,8
8,8
8,8
8,8
8,8
8,8
8,8
8,8
8,8
8,8
8,8
8,8
8,8
8,8
8,8
8,8
9,9
9,9
9,9
9,9
9,9
9,9
9,9
9,9
9,9
9,9
9,9
9,9
9,7
9,9
9,9
9,9
9,9
9,9
9,9
9,9
9,9
9,9
9,9
9,9
9,9
9,9
9,9
9,9
9,9
9,9
9,9
9,9
9,9
9,9
9,9
9,3
9,9
9,9
9,9
9,9
9,9
9,9
9,9
9,9
9,9
9,9
9,9
9,9
9,9
9,9
9,9
9,9
9,9
9,9
9,9
9,9
9,9
9,9
9,9
10,10
10,10
10,10
10,10
10,10
10,10
10,10
10,10
10,10
10,10
10,10
10,10
10,10
10,10
10,10
10,10
10,10
10,10
10,10
10,10
10,10
10,10
10,10
10,10
10,10
10,10
10,10
10,10
10,10
10,10
10,10
10,10
10,10
10,10
10,10
10,10
10,10
10,10
10,10
10,10
10,10
10,10
10,10
10,10
10,10
10,10
10,10
10,10
10,10
10,3
10,9
10,10
10,10
10,10
10,10
10,10
10,10
10,10
10,10
10,10
10,10
10,10
10,10
10,10
10,10
10,10
10,10
10,10
10,10
10,10
10,10
10,10
10,10
10,10
10,10
10,10
10,10
10,10
10,10
10,10
10,10
10,10
10,10
10,10
10,10
10,10
10,10
10,10
10,10
11,13
11,13
11,13
11,4
11,11
11,13
11,11
11,11
11,11
11,4
11,11
11,13
11,11
11,11
11,11
11,5
11,11
11,11
11,11
11,11
11,13
11,11
11,11
11,11
11,11
11,11
11,11
11,5
11,11
11,5
11,11
11,11
11,11
12,12
12,12
12,12
12,12
12,12
12,12
12,12
12,12
12,12
12,12
12,12
12,12
12,12
12,12
12,12
12,12
12,12
12,12
12,12
12,12
12,12
12,12
12,12
12,12
12,12
12,12
12,12
12,12
12,12
12,12
12,12
12,12
12,12
12,12
12,12
12,12
12,12
12,12
12,12
13,7
13,8
13,7
13,13
13,11
13,8
13,8
13,5
13,13
13,28
13,13
13,13
13,5
13,8
13,13
13,13
13,13
13,13
13,13
13,4
13,5
13,13
13,5
13,13
13,13
13,13
13,5
13,13
13,9
14,10
14,3
14,12
14,26
14,26
14,3
14,3
14,14
14,14
14,14
14,14
14,14
14,14
14,14
14,17
14,17
14,1
14,1
14,14
14,14
14,14
15,22
15,22
15,22
15,22
15,8
15,22
15,22
15,21
15,21
15,2
16,0
16,4
16,5
16,5
16,14
16,11
16,13
16,13
16,13
17,9
17,9
17,14
17,14
17,17
17,17
17,17
17,17
17,1
17,1
17,1
17,1
17,17
17,7
17,3
17,3
17,9
18,4
18,13
18,14
18,11
18,13
18,13
18,13
18,13
18,13
18,13
18,13
19,5
19,9
19,14
19,14
19,14
19,3
19,7
19,9
19,13
19,13
23,23
23,23
23,23
23,0
23,23
23,23
23,23
23,23
23,23
23,23
23,23
24,3
24,24
24,24
24,24
24,24
24,3
24,24
24,3
24,26
24,3
24,13
25,4
25,13
25,2
25,13
25,8
25,13
25,4
25,13
25,13
25,13
25,13
25,13
28,22
28,4
28,4
28,4
28,4
28,4
28,8
28,8
28,22
28,22
28,8
28,8
28,8
0,4
0,4
0,0
0,0
0,0
0,5
0,4
0,4
0,13
0,4
0,7
0,0
0,0
0,4
0,13
0,13
0,0
0,7
0,9
0,7
0,11
0,25
0,20
0,0
0,0
0,23
0,0
0,0
0,0
0,0
0,7
0,0
0,0
0,0
0,4
0,0
0,7
0,0
0,14
0,3
0,9
0,7
0,0
0,0
0,0
0,0
0,1
0,1
0,1
2,22
2,25
2,2
2,2
2,2
2,2
2,2
2,8
2,13
2,13
2,2
2,2
2,0
2,2
2,2
2,2
2,26
2,22
2,8
2,25
2,25
2,25
2,25
2,4
2,4
2,4
2,4
2,2
2,2
2,2
2,4
2,2
2,4
2,22
2,25
2,22
2,2
2,2
2,2
2,4
2,25
2,4
2,2
2,2
2,22
2,25
2,2
2,8
2,8
2,8
2,2
3,3
3,3
3,3
3,4
3,3
3,3
3,3
3,3
3,3
3,3
3,3
3,3
3,3
3,3
3,3
3,3
3,3
3,3
3,3
3,3
3,3
3,3
3,9
3,3
3,9
3,9
3,3
3,3
3,3
3,11
3,10
3,3
3,3
3,3
3,3
3,3
3,3
3,10
3,3
3,3
3,0
3,3
3,3
3,3
3,3
3,3
3,3
3,3
3,3
3,3
3,3
3,3
3,3
3,3
3,3
3,3
3,3
3,3
3,3
3,4
3,3
3,3
3,11
3,11
3,16
3,3
3,3
3,9
3,9
3,9
3,14
3,11
3,1
3,1
3,3
3,3
3,11
3,11
3,3
3,11
3,11
3,3
3,3
3,3
3,3
3,3
3,1
3,3
3,3
3,3
3,3
3,3
3,3
4,13
4,23
4,8
4,8
4,8
4,8
4,7
4,4
4,11
4,11
4,11
4,4
4,4
4,4
4,5
4,13
4,4
4,13
4,13
4,13
4,13
4,13
4,13
4,13
4,4
4,4
4,13
4,5
4,5
4,5
4,8
4,13
4,7
4,13
4,4
4,13
4,8
6,0
6,0
6,0
6,0
6,0
6,0
6,0
6,0
6,0
6,0
6,0
6,0
6,0
6,0
6,0
6,0
6,0
6,0
6,0
6,0
6,0
6,0
6,0
6,0
6,0
6,6
6,0
6,0
6,0
7,9
7,7
7,7
7,7
7,7
7,7
7,7
7,7
7,7
7,7
7,7
7,7
7,7
7,7
7,7
7,7
7,7
7,23
7,9
7,7
7,9
7,7
7,7
7,7
7,7
7,7
7,7
7,7
7,7
8,8
8,8
8,8
8,9
8,9
8,8
8,8
8,8
8,8
8,8
8,8
9,9
9,9
9,9
9,9
9,9
9,0
9,0
9,9
9,9
9,9
9,9
9,9
9,9
9,9
9,9
9,9
9,9
9,9
9,9
9,9
9,9
9,9
9,9
9,8
9,25
9,8
9,9
9,9
9,9
9,21
9,9
9,9
9,9
9,9
9,26
9,10
9,10
9,26
9,10
9,10
9,9
9,9
9,9
9,9
9,0
9,9
9,9
9,9
9,9
9,9
9,9
9,9
9,9
9,10
9,9
9,9
9,9
9,9
9,9
9,27
9,9
9,21
9,21
10,10
10,10
10,2
10,2
10,4
10,10
10,10
10,10
10,10
10,10
10,10
10,10
10,10
10,10
10,10
10,10
10,10
10,10
10,10
10,2
10,2
10,10
10,10
10,10
10,10
10,10
10,10
10,10
10,10
10,10
10,10
10,10
10,10
10,10
10,10
10,10
10,10
10,10
10,10
10,10
10,10
10,10
10,10
10,10
10,10
10,10
10,2
10,2
10,2
10,10
10,10
10,10
10,10
10,10
10,9
10,9
10,10
10,10
10,10
10,2
10,10
10,10
10,10
10,10
10,10
10,10
10,10
10,10
10,10
11,11
11,11
11,11
11,11
11,11
11,4
11,4
11,11
11,11
11,11
11,11
11,4
11,4
11,11
11,11
11,11
11,11
11,11
11,11
11,11
11,11
11,11
11,4
11,13
11,11
11,11
11,4
11,11
11,4
11,11
11,11
11,11
11,11
11,11
11,11
11,4
11,9
11,4
11,11
11,11
11,11
11,11
11,11
11,11
11,11
11,11
11,11
11,11
11,11
11,11
11,4
11,4
11,4
11,4
11,4
11,4
11,11
11,11
11,11
11,11
11,11
11,11
11,4
11,11
11,11
11,11
11,11
11,11
11,11
11,4
11,11
11,11
11,11
11,11
11,11
11,11
11,11
11,11
11,13
11,25
11,13
11,11
11,11
11,11
11,11
11,3
11,11
11,11
11,11
11,11
11,11
11,11
11,11
11,11
11,11
11,11
11,11
11,11
11,11
12,12
12,12
12,12
12,12
12,12
12,12
12,12
12,12
12,12
12,12
12,12
12,12
12,12
12,12
12,12
12,12
12,12
12,12
12,12
12,12
12,12
12,12
12,12
12,12
12,3
12,3
12,12
12,3
12,12
12,12
12,12
12,12
12,12
12,12
12,12
12,12
12,12
12,12
12,12
12,12
12,12
12,12
12,12
12,12
12,12
12,12
12,12
12,12
12,12
12,12
12,12
12,12
12,12
12,12
12,12
12,12
12,12
12,12
12,12
13,13
13,4
13,13
13,13
13,13
13,13
13,13
13,13
13,11
13,11
13,11
13,13
13,13
13,7
13,7
13,13
13,11
13,8
13,13
13,4
13,13
13,9
13,13
13,13
13,13
13,13
13,13
13,13
13,8
13,4
13,13
13,13
13,13
13,13
13,11
13,11
13,11
13,13
13,13
13,4
13,13
13,13
13,13
13,11
13,13
13,13
13,13
13,11
13,11
13,13
13,8
13,13
13,13
13,13
13,13
14,3
14,3
14,12
14,12
14,12
14,12
14,3
14,1
14,1
14,1
14,0
15,15
15,8
15,9
15,21
15,22
15,22
15,21
15,21
15,26
16,9
16,9
16,21
16,13
16,13
17,3
17,1
17,1
17,1
17,1
17,1
17,1
17,1
17,1
17,1
17,1
17,1
17,1
17,1
17,1
17,1
17,1
17,1
17,17
17,1
17,1
17,17
17,17
17,17
17,17
17,0
18,11
18,11
18,11
18,11
18,11
18,11
18,4
18,1
18,18
18,18
18,1
18,7
18,7
18,23
18,7
18,8
18,14
18,18
18,18
18,17
18,14
18,14
18,18
18,24
18,13
19,14
19,14
19,1
19,7
19,21
19,9
19,3
20,9
20,9
20,8
20,9
20,21
20,21
20,6
20,21
20,9
20,9
20,9
20,9
20,8
21,21
21,21
21,21
21,8
21,8
21,21
21,21
21,8
21,9
21,21
22,8
22,8
22,8
22,22
22,8
22,8
22,22
22,22
22,2
22,8
22,9
22,9
22,9
22,9
22,9
22,9
22,9
22,9
22,9
22,9
22,2
22,26
22,2
22,26
22,13
22,9
22,9
22,22
22,9
23,23
23,9
23,23
23,23
23,23
23,7
23,23
23,23
23,23
23,23
23,23
23,23
23,23
23,23
23,6
23,23
23,23
24,24
24,24
24,14
24,24
24,24
24,24
24,24
24,6
24,0
24,24
24,24
24,24
24,24
24,24
24,1
24,24
24,9
25,7
25,20
25,9
25,7
25,13
25,13
25,13
25,4
25,4
25,4
25,8
25,8
26,7
26,7
26,3
26,3
26,5
26,26
26,13
26,4
26,26
26,13
26,9
26,24
26,3
26,3
26,26
26,26
26,26
26,26
26,18
26,12
26,18
26,13
26,13
26,7
26,13
26,4
26,5
26,5
26,13
26,13
26,13
26,5
26,13
26,13
26,13
26,26
26,5
26,26
26,13
26,26
26,13
26,10
26,10
26,10
26,26
26,2
26,10
26,26
26,0
26,26
26,12
26,5
26,5
26,5
26,13
26,13
26,13
26,13
26,13
27,27
27,27
27,22
27,27
27,9
27,26
27,25
27,14
27,9
27,9
27,6
27,24
27,24
27,24
27,0
27,0
27,24
27,0
27,0
27,9
27,21
27,21
27,21
27,8
27,21
27,22
27,2
27,2
27,2
28,4
28,4
28,5
28,5
28,5
28,5
28,5
28,13
28,13
28,13
28,13
28,5
28,13
28,5
28,4
28,7
28,24
28,13
28,4
28,4
28,13
28,13
28,4
28,4
28,4
28,13
28,13
28,4
28,13
28,7
28,7
28,13
28,13
0,0
0,0
0,0
0,0
0,0
0,6
0,0
0,6
0,0
0,0
0,0
0,0
0,0
0,6
0,0
0,0
0,0
2,21
2,22
2,2
2,22
2,2
2,22
2,9
2,21
2,21
2,9
2,9
2,21
2,2
2,2
2,9
2,2
2,27
2,21
2,21
2,27
2,22
2,22
2,22
2,22
2,22
2,22
2,22
2,22
2,2
2,2
3,3
3,13
3,13
3,13
3,3
3,3
3,3
3,13
3,13
3,3
3,13
3,3
3,3
3,3
3,3
3,3
3,3
3,3
3,3
3,3
3,3
3,3
3,3
3,3
3,3
3,3
3,10
3,3
3,3
3,3
3,3
4,4
4,4
4,4
4,4
4,11
4,4
4,4
4,4
4,4
4,13
4,4
4,4
4,4
4,4
4,13
4,4
4,4
4,4
4,4
4,4
4,13
4,13
4,4
4,11
4,13
6,0
6,6
6,6
6,0
6,6
6,0
6,9
6,6
6,0
6,6
6,0
6,6
6,0
7,7
7,7
7,7
7,7
7,7
7,9
7,7
7,7
7,7
7,7
7,7
7,7
7,1
7,7
7,7
7,7
7,7
7,7
7,7
7,7
7,7
7,7
7,7
7,7
7,7
8,20
8,8
8,8
8,8
8,8
8,8
8,8
8,8
8,8
8,8
8,8
8,8
8,8
8,8
8,8
8,8
8,8
8,8
8,8
8,8
8,8
9,26
9,9
9,9
9,7
9,27
9,9
9,9
9,9
9,9
9,9
9,9
9,9
9,12
9,9
9,21
9,14
9,9
9,9
9,9
9,9
9,21
9,22
9,21
9,9
9,9
9,9
9,9
9,9
9,9
9,9
9,9
9,9
9,9
9,9
9,9
9,9
9,21
9,11
9,9
10,10
10,10
10,10
10,10
10,10
10,10
10,10
10,10
10,10
10,10
10,10
10,10
10,10
10,10
10,10
10,10
10,10
10,10
10,10
10,10
10,10
10,10
10,10
11,11
11,11
11,4
11,11
11,11
11,11
11,11
11,11
11,11
11,11
11,11
11,11
11,11
11,11
11,11
11,11
11,11
11,11
11,11
11,11
11,11
11,11
11,11
11,11
11,11
11,11
11,11
11,11
11,11
11,11
11,11
11,11
11,11
11,11
11,11
11,11
11,11
11,11
11,11
11,11
11,11
11,11
11,11
11,11
11,11
11,11
11,11
11,11
11,11
11,11
11,11
11,11
11,11
11,11
11,11
11,11
11,11
11,11
11,11
11,11
11,11
11,11
11,11
12,3
12,12
12,3
12,12
12,3
12,12
12,3
12,3
12,3
12,3
12,3
12,3
12,3
12,12
12,3
12,3
12,3
12,3
12,3
12,3
12,3
12,3
12,3
12,3
12,3
12,3
12,3
12,3
12,3
13,13
13,13
13,13
13,13
13,4
13,4
13,3
13,3
13,5
13,13
13,13
13,13
13,13
13,13
13,13
13,3
13,3
13,5
13,13
13,5
13,13
13,13
13,4
13,4
13,13
13,4
13,4
13,13
13,4
13,13
13,4
13,4
13,4
13,4
13,4
13,7
13,13
13,13
13,4
14,3
14,3
14,14
14,14
14,14
14,14
15,15
15,22
15,22
15,22
15,22
15,15
15,25
15,25
16,8
16,13
16,13
16,13
16,11
16,13
17,15
17,22
17,22
17,25
17,25
17,3
17,10
17,4
17,11
17,11
17,11
17,10
17,26
17,26
17,22
17,22
17,22
18,2
18,2
18,2
18,26
18,10
18,13
18,13
18,13
18,13
18,26
18,25
18,26
18,2
19,25
19,14
19,14
19,14
19,14
19,14
19,17
19,17
19,17
19,7
19,14
19,25
20,9
20,9
20,9
20,9
20,21
20,21
20,21
20,9
20,21
20,14
20,9
20,9
20,9
20,9
20,9
20,9
20,8
21,21
21,9
21,9
21,26
21,26
21,2
21,2
21,26
21,25
21,2
21,2
21,2
21,9
22,15
22,22
22,8
22,8
22,22
22,22
22,22
22,22
22,22
22,22
22,22
22,22
22,22
22,22
22,22
22,22
22,22
22,22
22,22
22,22
22,22
22,22
22,22
23,23
23,23
23,23
23,23
24,7
24,14
24,14
24,24
24,24
24,24
24,14
24,14
24,14
24,14
24,14
24,14
24,24
24,3
24,3
25,22
25,25
25,25
25,25
25,25
25,25
25,26
25,25
25,26
25,25
25,25
25,25
25,25
25,25
25,22
26,5
26,24
26,3
26,3
26,3
26,3
26,3
26,2
26,3
26,10
26,10
26,10
26,26
26,10
26,10
26,10
26,10
26,10
26,10
27,4
27,4
27,4
27,4
27,25
27,25
27,8
27,21
27,8
27,21
27,9
27,7
27,16
27,7
27,0
27,7
27,7
27,0
27,14
27,9
27,13
27,15
27,22
28,2
28,2
28,2
28,2
28,26
28,26
28,26
28,26
28,2
28,7
28,3
28,3
28,3
28,3
28,2
28,20
28,20
0,17
0,14
0,1
0,1
0,1
0,1
0,1
0,14
0,1
0,7
0,1
0,1
0,1
0,1
0,1
0,1
0,17
0,1
0,1
0,1
0,1
0,1
0,1
0,1
0,1
0,1
0,1
0,1
0,1
0,1
0,1
0,1
0,1
0,17
0,1
0,1
0,1
0,1
0,1
0,1
0,1
0,1
0,1
0,1
0,1
0,1
0,1
0,1
0,1
0,1
0,1
0,1
0,1
0,1
0,1
0,1
0,1
0,1
0,1
0,1
0,1
0,1
0,1
0,1
0,1
0,1
0,1
0,1
0,1
0,1
0,1
0,1
0,1
0,1
0,1
0,1
0,1
0,1
0,1
0,1
0,1
0,14
0,1
0,1
0,1
0,1
0,1
0,1
0,1
0,1
0,1
0,1
0,1
0,1
0,1
0,1
0,1
0,1
0,1
0,1
0,1
0,1
0,1
0,1
0,1
0,1
0,1
0,1
0,1
0,1
0,1
0,1
0,1
0,17
0,14
0,1
0,1
0,1
0,1
0,1
0,1
0,1
0,1
0,1
0,1
0,1
0,7
0,1
0,1
0,1
0,1
0,1
0,1
0,1
0,1
0,1
0,1
0,1
0,1
0,1
0,1
0,3
2,2
2,2
2,2
2,22
2,2
2,2
2,26
2,2
2,2
2,0
2,2
2,2
2,2
2,2
2,6
2,23
2,0
2,2
2,0
2,6
2,2
2,2
2,2
2,2
2,2
2,8
2,13
2,6
2,2
2,2
2,21
2,6
2,2
2,2
2,13
2,2
2,2
2,6
2,2
2,2
2,2
2,2
2,2
2,2
2,2
2,2
2,2
2,2
2,21
2,2
2,2
2,2
2,8
2,23
2,23
2,9
2,23
2,23
2,2
3,3
3,3
3,3
3,3
3,3
3,3
3,3
3,3
3,3
3,3
3,3
3,10
3,10
3,10
3,12
3,10
3,3
3,3
3,3
3,3
3,1
3,3
3,3
3,3
3,26
3,10
3,10
3,3
3,3
3,3
3,3
3,3
3,3
3,3
3,12
3,12
3,10
3,10
3,3
3,3
3,3
3,3
3,3
3,3
3,3
4,4
4,4
4,5
4,4
4,4
4,5
4,4
4,4
4,4
4,4
4,4
4,4
4,5
4,5
4,5
4,5
4,5
4,4
4,4
4,4
4,4
4,4
4,4
4,5
4,5
4,5
4,4
4,4
5,5
5,4
5,5
5,5
5,5
5,5
5,5
5,5
5,5
5,5
5,5
5,5
5,4
5,5
5,5
5,5
5,5
5,5
5,5
5,5
5,4
5,5
5,5
5,5
5,5
5,5
5,5
5,5
5,5
5,5
5,5
5,5
5,5
5,5
5,5
5,5
5,5
5,4
5,4
5,5
5,5
6,6
6,6
6,6
6,6
6,6
6,6
6,9
6,6
6,6
6,6
6,6
6,6
6,6
6,6
6,6
6,6
6,6
6,6
6,9
6,6
6,6
7,7
7,7
7,7
7,7
7,7
7,7
7,7
7,7
7,7
7,7
7,7
7,7
7,7
7,7
7,7
7,7
7,7
7,7
7,7
7,7
7,7
7,7
7,7
7,7
7,7
7,7
7,7
7,7
7,7
7,7
7,7
7,7
7,7
7,7
7,7
7,7
7,7
8,8
8,8
8,8
8,8
8,8
8,8
8,8
8,8
8,8
8,8
8,8
8,8
8,8
8,8
8,8
8,8
8,8
8,8
8,8
8,8
8,8
8,8
8,8
8,8
8,8
8,8
8,8
8,8
8,8
8,8
8,8
8,8
8,8
8,8
8,8
8,8
8,8
8,8
8,8
8,8
8,8
9,9
9,9
9,9
9,9
9,9
9,9
9,9
9,6
9,9
9,9
9,9
9,9
9,9
9,9
9,9
9,9
9,9
9,9
9,9
9,9
9,9
9,9
9,9
9,9
9,9
9,9
9,21
9,9
9,9
9,9
9,9
9,9
9,9
9,9
9,9
10,10
10,10
10,2
10,10
10,10
10,10
10,10
10,10
10,10
10,10
10,10
10,10
10,10
10,10
10,10
10,10
10,10
10,10
10,10
10,10
10,10
10,10
10,10
10,10
10,13
10,26
10,10
10,10
10,10
10,10
10,10
10,10
10,10
10,10
10,10
11,11
11,11
11,11
11,11
11,11
11,11
11,11
11,11
11,11
11,11
11,11
11,11
11,11
11,11
11,11
11,11
11,11
11,11
11,11
11,11
11,11
11,11
11,11
11,11
11,11
11,11
11,11
11,11
11,11
11,11
11,11
11,11
11,11
12,12
12,12
12,12
12,12
12,12
12,12
12,12
12,12
12,12
12,12
12,12
12,12
12,12
12,12
12,12
12,12
12,12
12,12
12,12
12,12
12,12
12,12
12,12
12,12
12,12
12,12
12,12
13,13
13,8
13,13
13,13
13,2
13,2
13,8
13,8
13,13
13,13
13,13
13,13
13,13
13,25
13,13
13,8
13,8
13,8
13,2
13,28
13,13
13,13
13,8
13,13
13,13
13,13
13,13
13,13
13,13
14,3
14,3
14,3
14,3
14,14
14,14
14,14
14,14
14,14
14,14
14,17
14,14
14,21
15,22
15,22
15,22
15,22
15,22
15,13
16,13
16,13
16,2
16,9
16,9
16,5
16,13
16,8
17,3
17,14
17,14
17,14
17,17
17,14
17,17
17,17
17,14
17,17
17,14
17,17
17,17
17,17
17,17
17,17
17,17
17,17
17,17
17,3
17,13
18,13
18,3
18,13
18,13
18,13
18,13
18,13
18,18
18,13
18,18
18,13
18,13
18,25
18,13
18,13
19,14
19,14
19,14
19,7
19,14
19,14
19,15
20,9
20,9
20,21
20,21
20,21
20,21
20,21
20,14
20,15
20,14
20,9
20,9
20,9
20,21
20,0
21,21
21,8
21,8
21,22
21,22
21,13
22,22
22,22
22,22
22,22
22,22
22,22
22,22
22,22
22,22
22,8
22,22
22,8
22,8
22,8
22,22
22,21
22,22
22,2
22,8
22,22
22,22
22,22
22,22
23,23
23,23
23,23
23,23
23,23
23,23
23,23
23,23
23,23
23,23
24,7
24,7
24,7
24,24
24,1
24,1
24,1
24,24
24,24
24,14
24,1
24,1
24,1
24,1
24,1
25,5
25,13
25,13
25,13
25,13
25,25
25,25
25,5
25,25
25,25
25,25
26,13
26,3
26,13
26,3
26,3
26,3
26,13
26,21
26,3
26,3
26,3
26,26
26,3
26,3
26,26
26,3
26,0
26,13
26,13
26,13
26,26
26,26
26,3
26,2
26,2
26,26
26,26
26,26
26,26
27,2
27,2
27,26
27,14
27,3
27,3
27,26
27,2
27,2
27,13
28,13
28,13
28,7
28,13
28,13
28,13
28,13
28,8
28,13
28,13
28,13
28,13
28,8
28,7
28,13
28,13
28,13
0,0
0,0
0,0
0,0
0,0
0,0
0,0
0,1
0,0
0,0
0,0
0,1
0,0
0,0
0,0
0,0
0,0
0,0
0,0
0,0
0,0
0,0
0,0
0,0
0,0
0,0
0,0
0,0
0,0
0,0
0,0
0,0
0,1
0,0
0,0
0,0
0,0
0,0
0,0
0,0
0,0
0,0
0,0
0,0
0,0
0,0
0,0
0,0
0,0
0,24
0,24
0,0
0,0
0,0
0,0
0,0
0,0
0,0
0,0
0,0
0,0
0,0
0,0
0,0
0,0
0,0
0,0
0,0
0,24
0,0
0,0
0,0
0,0
0,0
0,0
0,0
0,0
0,0
0,0
0,0
0,0
0,0
0,0
0,24
0,0
0,0
0,0
0,0
0,0
0,0
0,0
0,0
0,0
0,0
0,0
0,0
0,0
0,0
0,24
0,0
0,0
0,0
0,0
0,0
0,0
0,0
0,0
0,0
0,0
0,0
0,0
0,0
0,0
0,0
0,0
0,0
0,0
0,0
0,0
0,0
0,24
0,0
0,0
0,0
0,0
0,0
0,0
0,0
0,0
0,0
0,1
0,0
0,0
0,0
0,0
0,0
0,0
0,0
0,0
0,0
0,0
0,0
0,0
0,0
0,0
0,0
0,0
0,0
0,0
0,0
0,0
0,0
0,0
0,0
0,0
0,0
0,24
0,24
0,0
0,24
0,0
0,24
0,24
0,24
0,24
0,0
0,0
0,0
0,0
0,0
0,0
0,0
0,1
0,0
0,0
0,0
0,0
0,0
0,0
0,0
0,0
0,0
0,0
0,0
0,0
0,0
0,0
0,0
0,0
0,0
0,0
0,0
0,0
0,0
0,0
0,0
0,0
0,0
0,0
0,0
0,0
0,0
0,0
0,0
0,0
0,0
0,0
0,0
0,0
0,0
0,0
0,0
0,0
0,24
2,6
2,2
2,2
2,2
2,2
2,9
2,2
2,2
2,2
2,13
2,26
2,26
2,3
2,26
2,22
2,22
2,2
2,2
2,2
2,2
2,2
2,22
2,21
2,2
2,22
2,21
2,22
2,2
2,22
2,8
2,2
2,2
2,9
2,3
2,3
2,2
2,0
2,6
2,0
2,2
2,2
2,2
2,2
2,2
2,2
2,2
2,2
2,2
2,6
2,6
2,2
2,2
2,25
2,2
2,26
2,26
2,26
2,3
2,2
2,22
2,2
2,2
2,2
2,2
2,2
2,2
2,2
2,2
2,22
2,22
2,2
2,2
2,2
2,2
2,2
2,2
2,2
2,2
2,2
2,2
2,2
2,2
2,2
2,2
2,2
2,2
2,2
2,2
2,2
2,2
2,2
2,2
2,2
2,26
2,13
2,1
2,0
2,6
2,13
3,3
3,3
3,3
3,3
3,13
3,3
3,3
3,3
3,3
3,3
3,3
3,3
3,3
3,5
3,3
3,3
3,3
3,3
3,1
3,1
3,1
3,3
3,3
3,3
3,11
3,3
3,3
3,3
3,3
3,3
3,3
3,3
3,3
3,3
3,13
3,13
3,13
3,13
3,3
3,3
3,3
3,3
3,3
3,3
3,3
3,3
3,13
3,1
3,13
3,3
3,3
4,4
4,4
4,4
4,4
4,4
4,4
4,13
4,13
4,13
4,13
4,3
4,28
4,13
4,23
4,4
4,13
4,6
4,13
4,23
4,0
4,23
4,4
4,4
4,4
4,4
4,23
4,13
4,13
4,4
4,7
5,13
5,7
5,13
5,13
5,13
5,13
5,13
5,13
5,13
5,13
5,13
5,13
5,8
5,13
5,13
5,13
5,13
5,13
5,13
5,20
5,13
5,13
5,13
5,13
5,13
6,6
6,6
6,0
6,9
6,6
6,6
6,6
6,6
6,6
6,6
6,6
6,6
6,6
6,6
6,6
6,6
6,6
6,0
6,6
6,6
6,0
7,7
7,7
7,7
7,7
7,7
7,7
7,7
7,7
7,7
7,7
7,7
7,7
7,7
7,7
7,7
7,7
7,7
7,7
7,7
7,7
7,7
7,7
7,7
7,7
7,7
7,7
7,7
7,7
7,7
7,7
7,7
7,7
7,7
7,7
7,7
7,7
7,7
7,7
7,7
7,7
7,7
7,7
7,7
7,7
7,7
7,7
7,7
8,8
8,8
8,8
8,8
8,23
8,23
8,23
8,8
8,8
8,8
8,8
8,8
8,8
8,8
8,8
8,8
8,8
8,8
8,8
8,4
8,23
9,9
9,9
9,9
9,9
9,9
9,9
9,9
9,9
9,9
9,9
9,9
9,9
9,9
9,9
9,9
9,9
9,9
9,9
9,9
9,6
9,9
9,6
9,6
9,9
9,9
9,9
9,23
9,9
9,9
9,9
9,9
9,9
9,9
9,9
9,9
9,9
9,9
9,7
9,9
10,10
10,10
10,10
10,10
10,10
10,10
10,10
10,10
10,10
10,10
10,10
10,10
10,10
10,10
10,10
10,10
10,10
10,3
10,10
10,13
10,13
10,10
10,13
10,11
10,10
10,10
10,10
10,10
10,10
10,10
10,10
10,10
10,10
10,10
10,10
10,10
10,10
10,10
10,10
10,26
10,10
11,11
11,11
11,11
11,11
11,11
11,11
11,11
11,11
11,11
11,11
11,11
11,11
11,11
11,11
11,11
11,11
11,11
11,11
11,11
11,11
11,11
11,11
11,11
11,11
11,11
11,11
11,11
11,11
11,11
11,11
11,11
11,11
11,11
11,11
11,11
11,11
11,11
12,12
12,12
12,3
12,12
12,3
12,3
12,3
12,12
12,12
12,3
12,3
12,3
12,3
12,3
12,12
12,12
12,12
12,3
12,3
12,3
12,12
12,12
12,3
12,12
12,3
13,13
13,13
13,8
13,13
13,26
13,13
13,13
13,8
13,8
13,13
13,13
13,13
13,13
13,13
13,23
13,13
13,13
13,13
13,13
13,8
13,13
13,13
13,26
13,13
14,3
14,12
14,3
14,3
14,14
14,14
14,14
14,14
14,17
14,17
14,17
14,1
14,17
14,14
14,7
15,15
15,15
15,15
15,13
16,13
16,13
16,8
16,13
16,13
16,25
16,13
16,8
17,14
17,14
17,14
17,14
17,14
17,14
17,14
17,14
17,14
17,14
17,14
17,14
17,14
17,14
17,3
17,13
18,21
18,22
18,22
18,22
18,25
18,13
18,28
18,25
18,25
18,13
18,20
18,13
18,13
19,2
19,14
19,14
19,14
19,14
19,14
19,9
19,13
20,8
20,8
20,9
20,7
20,7
20,7
20,9
20,9
20,9
20,8
20,8
21,8
21,21
21,21
21,22
21,21
21,8
21,7
22,21
22,28
22,21
22,22
22,22
22,22
22,22
22,22
22,22
22,22
22,2
22,22
22,22
22,22
22,22
22,22
22,22
22,8
22,2
23,8
23,23
23,23
23,23
23,23
23,23
23,23
23,23
23,23
24,24
24,0
24,24
24,24
24,24
24,24
24,24
24,24
24,2
24,20
24,21
24,24
24,24
24,24
24,24
24,24
24,0
25,13
25,13
25,25
25,11
25,13
25,13
25,11
25,11
25,13
25,13
26,13
26,14
26,7
26,13
26,0
26,13
26,23
26,7
26,26
26,26
26,26
26,26
26,3
26,26
26,13
26,13
26,13
26,13
26,3
26,26
26,26
27,22
27,22
27,22
27,14
27,14
27,3
27,21
27,2
27,22
27,8
27,22
28,8
28,13
28,13
28,13
28,13
28,28
28,4
28,13
28,13
28,13
28,13
28,13
28,13
14,14
14,14
14,24
14,14
14,26
14,14
14,14
14,14
14,14
14,14
14,21
14,11
14,14
14,14
14,14
14,7
14,7
14,14
14,21
14,21
14,14
14,14
14,3
14,11
14,26
14,22
14,7
14,21
14,21
14,14
14,14
14,25
14,21
14,21
14,22
14,14
14,21
14,14
14,14
14,3
14,14
14,14
14,3
14,14
14,15
14,11
14,12
14,11
14,14
14,14
14,14
14,13
14,3
14,5
14,14
14,14
14,1
14,14
14,3
14,14
14,4
14,1
14,14
14,11
14,1
14,4
14,14
14,14
14,14
14,3
14,3
14,3
14,10
14,14
14,26
14,11
14,11
14,26
14,14
14,11
14,3
14,14
14,14
14,14
14,22
14,26
14,26
14,14
14,11
14,14
14,11
14,14
14,14
14,14
14,1
14,14
14,11
14,3
14,14
14,11
14,14
14,11
14,25
14,15
14,11
14,25
14,14
14,15
14,14
14,27
14,3
14,14
14,14
14,14
14,24
14,14
14,16
14,9
14,14
14,9
14,13
14,14
14,5
14,14
14,14
14,14
14,17
14,22
14,17
14,14
14,14
14,14
14,26
14,15
14,9
14,14
14,14
14,26
14,14
14,3
14,26
14,14
14,14
14,14
14,21
14,14
14,26
14,14
14,14
14,14
14,14
14,14
14,14
14,24
14,14
14,14
14,14
14,4
14,14
14,22
14,14
14,14
14,14
14,14
14,14
14,3
14,11
14,13
14,14
14,14
14,11
14,14
14,11
14,11
14,14
14,11
14,14
14,14
14,3
14,15
14,24
14,22
14,7
14,9
14,21
14,21
14,21
14,25
14,25
14,13
14,9
14,9
14,14
14,12
14,14
14,11
14,14
14,14
14,14
14,10
14,3
14,14
14,22
14,14
14,14
14,3
14,14
14,3
14,3
14,0
14,3
14,24
14,3
14,14
14,14
14,14
14,14
14,14
14,15
14,14
14,14
14,22
14,14
14,14
14,22
14,11
14,14
14,25
14,14
14,14
14,2
14,14
14,14
14,11
14,14
14,3
14,21
14,14
14,26
14,14
14,14
14,11
14,11
14,14
14,14
14,14
14,11
14,4
14,12
14,26
14,12
14,14
14,11
14,11
14,14
14,14
14,14
14,14
14,14
14,14
14,14
14,14
14,24
14,14
14,14
14,14
14,11
14,15
14,14
14,15
14,12
14,14
14,14
14,14
14,14
14,14
14,14
14,11
14,11
14,14
14,1
14,14
14,14
14,13
14,2
14,14
14,14
14,11
14,14
14,11
14,14
14,11
14,11
14,26
14,11
14,26
14,14
14,14
14,11
14,14
14,13
14,14
14,14
14,14
14,14
14,14
14,11
14,14
14,13
14,14
14,3
14,14
14,14
14,14
14,24
14,13
14,21
14,14
14,21
14,14
14,14
14,24
14,1
14,22
14,11
14,14
14,7
14,11
14,11
14,1
14,14
14,9
14,21
14,15
14,21
14,14
14,14
14,22
14,14
14,14
14,9
14,14
15,8
15,22
15,21
15,14
15,7
15,8
15,3
15,0
15,21
15,14
15,15
15,15
15,11
15,14
15,14
15,14
15,15
15,13
15,21
15,14
15,14
15,14
15,25
15,14
15,14
15,13
15,14
15,24
15,3
15,14
15,24
15,21
15,14
15,14
15,14
15,14
15,14
15,14
15,13
15,14
15,9
15,2
15,13
15,14
15,7
15,14
15,14
15,14
15,14
15,14
15,14
15,27
15,22
15,14
15,14
15,14
15,14
15,14
15,11
15,14
15,14
15,14
15,22
15,14
15,22
15,15
15,14
15,14
15,15
15,21
15,14
15,14
15,14
15,21
15,15
15,14
15,14
15,9
15,14
15,21
15,22
15,15
15,14
15,15
15,14
15,22
15,2
15,11
15,14
15,14
15,14
15,3
15,15
15,7
15,21
15,22
15,21
15,14
15,3
15,14
15,22
15,25
15,21
15,3
15,3
15,9
15,21
15,14
15,25
15,3
15,14
15,7
15,15
15,21
15,9
15,14
15,21
15,14
15,14
15,8
15,9
15,20
15,21
15,14
15,21
15,21
15,7
15,7
15,7
15,9
15,13
15,14
15,14
15,14
15,11
15,14
15,14
15,15
15,14
15,14
15,14
15,14
15,15
15,21
15,21
15,14
15,14
15,3
15,14
15,9
15,15
15,2
16,7
16,7
16,14
16,3
16,3
16,21
16,25
16,26
16,26
16,14
16,9
16,8
16,14
16,14
16,14
16,14
16,14
16,14
16,7
16,7
16,9
16,14
16,21
16,5
16,14
16,14
16,3
16,13
16,26
16,14
16,21
16,24
16,21
16,13
16,14
16,3
16,21
16,14
16,9
16,14
16,16
16,14
16,14
16,3
16,14
16,26
16,24
16,14
16,14
16,9
16,21
16,2
16,9
16,0
16,24
16,5
16,0
16,0
16,14
16,14
16,14
16,14
16,15
16,21
16,14
16,14
16,14
16,14
16,14
16,14
16,26
16,26
16,11
16,1
16,1
16,7
16,9
16,9
16,14
16,0
16,7
16,7
16,26
16,14
16,14
16,14
16,14
16,14
16,4
16,3
16,0
16,14
16,25
16,14
16,14
16,27
16,16
16,3
16,14
16,27
16,7
16,14
16,14
16,14
16,14
16,14
16,25
16,7
16,9
16,14
16,9
16,3
16,13
16,14
16,14
16,21
16,14
16,14
16,14
16,14
16,16
16,14
16,13
16,16
16,11
16,3
16,13
16,21
16,21
16,13
16,13
16,9
16,11
16,14
16,8
16,7
16,1
16,26
16,14
16,14
16,14
16,14
16,14
16,21
16,16
16,14
16,15
16,25
16,21
16,14
16,14
16,9
16,14
16,14
16,7
19,13
19,9
19,9
19,14
19,21
19,14
19,15
19,14
19,14
19,14
19,3
19,15
19,15
19,14
19,14
19,14
19,14
19,24
19,21
19,14
19,18
19,21
19,9
19,13
19,14
19,15
19,3
19,14
19,13
19,14
19,13
19,9
19,3
19,14
19,3
19,21
19,21
19,24
19,9
19,9
19,22
19,15
19,14
19,26
19,14
19,14
19,14
19,13
19,14
19,14
19,14
19,7
19,14
19,14
19,14
19,8
19,7
19,25
19,13
19,5
19,7
19,21
19,14
19,21
19,21
19,14
19,14
19,3
19,22
19,26
19,14
19,22
19,8
19,7
19,14
19,14
19,3
19,26
19,11
19,14
19,21
19,14
19,14
19,21
19,21
19,21
19,21
19,14
19,11
19,11
19,9
19,14
19,14
19,14
19,14
19,13
19,14
19,14
19,14
19,14
19,14
19,26
19,1
19,14
19,1
19,14
19,3
19,1
19,14
19,3
19,8
19,22
19,14
19,21
19,14
19,14
19,1
19,14
19,14
19,14
19,21
19,21
19,14
19,14
19,14
19,15
19,14
19,4
19,15
19,3
19,9
19,14
19,5
19,19
19,25
19,9
19,24
19,14
19,7
19,14
19,14
19,14
19,11
19,14
19,14
19,14
19,14
19,13
19,11
19,13
19,14
19,1
19,3
19,16
19,14
19,14
19,26
19,22
19,7
19,27
19,14
19,11
19,7
19,7
19,14
19,14
19,14
19,3
19,27
19,14
19,3
19,1
19,26
19,0
19,16
19,13
19,14
19,13
19,14
19,14
19,14
19,14
19,3
19,3
19,11
19,14
19,14
19,14
19,21
19,21
19,7
19,14
19,26
19,14
19,14
19,3
19,27
19,1
19,14
19,14
19,14
19,14
19,9
19,3
19,14
19,21
19,11
19,21
19,14
19,14
19,21
19,14
19,21
19,3
19,25
19,14
19,9
19,3
21,7
21,20
21,9
21,21
21,21
21,7
21,9
21,21
21,21
21,21
21,7
21,14
21,21
21,21
21,21
21,9
21,7
21,21
21,7
21,7
21,21
21,9
21,21
21,21
21,21
21,21
21,21
21,7
21,7
21,21
21,9
21,14
21,14
21,26
21,7
21,9
21,7
21,15
21,2
21,14
21,15
21,9
21,9
21,21
21,21
21,21
21,8
21,7
21,21
21,9
21,21
21,9
21,21
21,9
21,21
21,21
21,21
21,21
21,13
21,9
21,21
21,14
21,9
21,21
21,21
21,7
21,21
21,14
21,21
21,9
21,21
21,9
21,9
21,21
21,4
21,9
21,23
21,21
21,9
21,8
21,7
21,21
21,21
21,14
21,8
21,16
21,2
21,9
21,9
21,21
21,9
21,7
21,7
21,9
21,8
21,23
21,21
21,9
21,7
21,9
21,7
21,21
21,7
21,21
21,9
21,21
21,9
21,9
21,9
21,14
21,14
21,9
21,7
21,21
21,15
21,21
21,21
21,15
21,14
21,14
21,8
21,8
21,21
21,22
21,21
21,7
21,9
21,21
21,8
21,21
21,14
21,14
21,14
21,14
21,15
21,14
21,9
21,9
21,14
21,21
21,14
21,27
21,7
21,14
21,15
21,14
21,14
21,15
21,9
21,8
21,14
21,14
21,14
21,14
21,14
21,14
21,15
21,14
21,14
21,15
21,22
21,14
21,14
21,14
21,14
21,24
21,15
21,1
21,26
21,14
21,22
21,14
21,14
21,21
21,7
21,14
21,14
21,21
21,15
21,25
21,15
21,25
21,24
21,14
21,14
21,3
21,21
21,14
21,14
21,14
21,14
21,21
21,14
21,21
21,14
21,14
21,14
21,14
21,5
21,9
21,9
21,21
21,9
21,20
21,21
21,13
21,13
21,21
21,9
21,8
21,21
21,2
21,15
21,21
21,7
21,21
21,21
21,15
21,14
21,15
21,14
21,14
21,21
21,21
21,8
21,14
21,27
21,8
21,21
21,17
21,9
21,21
21,21
21,14
21,14
21,7
21,21
21,2
21,9
21,9
21,7
21,14
21,21
21,9
21,21
21,22
21,21
21,21
21,4
21,2
21,14
21,21
21,14
21,9
21,9
21,3
21,14
21,14
21,21
21,21
21,9
21,24
21,21
21,21
21,21
21,21
21,9
21,21
21,15
21,9
21,21
21,8
21,15
21,7
21,14
21,9
21,13
21,18
21,8
21,9
21,9
21,14
21,21
21,9
21,21
21,8
21,20
21,7
21,7
21,14
21,14
21,14
21,21
21,7
21,9
21,9
21,21
21,9
21,26
21,2
21,13
21,9
21,9
21,7
21,9
21,21
21,14
21,24
21,14
21,14
21,14
21,14
21,14
21,11
21,15
21,14
21,9
21,21
21,6
21,8
21,14
21,9
21,8
21,21
21,21
21,7
21,7
21,9
21,6
