true_label,predicted_label
0,9
0,7
0,0
0,0
0,0
0,0
0,0
0,0
0,0
0,0
0,0
0,0
0,0
0,0
0,0
0,0
0,0
0,0
0,0
0,0
0,0
0,0
0,0
0,0
0,0
0,0
0,0
0,0
0,0
0,0
0,0
0,0
0,0
0,0
0,0
0,0
0,0
0,0
0,0
0,0
0,0
0,0
0,0
0,0
0,0
0,0
0,0
0,0
0,0
0,0
0,0
0,0
0,0
0,0
0,0
0,0
0,0
0,0
0,0
0,0
0,0
0,0
0,0
0,0
0,0
0,0
0,0
0,0
0,0
0,0
0,0
0,0
0,0
0,0
0,0
0,0
0,0
0,0
0,0
0,0
0,0
0,0
0,0
0,0
0,0
0,0
0,0
0,0
0,0
0,0
0,0
0,0
0,0
0,0
0,0
0,0
0,0
0,0
0,0
0,0
0,0
0,0
0,0
0,0
0,0
0,0
0,0
0,0
0,0
0,0
0,0
0,0
0,0
0,0
0,0
0,0
0,0
0,0
0,0
0,0
0,0
0,0
0,0
0,0
0,0
0,0
0,0
0,0
0,0
0,0
0,0
0,0
0,0
0,0
0,0
0,0
0,0
0,0
0,0
0,0
0,0
0,0
0,0
0,0
0,0
0,0
0,0
0,0
0,0
0,0
0,0
0,0
0,0
0,0
0,0
0,0
0,0
0,0
0,0
0,0
0,0
0,0
0,0
0,0
0,0
0,0
0,0
0,0
0,0
0,0
0,0
0,0
0,0
0,0
0,0
0,0
0,0
0,0
0,0
0,24
0,0
0,0
0,0
0,0
0,0
0,0
0,0
0,0
0,0
0,0
0,0
0,0
0,24
0,24
0,1
0,24
0,0
0,0
0,0
0,0
0,0
0,0
0,0
0,0
0,0
0,0
0,0
0,0
0,0
0,0
0,0
0,0
0,0
0,0
0,0
0,0
0,0
0,0
0,0
0,0
0,0
0,0
0,0
0,0
0,0
0,0
0,0
0,0
0,0
0,0
0,0
0,0
0,0
0,0
0,0
0,0
0,0
0,0
0,24
0,9
0,0
0,0
0,0
0,0
0,0
0,0
0,0
0,0
0,0
0,0
0,0
0,0
0,0
0,24
0,1
0,0
0,0
0,0
0,0
0,0
0,0
0,0
0,0
0,0
0,0
0,0
0,0
0,0
0,0
0,0
0,0
0,0
0,24
0,0
0,0
0,0
0,0
0,0
0,0
0,0
0,0
0,0
0,0
0,0
0,0
0,0
0,0
0,0
0,0
0,0
0,0
0,0
0,0
0,0
0,0
0,24
0,0
0,0
0,0
0,0
0,0
0,0
0,0
0,0
0,0
0,0
0,0
0,0
0,0
0,0
0,0
0,0
0,0
0,0
0,0
0,0
0,0
0,0
0,0
0,0
0,0
0,0
0,0
0,0
0,0
0,0
0,0
0,0
0,9
0,0
0,0
0,0
0,0
0,0
0,0
0,0
0,0
0,0
0,0
0,0
0,24
0,0
0,0
0,0
0,0
0,0
0,0
0,0
0,0
0,0
0,24
0,24
0,3
0,3
0,24
0,0
0,0
0,0
0,0
0,0
0,0
0,0
0,0
0,0
0,10
0,10
0,10
0,10
0,10
0,3
0,0
0,0
0,0
0,9
0,24
0,24
0,0
0,0
0,0
0,0
0,0
0,1
0,0
0,1
0,0
0,0
0,0
0,0
0,0
0,0
0,0
0,0
0,0
0,0
0,0
0,0
0,0
0,0
0,0
0,0
0,0
0,0
0,0
0,0
0,0
0,0
0,0
0,0
0,0
0,0
0,0
0,0
0,0
0,0
0,0
0,0
0,0
0,0
0,0
0,0
0,0
0,0
0,0
0,0
0,0
0,0
0,0
0,0
0,0
0,6
0,0
0,0
0,0
0,0
0,0
0,0
0,0
0,0
0,0
0,0
0,0
0,0
0,0
0,0
0,0
0,0
0,0
0,0
0,0
0,0
0,0
0,0
0,0
0,0
0,0
0,0
0,0
0,0
0,0
0,0
0,0
0,0
0,0
0,0
0,0
0,0
0,0
0,0
0,0
0,0
0,0
0,0
0,0
0,0
0,0
0,0
0,0
0,0
0,0
0,0
0,0
0,0
0,0
0,0
0,0
0,0
0,0
0,0
0,0
0,9
0,9
0,2
0,13
0,2
0,2
0,9
0,9
0,9
0,9
0,2
0,2
0,2
0,2
0,2
0,9
0,9
0,2
0,9
0,2
0,9
0,9
0,9
0,9
0,2
0,2
0,2
0,0
0,0
0,0
0,0
0,0
0,0
0,0
0,9
0,2
0,24
1,1
1,1
1,1
1,1
1,0
1,0
1,1
1,1
1,1
1,1
1,1
1,1
1,1
1,1
1,1
1,1
1,1
1,1
1,1
1,1
1,1
1,1
1,1
1,1
1,1
1,1
1,1
1,1
1,1
1,1
1,1
1,1
1,1
1,1
1,1
1,1
1,1
1,1
1,1
1,1
1,1
1,1
1,1
1,1
1,1
1,1
1,1
1,1
1,1
1,1
1,1
1,1
1,1
1,1
1,1
1,1
1,1
1,1
1,1
1,1
1,1
1,1
1,1
1,1
1,1
1,1
1,1
1,1
1,1
1,1
1,1
1,1
1,1
1,1
1,1
1,1
1,1
1,1
1,1
1,1
1,1
1,1
1,1
1,1
1,1
1,1
1,1
1,1
1,1
1,1
1,1
1,1
1,1
1,1
1,1
1,1
1,1
1,1
1,1
1,1
1,1
1,1
1,1
1,1
1,1
1,1
1,1
1,1
1,1
1,1
1,1
1,1
1,1
1,1
1,1
1,1
1,1
1,1
1,1
1,1
1,1
1,1
1,1
1,1
1,1
1,1
1,1
1,1
1,1
1,1
1,1
1,1
1,1
1,1
1,1
1,1
1,1
1,1
1,1
1,1
1,1
1,1
1,1
1,1
1,1
1,1
1,1
1,1
1,1
1,1
1,1
1,1
1,1
1,1
1,1
1,1
1,1
1,1
1,1
1,1
1,1
1,1
1,1
1,1
1,1
1,1
1,1
1,1
1,1
1,1
1,1
1,1
1,1
1,1
1,1
1,1
1,1
1,1
1,1
1,1
1,1
1,1
1,1
1,1
1,1
1,1
1,1
1,1
1,1
1,1
1,1
1,1
1,1
1,1
1,1
1,1
1,1
1,1
1,1
1,1
1,1
1,1
1,1
1,1
1,0
1,1
1,1
1,1
1,1
1,0
1,0
1,1
1,0
1,1
1,1
1,1
1,1
1,1
1,1
1,1
1,1
1,1
1,1
1,1
1,1
1,1
1,1
1,1
1,1
1,1
1,1
1,0
1,1
1,1
1,1
1,1
1,1
1,1
1,1
1,1
1,1
1,1
1,1
1,1
1,1
1,1
1,1
1,1
1,1
1,7
1,1
1,1
1,1
1,1
1,1
1,1
1,1
1,1
1,1
1,1
1,1
1,1
1,1
1,1
1,1
1,1
1,1
1,1
1,1
1,1
1,1
1,1
1,1
1,1
1,1
1,1
1,1
1,1
1,1
1,1
1,1
1,1
1,1
1,1
1,1
1,1
1,1
1,1
1,1
1,1
1,1
1,1
1,1
1,1
1,1
1,1
1,1
1,1
1,1
1,1
1,1
1,1
1,1
1,1
1,1
1,0
1,1
1,1
1,1
1,1
1,1
1,1
1,1
1,7
1,1
1,1
1,1
1,1
1,1
1,1
1,1
1,1
1,24
1,1
1,1
1,1
1,1
1,1
1,24
1,1
1,1
1,1
1,1
1,1
1,1
1,1
1,1
1,1
1,1
1,7
1,9
1,16
1,11
1,11
1,11
1,11
1,24
1,24
1,1
1,1
1,1
1,1
1,1
1,1
1,1
1,1
1,24
1,1
1,1
1,1
1,1
1,1
1,1
1,1
1,1
1,1
1,1
1,19
1,19
1,1
1,1
1,1
1,1
1,1
1,1
1,1
1,1
1,1
1,1
1,1
1,1
1,1
1,1
1,1
1,1
1,1
1,1
1,1
1,0
1,1
1,24
1,1
1,1
1,1
1,24
1,24
1,24
1,24
1,24
1,24
1,1
1,0
1,0
1,1
1,1
1,1
1,0
1,1
1,1
1,1
1,1
1,1
1,1
1,0
1,1
1,1
1,1
1,1
1,1
1,1
1,24
1,24
1,24
1,1
1,1
1,1
1,1
1,1
1,1
1,1
1,1
1,1
1,1
1,1
1,7
1,1
1,1
1,1
1,1
1,1
1,1
1,1
1,1
1,1
1,1
1,1
1,1
1,1
1,1
1,1
1,1
1,1
1,1
1,1
1,1
1,1
1,1
1,1
1,24
1,1
1,1
1,1
1,1
1,1
1,1
1,1
1,1
1,1
1,1
1,1
1,1
1,1
1,1
1,1
1,1
1,1
1,1
1,24
1,1
1,1
1,1
1,1
1,1
1,1
1,1
1,1
1,1
1,1
1,1
1,1
1,1
1,1
1,1
1,1
1,7
1,7
1,1
1,1
1,1
1,1
1,1
1,1
1,1
1,1
1,1
1,1
1,1
1,24
1,24
1,1
1,0
1,1
1,0
1,0
1,1
1,0
1,1
1,0
1,1
1,1
1,24
1,1
1,1
1,1
1,1
1,1
1,1
1,1
1,0
1,0
1,1
1,1
1,1
1,1
1,1
1,1
1,24
1,24
1,19
1,17
1,7
1,4
1,1
1,1
1,1
1,1
1,1
1,1
1,1
1,1
1,1
1,1
1,1
1,1
1,7
1,8
1,13
1,13
1,9
1,1
1,1
1,1
1,1
1,1
1,1
1,1
1,1
1,1
1,1
1,1
1,1
1,1
1,1
1,1
1,1
1,1
1,1
1,1
1,1
1,1
1,1
1,1
1,1
1,7
1,19
1,13
1,2
1,12
2,2
2,2
2,6
2,2
2,2
2,2
2,2
2,2
2,2
2,2
2,2
2,2
2,2
2,2
2,2
2,2
2,2
2,2
2,2
2,2
2,2
2,2
2,2
2,2
2,2
2,2
2,2
2,2
2,2
2,2
2,2
2,2
2,2
2,2
2,2
2,2
2,2
2,2
2,2
2,2
2,2
2,2
2,2
2,2
2,2
2,2
2,2
2,2
2,2
2,2
2,2
2,2
2,2
2,2
2,2
2,2
2,2
2,2
2,2
2,2
2,2
2,2
2,2
2,2
2,2
2,2
2,2
2,2
2,2
2,2
2,2
2,2
2,2
2,26
2,4
2,2
2,2
2,2
2,2
2,2
2,2
2,2
2,2
2,26
2,13
2,2
2,2
2,2
2,6
2,6
2,2
2,2
2,2
2,2
2,26
2,26
2,2
2,2
2,2
2,2
2,2
2,2
2,2
2,2
2,2
2,2
2,2
2,2
2,2
2,2
2,2
2,2
2,2
2,2
2,2
2,2
2,2
2,2
2,2
2,2
2,2
2,2
2,2
2,2
2,2
2,2
2,2
2,2
2,2
2,2
2,2
2,2
2,2
2,2
2,2
2,2
2,2
2,2
2,2
2,2
2,2
2,2
2,2
2,2
2,2
2,2
2,2
2,2
2,2
2,2
2,2
2,2
2,2
2,2
2,2
2,2
2,2
2,2
2,2
2,2
2,2
2,2
2,2
2,2
2,2
2,2
2,2
2,2
2,2
2,2
2,2
2,2
2,2
2,2
2,2
2,2
2,2
2,2
2,2
2,2
2,2
2,2
2,2
2,2
2,2
2,2
2,2
2,2
2,2
2,2
2,2
2,2
2,2
2,2
2,2
2,2
2,2
2,2
2,2
2,2
2,2
2,2
2,2
2,2
2,2
2,2
2,2
2,2
2,2
2,2
2,2
2,2
2,2
2,2
2,2
2,2
2,2
2,2
2,2
3,3
3,3
3,3
3,3
3,3
3,3
3,3
3,3
3,3
3,3
3,3
3,12
3,3
3,3
3,3
3,3
3,3
3,3
3,3
3,3
3,3
3,3
3,3
3,3
3,3
3,3
3,12
3,12
3,3
3,3
3,3
3,3
3,3
3,3
3,3
3,3
3,3
3,3
3,3
3,3
3,3
3,3
3,3
3,3
3,3
3,3
3,3
3,3
3,3
3,3
3,3
3,3
3,3
3,3
3,3
3,3
3,3
3,3
3,3
3,26
3,26
3,3
3,3
3,3
3,3
3,24
3,3
3,3
3,3
3,12
3,3
3,3
3,3
3,3
3,3
3,24
3,24
3,3
3,3
3,3
3,3
3,3
3,24
3,3
3,3
3,17
3,3
3,3
3,9
3,3
3,24
3,3
3,3
3,3
3,3
3,3
3,9
3,24
3,9
3,9
3,24
3,3
3,3
3,9
3,3
3,26
3,3
3,3
3,3
3,3
3,3
3,3
3,3
3,3
3,3
3,26
3,9
3,3
3,3
3,3
3,3
3,3
3,3
3,3
3,3
3,24
3,3
3,9
3,3
3,27
3,26
3,24
3,9
3,2
3,9
3,26
3,26
3,26
3,2
3,9
3,9
3,3
3,3
3,9
3,9
3,2
3,2
3,2
3,3
3,3
3,26
3,26
3,3
3,24
3,3
3,3
3,3
3,3
3,3
3,26
3,3
3,3
3,3
3,3
3,3
3,3
3,26
3,24
3,24
3,3
3,3
3,3
3,3
3,3
3,24
3,9
3,9
3,3
3,3
3,3
3,3
3,3
3,3
3,26
3,24
3,4
3,3
3,3
3,3
3,3
3,3
3,12
3,3
3,3
3,3
3,3
3,3
3,3
3,26
3,9
3,9
3,3
3,3
3,3
3,3
3,3
3,26
3,3
3,3
3,3
3,3
4,13
4,13
4,13
4,13
4,13
4,13
4,13
4,28
4,28
4,13
4,13
4,13
4,13
4,13
4,13
4,4
4,4
4,13
4,13
4,13
4,13
4,13
4,4
4,4
4,13
4,13
4,25
4,13
4,13
4,13
4,13
4,13
4,13
4,13
4,13
4,13
4,8
4,8
4,8
4,4
4,13
4,13
4,13
4,13
4,13
4,13
4,13
4,13
4,13
4,5
4,4
4,1
4,4
4,4
4,4
4,13
4,13
4,13
4,4
4,4
4,4
4,4
4,4
4,5
4,5
4,4
4,13
4,4
4,1
4,4
4,4
4,4
4,4
4,5
4,4
4,4
4,4
4,4
4,4
4,13
4,4
4,4
4,4
4,4
4,13
4,5
4,13
4,13
4,13
4,13
4,13
4,13
4,13
4,13
4,13
4,13
4,13
4,5
4,13
4,4
4,4
4,13
4,13
4,5
4,13
4,4
4,8
4,13
4,13
4,13
4,13
4,4
4,13
4,4
4,13
4,7
4,13
4,13
4,13
4,13
4,13
4,4
4,13
4,13
4,13
4,13
4,4
4,13
4,4
4,13
4,13
4,13
4,13
4,5
4,13
4,13
4,4
4,4
4,5
4,13
4,13
4,13
4,4
5,4
5,13
5,4
5,4
5,13
5,4
5,13
5,13
5,13
5,4
5,4
5,13
5,13
5,4
5,4
5,4
5,13
5,5
5,4
5,4
5,13
5,4
5,4
5,13
5,4
5,13
5,5
5,13
5,13
5,13
5,4
5,4
5,4
5,13
5,13
5,4
5,13
5,13
5,4
5,5
5,4
5,4
5,13
5,5
5,5
5,4
5,13
5,13
5,5
5,5
5,5
5,5
5,5
5,5
5,16
5,9
5,5
5,5
5,5
5,5
5,5
5,5
5,5
5,5
5,5
5,5
5,13
5,13
5,5
5,5
5,5
5,5
5,5
5,5
5,5
5,5
5,5
5,5
5,5
5,3
5,5
5,5
5,5
5,9
5,5
5,5
5,9
5,9
5,5
5,9
5,5
5,9
5,9
5,5
6,6
6,6
6,6
6,6
6,6
6,6
6,6
6,26
6,9
6,6
6,6
6,6
6,6
6,2
6,6
6,0
6,6
6,2
6,26
6,26
6,6
6,6
6,6
6,6
6,6
6,6
6,6
6,6
6,6
6,6
6,6
6,6
6,6
6,6
6,6
6,6
6,9
6,6
6,6
6,6
6,6
6,6
6,6
6,6
6,6
6,6
6,6
6,6
6,6
6,6
6,6
6,6
6,6
6,6
6,6
6,6
6,2
6,6
6,6
6,6
6,6
6,6
6,6
6,6
6,6
6,6
6,6
6,6
6,6
6,6
6,6
6,6
6,6
6,6
6,6
7,7
7,7
7,7
7,7
7,7
7,7
7,7
7,7
7,7
7,7
7,7
7,7
7,7
7,7
7,7
7,7
7,7
7,7
7,7
7,7
7,7
7,7
7,7
7,7
7,7
7,7
7,7
7,23
7,7
7,7
7,7
7,7
7,7
7,7
7,7
7,7
7,7
7,7
7,7
7,7
7,7
7,7
7,7
7,7
7,7
7,7
7,7
7,7
7,7
7,7
7,7
7,7
7,7
7,7
7,7
7,7
7,7
7,7
7,7
7,7
7,7
7,7
7,7
7,7
7,7
7,7
7,7
7,7
7,7
7,7
7,9
7,7
7,7
7,7
7,7
7,7
7,7
7,7
7,7
7,7
7,7
7,7
7,7
7,7
7,7
7,7
7,7
7,7
7,7
7,7
7,7
7,7
7,9
7,7
7,7
7,7
7,7
7,7
7,7
7,7
7,8
7,7
7,7
7,7
7,7
7,7
7,7
7,7
7,7
7,7
7,7
7,7
7,7
7,7
7,7
7,7
7,1
7,7
7,7
7,7
7,7
7,7
7,7
7,7
7,7
7,7
7,7
7,7
7,7
7,7
7,7
7,7
7,7
7,7
7,7
7,7
7,7
7,7
7,7
7,7
7,7
7,7
7,7
7,7
7,7
7,7
7,7
7,7
7,7
7,7
7,7
7,7
7,7
7,7
7,7
7,7
7,7
7,7
7,7
7,7
7,7
7,7
7,7
7,7
7,7
7,7
7,7
7,7
7,7
7,7
7,7
7,7
7,7
7,7
7,7
7,7
7,7
7,7
7,23
7,7
7,7
7,7
7,7
7,7
7,7
7,7
7,7
7,7
7,7
7,7
7,7
7,7
7,7
7,7
7,8
7,7
7,7
7,7
7,7
7,7
7,7
7,7
7,7
7,7
7,7
7,7
7,0
7,7
7,7
7,7
7,7
7,7
7,7
7,7
7,7
7,7
7,7
7,7
7,7
7,7
7,7
7,7
7,7
7,7
7,7
7,7
7,7
7,7
7,7
7,7
7,7
7,7
7,7
7,7
7,7
7,7
7,7
7,7
7,7
7,7
7,7
7,7
7,7
7,9
7,7
7,7
7,7
7,7
7,7
7,7
7,7
7,7
7,7
7,7
7,7
7,7
7,7
7,7
7,7
7,7
7,7
7,7
7,7
7,23
7,7
7,7
7,7
7,7
7,7
7,7
7,7
7,7
7,7
7,7
7,7
7,7
7,7
7,7
7,7
7,7
8,8
8,8
8,8
8,8
8,8
8,8
8,8
8,8
8,8
8,22
8,8
8,8
8,8
8,8
8,8
8,8
8,8
8,8
8,8
8,8
8,8
8,8
8,22
8,8
8,8
8,8
8,8
8,8
8,8
8,8
8,8
8,8
8,8
8,8
8,9
8,7
8,7
8,8
8,8
8,8
8,8
8,8
8,8
8,8
8,21
8,7
8,7
8,8
8,9
8,7
8,8
8,23
8,8
8,7
8,13
8,7
8,8
8,8
8,8
8,9
8,7
8,23
8,8
8,8
8,9
8,23
8,7
8,23
8,23
8,23
8,7
8,7
8,7
8,7
8,23
8,7
8,8
8,8
8,8
8,8
8,23
8,8
8,8
8,8
8,8
8,8
8,8
8,8
8,8
8,8
8,8
8,8
8,8
8,8
8,8
8,8
8,8
8,8
8,8
8,8
8,8
8,8
8,13
8,8
8,8
8,8
8,8
8,8
8,8
8,8
8,8
8,13
8,8
8,8
8,8
8,8
8,8
8,8
8,8
8,8
8,8
9,9
9,9
9,9
9,9
9,9
9,9
9,9
9,9
9,9
9,9
9,9
9,9
9,9
9,9
9,9
9,9
9,9
9,9
9,9
9,9
9,9
9,9
9,9
9,9
9,9
9,9
9,9
9,9
9,9
9,9
9,9
9,9
9,9
9,9
9,9
9,9
9,9
9,9
9,20
9,8
9,18
9,25
9,9
9,3
9,3
9,3
9,3
9,9
9,9
9,9
9,9
9,9
9,9
9,9
9,9
9,9
9,2
9,9
9,9
9,9
9,9
9,9
9,9
9,9
9,9
9,9
9,9
9,9
9,9
9,9
9,9
9,9
9,9
9,9
9,9
9,9
9,9
9,9
9,9
9,9
9,9
9,9
9,9
9,9
9,9
9,9
9,9
9,9
9,9
9,6
9,9
9,9
9,9
9,9
9,9
9,9
9,9
9,9
9,9
9,9
9,9
9,9
9,9
9,9
9,9
9,9
9,9
9,9
9,9
9,9
9,9
9,9
9,9
9,9
9,9
9,9
9,9
9,0
9,6
9,9
9,9
9,9
9,9
9,9
9,9
9,9
9,9
9,9
9,9
9,9
9,0
9,9
9,9
9,9
9,9
9,9
9,9
9,9
9,9
9,9
9,9
9,9
9,9
9,9
9,9
9,9
9,9
9,9
9,9
9,9
9,9
9,9
9,0
9,9
9,9
9,9
9,9
9,9
9,9
9,9
9,9
9,9
9,9
9,9
9,9
9,9
9,9
9,9
9,9
9,9
9,9
9,9
9,9
9,9
9,9
10,10
10,10
10,10
10,10
10,10
10,10
10,10
10,10
10,10
10,10
10,10
10,10
10,10
10,10
10,10
10,10
10,10
10,10
10,10
10,10
10,10
10,10
10,10
10,10
10,10
10,10
10,10
10,10
10,10
10,10
10,10
10,10
10,10
10,10
10,10
10,10
10,10
10,10
10,10
10,10
10,13
10,10
10,10
10,10
10,10
10,10
10,10
10,10
10,10
10,10
10,10
10,10
10,13
10,9
10,9
10,7
10,10
10,10
10,10
10,10
10,10
10,10
10,10
10,10
10,10
10,10
10,10
10,10
10,10
10,10
10,10
10,10
10,10
10,10
10,10
10,10
10,10
10,10
10,10
10,10
10,10
10,10
10,10
10,10
10,10
10,10
10,10
10,10
10,10
10,10
10,10
10,10
10,10
10,10
10,10
10,10
10,10
10,10
10,10
10,10
10,10
10,10
10,10
10,10
10,10
10,10
10,10
10,10
10,10
10,10
10,10
10,10
10,10
10,10
10,10
10,10
10,10
10,10
10,10
10,10
10,10
10,10
10,10
10,10
10,10
10,10
10,10
10,10
10,10
10,10
10,10
10,10
10,10
10,10
10,10
10,10
10,10
10,10
10,10
10,10
10,10
10,10
10,10
10,10
10,10
10,10
10,10
10,26
10,10
10,10
10,10
10,10
10,10
10,10
10,10
10,10
10,10
10,10
10,10
10,10
10,10
10,10
10,10
10,10
10,10
10,10
10,10
10,10
10,10
10,10
10,10
10,10
10,10
10,10
10,4
10,10
10,10
10,10
10,10
10,10
10,10
10,10
10,10
10,10
10,10
10,10
10,10
10,10
10,10
10,10
10,10
10,10
10,10
10,10
10,10
10,10
10,10
10,10
10,10
10,26
10,10
10,10
10,10
10,10
10,10
10,10
10,10
10,10
10,10
10,10
10,10
10,10
10,10
10,10
10,10
10,10
10,10
10,10
10,10
10,10
10,10
10,10
10,10
10,10
10,10
10,10
10,26
10,13
10,10
10,10
10,10
10,10
10,10
10,10
10,4
10,10
11,11
11,11
11,11
11,11
11,11
11,11
11,11
11,11
11,11
11,11
11,11
11,11
11,11
11,11
11,11
11,11
11,11
11,11
11,11
11,11
11,11
11,11
11,11
11,11
11,11
11,11
11,11
11,11
11,11
11,11
11,11
11,11
11,11
11,11
11,11
11,11
11,11
11,11
11,11
11,11
11,11
11,11
11,11
11,11
11,11
11,11
11,11
11,11
11,11
11,11
11,11
11,11
11,11
11,11
11,11
11,11
11,11
11,11
11,11
11,11
11,11
11,11
11,11
11,11
11,11
11,11
11,11
11,11
11,11
11,11
11,11
11,11
11,11
11,11
11,11
11,11
11,11
11,11
11,11
11,11
11,11
11,11
11,11
11,11
11,11
11,11
11,11
11,11
11,11
11,11
11,11
11,11
11,11
11,11
11,11
11,11
11,11
11,11
11,11
11,11
11,11
11,11
11,11
11,11
11,11
11,11
11,11
11,11
11,11
11,11
11,11
11,11
11,11
11,11
11,11
11,11
11,11
11,11
11,11
11,11
11,11
11,11
11,11
11,11
11,11
11,11
11,11
11,11
11,11
11,11
11,11
11,11
11,11
11,11
11,11
11,11
11,11
11,11
11,11
11,11
11,11
11,11
11,11
11,11
11,11
11,11
11,11
11,11
11,11
11,11
11,11
11,11
11,11
11,11
11,11
11,11
11,11
11,11
11,11
11,11
11,11
11,11
11,11
11,11
11,11
11,11
11,11
11,11
11,11
11,11
11,11
11,11
11,11
11,11
11,11
11,11
11,11
11,11
11,11
11,11
11,11
11,11
11,11
11,11
11,11
11,11
11,11
11,11
11,11
11,11
11,11
11,11
11,11
11,11
11,11
11,11
11,11
11,11
11,11
11,11
11,11
11,11
11,11
11,11
11,11
11,11
11,11
11,11
11,11
11,11
11,11
11,11
11,11
11,11
11,11
11,11
11,11
11,11
11,11
11,11
11,11
11,11
11,11
11,11
11,11
11,11
11,11
11,11
11,1
11,11
11,11
11,11
11,11
11,11
11,11
11,11
11,11
11,11
11,11
11,11
11,11
11,11
11,11
11,11
11,11
11,11
11,11
11,11
11,11
12,12
12,12
12,12
12,12
12,12
12,12
12,12
12,12
12,12
12,12
12,12
12,12
12,12
12,12
12,12
12,12
12,12
12,12
12,12
12,12
12,12
12,12
12,12
12,12
12,12
12,12
12,12
12,12
12,12
12,12
12,12
12,12
12,12
12,12
12,12
12,12
12,12
12,12
12,12
12,12
12,12
12,12
12,12
12,12
12,12
12,12
12,12
12,12
12,12
12,12
12,12
12,12
12,12
12,12
12,12
12,12
12,12
12,12
12,12
12,12
12,12
12,12
12,12
12,12
12,12
12,12
12,12
12,12
12,12
12,12
12,12
12,12
12,12
12,12
12,12
12,12
12,12
12,12
12,12
12,12
12,12
12,12
12,12
12,12
12,12
12,12
12,12
12,12
12,12
12,12
12,12
12,12
12,12
12,12
12,12
12,12
12,12
12,12
12,12
12,12
12,12
12,12
12,12
12,12
12,12
12,12
12,12
12,12
12,12
12,12
12,12
12,12
12,12
12,12
12,12
12,12
12,12
12,12
12,12
12,12
12,12
12,12
12,12
12,12
12,12
12,12
12,12
12,12
12,12
12,12
12,12
12,12
12,12
12,12
12,12
12,12
12,12
12,12
12,12
12,12
12,12
12,12
12,12
12,12
12,12
12,12
12,12
12,12
12,12
12,12
12,12
12,12
12,12
12,12
12,12
12,12
12,12
12,12
12,12
12,12
12,12
12,12
12,12
12,12
12,12
12,12
12,12
12,12
12,12
12,12
12,12
12,12
12,12
12,12
12,12
12,12
12,12
12,12
12,12
12,12
12,12
12,12
12,12
12,12
12,12
12,12
12,12
12,12
12,12
12,12
12,12
12,12
12,12
12,12
12,12
12,12
12,12
12,12
12,12
12,12
12,12
12,12
12,12
12,12
12,12
12,12
12,12
12,12
12,12
12,12
12,12
13,13
13,10
13,13
13,13
13,13
13,8
13,13
13,13
13,13
13,13
13,11
13,13
13,11
13,10
13,10
13,13
13,5
13,13
13,26
13,26
13,26
13,13
13,18
13,13
13,13
13,13
13,13
13,13
13,13
13,8
13,13
13,13
13,13
13,13
13,13
13,13
13,13
13,8
13,13
13,13
13,13
13,13
13,13
13,13
13,13
13,13
13,13
13,13
13,13
13,8
13,13
13,13
13,13
13,13
13,13
13,13
13,13
13,13
13,13
13,13
13,13
13,13
13,13
13,13
13,13
13,10
13,10
13,13
13,13
13,13
13,13
13,13
13,13
13,8
13,8
13,13
13,13
13,13
13,13
13,13
13,13
13,8
13,13
13,13
13,2
13,5
13,13
13,13
13,13
13,13
13,13
13,26
13,26
13,13
13,13
13,13
13,26
13,26
13,5
13,5
13,8
13,8
13,8
13,13
13,13
13,13
13,13
13,8
13,13
13,13
13,13
13,13
13,8
13,8
13,8
13,13
13,7
13,2
13,9
13,2
13,13
13,13
13,13
13,8
13,8
13,8
13,8
14,3
14,3
14,3
14,3
14,3
14,20
14,14
14,1
14,1
14,7
14,7
14,24
14,24
14,24
14,24
14,24
14,20
14,7
14,7
14,7
14,7
14,8
14,12
14,12
14,12
14,24
14,24
14,20
14,7
14,24
14,1
14,1
14,1
14,1
14,1
14,7
14,7
15,22
15,22
15,22
15,22
15,22
15,22
15,22
15,26
15,15
15,15
15,22
15,8
15,15
15,22
15,22
15,22
15,22
15,21
15,25
15,15
15,21
16,13
16,21
16,20
16,7
16,7
16,4
16,4
16,7
16,7
16,7
16,7
16,8
16,9
16,9
16,3
16,2
16,25
16,7
16,8
16,7
16,9
16,9
16,3
16,13
17,9
17,9
17,3
17,17
17,17
17,17
17,17
17,17
17,17
17,17
17,17
17,17
17,17
17,17
17,17
17,17
17,17
17,17
17,17
17,17
17,17
17,17
17,17
17,11
17,11
17,11
17,13
17,24
17,19
17,19
17,17
17,17
17,17
17,17
17,17
17,17
17,17
17,17
17,17
17,17
17,17
17,17
17,17
17,17
17,1
17,17
17,17
17,17
17,17
17,17
17,17
17,17
17,17
17,17
17,17
17,17
17,17
17,19
17,21
17,20
17,20
17,19
17,17
17,17
17,17
17,17
17,17
17,17
17,17
17,17
17,17
17,17
17,17
17,17
17,17
17,17
17,7
17,9
17,9
18,2
18,2
18,27
18,26
18,25
18,25
18,18
18,18
18,18
18,18
18,18
18,18
18,18
18,18
18,18
18,18
18,8
18,28
18,28
18,13
18,13
18,25
18,25
18,8
18,8
18,13
18,13
18,25
18,26
18,13
18,11
18,18
18,18
18,18
18,18
18,18
18,18
18,18
18,18
18,18
18,18
18,11
18,11
18,11
18,11
18,13
18,25
18,25
18,21
18,21
18,26
18,26
18,13
18,18
18,18
18,18
18,18
18,18
18,18
18,18
18,18
18,18
18,11
18,11
18,28
19,5
19,9
19,9
19,24
19,7
19,19
19,7
19,7
19,13
19,13
19,14
19,7
19,1
19,17
19,1
19,7
19,20
19,9
19,24
19,7
19,17
19,20
19,24
20,20
20,20
20,2
20,20
20,9
20,9
20,20
20,20
20,9
20,9
20,7
20,9
20,20
20,9
20,9
20,9
20,6
20,24
20,9
20,9
20,20
20,20
20,7
20,7
20,7
20,7
20,9
20,9
20,8
20,20
20,9
20,6
20,6
20,9
20,20
20,20
20,20
20,7
20,7
20,7
20,7
20,7
20,7
20,20
20,20
20,9
20,20
20,20
20,9
20,20
20,9
21,9
21,21
21,21
21,21
21,21
21,20
21,2
21,2
21,21
21,20
21,8
21,21
21,21
21,2
21,22
21,22
21,22
21,22
21,9
21,20
21,2
21,21
21,20
21,20
21,20
21,13
21,8
21,8
21,22
21,2
21,2
22,8
22,22
22,22
22,22
22,22
22,22
22,22
22,22
22,2
22,2
22,2
22,22
22,22
22,22
22,22
22,22
22,22
22,22
22,22
22,2
22,22
22,22
22,22
22,22
22,2
22,22
22,22
22,8
22,8
22,8
22,22
22,22
22,22
22,22
22,22
22,22
22,22
22,22
22,22
22,22
22,22
22,22
22,22
22,22
22,22
22,2
22,2
22,21
22,9
22,1
22,5
22,7
22,8
22,8
22,22
22,22
22,22
22,22
22,22
22,22
22,22
22,2
22,2
22,22
22,26
23,23
23,23
23,23
23,23
23,23
23,23
23,23
23,23
23,23
23,23
23,23
23,23
23,23
23,23
23,23
23,23
23,23
23,23
23,23
23,23
23,23
23,23
23,23
23,23
23,23
23,23
23,23
23,23
23,23
23,23
23,23
23,23
23,23
23,23
23,23
23,23
23,23
23,23
23,23
23,23
23,23
23,23
23,23
23,23
23,23
23,23
23,23
23,23
23,23
24,24
24,0
24,0
24,0
24,26
24,3
24,5
24,24
24,24
24,24
24,3
24,9
24,0
24,0
24,24
24,24
24,24
24,24
24,24
24,24
24,24
24,0
24,24
24,1
24,24
24,0
24,24
24,24
24,9
24,9
24,9
24,24
24,24
24,24
24,24
24,24
24,0
24,0
24,24
24,24
24,24
24,24
24,0
24,9
24,24
24,24
24,24
24,24
24,9
24,9
24,0
24,0
24,24
24,1
24,0
24,24
24,24
24,24
24,24
24,24
24,24
24,0
24,24
24,0
24,0
24,0
24,24
25,13
25,13
25,18
25,13
25,13
25,13
25,25
25,25
25,25
25,13
25,13
25,13
25,13
25,9
25,19
25,13
25,13
25,13
25,13
25,25
25,25
25,13
25,13
25,13
25,13
25,25
25,25
25,13
25,13
25,13
25,13
25,13
25,8
25,22
25,21
25,9
25,13
25,13
25,13
25,25
25,13
25,13
25,13
25,13
25,13
25,13
25,13
26,26
26,26
26,26
26,10
26,10
26,26
26,10
26,26
26,5
26,2
26,9
26,26
26,26
26,10
26,2
26,5
26,26
26,26
26,2
26,2
26,27
26,26
26,26
26,26
26,26
26,26
26,26
26,26
26,26
26,26
26,2
26,26
26,2
26,2
26,2
26,9
26,9
26,9
26,3
26,3
26,24
26,24
26,24
26,24
26,12
26,3
26,26
26,9
26,26
26,26
26,26
26,26
26,26
26,0
26,9
26,24
26,26
26,3
26,12
26,26
26,26
26,26
26,26
26,10
26,26
26,10
26,10
26,26
26,26
26,24
26,0
26,26
26,26
26,26
26,9
26,9
26,2
26,26
26,26
26,26
26,26
26,26
26,26
26,10
26,10
26,10
26,26
26,9
26,24
26,9
26,26
26,9
26,2
26,26
26,26
26,2
26,2
26,26
26,26
26,12
26,26
26,26
26,2
26,26
26,26
26,26
26,10
26,10
26,10
26,10
26,10
26,10
26,26
26,26
26,26
26,26
26,26
26,2
26,26
26,10
26,26
26,10
26,26
26,10
26,10
26,10
26,10
26,26
26,26
26,10
26,26
26,26
26,26
26,26
26,2
27,2
27,2
27,2
27,2
27,2
27,2
27,22
27,2
27,2
27,2
27,2
27,9
27,0
27,9
27,7
27,9
27,9
27,9
27,9
27,2
27,2
27,2
27,21
27,2
27,22
27,2
27,2
27,2
27,2
27,2
27,13
27,2
27,0
27,26
27,26
27,26
27,2
27,2
27,2
27,22
27,2
27,22
27,2
27,2
27,9
27,5
27,5
27,2
27,9
27,2
27,2
27,26
28,4
28,4
28,7
28,4
28,1
28,7
28,7
28,13
28,4
28,7
28,7
28,4
28,4
28,16
28,4
28,7
28,7
28,8
28,7
28,8
28,7
28,28
28,8
28,8
28,8
28,8
28,8
28,8
28,8
28,13
28,23
28,8
28,8
28,7
28,8
28,7
28,8
28,8
28,8
28,8
28,28
28,8
28,8
28,28
28,13
28,4
28,4
28,13
28,4
28,4
28,4
28,8
28,8
28,8
28,8
28,8
0,0
0,0
0,0
0,0
0,0
0,0
0,0
0,0
0,0
0,0
0,0
0,0
0,0
0,0
0,0
0,0
0,0
0,0
0,0
0,24
0,0
0,0
0,0
0,0
0,0
0,0
0,0
0,0
0,0
0,0
0,0
0,0
0,0
0,0
0,0
0,6
0,0
0,0
0,0
0,0
0,6
0,6
0,6
0,0
0,26
0,24
0,0
0,0
0,0
0,0
0,0
0,0
0,0
0,0
0,0
0,0
0,0
0,0
0,0
2,6
2,2
2,2
2,2
2,2
2,2
2,2
2,2
2,2
2,2
2,2
2,2
2,2
2,2
2,2
2,22
2,2
2,22
2,2
2,22
2,2
2,2
2,2
2,2
2,2
2,2
2,22
2,22
2,2
3,3
3,26
3,26
3,26
3,26
3,3
3,3
3,3
3,3
3,3
3,24
3,3
3,3
3,3
3,3
3,3
3,3
3,9
3,3
3,3
3,3
3,3
3,3
3,9
3,3
3,24
3,26
3,3
3,3
3,3
3,3
3,24
3,3
3,3
3,3
3,3
3,3
3,3
3,3
3,3
3,3
3,3
3,3
3,3
3,9
3,3
3,3
3,3
3,3
4,13
4,13
4,13
4,13
4,13
4,13
4,13
4,13
4,13
4,13
4,4
4,13
4,13
4,13
4,13
4,13
4,13
4,13
4,13
4,13
4,13
4,13
4,13
4,13
4,13
4,13
4,13
4,13
4,13
4,13
4,13
4,13
4,13
4,13
4,13
4,13
4,13
4,13
4,13
4,13
4,13
4,13
4,13
4,13
4,13
4,13
4,13
5,26
5,26
5,26
5,5
5,5
5,5
5,10
5,10
5,26
5,26
5,26
5,10
5,26
5,26
5,13
5,5
5,13
5,13
5,13
5,13
5,13
5,10
5,4
5,26
5,5
5,13
5,10
5,5
5,11
5,4
5,5
5,4
5,11
5,13
5,13
5,13
5,13
5,10
5,13
5,13
5,13
5,13
5,13
5,13
5,13
5,11
5,9
5,9
5,9
5,9
5,13
5,5
5,5
5,5
5,11
5,4
5,11
5,4
5,13
6,6
6,6
6,6
6,6
6,6
6,6
6,9
6,3
6,26
6,26
6,24
6,4
6,13
6,13
6,13
6,6
6,6
6,6
6,6
6,6
6,6
6,6
6,6
6,6
6,6
6,6
6,6
6,6
6,6
6,6
6,6
6,6
6,6
6,7
6,19
6,13
6,21
6,9
6,6
6,6
6,6
6,6
7,7
7,7
7,20
7,7
7,7
7,7
7,7
7,7
7,7
7,7
7,7
7,7
7,7
7,7
7,7
7,7
7,23
7,7
7,7
7,7
7,7
7,7
7,20
7,7
7,9
7,9
7,7
7,7
7,7
7,7
7,7
7,7
7,7
7,7
7,7
7,7
7,7
7,7
7,7
7,7
7,23
7,7
7,7
8,8
8,8
8,8
8,8
8,8
8,8
8,8
8,8
8,8
8,28
8,8
8,8
8,8
8,8
8,8
8,8
8,8
8,8
8,8
8,8
8,8
8,13
8,13
8,8
8,8
8,8
8,8
8,8
8,8
9,9
9,9
9,26
9,9
9,24
9,9
9,9
9,9
9,9
9,9
9,9
9,9
9,9
9,26
9,26
9,26
9,13
9,9
9,9
9,9
9,9
9,9
9,9
9,9
9,9
9,9
9,13
9,26
9,9
9,9
9,9
9,9
9,9
9,9
9,9
9,9
9,9
9,9
9,9
9,9
9,6
9,9
9,9
9,24
9,9
9,9
9,2
9,9
9,2
9,9
9,9
9,9
9,9
9,9
9,9
9,9
9,9
9,9
9,9
10,10
10,10
10,10
10,10
10,10
10,10
10,10
10,10
10,10
10,10
10,10
10,10
10,10
10,10
10,10
10,10
10,10
10,26
10,10
10,10
10,10
10,10
10,10
10,10
10,10
10,10
10,10
10,10
10,10
10,10
10,10
10,10
10,10
10,10
10,10
10,10
10,10
10,10
10,10
10,10
10,10
10,10
10,10
10,10
10,10
10,10
10,10
10,10
10,10
10,10
10,10
10,10
10,10
10,10
10,10
10,10
10,10
10,10
10,10
10,10
10,10
10,10
10,10
10,10
10,10
10,10
10,10
10,10
10,13
10,13
10,10
10,10
10,10
10,10
10,26
10,10
10,10
10,10
10,10
10,10
10,10
10,10
10,10
10,10
10,10
10,10
10,10
10,10
10,10
10,10
10,10
10,10
10,10
10,10
10,10
10,10
10,10
10,10
10,10
10,10
10,10
10,10
10,10
10,10
10,10
10,10
10,10
10,10
10,10
10,10
10,10
10,10
10,10
10,10
10,10
10,10
10,10
10,10
10,10
10,10
10,10
10,10
10,10
10,10
10,10
10,10
10,10
10,10
10,10
10,10
10,10
10,10
10,10
10,10
10,10
10,10
10,10
10,10
10,10
10,10
10,10
10,10
10,10
10,10
10,10
10,10
10,13
10,10
10,10
10,10
11,11
11,13
11,13
11,11
11,11
11,11
11,11
11,11
11,11
11,13
11,11
11,11
11,11
11,11
11,11
11,11
11,11
11,11
11,11
11,11
11,11
11,13
11,11
11,11
11,11
11,11
11,11
11,11
11,11
11,11
11,11
11,11
11,11
11,11
11,11
11,11
11,11
11,11
11,11
11,11
11,11
11,11
11,11
11,11
11,11
11,11
11,11
11,11
11,11
11,11
11,11
11,11
11,11
11,11
11,11
11,11
11,11
11,11
11,11
11,11
11,11
11,11
11,11
11,11
11,11
11,11
11,11
11,11
11,11
11,11
11,11
11,11
11,11
11,11
11,11
11,11
11,11
11,11
11,11
11,11
11,11
11,11
11,11
11,11
11,11
11,11
11,11
11,11
11,11
12,12
12,12
12,12
12,12
12,12
12,12
12,12
12,12
12,12
12,12
12,12
12,12
12,12
12,12
12,12
12,12
12,12
12,12
12,12
12,12
12,12
12,12
12,3
12,3
12,13
12,13
12,13
12,9
12,0
12,24
12,24
12,3
12,12
12,12
12,12
12,12
12,12
12,12
12,12
12,12
12,12
12,12
12,12
12,12
12,12
12,12
12,12
12,12
12,12
12,12
12,12
12,12
12,12
12,12
12,12
12,12
12,12
12,12
12,12
12,12
12,12
12,12
12,12
12,12
12,12
13,13
13,13
13,13
13,13
13,13
13,13
13,26
13,13
13,13
13,13
13,13
13,13
13,13
13,13
13,13
13,13
13,13
13,13
13,13
13,13
13,13
13,13
13,13
13,13
13,13
13,13
13,13
13,13
13,13
13,13
13,13
13,13
13,13
13,13
13,13
13,13
13,13
13,13
13,13
13,13
13,13
13,13
13,13
13,13
13,13
13,13
13,13
13,13
13,13
13,13
13,13
13,13
13,13
13,13
13,13
13,13
13,13
13,13
13,13
13,13
13,28
13,13
13,13
13,13
13,13
13,13
13,13
13,13
13,13
14,12
14,12
14,12
14,3
14,24
14,24
14,14
14,7
14,17
14,24
14,17
14,24
14,24
14,9
14,9
15,22
15,22
15,22
15,25
15,25
16,7
16,7
16,13
16,18
16,11
17,13
17,13
17,17
17,19
17,17
17,17
17,17
17,17
17,17
17,17
17,17
17,19
17,9
18,3
18,13
18,13
18,18
18,18
18,18
18,18
18,18
18,18
18,18
18,13
18,13
18,13
19,13
19,13
19,9
19,19
19,24
19,7
19,20
20,9
20,2
20,9
20,20
20,21
20,9
20,9
20,9
20,8
20,2
20,20
20,9
20,20
20,20
20,20
20,7
20,7
20,9
20,20
21,9
21,7
21,7
21,20
21,20
21,8
21,22
21,21
21,21
21,21
21,21
21,9
21,21
21,21
21,22
22,22
22,21
22,21
22,22
22,22
22,22
22,22
22,22
22,22
22,22
22,22
22,22
22,22
22,22
22,22
22,22
22,22
22,22
22,22
22,22
22,22
22,22
22,22
22,22
22,22
23,0
23,23
23,23
23,23
23,23
23,23
24,24
24,24
24,24
24,24
24,6
24,24
24,24
24,24
24,9
24,9
24,24
24,24
24,24
24,24
24,24
25,2
25,25
25,25
25,25
25,25
25,25
25,25
25,25
25,25
25,25
25,21
25,21
25,21
25,2
25,2
25,2
25,2
25,2
25,25
25,25
25,25
25,25
25,25
25,25
25,25
25,22
25,2
25,25
25,25
25,25
25,25
25,25
25,25
25,25
25,25
25,25
25,25
25,25
25,2
25,22
25,27
26,26
26,26
26,26
26,10
26,26
26,10
26,10
26,10
26,10
26,26
26,26
26,10
26,10
26,10
26,10
26,10
26,10
26,26
26,10
26,26
26,10
26,26
26,10
26,26
26,26
26,26
26,10
26,11
26,11
26,10
26,13
26,13
26,10
26,26
26,26
26,26
26,26
26,26
26,26
26,26
26,26
27,26
27,26
27,26
27,26
27,10
27,26
27,26
27,26
27,26
27,26
27,26
27,26
27,13
27,13
27,13
27,26
27,26
27,26
27,26
27,26
27,26
28,28
28,13
28,13
28,28
28,28
28,13
28,28
28,28
28,13
28,11
28,28
28,13
28,13
28,28
28,13
28,13
28,13
28,13
28,28
1,1
1,0
1,0
1,0
1,0
1,1
1,1
1,1
1,24
1,1
1,1
1,0
1,0
1,5
1,1
1,1
1,24
1,3
1,24
1,24
1,0
1,0
1,1
1,1
1,7
1,1
1,1
1,1
1,1
1,1
1,1
1,1
1,1
1,1
1,1
1,1
1,1
1,1
1,1
1,1
1,1
1,1
1,1
1,1
1,1
1,1
1,1
1,1
1,0
1,7
1,7
1,1
1,1
1,1
1,1
1,1
1,1
1,1
1,1
1,1
1,1
1,1
1,24
1,24
1,1
1,24
1,1
1,1
1,1
1,24
1,24
1,1
1,7
1,3
1,1
1,1
1,1
1,1
1,1
1,1
1,1
1,1
1,1
1,1
1,1
1,1
1,1
1,1
1,1
1,1
1,1
1,1
1,1
1,1
1,1
1,1
1,1
1,1
1,1
1,1
1,1
1,1
1,1
1,1
1,1
1,0
1,0
1,0
1,0
1,1
2,2
2,2
2,2
2,9
2,13
2,2
2,2
2,13
2,13
2,13
2,13
2,2
2,2
2,2
2,2
2,2
2,2
2,2
2,2
2,2
2,2
2,2
2,2
2,2
2,2
2,2
2,2
2,2
2,2
2,2
2,2
2,2
2,2
2,2
2,2
2,2
2,26
2,2
2,26
2,2
2,2
2,2
2,2
2,2
2,2
2,2
2,2
2,2
2,2
2,2
2,2
2,2
2,2
2,2
2,2
2,2
2,26
2,2
2,2
2,2
2,2
2,2
2,2
2,2
2,2
2,2
2,2
2,2
2,2
2,2
2,2
2,2
2,2
2,2
2,2
2,9
2,25
2,13
2,13
2,2
2,2
2,2
2,2
2,2
2,2
2,2
2,2
2,2
2,2
2,2
2,2
2,2
2,2
2,2
2,2
2,2
2,2
2,9
2,2
2,2
2,2
2,2
2,2
2,2
2,2
2,2
2,2
2,2
2,2
2,2
2,2
2,2
2,2
2,2
2,2
2,2
2,2
2,2
2,2
2,1
4,13
4,13
4,13
4,13
4,13
4,13
4,13
4,11
4,13
4,13
4,13
4,13
4,13
4,13
4,13
4,13
4,13
4,13
4,13
4,13
4,13
4,13
4,13
4,13
4,13
4,13
4,13
4,13
4,13
4,13
4,13
4,13
4,13
4,13
4,13
4,13
4,13
4,13
4,13
4,11
4,11
4,11
4,13
4,13
4,11
4,13
4,13
4,13
4,13
4,13
4,13
4,13
4,13
4,13
4,13
4,13
4,13
4,13
4,13
4,13
4,13
4,13
4,13
6,6
6,6
6,6
6,6
6,6
6,6
6,6
6,6
6,6
6,6
6,6
6,6
6,6
6,6
6,6
6,6
6,6
6,6
6,6
6,6
6,6
6,6
6,6
6,6
6,6
6,6
6,6
6,6
6,6
6,6
6,6
6,6
6,6
6,6
6,6
6,6
6,6
6,6
6,6
6,6
6,6
6,9
6,6
6,6
6,6
6,6
6,6
6,6
6,6
6,6
6,6
6,6
6,6
6,6
6,6
6,6
6,6
8,28
8,8
8,8
8,8
8,8
8,8
8,8
8,8
8,8
8,8
8,8
8,8
8,8
8,8
8,8
8,8
8,8
8,8
8,8
8,8
8,8
8,8
8,8
8,8
8,8
8,8
8,8
8,8
8,8
8,8
8,8
8,8
8,8
8,8
8,8
8,8
8,8
8,8
8,8
8,8
8,8
8,8
8,8
8,8
8,8
8,8
8,8
8,8
8,8
8,8
8,8
8,8
8,8
8,8
8,8
9,9
9,9
9,9
9,9
9,9
9,9
9,9
9,9
9,9
9,2
9,9
9,9
9,9
9,9
9,9
9,9
9,9
9,9
9,9
9,9
9,8
9,9
9,21
9,9
9,2
9,9
9,9
9,9
9,9
9,9
9,9
9,9
9,9
9,9
9,9
9,9
9,9
9,9
9,9
9,9
9,9
9,9
9,9
9,9
9,9
9,9
9,9
9,9
9,2
9,2
9,9
9,9
9,9
9,9
9,2
9,9
9,9
9,9
9,13
9,9
9,13
9,2
9,2
10,10
10,10
10,10
10,10
10,10
10,10
10,10
10,10
10,10
10,10
10,10
10,10
10,10
10,10
10,10
10,10
10,10
10,10
10,10
10,10
10,10
10,10
10,10
10,10
10,26
10,10
10,10
10,10
10,10
10,10
10,10
10,10
10,10
10,10
10,10
10,10
10,10
10,10
10,10
10,10
10,10
10,10
10,10
10,10
10,10
10,10
10,26
10,10
10,10
10,26
10,10
10,10
10,10
10,10
10,10
10,26
10,26
11,11
11,11
11,11
11,11
11,11
11,11
11,11
11,11
11,11
11,11
11,11
11,11
11,11
11,11
11,11
11,11
11,11
11,11
11,11
11,11
11,11
11,11
11,11
11,11
11,11
11,11
11,11
11,11
11,11
11,11
11,11
11,11
11,11
11,11
11,11
11,11
11,11
11,11
11,11
11,11
11,11
11,11
11,11
11,13
11,11
11,11
11,11
11,11
11,11
12,13
12,12
12,1
12,12
12,12
12,12
12,12
12,12
12,7
12,28
12,12
12,12
12,12
12,12
12,12
12,12
12,12
12,12
12,12
12,12
12,12
12,12
12,12
12,12
12,12
12,12
12,12
12,12
12,12
12,12
12,11
12,12
12,12
12,12
12,12
12,12
12,12
12,12
12,12
12,12
12,12
12,12
12,12
12,12
12,12
12,12
12,12
12,12
12,12
12,12
12,12
12,12
12,12
13,13
13,13
13,13
13,26
13,26
13,26
13,26
13,26
13,24
13,7
13,4
13,7
13,13
13,13
13,9
13,26
13,26
13,5
13,13
13,10
13,13
13,13
13,13
13,7
13,13
13,7
13,5
13,13
13,26
13,3
13,26
13,26
13,13
13,11
13,11
13,4
13,13
13,13
13,9
14,12
14,12
14,12
14,12
14,12
14,12
14,12
14,12
14,12
14,12
14,12
14,12
14,17
14,12
14,12
14,12
14,12
14,12
14,12
14,12
14,12
14,12
14,12
14,12
14,12
15,8
15,22
15,1
16,28
16,8
16,7
16,8
16,13
18,13
18,13
18,4
18,26
18,10
18,10
18,26
18,26
18,26
18,26
18,26
18,26
18,26
18,11
18,26
18,26
18,26
18,26
18,26
18,26
18,11
18,26
18,13
18,13
18,13
18,28
18,1
19,13
19,9
19,19
19,1
19,1
19,20
19,9
20,7
20,7
20,20
20,20
20,20
20,23
20,6
20,20
20,20
20,20
20,9
20,24
21,9
21,21
21,21
21,22
21,22
21,20
21,9
21,26
22,22
22,22
22,22
22,22
22,22
22,22
22,22
22,22
22,2
22,22
22,22
22,22
22,22
22,22
22,22
22,22
23,23
23,23
23,7
23,23
23,23
23,23
23,23
23,23
23,23
23,23
23,23
23,23
23,23
23,23
23,23
23,23
23,23
23,23
25,9
25,2
25,9
25,26
25,27
25,25
25,27
25,25
25,25
25,9
25,2
25,21
25,9
27,22
27,22
27,22
27,22
27,27
27,27
27,22
27,2
27,2
27,27
27,22
27,22
27,22
27,22
27,22
27,22
27,22
27,2
27,2
27,22
27,22
27,2
27,2
27,22
27,22
27,22
27,22
27,2
27,22
27,2
27,2
27,2
27,2
27,2
27,2
28,8
28,8
28,28
28,8
28,8
28,8
28,22
28,8
28,8
28,8
28,22
28,8
28,8
28,8
28,28
28,8
28,8
28,8
28,8
28,8
28,28
28,22
28,8
2,2
2,2
2,2
2,2
2,2
2,2
2,2
2,2
2,22
2,2
2,2
2,2
2,2
2,2
2,2
2,2
2,2
2,2
2,2
2,2
2,13
2,2
2,22
2,2
2,2
2,2
2,2
2,2
2,2
2,2
2,2
2,2
2,2
3,13
3,26
3,3
3,3
3,3
3,3
3,3
3,3
3,3
3,3
3,3
3,3
3,3
3,3
3,3
3,3
3,3
3,3
3,3
3,3
3,3
3,3
3,3
3,3
3,3
3,3
3,3
3,3
3,3
3,3
3,3
3,3
3,3
3,3
3,3
3,3
3,3
3,3
3,3
3,3
3,3
3,3
3,3
3,3
3,3
3,26
3,3
3,3
3,3
3,3
3,3
3,3
3,3
3,3
3,3
3,3
3,3
3,3
3,3
3,12
3,3
3,3
3,3
3,26
3,3
3,3
3,3
4,11
4,13
4,11
4,4
4,13
4,26
4,13
4,13
4,13
4,13
4,11
4,11
4,4
4,13
4,26
4,26
4,26
4,26
4,13
4,13
4,11
4,11
4,11
4,4
4,13
4,26
4,26
4,13
4,11
5,26
5,5
5,5
5,2
5,5
5,26
5,5
5,5
5,4
5,5
5,5
5,5
5,4
5,5
5,5
5,5
5,5
5,5
5,5
5,13
5,5
5,2
5,26
5,13
5,26
5,5
5,5
5,5
5,5
6,6
6,6
6,6
6,6
6,6
6,6
6,6
6,6
6,6
6,6
6,6
6,6
6,6
6,6
6,6
6,6
6,6
6,6
6,6
6,2
6,6
6,6
6,20
6,6
6,6
6,6
6,6
6,6
6,6
6,6
6,6
6,6
6,6
6,6
6,6
6,6
6,6
6,6
6,6
7,9
7,7
7,7
7,7
7,7
7,24
7,7
7,7
7,7
7,3
7,7
7,7
7,7
7,7
7,7
7,7
7,9
7,24
7,7
7,7
7,7
7,9
7,9
7,19
7,24
7,7
7,7
7,7
7,24
8,18
8,8
8,13
8,25
8,25
8,8
8,8
8,8
8,8
8,8
8,8
8,8
8,8
8,8
8,8
8,8
8,8
8,8
8,8
8,8
8,8
8,8
8,8
8,8
8,8
8,8
8,8
8,8
8,13
8,8
8,8
8,8
8,8
8,8
8,8
8,8
8,8
8,8
8,8
8,8
8,8
8,8
8,8
8,8
8,8
8,8
8,8
8,8
8,8
9,26
9,26
9,26
9,9
9,9
9,9
9,9
9,0
9,24
9,9
9,9
9,9
9,9
9,9
9,9
9,2
9,3
9,9
9,9
9,9
9,9
9,9
9,9
9,9
9,9
9,9
9,9
9,26
9,3
9,3
9,24
9,9
9,9
9,9
9,9
9,9
9,9
9,26
9,26
9,12
9,9
9,9
9,9
9,9
9,9
9,2
9,9
9,2
9,9
10,10
10,10
10,10
10,10
10,10
10,10
10,10
10,10
10,10
10,10
10,10
10,10
10,10
10,10
10,10
10,10
10,10
10,10
10,10
10,10
10,10
10,10
10,10
10,10
10,10
10,10
10,10
10,10
10,10
10,10
10,10
10,10
10,10
10,10
10,10
10,10
10,10
10,10
10,10
10,10
10,10
10,10
10,10
10,10
10,10
10,10
10,10
10,10
10,10
10,10
10,10
10,10
10,10
10,26
10,10
10,10
10,10
10,10
10,10
10,10
10,10
10,10
10,10
10,10
10,10
10,10
10,10
10,10
10,10
10,10
10,10
10,10
10,10
11,11
11,11
11,11
11,11
11,11
11,11
11,11
11,11
11,11
11,11
11,11
11,11
11,11
11,11
11,11
11,11
11,11
11,11
11,11
11,11
11,11
11,11
11,11
11,11
11,11
11,11
11,11
11,11
11,11
11,11
11,11
11,11
11,11
11,11
11,11
11,11
11,11
11,11
11,11
11,11
11,11
11,11
11,11
11,11
11,11
11,11
11,11
11,11
11,11
11,11
11,11
11,11
11,11
11,11
11,11
11,11
11,11
11,11
11,11
11,11
11,11
11,11
11,11
11,11
11,11
11,11
11,11
11,11
11,11
12,12
12,12
12,12
12,12
12,12
12,12
12,12
12,12
12,12
12,3
12,12
12,12
12,3
12,12
12,3
12,12
12,12
12,12
12,12
12,12
12,12
13,13
13,11
13,13
13,13
13,4
13,13
13,13
13,13
13,13
13,13
13,13
13,13
13,13
13,13
13,4
13,13
13,13
13,11
13,13
13,13
13,13
13,11
13,13
13,13
13,11
13,13
13,11
13,13
13,13
14,26
14,26
14,3
14,3
14,3
14,24
14,9
14,24
14,24
14,24
14,24
14,24
14,24
14,24
14,24
14,24
14,24
14,24
14,24
14,24
14,24
14,24
14,24
14,24
14,24
14,24
14,24
14,24
14,24
14,24
14,7
14,1
14,19
15,8
15,20
15,21
15,21
15,13
16,7
16,1
16,1
16,7
17,13
17,4
17,4
17,26
17,3
17,17
17,17
17,17
17,17
17,17
17,17
17,1
17,17
18,13
18,17
18,17
18,1
18,17
18,17
18,18
18,18
18,18
18,18
18,18
18,4
18,17
19,7
19,7
19,13
19,9
19,3
19,17
19,24
19,24
19,24
19,24
19,1
20,9
20,9
20,9
20,20
20,21
20,22
20,21
20,22
20,21
20,9
20,9
20,9
20,9
20,9
20,2
20,2
20,9
20,3
20,9
20,9
20,9
20,7
20,9
20,0
20,9
20,9
20,9
20,9
20,9
21,20
21,21
21,21
21,21
21,20
21,21
21,9
21,9
21,9
21,21
21,21
21,8
21,8
21,22
21,23
21,2
21,20
21,7
21,7
23,23
23,23
23,23
23,9
23,7
23,20
23,20
23,20
23,20
23,20
23,23
23,20
24,9
24,9
24,9
24,9
24,9
24,24
24,24
24,24
24,24
24,24
24,24
24,24
24,24
24,24
24,24
24,24
24,24
24,24
24,9
24,1
24,4
24,3
24,26
24,4
24,19
25,4
25,9
25,9
25,2
25,25
25,3
25,3
25,3
25,3
25,3
25,3
25,25
25,26
25,2
25,13
26,26
26,10
26,26
26,2
26,26
26,26
26,26
26,26
26,26
26,26
26,26
26,2
26,9
26,2
26,26
26,26
26,26
26,26
26,26
26,5
26,26
26,26
26,3
27,9
27,2
27,2
27,2
27,22
27,22
27,22
27,21
27,2
27,9
28,8
28,8
28,8
28,13
28,8
28,22
28,2
28,21
28,9
28,2
28,20
28,8
28,28
0,0
0,0
0,0
0,0
0,0
0,0
0,0
0,0
0,0
0,0
0,0
0,0
0,0
0,0
0,0
0,0
0,6
0,0
0,0
0,0
0,0
0,0
0,0
0,0
0,0
0,0
0,0
0,0
0,0
0,0
0,0
0,0
0,0
0,0
0,0
0,0
0,0
0,0
0,6
0,0
0,0
0,0
0,0
0,0
0,0
0,0
0,0
0,0
0,0
0,0
0,0
0,0
0,0
0,0
0,0
0,0
0,0
0,0
0,0
0,0
0,0
0,0
0,0
0,0
0,0
0,0
0,0
0,0
0,0
0,0
0,0
0,0
0,0
0,0
0,0
0,0
0,0
0,0
0,0
0,0
0,0
0,20
0,9
0,6
0,6
0,0
0,0
0,0
0,0
0,0
0,0
0,0
0,0
0,0
0,0
0,6
0,0
0,0
0,0
0,0
0,0
0,0
0,0
0,0
0,0
0,0
0,0
0,0
0,0
0,0
0,0
0,9
0,6
0,0
0,0
0,0
0,0
0,0
0,0
0,0
0,0
0,0
0,0
0,0
0,0
0,0
0,0
0,0
0,0
0,5
2,2
2,2
2,2
2,2
2,2
2,2
2,2
2,2
2,2
2,2
2,2
2,2
2,2
2,2
2,2
2,2
2,2
2,2
2,2
2,2
2,2
2,2
2,2
2,2
2,2
2,2
2,2
2,2
2,2
2,2
2,2
2,2
2,2
2,2
2,2
2,2
2,2
2,2
2,2
2,2
2,2
2,2
2,2
2,2
2,2
2,2
2,2
2,2
2,22
2,22
2,2
2,2
2,2
2,2
2,2
2,2
2,2
2,2
2,2
3,3
3,3
3,3
3,3
3,3
3,26
3,3
3,3
3,3
3,3
3,3
3,3
3,3
3,3
3,3
3,3
3,3
3,3
3,3
3,3
3,3
3,26
3,3
3,3
3,3
3,3
3,24
3,3
3,3
3,3
3,3
3,3
3,3
3,3
3,3
3,3
3,3
3,3
3,3
3,3
3,26
3,26
3,3
3,3
3,3
4,11
4,11
4,4
4,4
4,4
4,13
4,4
4,11
4,11
4,4
4,11
4,4
4,13
4,5
4,5
4,5
4,10
4,11
4,13
4,11
4,13
4,13
4,4
4,13
4,4
4,13
4,5
4,13
4,26
4,24
4,9
4,24
4,24
4,3
4,3
4,5
4,24
4,3
4,24
4,3
4,26
4,3
4,9
5,26
5,26
5,10
5,26
5,10
5,10
5,26
5,26
5,10
5,26
5,26
5,10
5,10
5,5
5,5
5,5
5,10
5,26
5,5
5,5
5,10
5,4
5,26
5,26
5,5
5,26
5,10
5,26
5,26
6,6
6,6
6,6
6,6
6,6
6,6
6,0
6,6
6,6
6,6
6,6
6,6
6,6
6,6
6,6
6,6
6,6
6,6
6,6
6,6
6,6
6,6
6,6
6,6
6,6
6,6
6,6
6,6
6,6
6,6
6,6
6,6
6,6
7,7
7,7
7,7
7,7
7,7
7,7
7,7
7,7
7,9
7,7
7,7
7,7
7,13
7,9
7,9
7,7
7,7
7,7
7,9
7,7
7,13
7,7
7,20
7,9
7,7
7,9
7,7
7,7
7,7
7,7
7,7
7,7
7,7
7,9
7,7
7,7
7,7
7,7
7,7
7,7
7,7
7,13
7,7
7,7
7,7
7,7
7,9
7,7
7,7
7,7
7,7
7,7
7,7
7,7
7,13
7,9
7,7
7,7
7,7
7,13
7,13
7,0
7,7
7,9
7,7
7,7
7,7
7,7
7,9
7,7
7,7
8,8
8,8
8,8
8,0
8,8
8,8
8,8
8,8
8,23
8,8
8,28
8,28
8,2
8,8
8,8
8,8
8,8
8,8
8,8
8,8
8,8
8,8
8,8
8,8
8,8
8,8
8,8
8,8
8,8
8,8
8,8
8,8
8,8
8,8
8,8
8,28
8,8
8,8
8,8
8,8
8,8
8,8
8,13
8,13
8,8
9,9
9,9
9,9
9,9
9,9
9,9
9,9
9,9
9,20
9,9
9,9
9,20
9,9
9,9
9,9
9,9
9,9
9,9
9,20
9,9
9,9
9,9
9,9
9,9
9,9
9,9
9,9
9,9
9,9
9,9
9,9
9,9
9,9
9,9
9,9
9,9
9,9
9,9
9,9
9,9
9,9
9,9
9,9
9,9
9,9
10,10
10,10
10,10
10,10
10,10
10,10
10,10
10,10
10,10
10,10
10,10
10,10
10,10
10,10
10,10
10,10
10,10
10,10
10,10
10,10
10,10
10,10
10,10
10,10
10,10
10,10
10,10
10,10
10,10
10,10
10,10
10,10
10,10
10,10
10,10
10,10
10,10
10,10
10,10
10,10
10,10
10,10
10,10
10,10
10,10
10,26
10,10
10,26
10,10
10,10
10,10
10,10
10,10
10,10
10,10
10,10
10,10
10,10
10,10
10,10
10,10
10,10
10,10
10,10
10,10
10,10
10,10
10,10
10,10
10,10
10,10
10,10
10,10
10,10
10,10
10,10
10,10
10,10
10,10
11,11
11,13
11,11
11,11
11,11
11,11
11,11
11,11
11,11
11,11
11,11
11,11
11,4
11,11
11,11
11,11
11,11
11,11
11,13
11,13
11,13
11,11
11,11
11,11
11,11
11,28
11,11
11,4
11,4
11,11
11,11
11,11
11,11
11,11
11,11
11,11
11,11
11,11
11,11
12,12
12,12
12,12
12,12
12,12
12,12
12,12
12,12
12,26
12,26
12,12
12,26
12,26
12,26
12,12
12,12
12,12
12,12
12,12
12,12
12,24
12,12
12,12
12,12
12,12
12,12
12,12
12,12
12,12
12,3
12,26
12,12
12,26
12,12
12,3
12,3
12,24
12,3
12,12
12,12
12,12
12,12
12,12
12,26
12,12
12,12
12,12
12,12
12,3
13,13
13,13
13,4
13,11
13,13
13,13
13,13
13,13
13,13
13,13
13,13
13,13
13,13
13,13
13,13
13,13
13,13
13,13
13,13
13,13
13,11
13,13
13,13
13,13
13,13
13,13
13,13
13,13
13,13
13,13
13,13
13,13
13,13
14,12
14,12
14,12
14,3
14,26
14,26
14,26
14,24
14,9
14,24
14,24
14,24
14,24
14,24
14,24
14,24
14,24
14,24
14,3
15,21
15,21
15,21
15,21
15,26
16,7
16,7
16,28
16,28
16,13
16,13
16,13
16,26
17,9
17,1
17,17
17,17
17,17
17,17
17,17
17,17
17,17
17,17
17,17
17,17
17,17
17,17
17,17
17,1
18,13
18,26
18,26
18,12
18,12
18,12
18,12
18,12
18,12
18,12
18,12
18,12
18,12
18,12
18,12
18,3
18,12
18,12
18,12
18,26
18,26
18,11
18,11
19,24
19,24
19,1
19,0
19,0
19,1
19,24
19,20
20,9
20,9
20,24
20,7
20,9
20,20
20,23
20,9
20,9
20,9
20,20
20,9
20,9
20,9
20,9
20,20
20,7
21,9
21,26
21,6
21,20
21,20
21,20
21,9
21,9
21,9
21,24
22,22
22,22
22,22
22,22
22,22
22,22
22,22
22,22
22,22
22,22
22,22
22,22
22,2
22,22
22,22
22,22
22,22
22,22
22,22
22,22
22,22
22,22
22,22
22,22
22,22
22,22
22,22
22,22
22,22
22,22
22,22
22,22
22,22
22,22
22,22
23,23
23,23
23,23
23,23
23,23
23,23
23,23
23,23
23,23
23,23
23,23
23,23
23,23
24,3
24,26
24,24
24,3
24,24
24,24
24,24
24,1
24,24
24,1
24,24
24,17
24,1
24,24
24,12
24,12
24,12
24,1
24,7
24,24
24,24
24,24
24,24
25,26
25,9
25,26
25,26
25,2
25,2
25,3
25,13
25,5
25,13
25,26
25,26
25,3
25,3
25,3
25,13
25,13
26,26
26,10
26,5
26,13
26,13
26,13
26,13
26,26
26,10
26,10
26,10
26,10
26,26
26,10
26,10
26,10
26,10
26,10
26,10
26,10
26,26
26,2
26,2
26,2
26,2
26,10
26,10
26,10
26,10
26,10
26,10
26,10
26,10
26,10
26,26
27,26
27,2
27,2
27,2
27,26
27,4
27,1
27,7
27,7
27,1
27,1
27,1
27,7
27,7
27,7
27,13
27,2
28,12
28,1
28,12
28,1
28,1
28,11
28,12
28,1
28,11
28,4
28,1
28,4
28,1
28,1
28,1
2,2
2,10
2,2
2,2
2,2
2,2
2,2
2,2
2,2
2,2
2,2
2,2
2,2
2,2
2,2
2,2
2,6
2,2
2,2
2,2
2,2
2,2
2,2
2,2
2,2
2,20
2,2
2,2
2,2
3,26
3,3
3,3
3,3
3,3
3,12
3,12
3,12
3,12
3,26
3,26
3,3
3,26
3,26
3,26
3,26
3,3
3,3
3,3
3,26
3,26
3,26
3,10
3,26
3,26
3,26
3,12
3,21
3,26
3,21
3,21
3,21
3,26
3,26
3,3
3,3
3,3
3,3
3,3
3,26
3,26
4,4
4,7
4,4
4,1
4,11
4,11
4,11
4,13
4,4
4,13
4,13
4,13
4,7
4,4
4,4
4,11
4,11
4,4
4,4
4,4
4,4
4,4
4,13
4,13
4,4
4,4
4,4
4,4
4,13
4,13
4,13
4,13
4,4
4,4
4,11
4,11
4,4
5,26
5,26
5,26
5,26
5,24
5,26
5,6
5,0
5,26
5,10
5,5
5,13
5,26
5,26
5,12
5,26
5,26
5,5
5,13
5,26
5,9
5,26
5,26
5,26
5,5
5,26
5,26
5,24
5,26
5,26
5,26
5,5
5,26
5,5
5,5
5,13
5,5
5,5
5,5
5,26
5,26
5,26
5,9
5,6
5,9
6,6
6,6
6,6
6,6
6,6
6,6
6,6
6,6
6,0
6,6
6,6
6,6
6,6
6,6
6,6
7,7
7,7
7,7
7,7
7,7
7,7
7,7
7,7
7,7
7,7
7,7
7,7
7,7
7,7
7,7
8,8
8,8
8,8
8,8
8,8
8,8
8,8
8,8
8,8
8,8
8,8
8,8
8,8
9,9
9,9
9,9
9,9
9,9
9,9
9,9
9,9
9,9
9,9
9,9
9,9
9,9
9,9
9,9
9,9
9,9
9,9
9,9
9,9
9,9
9,9
9,9
9,26
9,9
9,9
9,9
9,9
9,9
9,9
9,9
9,9
9,9
9,2
9,9
9,9
9,9
9,9
9,9
9,9
9,9
9,9
9,9
10,10
10,10
10,10
10,10
10,10
10,10
10,10
10,10
10,10
10,10
10,10
10,10
10,10
10,10
10,13
10,10
10,10
10,10
10,10
10,10
10,10
10,10
10,10
10,10
10,10
10,10
10,10
10,10
10,10
10,10
10,10
11,11
11,11
11,11
11,11
11,4
11,11
11,11
11,11
11,11
11,11
11,11
11,11
11,11
11,11
11,11
11,11
11,11
11,11
11,11
11,11
11,11
11,11
11,11
11,11
11,11
11,11
11,13
11,11
11,11
11,11
11,11
11,11
11,11
11,11
11,11
11,11
11,11
11,11
11,11
11,11
11,11
11,11
11,11
11,11
11,11
11,11
11,11
11,11
11,11
12,12
12,12
12,12
12,12
12,12
12,12
12,12
12,12
12,12
12,12
12,12
12,12
12,12
12,12
12,12
12,12
12,12
12,12
12,12
12,12
12,12
12,12
12,12
12,12
12,12
12,12
12,12
12,12
12,12
12,12
12,12
12,12
12,12
12,12
12,12
12,12
12,12
12,12
12,12
12,12
12,12
12,12
12,12
12,12
12,12
12,12
12,12
12,12
12,12
12,12
12,12
12,12
12,12
12,12
12,12
13,13
13,13
13,13
13,13
13,13
13,13
13,13
13,13
13,13
13,13
13,13
13,13
13,13
13,5
13,13
13,13
13,13
13,13
13,13
13,13
13,10
13,13
13,13
13,13
13,13
13,13
13,13
13,13
13,13
14,12
14,12
14,12
14,12
14,9
14,14
14,24
14,17
14,17
14,17
14,17
14,24
14,24
15,22
15,8
15,22
15,3
16,7
16,28
16,8
16,7
16,13
17,26
17,3
17,19
17,17
17,17
17,17
17,17
17,17
17,17
17,17
17,17
17,17
17,19
17,7
17,9
17,3
18,26
18,3
18,13
18,13
18,13
18,13
18,13
18,13
18,13
18,13
18,26
19,13
19,7
19,4
19,1
19,7
19,7
19,7
20,6
20,2
20,20
20,22
20,22
20,6
20,6
20,9
20,20
20,23
20,23
20,9
20,20
21,9
21,22
21,22
21,21
21,22
21,20
21,9
21,9
21,2
21,9
21,9
21,23
21,23
22,2
22,2
22,2
22,2
22,2
22,2
22,2
22,27
22,21
22,22
22,22
22,22
22,22
22,22
22,22
22,2
22,22
22,2
22,22
22,22
22,22
22,22
22,2
22,22
22,21
23,23
23,23
23,23
24,24
24,24
24,24
24,24
24,24
24,24
24,24
24,24
24,24
24,24
24,24
24,24
24,24
24,24
24,24
24,24
24,24
25,25
25,27
25,2
25,2
25,25
25,2
25,2
25,2
25,2
26,10
26,10
26,10
26,26
26,26
26,10
26,13
26,26
26,10
26,26
26,9
26,26
26,26
26,26
26,26
26,12
26,26
26,12
26,26
26,26
26,26
26,26
26,6
26,6
26,9
26,2
26,26
26,26
26,12
26,26
26,12
27,3
27,3
27,26
27,26
27,26
27,26
27,26
27,10
27,26
27,26
27,2
27,26
27,3
27,9
27,9
27,4
27,13
27,26
27,2
27,26
27,2
27,9
27,9
28,2
28,2
28,28
28,22
28,22
28,22
28,22
28,8
28,22
28,8
28,22
0,0
0,0
0,0
0,0
0,0
0,0
0,0
0,0
0,0
0,0
0,0
0,0
0,0
0,0
0,0
0,0
0,0
0,0
0,0
0,0
0,0
0,0
0,0
0,0
0,0
0,0
0,0
0,24
0,24
0,24
0,0
0,0
0,0
0,0
0,0
0,0
0,0
0,0
0,0
0,0
0,0
0,0
0,0
0,0
0,0
0,0
0,0
0,0
0,0
0,0
0,0
0,0
0,0
0,0
0,0
0,0
0,0
0,0
0,0
0,0
0,0
0,0
0,7
0,9
0,0
0,0
0,24
0,0
0,0
0,0
0,0
0,0
0,0
0,0
0,0
0,0
0,0
0,0
0,0
0,0
0,0
0,0
0,0
0,0
0,0
0,0
0,0
0,0
0,0
0,0
0,0
0,0
0,0
0,0
0,0
0,0
0,0
0,0
0,0
0,0
0,0
0,0
0,0
0,0
0,0
2,2
2,2
2,2
2,2
2,2
2,2
2,2
2,2
2,2
2,2
2,2
2,2
2,2
2,2
2,2
2,2
2,2
3,3
3,12
3,12
3,3
3,3
3,26
3,3
3,3
3,3
3,3
3,3
3,3
3,3
3,3
3,12
3,3
3,26
3,26
3,10
3,26
3,26
3,4
3,10
3,10
3,10
3,3
3,3
3,26
3,26
3,26
3,12
3,3
3,3
3,12
3,3
3,3
3,3
3,3
3,3
3,3
3,12
3,24
3,24
3,3
3,3
3,24
3,3
3,3
3,3
3,3
3,3
4,13
4,13
4,9
4,5
4,3
4,24
4,13
4,9
4,13
4,13
4,4
4,13
4,13
4,13
4,10
4,13
4,13
4,13
4,4
4,13
4,13
4,4
4,13
6,6
6,6
6,6
6,6
6,6
6,6
6,6
6,6
6,6
6,6
6,6
6,6
6,6
6,6
6,6
6,6
6,6
6,6
6,6
6,6
6,6
6,6
6,6
6,9
6,6
6,6
6,6
6,6
6,6
6,6
6,6
6,6
6,6
6,6
6,6
6,6
6,0
7,7
7,7
7,7
7,7
7,7
7,7
7,7
7,7
7,7
7,13
7,7
7,7
7,7
7,7
7,7
7,7
7,7
7,7
7,7
7,7
7,7
7,7
7,7
7,13
7,7
7,7
7,7
7,13
7,7
7,7
7,7
7,13
7,7
7,7
7,9
7,9
7,9
7,7
7,7
7,7
7,7
7,7
7,7
7,7
7,7
7,7
7,7
7,24
7,7
7,7
7,7
7,7
7,7
7,9
7,9
7,7
7,7
7,13
7,7
8,8
8,8
8,8
8,8
8,8
8,8
8,8
8,8
8,8
8,8
8,8
8,8
8,8
8,8
8,8
8,8
8,8
8,8
8,8
8,8
8,8
8,8
8,8
8,8
8,8
8,8
8,8
8,8
8,8
8,8
8,8
8,8
8,8
8,8
8,8
8,8
8,8
8,8
8,8
8,8
8,8
8,8
8,8
8,13
8,8
8,8
8,8
9,9
9,9
9,9
9,9
9,9
9,9
9,9
9,9
9,9
9,9
9,9
9,9
9,9
9,9
9,9
9,9
9,9
9,9
9,9
9,9
9,9
9,9
9,9
9,9
9,9
9,9
9,9
9,9
9,9
9,9
9,9
9,9
9,9
9,9
9,9
9,9
9,9
9,9
9,9
9,9
9,9
9,9
9,9
9,9
9,9
9,9
9,9
9,9
9,9
10,10
10,10
10,10
10,10
10,2
10,2
10,2
10,10
10,10
10,10
10,10
10,10
10,10
10,10
10,10
10,2
10,10
10,10
10,10
10,10
10,10
10,10
10,2
10,10
10,10
10,10
10,10
10,10
10,10
10,10
10,26
10,10
10,10
10,10
10,10
10,10
10,10
10,10
10,10
10,10
10,10
10,10
10,10
10,10
10,2
10,26
10,26
10,10
10,2
10,2
10,10
10,10
10,10
10,10
10,10
10,10
10,2
10,10
10,10
10,10
10,10
10,10
10,10
10,10
10,10
10,2
10,10
10,10
10,2
11,11
11,11
11,11
11,11
11,11
11,11
11,4
11,11
11,11
11,11
11,11
11,11
11,11
11,11
11,11
11,11
11,11
11,11
11,11
11,11
11,11
11,11
11,11
11,11
11,11
11,11
11,11
11,11
11,11
11,11
11,11
11,11
11,11
11,11
11,11
11,11
11,11
11,11
11,11
11,11
11,11
11,11
11,13
11,13
11,11
11,11
11,11
11,11
11,11
11,11
11,11
11,11
11,11
11,11
11,11
11,11
11,11
11,11
11,11
11,11
11,11
11,11
11,10
11,13
11,11
11,13
11,13
11,13
11,11
11,11
11,10
11,11
11,11
11,11
11,11
11,11
11,11
11,11
11,11
11,11
11,11
11,11
11,4
12,12
12,12
12,12
12,12
12,12
12,12
12,12
12,12
12,12
12,12
12,12
12,12
12,12
12,12
12,12
12,12
12,12
12,12
12,12
12,12
12,12
12,12
12,12
12,12
12,12
12,12
12,12
12,12
12,12
12,3
12,12
12,12
12,24
12,24
12,12
12,12
12,12
12,12
12,24
12,12
12,12
12,12
12,9
12,9
12,3
12,12
12,12
12,3
12,12
13,11
13,11
13,13
13,13
13,7
13,1
13,28
13,13
13,7
13,13
13,13
13,11
13,11
13,11
13,11
13,13
13,13
13,13
13,13
13,7
13,8
13,23
13,6
13,13
13,13
13,13
13,13
13,7
13,7
13,13
13,26
13,13
13,13
13,13
13,13
13,13
13,13
13,13
13,13
13,13
13,13
13,13
13,13
13,5
13,2
13,10
13,13
13,13
13,13
14,12
14,9
14,24
14,24
14,1
14,1
14,24
14,17
14,24
14,24
14,24
14,17
14,17
14,24
14,24
14,24
14,24
15,21
15,22
15,21
15,27
16,9
16,13
16,7
16,28
16,4
16,1
16,4
17,3
17,24
17,24
17,17
17,17
17,17
17,17
17,17
17,17
17,17
17,17
17,17
17,17
17,17
17,7
17,19
17,12
18,26
18,3
18,19
18,17
18,17
18,17
18,17
18,17
18,17
18,17
18,18
18,18
18,18
18,18
18,18
18,18
18,17
18,18
18,18
18,4
18,4
19,7
19,7
19,24
19,24
19,24
19,24
19,24
19,0
19,0
19,7
20,9
20,9
20,9
20,9
20,9
20,20
20,9
20,7
20,7
20,24
20,24
20,6
20,9
20,24
20,7
20,9
20,9
20,20
20,6
20,2
20,6
21,22
21,8
21,9
21,6
21,9
21,9
21,20
21,6
21,9
21,2
21,2
21,2
21,21
22,22
22,22
22,22
22,22
22,22
22,22
22,22
22,22
22,22
22,22
22,2
22,22
22,2
22,22
22,21
22,22
22,2
22,2
22,2
22,2
22,22
23,6
23,23
23,23
23,23
23,23
23,23
23,23
23,23
23,23
23,23
23,23
24,24
24,9
24,3
24,24
24,26
24,3
24,24
24,24
24,24
24,24
24,24
24,12
24,12
24,24
24,24
24,24
24,24
24,24
24,24
24,6
24,9
25,2
25,2
25,2
25,2
25,26
25,3
25,3
25,26
25,3
25,26
25,26
25,2
25,2
25,2
25,9
26,2
26,9
26,9
26,6
26,9
26,2
26,9
26,26
26,26
26,26
26,26
26,3
26,3
26,26
26,26
26,26
26,26
26,26
26,9
26,26
26,26
26,3
26,26
26,26
26,26
26,10
26,10
26,26
26,26
26,26
26,26
26,26
26,2
26,26
26,26
26,26
26,25
26,26
26,26
27,2
27,22
27,2
27,21
27,21
27,22
27,21
27,9
27,2
27,25
27,13
27,24
27,3
27,9
27,9
27,21
27,22
28,22
28,28
28,28
28,22
28,22
28,22
28,2
28,22
28,22
28,22
28,22
28,22
28,22
28,22
28,22
28,22
28,22
28,2
28,22
0,0
0,0
0,0
0,0
0,23
0,0
0,0
0,0
0,0
0,0
0,0
0,0
0,0
0,0
0,0
0,0
0,0
0,0
0,0
0,0
0,0
0,0
0,0
0,0
0,0
0,0
0,0
0,0
0,0
0,0
0,0
0,0
0,0
0,0
0,0
0,0
0,0
0,0
0,0
0,0
0,0
0,0
0,0
0,1
0,0
0,0
0,0
0,0
0,0
0,6
0,7
0,7
0,7
0,6
0,0
0,0
0,0
0,0
0,0
2,9
2,9
2,7
2,6
2,9
2,9
2,7
2,9
2,9
2,6
2,8
2,6
2,0
2,28
2,6
2,6
2,7
2,9
2,13
2,7
2,9
2,2
2,9
2,22
2,21
2,2
2,22
2,21
2,2
2,21
2,2
2,22
2,22
2,13
2,22
2,21
2,22
2,8
2,9
2,9
2,21
3,3
3,3
3,3
3,3
3,3
3,3
3,17
3,3
3,3
3,3
3,3
3,3
3,3
3,3
3,3
3,3
3,3
3,17
3,3
3,3
3,3
3,3
3,3
3,3
3,3
3,3
3,17
3,17
3,14
3,19
3,3
3,3
3,3
3,3
3,3
3,3
3,17
3,17
3,17
3,17
3,17
3,17
3,17
3,3
3,9
3,3
3,3
3,3
3,3
4,28
4,28
4,13
4,13
4,13
4,13
4,13
4,13
4,13
4,13
4,4
4,13
4,13
4,13
4,13
4,13
4,13
4,28
4,28
4,7
4,7
4,13
4,4
4,11
4,11
4,28
4,28
4,28
4,28
4,13
4,28
4,13
4,8
4,13
4,13
4,18
4,18
4,18
4,7
4,13
4,28
4,13
4,11
4,13
4,8
4,8
4,28
4,28
4,28
4,28
4,28
4,28
4,28
4,28
4,28
4,13
4,28
4,28
4,13
6,7
6,7
6,9
6,9
6,20
6,9
6,7
6,9
6,20
6,9
6,9
6,7
6,7
6,7
6,6
6,7
6,9
6,7
6,9
6,7
6,7
6,7
6,7
6,7
6,7
6,7
6,7
6,9
6,7
6,9
6,7
6,6
6,6
6,7
6,6
6,6
6,0
6,6
6,6
7,9
7,7
7,9
7,9
7,9
7,7
7,20
7,7
7,20
7,7
7,7
7,9
7,9
7,9
7,9
7,9
7,9
7,9
7,9
8,8
8,8
8,8
8,8
8,8
8,8
8,8
8,8
8,8
8,8
8,8
8,8
8,8
8,8
8,8
8,8
8,8
8,8
8,8
8,8
8,8
8,8
8,20
8,8
8,8
8,15
8,8
8,8
8,8
8,8
8,8
8,23
8,8
9,9
9,9
9,9
9,6
9,9
9,9
9,9
9,9
9,9
9,9
9,9
9,9
9,9
9,9
9,9
9,7
9,9
9,9
9,9
9,9
9,9
9,9
9,9
9,9
9,9
9,9
9,9
9,9
9,9
9,9
9,9
9,9
9,9
9,9
9,9
9,9
9,20
9,9
9,9
9,9
9,21
9,9
9,9
9,9
9,9
9,9
9,9
9,9
9,9
9,9
9,9
9,9
9,9
10,10
10,10
10,10
10,10
10,10
10,10
10,10
10,4
10,4
10,10
10,10
10,11
10,10
10,10
10,10
10,10
10,11
10,11
10,10
10,10
10,10
10,10
10,10
10,10
10,10
10,10
10,10
10,13
10,10
10,10
10,10
10,10
10,10
10,10
10,10
10,10
10,10
10,10
10,10
10,10
10,10
10,10
10,13
10,13
10,10
10,10
10,10
10,10
10,10
10,10
10,10
10,10
10,10
10,10
10,10
10,10
10,10
10,13
10,13
10,10
10,10
11,11
11,11
11,11
11,11
11,11
11,11
11,11
11,11
11,11
11,28
11,11
11,11
11,11
11,11
11,28
11,11
11,11
11,11
11,11
11,11
11,11
11,11
11,11
11,11
11,28
11,11
11,11
11,11
11,11
11,11
11,11
11,11
11,11
11,11
11,11
11,11
11,11
11,11
11,11
11,11
11,11
11,28
11,11
11,11
11,11
11,11
11,11
11,11
11,11
11,11
11,11
12,12
12,12
12,24
12,12
12,12
12,12
12,12
12,12
12,12
12,12
12,12
12,12
12,12
12,12
12,12
12,12
12,12
12,12
12,12
12,12
12,12
12,12
12,24
12,24
12,12
12,12
12,12
12,12
12,12
13,13
13,13
13,13
13,13
13,13
13,13
13,8
13,13
13,7
13,9
13,13
13,13
13,13
13,13
13,8
13,13
13,8
13,13
13,13
13,13
13,13
13,13
13,13
13,13
13,8
13,8
13,8
13,16
13,13
13,13
13,13
13,13
13,13
13,13
13,13
13,13
13,13
13,13
13,13
13,13
13,13
13,13
13,13
14,3
14,14
14,3
14,3
14,3
14,9
14,9
14,24
14,17
14,17
14,17
14,17
14,17
14,17
14,17
14,17
14,17
14,17
14,20
14,14
14,3
15,8
15,15
15,15
15,25
15,13
16,9
16,7
16,7
16,20
16,21
16,8
16,8
17,22
17,8
17,25
17,25
17,17
17,17
17,17
17,17
17,17
17,17
17,17
17,17
17,17
17,17
17,17
17,17
17,17
17,17
17,17
17,17
17,17
17,17
17,17
17,17
17,17
17,17
17,3
17,20
17,20
17,15
17,22
17,22
17,22
18,21
18,21
18,25
18,3
18,3
18,18
18,18
18,18
18,18
18,18
18,13
18,25
18,13
18,25
18,13
18,15
18,15
18,13
18,25
18,1
19,25
19,25
19,25
19,7
19,3
19,1
19,19
19,20
19,8
19,28
19,22
19,8
19,8
19,8
19,8
20,7
20,9
20,9
20,20
20,8
20,21
20,8
20,9
20,20
20,21
20,21
20,22
20,22
21,21
21,21
21,22
21,22
21,22
21,22
21,8
21,8
21,22
21,22
21,22
21,22
21,22
21,21
21,21
21,21
21,8
21,21
21,21
21,9
21,9
22,22
22,22
22,22
22,22
22,22
22,22
22,22
22,22
22,22
22,22
22,8
22,21
22,22
22,22
22,22
22,22
22,22
22,22
22,0
23,23
23,23
23,23
23,23
23,23
23,23
23,23
23,23
23,23
23,23
23,23
23,23
23,23
23,23
23,23
24,7
24,24
24,24
24,24
24,24
24,24
24,24
24,24
24,24
24,24
24,24
24,24
24,24
24,24
24,24
24,24
24,24
24,24
24,24
24,24
24,24
24,24
24,24
24,24
24,7
24,7
24,7
24,24
24,7
24,7
24,7
24,24
24,24
24,7
24,7
24,24
24,24
24,24
24,24
25,25
25,8
25,8
25,13
25,13
25,21
25,25
25,25
25,8
25,15
25,25
25,13
25,13
25,13
25,8
25,7
25,17
25,18
25,28
25,28
25,28
26,26
26,26
26,26
26,26
26,13
26,27
26,2
26,26
26,2
26,2
26,25
26,2
26,22
26,2
26,22
26,22
26,22
27,22
27,21
27,22
27,22
27,21
27,9
27,24
27,24
27,3
27,3
27,3
27,3
27,26
27,26
27,9
27,9
27,9
27,21
27,21
27,22
28,7
28,28
28,28
28,7
28,28
28,28
28,28
28,28
28,28
28,28
28,28
28,28
28,28
28,4
28,4
28,7
28,28
28,28
28,28
28,28
28,28
28,28
28,28
28,28
28,28
28,28
28,1
28,28
28,28
28,28
28,28
28,28
28,28
28,1
28,7
28,28
28,7
28,7
28,13
28,13
28,8
28,8
28,28
28,13
28,13
0,0
0,0
0,0
0,0
0,0
0,0
0,0
0,0
0,0
0,0
0,0
0,0
0,0
0,0
0,0
0,0
0,0
0,0
0,0
0,0
0,0
0,0
0,0
0,0
0,0
0,0
0,0
0,0
0,0
0,0
0,0
0,0
0,0
0,0
0,0
0,0
0,0
0,0
0,0
0,0
0,0
0,0
0,0
0,0
0,0
0,0
0,0
0,0
0,0
0,0
0,0
0,0
0,0
0,0
0,0
0,0
0,0
0,0
0,0
0,0
0,0
0,0
0,0
0,0
0,0
0,0
0,0
0,0
0,0
0,0
0,0
0,0
0,0
0,0
0,0
0,0
0,0
0,0
0,0
0,0
0,0
0,0
0,0
0,0
0,0
0,0
0,0
0,0
0,0
0,0
0,0
0,0
0,0
0,0
0,0
0,0
0,0
0,0
0,0
0,0
0,0
0,0
0,0
0,0
0,0
0,0
0,0
0,0
0,0
0,0
0,0
0,0
0,0
0,0
0,0
0,0
0,0
0,0
0,0
0,0
0,0
0,0
0,0
0,0
0,0
0,0
0,0
0,0
0,0
0,0
0,0
0,24
0,0
0,0
0,0
0,0
0,0
0,0
0,0
0,0
0,0
0,0
0,0
0,0
0,0
0,0
0,0
0,0
0,0
0,0
0,0
0,0
0,0
0,0
0,0
0,0
0,0
0,0
0,0
0,0
0,0
0,0
0,0
0,0
0,0
0,0
0,0
0,0
0,0
0,0
0,0
0,0
0,0
0,0
0,0
0,0
0,0
0,0
0,0
0,0
0,0
0,0
0,0
0,0
0,0
0,1
2,2
2,2
2,2
2,2
2,2
2,9
2,2
2,2
2,2
2,2
2,2
2,2
2,2
2,2
2,2
2,2
2,2
2,26
2,2
2,2
2,2
2,2
2,2
2,2
2,2
2,2
2,2
2,9
2,9
2,2
2,9
2,2
2,9
2,9
2,9
2,26
2,26
2,2
2,2
2,2
2,9
2,2
2,2
2,2
2,2
2,2
2,2
2,22
2,2
2,2
2,2
2,2
2,2
2,2
2,2
2,2
2,25
2,2
2,2
2,22
2,22
2,2
2,25
2,25
2,25
2,22
2,22
2,2
2,2
2,2
2,22
2,22
2,22
7,7
7,7
7,7
7,7
7,7
7,7
7,7
7,7
7,7
7,7
7,7
7,7
7,7
7,7
7,7
7,7
7,7
7,7
7,7
7,7
7,7
7,7
7,7
7,7
7,7
7,7
7,7
7,7
7,7
7,7
7,7
7,7
7,7
7,7
7,7
7,7
7,7
7,7
7,7
7,7
7,7
7,7
7,7
7,7
7,7
7,7
7,7
7,7
7,7
7,7
7,7
7,7
7,7
7,7
7,7
7,7
7,7
7,7
7,7
7,7
7,7
7,7
7,7
7,7
7,7
7,7
7,7
7,7
7,7
7,7
7,7
7,7
7,7
7,7
7,7
7,7
7,7
7,7
7,7
10,10
10,10
10,10
10,10
10,10
10,10
10,10
10,10
10,10
10,10
10,10
10,10
10,10
10,10
10,10
10,10
10,10
10,10
10,10
10,10
10,10
10,10
10,10
10,10
10,10
10,10
10,10
10,10
10,10
10,10
10,13
10,10
10,10
10,26
10,26
10,10
10,10
10,10
10,10
10,10
10,10
10,10
10,10
10,10
10,10
10,10
10,10
10,10
10,10
10,10
10,10
10,10
10,10
10,10
10,10
10,10
10,10
10,10
10,10
10,10
10,10
10,10
10,10
10,10
10,10
10,10
10,10
10,10
10,10
10,10
10,10
10,10
10,10
10,10
10,10
10,10
10,10
10,10
10,10
10,10
10,10
10,10
10,10
10,10
10,10
10,10
10,10
10,10
10,10
10,10
10,10
10,10
10,10
10,10
10,13
10,10
10,10
10,10
10,10
10,10
10,10
10,10
10,10
10,10
10,10
10,10
10,10
10,10
10,10
10,10
10,10
10,10
10,10
10,10
10,10
10,10
10,10
10,10
10,10
10,10
10,10
10,10
10,10
10,10
10,10
10,10
10,10
10,10
10,10
10,10
10,10
10,10
10,10
10,10
10,10
10,10
10,10
10,10
10,10
10,10
10,10
10,10
10,10
10,10
10,10
10,10
10,10
10,10
10,10
10,5
11,2
11,25
11,25
11,27
11,2
11,2
11,9
11,2
11,26
11,5
11,24
11,3
11,3
11,9
11,2
12,7
12,7
12,20
12,7
12,20
12,7
12,7
12,13
12,13
12,13
12,9
12,7
12,20
12,7
12,7
12,9
12,7
12,7
12,7
12,20
12,7
12,20
12,7
13,9
13,20
13,21
13,22
13,22
13,22
13,22
13,21
13,2
13,2
13,2
14,13
14,9
14,7
14,7
14,9
14,9
14,7
14,7
14,9
14,9
14,8
14,8
14,13
15,8
15,13
15,25
15,7
15,7
15,1
15,1
15,7
15,25
15,13
17,13
17,13
17,26
17,10
17,26
19,22
19,22
19,22
19,22
19,22
19,22
19,22
20,7
20,1
20,20
20,20
20,20
20,20
20,20
20,20
20,20
20,20
20,20
20,20
20,20
20,20
20,20
20,20
20,20
20,20
20,20
20,20
20,20
20,20
20,20
20,20
20,20
20,20
20,20
20,20
20,20
20,20
20,20
20,20
20,20
20,20
20,20
20,20
20,20
20,20
20,20
20,20
20,20
20,20
20,20
20,20
20,20
20,20
20,20
20,20
20,20
20,20
20,20
20,20
20,20
20,20
20,20
20,20
20,20
20,20
20,20
20,20
20,20
20,20
20,20
20,20
20,20
20,20
20,20
20,20
20,17
20,14
20,14
20,3
20,3
20,3
20,14
20,13
20,4
21,26
21,26
21,21
21,22
21,22
21,26
21,26
21,26
21,26
21,3
21,21
21,22
21,22
21,11
21,26
21,11
21,11
21,13
21,13
21,13
21,26
21,21
21,21
21,26
21,21
21,26
21,21
21,11
21,11
21,22
21,22
21,22
21,22
21,22
21,22
21,24
21,26
21,4
21,4
21,26
21,21
21,12
21,12
21,21
21,21
21,21
21,21
21,3
21,26
21,26
21,13
21,11
21,22
21,22
21,26
21,26
21,10
21,21
21,12
21,10
21,13
21,13
21,10
21,26
21,26
21,21
21,22
21,22
21,18
22,22
22,22
22,22
22,22
22,22
22,22
22,22
22,22
22,22
22,22
22,22
22,22
22,22
22,22
22,22
22,22
22,22
22,22
22,22
22,22
22,22
22,22
22,22
22,22
22,22
22,22
22,22
22,22
22,22
22,22
22,22
22,22
22,22
22,22
22,22
22,22
22,22
22,22
22,22
22,22
22,22
22,22
22,22
22,22
22,22
22,22
22,22
22,22
22,22
23,23
23,23
23,23
23,23
23,23
23,23
23,23
23,23
23,10
23,23
23,23
23,23
23,23
23,23
23,23
23,23
23,23
23,23
23,23
23,23
23,23
23,23
23,23
23,23
23,23
23,23
23,23
23,23
23,23
23,23
23,23
23,23
23,23
23,23
23,23
23,23
23,23
23,23
23,23
23,10
23,23
23,23
23,23
23,23
23,23
23,23
23,23
23,11
23,11
23,23
23,23
23,23
23,23
23,23
23,23
23,23
23,23
23,23
23,23
23,23
23,23
23,23
23,10
23,10
23,23
23,23
23,23
23,23
23,10
23,23
23,23
23,23
23,23
23,23
23,23
23,23
23,23
23,23
23,23
23,23
23,23
23,23
23,23
23,23
23,23
23,23
23,23
23,23
23,23
6,6
6,6
6,6
6,6
6,6
6,6
6,6
6,6
6,6
6,6
6,6
6,6
6,6
6,6
6,6
6,6
6,6
6,6
6,6
6,6
6,6
6,6
6,6
6,6
6,6
6,6
6,6
0,0
0,0
0,0
0,0
0,0
0,0
0,0
0,0
0,0
0,0
0,0
0,0
0,0
0,0
0,0
0,0
0,0
0,0
0,0
0,0
0,0
0,0
0,0
0,0
0,0
0,0
0,0
0,0
0,0
0,0
0,0
0,0
0,0
0,0
0,0
0,0
0,0
0,0
0,0
0,0
0,0
0,0
0,0
0,0
0,0
0,0
0,0
0,0
0,0
0,0
0,0
0,0
0,0
0,0
0,0
0,0
0,0
0,0
0,0
0,0
0,0
0,0
0,0
0,0
0,0
0,0
0,0
0,0
0,0
0,0
0,0
0,0
0,0
0,0
0,0
0,0
0,0
0,0
0,0
0,0
0,0
0,0
0,0
0,0
0,0
0,0
0,0
0,0
0,0
0,0
0,0
0,0
0,0
0,0
0,0
0,0
0,0
0,0
0,0
0,0
0,0
0,0
0,0
0,0
0,0
0,0
0,0
0,0
0,0
0,0
0,24
0,9
0,3
0,2
0,6
0,6
0,0
0,0
0,0
0,0
0,0
0,0
0,0
0,0
0,0
0,0
0,0
0,0
0,0
0,0
0,0
0,0
0,0
0,0
0,0
0,0
0,0
0,0
0,0
0,0
0,0
0,0
0,0
0,0
0,0
0,0
0,0
0,0
0,0
0,0
0,0
0,0
0,0
0,0
0,0
0,0
0,0
0,0
0,0
0,0
0,0
0,0
0,6
0,24
1,1
1,1
1,1
1,1
1,1
1,7
1,1
1,1
1,1
1,1
1,1
1,1
1,1
1,1
1,1
1,1
1,1
1,7
1,1
1,1
1,1
1,1
1,1
1,1
1,1
1,1
1,1
1,1
1,1
1,1
1,1
1,1
1,1
1,1
1,1
1,1
1,1
1,1
1,1
1,1
1,1
1,1
1,1
1,1
1,24
1,24
1,0
1,0
1,1
1,1
1,1
1,1
1,1
1,1
1,1
1,1
1,1
1,1
1,1
1,0
1,1
1,0
1,1
1,1
1,1
1,1
1,1
1,1
1,1
1,1
1,1
1,1
1,1
1,1
1,1
1,1
1,1
1,1
1,1
1,1
1,1
1,1
1,1
1,1
1,1
1,1
1,1
1,1
1,1
1,1
1,1
1,1
1,1
1,1
1,1
1,1
1,1
1,1
1,1
1,1
1,1
1,1
1,1
1,1
1,1
1,1
1,1
1,1
1,1
1,1
1,1
1,1
1,0
1,1
1,1
1,1
1,1
1,1
1,1
1,0
1,1
1,1
1,1
1,1
1,1
1,1
1,1
1,1
1,1
1,1
1,1
1,1
1,1
1,1
1,1
1,1
1,1
1,1
1,1
1,1
1,1
1,1
1,1
1,1
1,1
1,1
1,1
1,1
1,1
1,1
1,1
1,1
1,1
1,1
1,1
1,1
1,1
1,1
1,1
1,1
1,1
1,1
1,1
1,1
1,1
1,1
1,1
1,1
1,1
1,1
1,1
1,1
1,1
1,1
1,1
1,1
1,1
1,1
1,1
1,1
1,1
1,1
1,24
1,1
1,1
1,1
1,1
1,1
1,1
1,1
1,1
1,1
1,1
1,1
1,1
1,1
1,1
1,1
1,1
1,1
1,1
1,1
1,1
1,1
1,1
1,1
1,1
1,0
1,1
1,1
1,1
1,1
1,1
1,1
1,1
1,1
1,0
1,1
1,0
1,0
1,0
1,0
1,0
1,1
1,0
1,24
1,1
1,1
1,1
1,1
1,1
1,1
1,1
1,1
1,1
1,1
1,1
1,1
1,1
1,1
1,1
1,1
1,1
1,24
1,1
1,1
1,1
1,1
1,1
1,1
1,1
1,1
1,1
1,1
1,1
1,1
2,2
2,2
2,2
2,2
2,2
2,2
2,8
2,2
2,2
2,2
2,2
2,2
2,2
2,2
2,2
2,2
2,2
2,2
2,2
2,2
2,2
2,2
2,2
2,2
2,2
2,2
2,2
2,2
2,2
2,2
2,2
2,2
2,2
2,2
2,2
2,2
2,2
2,2
2,2
2,2
2,2
2,2
2,2
2,2
2,2
2,2
2,2
2,2
2,2
2,2
2,2
2,22
2,22
2,2
2,2
2,2
2,2
2,2
2,2
2,2
2,2
2,2
2,2
2,2
2,2
2,2
2,2
2,2
2,2
2,2
2,2
2,2
2,2
2,2
2,2
2,2
2,2
2,2
2,2
2,2
2,2
2,2
2,2
2,2
2,2
2,22
3,3
3,3
3,3
3,3
3,3
3,3
3,12
3,3
3,3
3,3
3,3
3,3
3,3
3,3
3,3
3,3
3,3
3,3
3,3
3,3
3,3
3,3
3,3
3,3
3,12
3,3
3,3
3,3
3,3
3,3
3,3
3,12
3,12
3,12
3,3
3,3
3,24
3,3
3,24
3,3
3,26
3,12
3,26
3,3
3,3
3,3
3,24
3,24
3,3
3,3
3,3
3,3
3,3
3,3
3,3
3,3
3,3
3,3
3,3
3,3
3,3
3,3
3,3
3,3
3,3
3,3
3,3
3,3
3,3
3,3
3,3
3,3
3,3
3,3
3,3
3,3
3,3
3,3
3,3
3,3
3,3
3,3
3,3
3,3
3,3
3,3
3,3
3,3
3,3
3,3
3,3
3,3
3,3
3,3
3,3
3,3
3,3
3,3
3,3
3,3
3,3
3,3
3,3
3,3
3,3
3,3
3,3
3,3
3,3
3,3
3,3
3,3
4,4
4,4
4,4
4,13
4,13
4,11
4,11
4,4
4,13
4,4
4,4
4,4
4,4
4,11
4,11
4,11
4,11
4,11
4,11
4,13
4,4
4,11
4,13
4,4
4,4
4,13
4,11
4,13
4,13
4,4
4,11
4,13
4,13
4,4
4,4
4,4
4,4
4,4
4,13
4,13
4,4
4,4
4,4
4,13
4,13
4,13
4,13
4,13
4,13
4,13
4,4
4,4
4,4
4,4
4,13
4,4
4,4
4,13
4,13
4,4
4,13
4,13
4,26
4,13
4,13
4,13
4,5
4,13
4,13
4,13
4,2
4,2
4,13
4,13
4,13
4,13
4,13
4,13
4,13
4,13
4,13
4,13
4,13
4,13
4,13
4,13
4,13
4,13
4,13
4,13
4,13
4,13
4,13
4,13
4,13
4,13
4,13
4,13
4,13
4,13
4,13
4,13
4,13
4,13
4,13
4,4
5,4
5,4
5,4
5,4
5,4
5,5
5,13
5,13
5,13
5,13
5,4
5,13
5,13
5,13
5,13
5,13
5,7
5,13
5,13
5,13
5,13
5,13
5,13
5,13
5,13
5,13
5,13
5,13
5,13
5,13
5,13
5,13
5,13
5,13
5,13
5,13
5,13
6,6
6,6
6,6
6,6
6,6
6,6
6,6
6,6
6,6
6,6
6,6
6,6
6,6
6,6
6,9
6,6
6,6
6,6
6,6
6,6
6,6
6,6
6,6
6,6
6,6
6,6
6,6
6,6
6,6
6,6
6,6
6,6
6,6
6,6
6,6
6,6
6,6
6,6
6,6
6,6
6,6
6,6
6,6
6,6
6,6
6,6
6,6
6,6
6,6
6,6
6,6
6,6
6,6
6,6
6,6
6,6
6,6
6,6
6,6
6,6
6,6
6,6
6,6
6,6
6,6
6,6
7,7
7,7
7,7
7,9
7,9
7,7
7,7
7,20
7,7
7,7
7,9
7,20
7,7
7,7
7,7
7,7
7,7
7,7
7,7
7,7
7,7
7,7
7,7
7,7
7,7
7,7
7,7
7,7
7,7
7,7
7,7
7,7
7,7
7,7
7,7
7,7
7,7
7,7
7,7
7,7
7,7
7,7
7,7
7,7
7,7
7,7
7,7
7,7
7,7
7,7
7,7
7,7
7,7
7,7
7,7
7,7
7,7
7,7
7,7
7,7
7,7
7,7
7,7
7,7
7,7
7,7
7,7
7,7
7,7
7,7
7,7
7,7
7,7
7,7
7,7
7,7
7,7
7,7
7,7
7,7
7,7
7,7
7,7
7,7
7,7
7,7
7,7
7,7
7,7
7,7
7,7
7,7
7,7
7,7
7,7
7,7
7,7
7,7
7,7
7,7
7,7
7,7
7,7
7,7
7,7
7,7
7,7
7,7
7,7
7,7
7,7
7,7
7,7
7,7
7,7
7,7
7,7
7,7
7,7
7,7
7,7
7,7
8,8
8,8
8,8
8,8
8,8
8,8
8,8
8,8
8,8
8,8
8,8
8,8
8,8
8,8
8,8
8,8
8,8
8,8
8,8
8,8
8,8
8,8
8,8
8,8
8,8
8,8
8,8
8,8
8,8
8,8
8,8
8,8
8,8
8,8
8,8
8,8
8,8
8,8
8,8
8,8
8,8
8,8
8,8
8,8
8,8
8,8
8,8
8,8
8,8
8,8
8,8
8,8
8,8
8,8
8,8
8,8
8,8
8,8
8,8
8,8
8,8
8,8
8,8
8,8
8,8
8,8
8,8
8,8
8,8
8,8
8,8
8,8
8,8
8,8
8,8
8,8
8,8
8,8
8,8
8,8
9,6
9,9
9,6
9,6
9,9
9,6
9,9
9,9
9,9
9,9
9,9
9,9
9,6
9,9
9,9
9,24
9,9
9,9
9,9
9,9
9,9
9,9
9,9
9,9
9,9
9,9
9,9
9,9
9,9
9,9
9,9
9,9
9,9
9,9
9,9
9,9
9,9
9,9
9,9
9,9
9,9
9,9
9,9
9,9
9,9
9,9
9,9
9,9
9,2
9,2
9,9
9,2
9,2
9,9
9,9
9,5
9,9
9,9
9,9
9,9
9,9
9,9
9,9
9,9
9,9
9,9
9,9
9,9
9,9
9,9
9,9
9,7
9,9
9,9
9,9
9,9
9,9
9,9
9,9
9,9
9,9
9,9
9,9
9,9
9,9
9,9
9,9
9,9
9,9
9,9
9,9
9,9
9,9
9,9
9,9
9,9
9,9
9,9
9,9
9,0
9,9
9,9
9,9
9,9
9,9
9,9
9,9
9,9
9,9
9,9
9,9
9,9
9,3
9,9
9,9
9,9
9,9
9,9
9,24
9,0
9,9
9,9
9,9
9,9
9,9
9,9
9,9
9,9
9,9
9,9
9,9
9,9
9,9
9,9
9,9
9,9
9,9
9,9
10,10
10,10
10,10
10,10
10,10
10,10
10,10
10,10
10,10
10,10
10,10
10,10
10,10
10,10
10,10
10,10
10,10
10,10
10,10
10,10
10,10
10,10
10,10
10,10
10,10
10,13
10,13
10,10
10,10
10,10
10,10
10,10
10,10
10,10
10,10
10,10
10,10
10,10
10,10
10,10
10,10
10,10
10,10
10,10
10,10
10,10
10,10
10,10
10,10
10,10
10,5
10,13
10,13
10,10
10,10
10,10
10,10
10,10
10,10
10,10
10,10
10,10
10,10
10,10
10,10
10,10
10,10
10,10
10,10
10,10
10,10
10,10
10,10
10,10
10,10
10,10
10,10
10,10
10,10
10,10
10,10
10,10
10,10
10,10
10,10
10,10
10,10
10,10
10,10
10,10
10,10
10,10
10,10
10,13
10,13
10,10
10,10
10,10
10,10
10,10
10,10
10,10
10,10
10,10
10,10
10,10
10,10
10,10
10,10
10,10
10,10
10,10
10,10
10,10
10,10
10,10
10,10
10,10
10,10
10,10
10,10
10,10
10,10
10,10
10,10
10,10
10,10
10,10
10,26
10,10
10,10
10,10
10,10
10,10
10,10
10,10
10,10
10,10
10,10
10,10
10,10
10,10
10,10
10,10
10,10
10,10
10,10
10,10
10,10
10,10
10,10
10,10
10,10
10,10
10,10
10,10
10,10
10,10
10,10
10,10
10,2
10,10
10,10
10,10
10,10
10,10
10,10
10,10
10,10
10,10
10,10
10,10
10,10
10,10
10,10
10,10
10,10
10,10
10,10
10,10
10,10
10,10
10,10
10,10
10,10
10,26
10,2
10,26
10,10
10,10
10,10
10,10
10,10
10,10
10,10
10,10
10,10
10,10
10,10
10,10
10,10
10,10
10,10
10,10
10,10
10,10
10,10
10,10
10,10
10,10
10,10
10,10
10,10
10,10
10,10
10,10
10,13
10,26
10,10
11,11
11,11
11,13
11,11
11,11
11,13
11,11
11,11
11,11
11,13
11,11
11,11
11,11
11,11
11,11
11,13
11,13
11,11
11,11
11,11
11,11
11,11
11,11
11,11
11,11
11,11
11,13
11,11
11,11
11,13
11,11
11,13
11,13
11,13
11,11
11,11
11,11
11,11
11,13
11,11
11,11
11,11
11,13
11,13
11,11
11,11
11,11
11,11
11,11
11,11
11,11
11,11
11,11
11,11
11,11
11,11
11,11
11,11
11,11
11,11
11,11
11,11
11,11
11,11
11,11
11,11
11,11
11,11
11,11
11,11
11,11
11,11
11,11
11,11
11,11
11,11
11,11
11,11
11,11
11,11
11,11
11,11
11,11
11,11
11,11
11,11
11,11
11,11
11,11
11,11
11,11
11,11
11,11
11,11
11,11
11,11
11,11
11,11
11,11
11,11
11,11
11,11
11,11
11,11
11,11
11,11
11,11
11,11
11,11
11,11
11,11
11,11
11,11
11,11
11,11
11,11
11,11
11,11
11,11
11,11
11,11
11,11
11,11
11,11
11,11
11,11
11,11
11,11
12,12
12,12
12,12
12,12
12,12
12,12
12,12
12,12
12,12
12,12
12,12
12,12
12,12
12,12
12,12
12,12
12,12
12,12
12,12
12,12
12,12
12,12
12,12
12,12
12,12
12,12
12,12
12,12
12,12
12,12
12,12
12,12
12,12
12,12
12,12
12,12
12,12
12,12
12,12
12,12
12,12
12,12
12,12
12,12
12,12
12,12
12,12
12,12
12,12
12,12
12,12
12,11
12,12
12,12
12,12
12,12
12,12
12,12
12,12
12,12
12,12
12,12
12,12
12,12
12,12
12,12
12,12
12,12
12,12
12,12
12,12
12,12
12,11
12,12
12,12
12,12
12,12
12,12
12,12
12,12
12,12
12,12
12,12
12,12
12,12
12,12
12,12
12,12
12,17
12,12
12,12
12,12
12,9
12,9
12,9
12,1
12,1
12,12
12,12
12,12
13,13
13,13
13,13
13,10
13,26
13,10
13,10
13,13
13,13
13,13
13,13
13,13
13,13
13,13
13,13
13,10
13,10
13,10
13,13
13,13
13,13
13,13
13,13
13,13
13,13
13,13
13,13
13,10
13,10
13,13
13,26
13,13
13,13
13,2
13,13
13,13
13,13
13,13
13,13
13,13
13,13
13,13
13,13
13,13
13,13
13,13
13,13
13,13
13,2
13,13
13,13
13,13
13,13
13,10
13,10
13,10
13,11
13,13
13,13
13,13
13,13
13,13
13,13
13,13
13,13
13,5
13,10
13,13
13,13
13,13
13,13
13,13
13,13
13,5
13,13
13,13
13,13
13,26
13,5
13,13
13,26
13,10
13,10
13,10
13,13
13,13
13,13
13,11
13,11
13,11
13,13
13,13
13,11
13,13
13,13
13,11
13,13
13,11
13,13
13,13
13,10
13,11
13,11
13,11
13,13
13,13
13,13
13,13
13,13
13,13
13,26
13,26
13,3
13,10
13,13
13,13
13,13
13,10
13,13
13,10
13,13
13,11
13,11
13,13
13,13
13,13
13,13
13,10
13,11
13,11
13,26
13,26
13,26
13,10
13,13
13,13
13,13
13,11
13,11
13,11
13,5
13,5
14,18
14,11
14,11
14,11
14,4
14,13
14,11
14,11
14,11
14,13
14,13
14,1
14,1
14,1
14,1
14,1
15,22
15,22
15,22
15,22
15,22
15,22
15,22
15,15
15,25
15,22
15,22
15,15
15,22
15,22
15,22
15,22
15,22
15,22
15,22
15,22
15,22
15,25
15,25
15,13
16,13
16,13
16,13
16,13
16,13
16,13
16,4
16,26
16,26
16,10
16,9
16,2
16,28
16,13
16,13
16,5
16,13
16,13
17,24
17,1
17,1
17,17
17,17
17,17
17,17
17,17
17,17
17,17
17,17
17,17
17,17
17,17
17,17
17,17
17,17
17,17
17,17
17,17
17,17
17,17
17,17
17,17
17,17
17,17
17,17
17,17
17,17
17,17
17,17
17,17
17,17
17,17
17,17
17,17
17,17
17,17
17,17
17,17
17,17
17,17
17,17
17,17
17,17
17,17
17,17
17,17
17,1
17,1
17,17
17,1
17,1
17,17
17,17
17,17
17,17
17,17
17,3
17,14
17,17
17,17
17,17
17,17
17,17
17,17
17,17
17,17
17,17
17,17
17,17
17,17
17,1
17,24
17,24
17,1
17,17
17,17
17,17
17,17
17,17
17,17
17,24
17,3
17,3
17,3
17,3
17,17
17,17
17,17
17,17
17,17
17,17
17,17
17,17
17,17
17,17
17,17
17,17
17,17
17,24
17,17
17,17
17,24
18,13
18,13
18,13
18,17
18,18
18,18
18,18
18,18
18,18
18,18
18,18
18,18
18,18
18,18
18,18
18,18
18,18
18,18
18,18
18,18
18,18
18,18
18,18
18,13
18,13
18,26
18,26
18,26
18,26
18,26
18,26
18,26
18,26
18,26
18,26
18,26
18,26
18,26
18,26
18,26
18,3
18,3
19,3
19,26
19,3
19,24
19,24
19,19
19,7
19,17
19,17
19,17
19,17
19,17
19,7
19,7
19,1
19,21
19,9
19,9
19,9
19,14
19,19
19,7
19,17
19,17
19,7
19,7
19,20
19,9
20,9
20,9
20,9
20,9
20,9
20,9
20,9
20,20
20,20
20,20
20,7
20,7
20,20
20,20
20,21
20,21
20,22
20,2
20,21
20,9
20,9
20,9
20,9
20,9
20,9
20,20
20,9
20,9
20,9
20,20
20,20
20,20
21,22
21,21
21,20
21,21
21,21
21,21
21,21
21,8
21,2
21,22
21,2
21,2
21,21
21,8
21,8
21,21
21,21
21,21
21,21
21,22
21,22
21,21
21,21
21,21
21,21
21,22
21,21
21,21
21,21
21,2
21,21
21,21
21,21
21,8
22,13
22,13
22,13
22,13
22,13
22,13
22,13
22,13
22,2
22,2
22,2
22,22
22,13
22,22
22,22
22,22
22,22
22,22
22,22
22,22
22,22
22,22
22,22
22,22
22,22
22,22
22,22
22,22
22,22
22,22
22,22
22,13
22,13
22,8
22,8
22,8
22,22
22,8
22,22
22,22
22,22
22,22
22,22
22,22
22,22
22,22
22,22
22,22
22,22
22,22
22,22
22,2
22,22
22,22
22,22
22,22
22,22
22,22
22,22
22,22
23,23
23,23
23,23
23,23
23,23
23,23
23,23
23,23
23,23
23,23
23,23
23,23
23,23
23,23
23,23
23,23
23,23
23,8
23,20
23,8
23,23
23,23
23,23
23,9
23,23
23,23
23,23
23,23
23,23
23,23
23,23
23,23
23,23
23,23
23,23
23,23
23,23
23,23
24,24
24,24
24,1
24,1
24,1
24,1
24,24
24,24
24,1
24,24
24,24
24,24
24,24
24,24
24,24
24,24
24,0
24,24
24,24
24,24
24,24
24,3
24,24
24,24
24,7
24,9
24,0
24,0
24,24
24,9
24,1
24,1
24,0
24,0
24,1
24,1
24,24
24,24
24,24
24,24
24,0
24,24
24,9
24,9
24,9
24,9
25,13
25,25
25,8
25,13
25,13
25,13
25,13
25,13
25,13
25,8
25,13
25,13
25,13
25,13
25,13
25,13
25,13
25,5
25,11
25,13
25,11
25,11
25,19
25,8
25,13
25,25
25,25
25,25
25,25
25,18
25,13
25,13
25,25
25,13
25,25
25,13
25,25
26,2
26,26
26,26
26,26
26,26
26,26
26,26
26,4
26,17
26,13
26,13
26,13
26,13
26,13
26,13
26,26
26,26
26,13
26,13
26,13
26,13
26,13
26,13
26,2
26,2
26,26
26,2
26,2
26,2
26,26
26,13
26,13
26,13
26,26
26,26
26,26
26,10
26,10
26,10
26,26
26,10
26,26
26,26
26,26
26,26
26,26
26,26
26,13
26,13
26,26
26,2
26,2
26,26
26,2
26,26
26,2
26,13
26,22
27,22
27,27
27,2
27,2
27,2
27,2
27,2
27,22
27,9
27,9
27,24
27,3
27,3
27,6
27,9
27,12
27,3
27,9
27,9
27,2
27,2
27,9
27,21
27,22
27,22
27,22
27,2
27,2
27,2
27,2
27,2
27,2
27,2
27,2
27,2
27,2
27,2
27,2
27,2
27,2
27,26
27,26
27,13
27,13
27,2
27,2
27,2
27,9
27,9
27,5
27,26
27,9
27,9
27,25
27,20
27,20
27,13
27,26
27,2
27,2
27,2
27,2
27,2
27,2
27,2
27,9
28,8
28,8
28,8
28,22
28,22
28,8
28,8
28,22
28,22
28,22
28,8
28,8
28,8
28,22
28,22
28,22
28,8
28,22
28,22
28,22
28,8
28,8
28,22
28,22
28,22
28,8
28,22
28,8
28,8
28,8
28,8
28,8
28,8
28,8
28,8
28,8
28,8
28,8
28,8
28,8
28,8
28,8
28,8
28,8
28,8
28,8
28,8
28,8
28,8
28,8
28,8
28,8
1,1
1,0
1,0
1,1
1,0
1,1
1,1
1,1
1,1
1,1
1,1
1,1
1,0
1,0
1,1
1,1
1,1
1,1
1,1
1,1
1,1
1,1
1,1
1,1
1,1
1,1
1,0
1,0
1,0
1,0
1,0
1,1
1,1
1,1
1,1
1,0
1,0
1,1
1,1
1,1
1,1
1,0
1,0
1,0
1,0
1,1
1,0
1,0
1,1
1,0
1,1
1,1
1,1
1,1
1,1
1,1
1,1
1,1
1,1
1,1
1,1
1,1
1,1
1,1
1,1
1,1
1,1
1,1
1,1
1,1
1,1
1,1
1,1
1,1
1,1
1,1
1,1
1,1
1,1
1,1
1,1
1,1
1,1
1,1
1,1
1,1
1,1
1,0
1,1
1,1
1,1
1,1
1,0
1,0
1,1
2,2
2,2
2,2
2,2
2,2
2,2
2,2
2,2
2,2
2,2
2,2
2,2
2,2
2,2
2,2
2,2
2,2
2,2
2,2
2,2
2,2
2,2
2,2
2,2
2,2
2,2
2,2
2,2
2,2
2,2
2,2
2,2
2,2
3,3
3,3
3,3
3,24
3,3
3,3
3,3
3,3
3,3
3,3
3,3
3,3
3,3
3,3
3,3
3,3
3,3
3,3
3,3
3,3
3,3
3,3
3,3
3,3
3,3
3,24
3,3
3,3
3,3
3,3
3,3
3,24
3,24
3,3
3,3
3,3
3,3
3,3
3,24
3,24
3,3
3,3
3,3
3,3
3,3
3,3
3,3
3,3
3,3
3,3
3,3
3,3
3,3
3,3
3,3
3,3
3,3
3,3
3,3
3,3
3,3
3,3
3,3
3,3
3,3
3,3
3,3
3,3
3,3
3,3
3,3
3,3
3,3
3,3
3,3
3,3
3,3
3,3
3,3
3,3
3,3
3,3
3,3
3,3
3,3
3,3
3,3
3,3
3,3
3,3
4,13
4,13
4,13
4,13
4,13
4,13
4,13
4,4
4,4
4,13
4,13
4,13
4,13
4,13
4,4
4,4
4,13
4,13
4,13
4,13
4,13
4,13
4,13
4,13
4,4
4,13
4,4
4,13
4,13
4,13
4,4
4,4
4,13
4,13
4,4
4,13
4,13
4,13
4,13
4,13
4,13
4,13
4,13
4,13
4,13
4,13
4,13
4,13
4,13
4,13
4,4
4,13
4,13
4,13
4,13
4,4
4,13
4,4
4,13
4,13
4,13
4,13
4,4
5,13
5,13
5,13
5,13
5,13
5,13
5,10
5,13
5,10
5,13
5,13
5,13
5,10
5,13
5,4
5,13
5,4
5,13
5,13
5,13
5,10
5,13
5,13
5,13
5,13
5,13
5,13
5,13
5,13
5,13
5,13
5,13
5,13
5,13
5,13
5,13
5,13
5,13
5,13
5,13
5,10
5,13
5,13
5,13
5,13
5,11
5,11
5,13
5,13
6,6
6,6
6,6
6,6
6,6
6,6
6,6
6,6
6,6
6,6
6,6
6,6
6,6
6,6
6,6
6,6
6,6
6,6
6,6
6,6
6,6
7,7
7,7
7,7
7,7
7,7
7,7
7,7
7,7
7,7
7,7
7,7
7,7
7,7
7,7
7,7
7,7
7,7
7,7
7,7
7,7
7,7
7,7
7,7
7,7
7,7
7,7
7,7
7,7
7,7
7,7
7,7
7,7
7,7
7,7
7,7
7,7
7,7
8,8
8,8
8,8
8,8
8,8
8,8
8,8
8,8
8,22
8,22
8,8
8,8
8,8
8,8
8,8
8,8
8,8
8,8
8,8
8,8
8,8
9,9
9,9
9,9
9,9
9,9
9,9
9,9
9,9
9,9
9,9
9,9
9,9
9,9
9,9
9,9
9,9
9,9
9,9
9,9
9,9
9,9
9,9
9,9
9,9
9,9
9,9
9,9
9,6
9,6
9,9
9,9
9,9
9,9
9,9
9,9
9,9
9,9
9,9
9,9
9,9
9,9
9,9
9,9
9,9
9,6
9,0
9,9
9,9
9,0
9,9
9,9
9,9
9,9
9,9
9,6
9,6
9,9
9,9
9,9
10,10
10,10
10,10
10,10
10,10
10,10
10,10
10,10
10,10
10,10
10,10
10,10
10,10
10,10
10,10
10,10
10,10
10,10
10,10
10,10
10,10
10,10
10,10
10,10
10,26
10,10
10,10
10,10
10,10
10,10
10,10
10,10
10,10
10,10
10,10
10,10
10,10
10,10
10,10
10,10
10,10
10,10
10,10
10,10
10,10
10,10
10,10
10,10
10,10
10,10
10,10
10,10
10,10
10,10
10,10
10,10
10,10
10,10
10,10
10,10
10,10
10,10
10,10
10,10
10,10
10,10
10,10
10,10
10,10
10,10
10,10
10,10
10,10
10,10
10,10
10,10
10,10
10,26
10,26
10,10
10,10
10,10
10,10
10,10
10,10
10,10
10,10
10,10
10,10
10,10
10,10
10,10
10,10
10,10
10,10
10,10
10,10
10,10
10,10
11,11
11,11
11,11
11,11
11,11
11,11
11,11
11,11
11,11
11,11
11,11
11,11
11,11
11,11
11,11
11,11
11,11
11,11
11,11
11,11
11,11
11,11
11,11
11,11
11,11
11,11
11,11
11,11
11,4
11,11
11,11
11,11
11,11
11,11
11,11
11,11
11,11
11,11
11,11
11,11
11,11
11,11
11,11
11,11
11,11
11,11
11,4
11,11
11,11
11,11
11,4
11,11
11,11
11,11
11,11
11,11
11,11
11,11
11,11
11,11
11,4
11,13
11,11
11,11
11,11
11,11
11,11
11,11
11,11
11,11
11,11
11,11
11,11
11,11
11,11
11,11
11,11
11,11
11,11
11,11
11,11
11,11
11,11
11,11
11,11
11,11
11,11
11,11
11,11
11,11
11,11
11,11
11,11
11,11
11,11
11,11
11,11
11,11
11,11
11,11
11,11
11,11
11,11
11,11
11,11
11,11
11,11
11,11
11,11
11,11
11,11
11,11
11,11
11,11
11,11
11,11
11,11
11,11
11,11
11,11
11,11
11,11
11,11
11,11
11,11
11,11
11,11
11,11
11,11
11,11
12,12
12,12
12,12
12,12
12,12
12,12
12,12
12,12
12,12
12,12
12,12
12,12
12,12
12,12
12,12
12,12
12,12
12,12
12,12
12,12
12,12
12,12
12,12
12,12
12,12
12,12
12,12
12,12
12,12
12,12
12,12
12,12
12,12
12,12
12,12
12,12
12,12
12,12
12,12
12,12
12,12
12,12
12,12
12,12
12,12
12,12
12,12
12,12
12,12
12,12
12,12
12,12
12,12
12,12
12,12
12,12
12,12
12,12
12,12
12,12
12,12
12,12
12,12
12,12
12,12
12,12
12,12
12,12
12,12
12,12
12,12
12,12
12,12
12,12
12,12
12,12
12,12
12,12
12,12
13,13
13,13
13,13
13,13
13,13
13,13
13,13
13,13
13,13
13,13
13,13
13,13
13,13
13,13
13,13
13,11
13,11
13,18
13,13
13,13
13,13
13,13
13,13
13,13
13,13
13,13
13,5
13,13
13,13
13,13
13,13
13,13
13,13
13,13
13,13
13,13
13,13
13,13
13,13
13,13
13,13
13,13
13,13
13,13
13,13
13,13
13,13
13,10
13,13
13,13
13,13
13,13
13,13
13,13
13,13
13,13
13,13
13,13
13,13
13,13
13,13
13,13
13,13
13,13
13,13
13,13
13,13
13,13
13,13
13,13
13,13
13,13
13,13
13,13
13,13
13,13
13,13
13,13
13,13
13,13
13,13
13,13
13,13
13,13
13,13
13,13
13,13
13,13
13,13
13,13
13,13
13,13
13,13
13,13
13,13
13,13
13,13
13,13
13,13
14,7
14,17
14,17
14,17
14,17
14,17
14,17
14,1
14,17
15,24
15,24
15,24
15,3
15,12
16,16
16,28
16,28
16,7
16,7
16,7
16,1
16,1
16,1
17,17
17,17
17,17
17,17
17,17
17,17
17,17
17,17
17,17
17,17
17,17
17,17
17,17
17,17
17,17
17,17
17,17
17,17
17,17
17,17
17,17
17,1
17,17
17,17
17,17
18,12
18,12
18,11
18,4
18,4
18,18
18,18
18,18
18,18
18,18
18,18
18,18
18,4
19,4
19,1
19,17
19,1
19,1
19,17
19,12
19,17
19,17
20,7
20,7
20,9
20,9
20,9
20,20
20,20
20,6
20,24
20,24
20,20
20,21
20,6
20,6
20,6
20,9
20,9
20,9
20,9
21,13
21,22
21,22
21,22
21,22
21,22
21,22
21,22
21,21
23,9
23,20
23,6
23,9
23,9
23,21
23,2
23,21
23,21
23,21
23,20
23,9
23,26
24,6
24,0
24,6
24,6
24,6
24,6
24,6
24,6
24,6
24,6
24,7
25,1
25,7
25,1
25,1
25,1
25,1
25,1
25,1
25,24
25,1
25,1
25,7
25,7
26,2
26,2
26,25
26,2
26,2
26,3
26,25
26,2
26,26
27,24
27,24
27,24
27,24
27,12
27,12
27,24
27,12
27,24
28,2
28,2
28,2
28,9
28,26
28,7
28,24
28,9
28,9
28,9
28,2
0,0
0,6
0,0
0,0
0,0
0,0
0,0
0,0
0,0
0,0
0,0
0,0
0,0
0,0
0,0
0,0
0,0
0,1
0,1
0,0
0,0
0,0
0,0
0,0
0,0
0,0
0,0
0,0
0,0
0,0
0,0
0,0
0,0
0,0
0,0
0,0
0,0
0,0
0,0
0,13
0,10
0,10
0,13
0,9
0,0
0,0
0,0
0,0
0,0
0,0
0,0
0,0
0,13
0,10
0,13
0,0
0,0
0,0
0,0
0,0
0,6
0,0
0,2
0,0
0,0
0,0
0,0
0,0
0,0
0,0
0,6
0,6
0,0
0,0
0,0
0,0
0,2
0,2
0,0
0,0
0,0
0,0
0,0
0,0
0,0
0,0
0,0
0,0
0,0
0,0
0,26
0,0
0,0
0,0
0,0
0,13
0,13
0,0
0,0
2,2
2,2
2,2
2,2
2,6
2,2
2,2
2,2
2,2
2,2
2,2
2,2
2,2
2,2
2,22
2,13
2,2
2,2
2,2
2,2
2,2
2,2
2,2
2,20
2,2
2,2
2,2
2,2
2,2
3,3
3,3
3,3
3,3
3,3
3,3
3,3
3,3
3,3
3,3
3,3
3,3
3,3
3,3
3,3
3,3
3,3
3,3
3,3
3,3
3,3
3,3
3,3
3,3
3,3
3,3
3,3
3,3
3,24
3,3
3,3
3,3
3,3
3,24
3,3
3,3
3,3
3,3
3,3
3,3
3,3
3,3
3,3
3,3
3,3
3,3
3,3
3,3
3,3
3,9
3,9
4,2
4,2
4,2
4,2
4,2
4,2
4,2
4,2
4,26
4,13
4,2
4,2
4,2
4,2
4,2
4,25
4,2
4,2
4,2
4,2
4,13
4,2
4,2
4,2
4,2
4,26
4,10
4,2
4,2
4,26
4,10
4,26
4,26
4,10
4,10
4,10
4,10
4,10
4,10
4,10
4,10
4,10
4,10
4,26
4,26
4,2
4,2
4,2
4,26
4,2
4,25
4,13
4,13
4,13
4,10
4,10
4,13
4,13
4,13
4,13
4,13
4,13
4,13
4,13
4,2
6,9
6,6
6,6
6,6
6,6
6,6
6,6
6,6
6,6
6,6
6,6
6,6
6,6
6,6
6,6
6,6
6,6
6,6
6,6
6,6
6,6
6,6
6,6
6,6
6,6
6,6
6,6
6,6
6,6
6,6
6,6
6,6
6,6
6,6
6,6
6,6
6,6
6,6
6,6
6,6
6,6
7,7
7,7
7,7
7,7
7,7
7,7
7,7
7,7
7,7
7,7
7,7
7,7
7,7
7,7
7,7
7,7
7,13
7,7
7,7
7,7
7,7
7,7
7,7
7,7
7,7
7,7
7,7
7,7
7,7
7,7
7,9
7,7
7,7
7,7
7,7
7,7
7,7
7,7
7,7
8,8
8,8
8,8
8,8
8,8
8,8
8,8
8,8
8,8
8,8
8,8
8,8
8,8
8,8
8,8
8,8
8,8
8,22
8,22
8,22
8,8
8,8
8,8
8,8
8,8
8,8
8,8
8,8
8,8
8,8
8,8
8,8
8,8
8,8
8,8
8,8
8,8
8,8
8,8
9,9
9,9
9,9
9,9
9,6
9,9
9,9
9,9
9,9
9,9
9,9
9,9
9,9
9,9
9,9
9,9
9,9
9,9
9,24
9,9
9,26
9,6
9,9
9,9
9,9
9,20
9,9
9,21
9,9
9,21
9,9
9,9
9,9
9,9
9,9
9,9
9,9
9,9
9,9
9,9
9,9
9,24
9,9
9,9
9,9
10,10
10,10
10,10
10,10
10,10
10,10
10,10
10,10
10,10
10,10
10,10
10,10
10,10
10,10
10,10
10,10
10,10
10,10
10,10
10,10
10,10
10,10
10,10
10,2
10,2
10,26
10,10
10,10
10,10
10,10
10,10
10,10
10,26
10,10
10,10
11,10
11,4
11,11
11,11
11,11
11,11
11,11
11,11
11,5
11,11
11,11
11,11
11,13
11,13
11,9
11,3
11,26
11,26
11,11
11,11
11,11
11,11
11,11
11,11
11,11
11,11
11,11
11,11
11,11
11,11
11,11
11,11
11,13
11,4
11,11
11,11
11,13
11,11
11,11
11,11
11,11
11,11
11,11
11,11
11,11
11,11
11,11
11,11
11,11
11,11
11,11
11,11
11,11
11,11
11,11
11,11
11,11
11,11
11,13
11,11
11,11
11,11
11,11
11,11
11,11
11,11
11,11
11,11
11,11
11,11
11,13
11,11
11,11
11,11
11,13
11,13
11,10
11,10
11,10
11,11
11,11
11,11
11,11
11,11
11,13
11,13
11,11
11,11
11,11
11,11
11,11
11,11
11,11
11,11
11,11
11,11
11,11
11,11
11,11
11,11
11,11
11,11
11,4
11,4
11,11
11,11
11,11
11,11
11,13
11,10
11,11
11,11
11,11
12,12
12,12
12,12
12,12
12,3
12,3
12,3
12,3
12,3
12,12
12,26
12,12
12,3
12,26
12,24
12,12
12,12
12,12
12,3
12,3
12,26
12,26
12,24
12,12
12,3
13,13
13,13
13,13
13,13
13,13
13,13
13,13
13,13
13,13
13,13
13,13
13,13
13,13
13,13
13,13
13,13
13,13
13,26
13,2
13,2
13,13
13,13
13,13
13,13
13,13
13,13
13,7
13,13
13,13
13,13
13,26
13,13
13,13
13,13
13,13
13,13
13,13
13,13
13,13
13,13
13,13
13,13
13,13
13,13
13,13
13,13
13,6
13,13
13,13
13,13
13,13
13,13
13,7
13,13
13,13
13,7
13,13
13,13
13,9
13,9
13,9
13,9
13,13
13,13
13,9
13,13
13,13
13,13
13,13
13,19
13,13
13,13
13,13
13,13
13,13
13,13
13,13
13,4
13,4
13,13
13,13
13,13
13,13
13,13
13,13
13,13
13,13
13,13
13,13
13,13
13,13
13,13
13,13
14,12
14,3
14,26
14,26
14,26
14,3
14,26
14,26
14,26
14,26
14,27
14,24
14,13
15,25
15,22
15,22
15,22
15,22
15,21
15,13
16,13
16,13
16,13
16,13
16,13
16,10
17,26
17,3
17,3
17,1
17,1
17,1
17,1
17,1
17,17
17,1
17,17
17,17
17,1
17,17
17,24
17,24
17,12
18,26
18,3
18,3
18,11
18,11
18,18
18,18
18,7
18,7
19,24
19,24
19,19
19,7
19,7
19,4
20,7
20,7
20,7
20,7
20,7
20,7
20,20
20,20
20,20
20,8
20,13
20,9
20,8
20,13
20,13
21,9
21,6
21,9
21,2
21,9
21,13
21,13
21,8
21,28
21,13
21,2
22,22
22,22
22,22
22,22
22,22
22,22
22,22
22,22
22,22
22,22
22,22
22,22
22,22
22,22
22,22
23,23
23,23
23,23
23,20
23,8
23,8
23,23
23,23
23,23
23,23
24,9
24,24
24,24
24,24
24,24
24,24
24,24
24,24
24,24
24,24
24,24
24,24
24,24
24,24
24,24
24,24
25,9
25,9
25,2
25,3
25,26
25,13
25,13
25,8
25,13
25,11
25,28
25,7
25,20
26,10
26,26
26,26
26,26
26,2
26,2
26,2
26,26
26,26
26,26
26,26
26,9
26,13
26,13
26,5
26,26
26,5
27,22
27,27
27,2
27,2
27,2
27,2
27,2
27,2
27,2
27,2
27,2
27,9
27,21
27,2
27,9
28,13
28,13
28,13
28,8
28,8
28,28
28,8
28,28
28,8
0,0
0,0
0,0
0,0
0,0
0,0
0,0
0,0
0,0
0,0
0,0
0,0
0,0
0,0
0,0
0,0
0,0
0,0
0,0
0,0
0,1
0,0
0,0
0,0
0,0
0,0
0,0
0,0
0,0
0,0
0,0
0,0
0,0
0,0
0,0
0,0
0,0
0,0
0,0
0,0
0,0
0,0
0,0
0,0
0,0
0,0
0,0
0,0
0,0
0,0
0,0
0,0
0,0
0,0
0,0
0,0
0,0
0,0
0,0
0,1
0,1
0,0
0,0
0,0
0,0
0,0
0,0
0,0
0,0
0,0
0,0
0,0
0,0
0,0
0,0
0,0
0,0
0,0
0,0
0,0
0,0
0,0
0,0
0,0
0,0
0,0
0,0
0,0
0,0
0,0
0,0
0,0
0,0
0,0
0,0
0,3
0,0
0,0
0,0
0,0
0,0
0,0
0,0
0,24
0,3
0,0
0,0
0,0
0,0
0,0
0,0
0,0
0,0
0,0
0,0
0,0
0,0
0,0
0,0
0,0
0,0
0,0
0,0
0,0
0,0
0,0
0,0
0,0
0,0
0,0
0,0
0,0
0,0
0,0
2,10
2,10
2,10
2,10
2,2
2,22
2,8
2,2
2,2
2,2
2,2
2,2
2,2
2,2
2,2
2,2
2,2
2,2
2,2
2,22
2,22
2,22
2,22
2,22
2,22
2,22
2,2
2,2
2,2
2,22
2,22
2,22
2,22
2,2
2,22
2,2
2,22
2,22
2,22
2,22
2,22
2,2
2,2
2,2
2,2
2,2
2,2
2,10
2,13
2,13
2,13
3,3
3,3
3,3
3,3
3,3
3,3
3,3
3,3
3,3
3,3
3,3
3,3
3,3
3,3
3,3
3,3
3,3
3,26
3,3
3,3
3,3
3,3
3,3
3,3
3,3
3,3
3,3
3,3
3,3
3,3
3,3
3,3
3,3
3,3
3,3
3,3
3,3
3,3
3,3
3,3
3,3
3,3
3,3
3,17
3,3
3,3
3,3
3,3
3,3
3,17
3,3
3,24
3,3
3,26
3,3
3,3
3,3
3,3
3,3
3,3
3,3
3,3
3,3
3,3
3,3
3,3
3,3
3,3
3,17
3,1
3,24
3,3
3,3
3,3
3,3
4,13
4,4
4,13
4,13
4,3
4,5
4,5
4,5
4,5
4,4
4,4
4,4
4,5
4,4
4,13
4,4
4,4
4,4
4,5
4,5
4,4
4,4
4,4
4,4
4,5
4,4
4,4
4,4
4,4
4,5
4,5
4,5
4,4
4,4
4,4
4,5
4,4
4,4
4,5
4,4
4,5
4,4
4,5
4,5
4,5
4,5
4,4
4,4
4,4
4,4
4,1
5,5
5,5
5,3
5,5
5,5
5,5
5,5
5,5
5,5
5,5
5,5
5,5
5,5
5,4
5,5
5,5
5,5
5,5
5,5
5,5
5,5
5,5
5,5
5,5
5,5
5,5
5,13
5,13
5,13
5,13
5,5
5,5
5,5
5,5
5,5
5,5
5,5
5,5
5,5
5,26
5,5
5,5
5,5
5,5
5,5
5,5
5,5
5,5
5,5
5,5
5,5
5,5
5,5
5,5
5,5
5,5
5,5
5,5
5,5
5,26
5,5
5,5
5,5
5,5
5,5
5,5
5,5
5,5
5,5
6,6
6,6
6,6
6,23
6,6
6,6
6,6
6,6
6,6
6,6
6,6
6,6
6,6
6,6
6,1
6,24
6,6
6,6
6,6
6,6
6,6
6,6
6,6
6,6
6,6
6,6
6,6
7,7
7,7
7,7
7,7
7,7
7,7
7,7
7,7
7,7
7,7
7,7
7,7
7,7
7,7
7,7
7,7
7,7
7,7
7,7
7,7
7,7
7,7
7,7
7,7
7,7
8,8
8,8
8,8
8,8
8,8
8,8
8,8
8,13
8,8
8,8
8,13
8,8
8,2
8,22
8,8
8,8
8,13
8,8
8,8
8,8
8,8
8,8
8,8
8,8
8,8
8,8
8,8
9,9
9,9
9,9
9,9
9,9
9,9
9,6
9,9
9,9
9,9
9,9
9,9
9,9
9,9
9,6
9,9
9,9
9,9
9,9
9,9
9,9
9,9
9,9
9,9
9,9
9,9
9,6
9,9
9,9
9,9
9,9
9,9
9,9
9,9
9,9
9,6
9,9
9,9
9,9
9,9
9,6
9,6
9,6
9,9
9,6
9,9
9,9
9,9
9,9
9,9
9,9
9,6
9,9
9,9
9,6
9,6
9,9
9,9
9,9
9,9
9,9
9,9
9,9
9,6
9,9
9,9
9,6
9,6
9,9
9,6
9,9
9,9
9,9
9,9
9,9
9,9
9,9
10,10
10,10
10,10
10,10
10,10
10,10
10,10
10,10
10,10
10,10
10,10
10,10
10,10
10,10
10,10
10,10
10,26
10,10
10,10
10,10
10,10
10,10
10,10
10,10
10,10
10,10
10,10
10,10
10,10
10,10
10,10
10,10
10,10
10,10
10,10
10,10
10,10
10,10
10,10
10,10
10,10
10,10
10,10
10,10
10,10
10,10
10,10
10,10
10,10
10,10
10,10
10,10
10,10
10,10
10,10
10,10
10,10
10,10
10,10
10,10
10,10
10,10
10,10
10,10
10,10
10,10
10,10
10,10
10,10
11,11
11,11
11,11
11,11
11,11
11,11
11,11
11,11
11,11
11,11
11,11
11,4
11,13
11,13
11,11
11,4
11,11
11,11
11,11
11,11
11,11
11,11
11,11
11,11
11,11
11,11
11,11
11,11
11,11
11,11
11,11
11,11
11,11
11,11
11,11
11,11
11,11
11,11
11,11
11,11
11,11
11,11
11,11
12,3
12,3
12,12
12,3
12,3
12,3
12,3
12,3
12,3
12,3
12,12
12,3
12,26
12,3
12,5
12,3
12,26
12,26
12,26
13,13
13,13
13,13
13,13
13,26
13,5
13,13
13,13
13,13
13,13
13,13
13,13
13,13
13,13
13,13
13,13
13,13
13,13
13,13
13,13
13,13
13,5
13,13
13,13
13,13
13,13
13,13
13,13
13,13
13,13
13,13
13,13
13,13
13,13
13,13
13,13
13,13
13,13
13,13
13,13
13,13
13,13
13,13
13,13
13,13
13,13
13,13
13,13
13,5
13,13
13,13
13,13
13,13
13,13
13,13
13,13
13,13
13,13
13,13
13,13
13,13
14,12
14,12
14,3
14,3
14,3
14,9
14,20
14,20
14,17
14,17
14,17
14,17
14,17
14,17
14,17
15,8
15,15
15,8
15,8
15,22
15,25
15,19
16,13
16,8
16,8
16,8
16,13
16,13
16,13
17,3
17,3
17,3
17,17
17,17
17,3
17,3
17,3
17,3
17,3
17,3
17,3
17,17
17,17
17,3
17,3
17,3
17,3
17,3
18,17
18,13
18,13
18,13
18,13
18,18
18,18
18,18
18,18
18,18
18,18
18,18
18,18
18,18
18,18
18,18
18,18
18,18
18,13
18,16
18,3
19,13
19,13
19,9
19,7
19,7
19,7
19,7
19,7
19,17
19,7
19,1
20,9
20,9
20,6
20,2
20,9
20,9
20,6
20,9
20,21
20,20
20,20
20,20
20,13
20,13
20,13
20,20
20,7
20,7
20,7
20,7
20,7
20,7
20,7
20,8
20,7
20,7
20,20
21,9
21,9
21,9
21,21
21,21
21,22
21,22
21,22
21,22
21,22
21,21
21,21
21,22
22,8
22,22
22,22
22,22
22,22
22,22
22,22
22,22
22,22
22,22
22,22
22,22
22,22
22,22
22,22
22,22
22,22
22,22
22,21
22,22
22,22
22,22
22,22
23,23
23,7
23,7
23,7
23,20
23,7
23,7
23,7
23,7
23,20
23,7
23,20
23,7
23,20
23,7
24,24
24,24
24,24
24,24
24,24
24,24
24,24
24,24
24,9
24,24
24,0
24,24
24,24
24,24
24,3
24,12
24,12
24,24
24,24
24,24
24,24
24,24
24,0
25,13
25,25
25,25
25,22
25,22
25,22
25,25
25,25
25,22
25,25
25,25
25,25
25,22
25,25
26,26
26,26
26,3
26,3
26,3
26,5
26,5
26,13
26,9
26,2
26,2
26,2
26,2
26,2
26,26
26,26
26,26
26,26
26,26
26,26
26,26
26,26
26,26
26,26
26,26
26,26
26,26
26,26
26,2
26,2
26,26
26,27
26,26
26,26
26,26
26,26
26,26
26,26
26,26
27,22
27,25
27,25
27,22
27,2
27,9
27,9
27,9
27,9
27,22
27,22
27,22
27,22
28,13
28,13
28,28
28,13
28,13
28,13
28,13
28,13
28,13
28,13
28,13
28,13
28,13
28,13
28,13
28,13
28,13
0,0
0,0
0,0
0,0
0,0
0,0
0,0
0,0
0,0
0,0
0,0
0,0
0,0
0,0
0,0
0,0
0,0
0,0
0,0
0,0
0,0
0,0
0,0
0,0
0,0
0,0
0,0
0,0
0,0
0,0
0,0
0,0
0,0
0,0
0,0
0,0
0,0
0,0
0,0
0,0
0,0
0,0
0,0
0,0
0,0
0,0
0,0
0,0
0,0
0,0
0,0
0,0
0,0
0,0
0,0
0,0
0,0
0,0
0,0
0,0
0,0
0,0
0,0
0,0
0,0
0,0
0,0
0,0
0,0
0,0
0,0
0,0
0,0
0,0
0,0
0,0
0,0
0,0
0,0
0,0
0,0
0,0
0,0
0,0
0,0
0,0
0,0
0,0
0,0
0,0
0,0
0,0
0,0
0,0
0,0
0,0
0,0
0,0
0,0
0,0
0,0
0,0
0,0
0,0
0,0
0,0
0,0
0,0
0,0
0,0
0,0
0,0
0,0
0,0
0,0
0,0
0,0
0,0
0,0
0,0
0,0
0,0
0,0
0,0
0,0
0,0
0,0
0,0
0,0
0,0
0,0
0,0
0,0
0,0
0,0
0,0
0,0
0,0
0,0
0,0
0,0
0,0
0,0
0,0
0,0
0,0
0,0
0,0
0,0
0,0
0,0
0,0
0,0
0,0
0,0
0,0
0,0
0,0
0,0
0,0
0,0
0,0
0,0
0,0
0,0
0,0
0,0
0,0
0,0
0,0
0,0
0,0
0,0
0,0
0,0
0,0
0,0
0,0
0,0
0,0
0,0
0,0
0,0
0,0
0,0
0,0
0,0
0,0
0,0
0,0
0,0
0,0
0,0
0,0
0,0
0,0
0,0
0,0
0,0
0,0
0,0
0,0
0,0
0,0
2,2
2,2
2,2
2,2
2,2
2,2
2,2
2,2
2,2
2,2
2,2
2,2
2,2
2,2
2,2
2,2
2,2
2,2
2,2
2,2
2,2
2,2
2,2
2,2
2,2
2,2
2,2
2,2
2,2
2,2
2,2
2,2
2,2
2,2
2,2
2,2
2,2
2,2
2,2
2,2
2,2
2,2
2,2
2,2
2,2
2,2
2,2
2,2
2,2
2,2
2,2
2,2
2,2
2,2
2,2
2,2
2,2
2,2
2,2
2,2
2,2
3,3
3,3
3,3
3,3
3,3
3,3
3,3
3,3
3,3
3,3
3,26
3,3
3,3
3,3
3,3
3,3
3,3
3,3
3,3
3,3
3,3
3,3
3,3
3,3
3,3
3,3
3,3
3,3
3,3
3,3
3,3
3,3
3,3
3,3
3,3
3,3
3,3
3,3
3,3
3,3
3,3
3,3
3,3
3,3
3,3
3,3
3,3
3,3
3,3
3,3
3,3
3,26
3,26
3,3
3,3
3,3
3,3
3,3
3,3
3,3
3,3
3,3
3,3
3,3
3,3
3,3
3,3
4,3
4,5
4,13
4,13
4,4
4,13
4,13
4,13
4,26
4,26
4,3
4,1
4,3
4,3
4,3
4,3
4,5
4,5
4,5
4,5
4,5
4,13
4,13
4,13
4,4
4,4
4,4
4,5
4,5
4,10
4,3
4,1
4,4
4,4
4,5
4,5
4,5
4,5
4,1
4,1
4,3
4,5
4,5
4,5
4,16
4,4
4,4
4,13
4,13
5,11
5,11
5,11
5,11
5,11
5,4
5,5
5,5
5,5
5,5
5,5
5,5
5,5
5,5
5,5
5,5
5,5
5,5
5,5
5,5
5,5
5,5
5,5
5,5
5,5
5,5
5,5
5,5
5,5
5,5
5,5
5,5
5,5
5,5
5,5
5,5
5,5
5,5
5,5
5,5
5,5
5,5
5,5
5,5
5,5
5,5
5,5
5,5
5,5
5,5
5,5
5,5
5,5
5,5
5,5
5,5
5,5
5,5
5,5
6,6
6,6
6,6
6,6
6,6
6,6
6,6
6,6
6,6
6,6
6,6
6,6
6,6
6,6
6,6
6,6
6,6
6,6
6,6
6,6
6,6
6,6
6,6
6,6
6,6
7,7
7,7
7,7
7,7
7,7
7,7
7,7
7,7
7,7
7,7
7,7
7,7
7,7
7,7
7,7
7,7
7,7
7,7
7,7
7,7
7,7
7,7
7,7
7,7
7,7
7,7
7,7
7,7
7,7
7,7
7,7
7,7
7,7
7,7
7,7
8,8
8,8
8,22
8,8
8,8
8,8
8,8
8,8
8,8
8,8
8,8
8,8
8,8
8,8
8,8
8,8
8,8
8,8
8,8
8,8
8,8
8,8
8,8
8,8
8,8
8,8
8,8
8,8
8,8
8,8
8,8
8,8
8,22
8,8
8,8
8,21
8,8
8,8
8,8
8,8
8,8
8,8
8,8
8,21
8,2
8,2
8,2
9,9
9,9
9,9
9,9
9,9
9,9
9,9
9,9
9,9
9,9
9,9
9,9
9,9
9,9
9,9
9,9
9,9
9,9
9,9
9,9
9,9
9,9
9,9
9,9
9,9
9,9
9,9
9,9
9,9
9,9
9,9
9,9
9,9
9,9
9,9
9,9
9,9
9,9
9,9
9,9
9,9
9,9
9,9
9,9
9,9
9,9
9,9
9,9
9,9
9,9
9,9
9,9
9,0
9,9
9,5
9,9
9,9
9,9
9,9
9,9
9,9
9,9
9,13
9,9
9,20
9,9
9,21
9,21
9,22
9,22
9,8
9,22
9,8
9,22
9,22
9,8
9,22
9,22
9,22
9,22
9,8
9,22
9,22
9,22
9,2
9,22
9,22
9,8
9,22
10,10
10,10
10,10
10,10
10,10
10,10
10,10
10,10
10,10
10,10
10,10
10,10
10,10
10,10
10,10
10,10
10,10
10,10
10,10
10,10
10,10
10,10
10,10
10,10
10,10
10,10
10,10
10,10
10,10
10,10
10,10
10,10
10,10
10,26
10,26
10,10
10,10
10,10
10,10
10,10
10,10
10,10
10,10
10,10
10,10
10,10
10,13
10,26
10,10
10,10
10,10
10,10
10,10
10,10
10,10
10,10
10,10
10,10
10,10
10,10
10,10
10,26
10,10
10,10
10,10
10,10
10,10
10,10
10,10
10,10
10,10
10,10
10,10
10,10
10,10
10,10
10,26
10,5
10,10
10,10
10,10
10,10
10,10
10,10
10,10
10,10
10,10
10,10
10,10
10,10
10,10
10,10
10,10
10,10
10,10
10,10
10,10
10,10
10,10
10,13
10,26
10,10
10,10
10,10
10,5
10,10
10,10
10,10
10,10
10,10
10,10
10,10
10,10
10,10
10,10
10,10
10,10
10,10
10,10
10,10
11,11
11,11
11,11
11,11
11,13
11,13
11,11
11,11
11,11
11,11
11,11
11,11
11,11
11,11
11,11
11,11
11,13
11,13
11,11
11,11
11,11
11,11
11,11
11,11
11,13
11,11
11,11
11,11
11,11
11,11
11,11
11,11
11,11
11,11
11,11
11,11
11,11
11,11
11,11
11,11
11,11
11,11
11,11
11,11
11,11
11,11
11,13
11,13
11,13
11,11
11,11
11,11
11,11
11,11
11,11
11,11
11,11
11,11
11,11
11,11
11,11
11,11
11,11
11,11
11,11
11,11
11,11
11,11
11,13
12,3
12,3
12,3
12,3
12,3
12,3
12,3
12,3
12,3
12,3
12,3
12,3
12,3
12,10
12,10
12,10
13,8
13,8
13,13
13,4
13,5
13,11
13,11
13,11
13,11
13,13
13,13
13,8
13,8
13,13
13,13
13,13
13,13
13,13
13,11
13,11
13,11
13,13
13,13
13,13
13,28
14,17
14,1
14,1
14,1
14,14
14,24
14,24
14,24
14,24
14,24
14,14
14,7
14,24
14,24
14,24
15,8
15,8
15,22
15,15
15,11
16,13
16,13
16,13
16,13
16,13
16,13
17,11
17,3
17,17
17,17
17,17
17,17
17,17
17,17
17,17
17,17
17,17
17,17
17,17
17,17
17,17
17,17
17,17
17,19
18,25
18,25
18,18
18,18
18,18
18,18
18,18
18,18
18,22
18,22
18,13
19,28
19,13
19,13
19,13
19,7
19,17
19,17
19,3
19,3
19,13
19,7
19,7
19,7
19,20
19,7
19,7
19,1
20,13
20,7
20,20
20,7
20,7
20,20
20,23
20,9
20,20
20,20
20,20
20,13
20,9
20,20
20,2
21,8
21,21
21,9
21,21
21,21
21,22
21,21
21,21
21,21
21,25
21,13
21,8
21,13
21,20
21,9
22,22
22,22
22,8
22,8
22,13
22,13
22,13
22,13
22,22
22,22
22,22
22,13
22,13
22,13
22,13
22,13
22,13
22,13
22,22
22,22
22,22
22,22
22,13
22,13
22,13
22,22
22,22
22,2
22,13
22,22
22,2
22,22
22,22
22,22
22,13
22,13
22,22
23,0
23,6
23,8
23,23
23,23
23,23
23,23
23,8
23,7
23,23
23,23
24,13
24,13
24,26
24,24
24,7
24,1
24,1
24,1
24,1
24,17
24,1
24,1
24,1
24,17
24,1
24,1
24,1
25,8
25,13
25,13
25,13
25,25
25,25
25,13
25,25
25,13
25,25
25,13
25,20
26,13
26,13
26,5
26,5
26,5
26,5
26,5
26,5
26,13
26,13
26,13
26,10
26,10
26,10
26,10
26,10
26,10
26,26
26,10
26,10
26,10
26,10
26,10
27,2
27,2
27,2
27,2
27,2
27,22
27,22
27,9
27,9
27,9
27,9
27,9
27,22
27,2
27,9
28,11
28,13
28,13
28,28
28,28
28,13
28,11
28,28
28,13
1,1
1,1
1,1
1,1
1,1
1,1
1,1
1,1
1,1
1,1
1,1
1,1
1,1
1,1
1,1
1,1
1,1
1,1
1,1
1,1
1,1
1,1
1,1
1,1
1,1
1,1
1,1
1,1
1,1
1,1
1,1
1,1
1,1
1,1
1,1
1,1
1,11
1,28
1,1
1,1
1,1
1,11
1,11
1,11
1,1
1,1
1,1
1,1
1,1
1,1
1,1
1,1
1,1
1,1
1,1
1,1
1,1
1,1
1,1
1,1
1,1
1,1
1,11
1,1
1,1
1,1
1,1
1,1
1,1
1,1
1,1
1,1
1,0
1,1
1,1
1,1
1,1
1,1
1,1
1,1
1,1
1,1
1,1
1,1
1,1
1,1
1,1
1,1
1,1
2,2
2,2
2,2
2,2
2,2
2,2
2,13
2,13
2,13
2,13
2,13
2,8
2,2
2,2
2,2
2,2
2,2
2,2
2,2
2,2
2,2
2,2
2,2
2,2
2,13
2,13
2,11
2,2
2,2
2,2
2,2
2,2
2,2
2,2
2,2
2,2
2,2
2,2
2,2
2,2
2,2
2,2
2,2
3,24
3,3
3,3
3,3
3,3
3,3
3,3
3,3
3,3
3,3
3,3
3,3
3,3
3,3
3,9
3,9
3,3
3,3
3,3
3,3
3,3
3,3
3,3
3,3
3,9
3,26
3,13
3,3
3,3
3,3
3,3
3,3
3,3
3,3
3,26
3,3
3,3
3,3
3,3
4,11
4,13
4,13
4,11
4,11
4,13
4,13
4,13
4,7
4,7
4,7
4,4
4,11
4,11
4,11
4,11
4,13
4,13
4,13
4,13
4,13
4,13
4,13
4,13
4,13
4,13
4,7
4,7
4,7
4,7
4,13
6,6
6,6
6,6
6,7
6,6
6,6
6,6
6,6
6,6
6,6
6,6
6,6
6,6
6,6
6,6
6,6
6,6
6,6
6,6
6,6
6,6
6,6
6,6
6,6
6,6
7,7
7,7
7,7
7,6
7,7
7,7
7,7
7,7
7,6
7,7
7,7
7,7
7,7
7,7
7,7
7,24
7,7
7,7
7,7
7,7
7,7
7,7
7,7
7,7
7,7
7,4
7,7
7,24
7,1
7,1
7,1
7,24
7,7
8,9
8,7
8,20
8,8
8,8
8,8
8,8
8,8
8,8
8,8
8,8
8,8
8,8
8,8
8,8
8,8
8,8
8,8
8,8
8,8
8,8
8,8
8,8
8,8
8,8
8,8
8,7
8,8
8,8
8,8
8,13
8,8
8,8
9,7
9,9
9,9
9,9
9,13
9,2
9,13
9,21
9,9
9,9
9,9
9,9
9,9
9,9
9,9
9,7
9,9
9,9
9,9
9,9
9,9
9,9
9,9
9,9
9,9
9,7
9,7
9,7
9,9
9,9
9,9
9,7
9,7
9,9
9,7
9,9
9,7
9,24
9,1
9,7
9,7
9,9
9,7
9,7
9,9
9,7
9,7
9,9
9,20
9,7
9,9
10,10
10,10
10,10
10,10
10,10
10,10
10,10
10,10
10,10
10,10
10,10
10,10
10,10
10,10
10,10
10,13
10,11
10,10
10,10
10,10
10,10
10,13
10,13
10,10
10,10
10,10
10,10
10,10
10,10
10,13
10,13
10,7
10,13
10,10
10,10
10,10
10,10
10,10
10,11
10,13
10,10
10,10
10,10
10,10
10,10
10,10
10,10
10,10
10,10
10,10
10,11
10,10
10,10
10,10
10,10
10,10
10,10
10,11
10,13
10,4
10,10
11,11
11,11
11,11
11,11
11,1
11,28
11,7
11,11
11,11
11,11
11,11
11,11
11,11
11,11
11,11
11,11
11,11
11,11
11,11
11,11
11,11
11,11
11,11
11,11
11,11
11,11
11,11
11,11
11,11
11,11
11,11
11,11
11,11
11,11
11,11
11,11
11,11
11,11
11,11
11,11
11,11
11,11
11,11
11,11
11,11
11,11
11,11
11,11
11,11
11,11
11,11
11,11
11,11
11,11
11,11
11,11
11,11
11,11
11,11
11,11
11,11
11,11
11,11
11,11
11,11
11,11
11,11
11,11
11,11
12,12
12,12
12,12
12,12
12,12
12,12
12,12
12,12
12,12
12,12
12,12
12,12
12,12
12,12
12,12
12,12
12,12
12,12
12,12
12,12
12,12
12,12
12,12
12,12
12,12
12,12
12,12
12,12
12,12
12,12
12,12
12,12
12,12
12,12
12,12
12,12
12,12
12,12
12,12
12,12
12,12
12,12
12,12
12,12
12,12
12,12
12,12
12,12
12,12
12,12
12,12
12,12
12,12
12,12
12,12
12,12
12,12
12,12
12,12
13,6
13,13
13,4
13,4
13,4
13,13
13,4
13,7
13,13
13,7
13,9
13,13
13,7
13,13
13,9
13,13
13,13
13,26
13,26
13,26
13,26
13,26
13,13
13,13
13,4
13,13
13,4
13,4
13,4
13,4
13,13
14,12
14,18
14,11
14,12
14,12
14,11
14,11
14,1
14,7
14,19
14,3
14,7
14,17
14,17
14,17
15,13
15,25
15,8
15,8
15,8
16,4
16,13
16,13
16,18
16,13
16,13
16,9
16,2
17,7
17,7
17,7
17,17
17,17
17,17
17,17
17,17
17,17
17,17
17,17
17,17
17,17
17,17
17,17
17,17
17,17
17,17
17,1
17,17
17,24
17,17
17,17
17,17
17,17
17,17
17,17
18,11
18,13
18,11
18,18
18,18
18,18
18,18
18,18
18,11
18,13
18,7
18,8
18,4
19,13
19,8
19,7
19,7
19,1
19,24
19,24
19,1
20,20
20,20
20,8
20,7
20,7
20,7
20,7
20,7
20,7
20,7
20,7
20,7
20,7
20,23
20,20
21,20
21,9
21,20
21,8
21,22
21,8
21,8
21,20
21,7
21,7
21,7
21,7
22,13
22,8
22,8
22,8
22,22
22,22
22,22
22,22
22,8
22,8
22,22
22,22
22,22
22,22
22,22
22,22
22,22
22,13
22,8
22,21
22,22
22,22
22,21
22,22
22,22
22,22
22,22
22,22
22,22
22,22
22,22
22,22
22,22
22,22
22,22
22,2
22,22
22,22
22,22
22,22
22,8
22,22
22,22
22,22
22,22
22,22
22,22
22,22
22,22
22,22
22,22
22,22
22,22
22,22
22,22
22,22
22,22
22,22
22,22
23,23
23,23
23,23
23,23
23,23
23,23
23,23
23,23
23,23
24,7
24,9
24,24
24,24
24,9
24,9
24,24
24,24
24,24
24,24
24,24
24,7
24,7
24,24
24,24
24,24
24,24
24,24
24,24
24,24
24,24
24,24
24,7
24,24
24,24
24,24
24,24
24,24
24,24
25,9
25,22
25,27
25,25
25,25
25,25
25,22
25,22
25,2
25,25
25,25
26,26
26,26
26,26
26,26
26,13
26,13
26,10
26,10
26,10
26,13
26,10
26,10
26,26
26,13
26,13
26,13
26,13
26,10
26,26
26,9
26,25
26,26
26,25
26,13
26,26
26,26
26,13
26,13
26,13
28,1
28,1
28,1
28,1
28,1
28,1
28,7
28,4
28,1
0,0
0,0
0,0
0,0
0,0
0,0
0,0
0,0
0,0
0,0
0,0
0,0
0,0
0,0
0,0
0,0
0,0
0,0
0,0
0,0
0,0
0,0
0,0
0,0
0,0
0,0
0,0
0,0
0,0
0,0
0,0
0,0
0,0
0,0
0,0
0,0
0,0
0,0
0,0
0,0
0,0
0,0
0,0
0,0
0,0
0,0
0,0
0,0
0,0
0,0
0,0
0,0
0,0
0,0
0,0
0,0
0,0
0,0
0,0
0,0
0,0
0,0
0,0
0,0
0,0
0,0
0,0
0,0
0,0
0,0
0,0
0,0
0,0
0,0
0,0
0,0
0,0
0,0
0,0
0,0
0,0
0,0
0,0
0,0
0,0
0,0
0,0
0,0
0,0
0,0
0,0
0,0
0,0
0,0
0,0
0,0
0,0
0,0
0,0
0,0
0,0
0,0
0,0
0,0
0,0
0,0
0,0
0,0
0,0
0,0
0,0
0,0
0,0
0,0
0,0
0,0
0,0
0,0
0,0
0,0
0,0
0,0
0,0
0,0
0,0
0,0
0,0
0,0
0,0
0,0
0,0
0,0
0,0
0,0
0,0
0,0
0,0
0,0
0,0
0,0
0,0
0,0
0,0
0,0
0,0
0,0
0,0
0,1
2,2
2,2
2,2
2,2
2,2
2,2
2,2
2,2
2,2
2,2
2,2
2,2
2,2
2,2
2,2
2,2
2,2
2,2
2,2
2,2
2,2
2,2
2,2
2,2
2,2
2,2
2,2
2,2
2,2
2,2
2,2
2,2
2,2
2,2
2,2
2,2
2,2
2,2
2,2
2,2
2,2
2,2
2,2
3,3
3,3
3,3
3,3
3,3
3,3
3,3
3,3
3,3
3,9
3,3
3,3
3,3
3,3
3,3
3,9
3,9
3,3
3,3
3,3
3,3
3,3
3,3
3,3
3,9
3,3
3,3
3,3
3,3
3,3
3,9
3,5
3,13
3,3
3,3
3,3
3,3
3,3
3,3
3,3
3,3
3,3
3,3
4,5
4,5
4,5
4,5
4,5
4,4
4,4
4,4
4,5
4,1
4,1
4,4
4,5
4,5
4,5
4,1
4,4
4,4
4,4
4,4
4,0
4,0
4,1
4,1
4,11
4,1
4,1
4,1
4,5
4,1
4,0
4,0
4,0
4,0
4,4
4,4
4,4
4,13
4,4
4,4
4,4
4,4
4,0
5,5
5,5
5,5
5,5
5,5
5,5
5,5
5,5
5,5
5,5
5,5
5,5
5,5
5,5
5,5
5,26
5,9
5,5
5,13
5,5
5,9
5,4
5,13
5,5
5,5
5,5
5,5
5,5
5,5
5,5
5,5
5,5
5,5
5,5
5,5
5,5
5,5
5,13
5,5
6,6
6,6
6,6
6,6
6,6
6,6
6,6
6,6
6,6
6,6
6,6
6,6
6,6
6,6
6,6
6,6
6,6
6,6
6,6
6,6
6,6
6,6
6,6
6,6
6,6
6,6
6,6
6,6
6,6
6,6
6,6
7,7
7,7
7,7
7,7
7,7
7,7
7,7
7,20
7,7
7,7
7,7
7,9
7,20
7,9
7,9
7,7
7,7
7,7
7,7
7,7
7,7
7,7
7,7
7,7
7,7
7,7
7,7
7,7
7,7
7,7
7,7
7,7
7,7
7,7
7,7
8,8
8,8
8,8
8,8
8,8
8,8
8,8
8,8
8,8
8,8
8,8
8,8
8,8
8,8
8,8
8,8
8,8
8,8
8,8
8,8
8,8
8,8
8,8
8,8
8,8
9,9
9,9
9,9
9,9
9,9
9,9
9,9
9,9
9,9
9,9
9,9
9,9
9,9
9,9
9,9
9,9
9,9
9,9
9,9
9,9
9,9
9,9
9,9
9,9
9,9
9,9
9,9
9,9
9,9
9,9
9,9
9,2
9,2
9,9
9,9
9,9
9,9
9,9
9,9
9,9
9,9
9,9
9,9
9,9
9,9
9,9
9,9
9,9
9,9
9,9
9,9
9,9
9,9
9,9
9,9
9,6
9,9
9,6
9,9
10,10
10,10
10,10
10,10
10,10
10,10
10,10
10,10
10,10
10,10
10,10
10,10
10,10
10,10
10,10
10,10
10,10
10,10
10,10
10,10
10,10
10,10
10,10
10,10
10,10
10,10
10,10
10,10
10,10
10,10
10,10
10,10
10,10
10,10
10,10
10,10
10,10
10,10
10,10
10,10
10,10
10,10
10,10
10,10
10,10
10,10
10,10
10,10
10,10
10,5
10,5
10,10
10,10
10,10
10,10
10,10
10,10
10,10
10,10
10,10
10,10
10,10
10,10
10,10
10,10
10,10
10,10
10,10
10,10
10,10
10,10
10,10
10,10
10,10
10,10
10,10
10,10
10,10
10,10
10,10
10,10
10,10
10,10
10,10
10,10
10,10
10,10
10,10
10,10
11,13
11,13
11,11
11,11
11,11
11,11
11,11
11,11
11,11
11,11
11,11
11,13
11,11
11,11
11,11
11,11
11,13
11,11
11,11
11,11
11,11
11,11
11,11
11,11
11,11
11,4
11,11
11,11
11,4
11,4
11,4
11,4
11,4
12,12
12,3
12,3
12,12
12,12
12,12
12,12
12,12
12,12
12,12
12,12
12,12
12,12
12,12
12,12
12,12
12,12
12,12
12,12
12,12
12,12
12,12
12,12
12,12
12,12
12,12
12,12
12,12
12,12
12,12
12,12
12,12
12,12
12,12
12,12
12,12
12,12
12,12
12,12
13,13
13,7
13,13
13,13
13,13
13,28
13,13
13,13
13,5
13,9
13,13
13,13
13,13
13,13
13,13
13,13
13,13
13,13
13,5
13,13
13,13
13,13
13,13
13,13
13,13
13,5
13,13
13,13
13,9
14,12
14,12
14,3
14,3
14,3
14,3
14,3
14,14
14,19
14,1
14,17
14,17
14,17
14,17
14,24
14,1
14,17
14,1
14,1
14,3
14,3
15,22
15,25
15,22
15,22
15,22
15,2
15,21
15,21
15,21
15,2
16,7
16,7
16,4
16,7
16,13
16,28
16,13
16,13
16,13
17,13
17,9
17,19
17,17
17,17
17,17
17,17
17,17
17,17
17,17
17,17
17,17
17,17
17,7
17,17
17,0
17,20
18,3
18,17
18,13
18,18
18,18
18,18
18,13
18,13
18,13
18,19
18,13
19,13
19,9
19,9
19,19
19,7
19,7
19,7
19,9
19,13
19,11
23,23
23,0
23,23
23,23
23,23
23,6
23,6
23,23
23,23
23,23
23,23
24,24
24,24
24,24
24,24
24,24
24,24
24,3
24,3
24,9
24,19
24,16
25,13
25,26
25,13
25,2
25,13
25,13
25,13
25,25
25,13
25,13
25,2
25,4
28,8
28,8
28,8
28,8
28,8
28,8
28,8
28,22
28,22
28,22
28,8
28,8
28,8
0,7
0,4
0,0
0,0
0,0
0,5
0,4
0,5
0,5
0,4
0,0
0,0
0,0
0,4
0,13
0,5
0,0
0,9
0,13
0,13
0,13
0,9
0,0
0,0
0,0
0,0
0,0
0,0
0,0
0,0
0,0
0,0
0,0
0,0
0,1
0,7
0,1
0,7
0,7
0,3
0,9
0,9
0,0
0,0
0,0
0,0
0,7
0,1
0,7
2,2
2,2
2,2
2,2
2,2
2,2
2,2
2,13
2,13
2,13
2,2
2,2
2,2
2,2
2,2
2,2
2,2
2,2
2,13
2,22
2,22
2,2
2,2
2,2
2,2
2,2
2,2
2,2
2,2
2,2
2,2
2,2
2,25
2,2
2,2
2,2
2,2
2,2
2,2
2,2
2,2
2,2
2,2
2,2
2,2
2,2
2,2
2,2
2,2
2,2
2,2
3,9
3,3
3,3
3,3
3,3
3,3
3,9
3,9
3,3
3,3
3,3
3,3
3,3
3,3
3,3
3,3
3,9
3,3
3,3
3,9
3,3
3,3
3,9
3,3
3,26
3,3
3,3
3,3
3,13
3,5
3,10
3,5
3,26
3,9
3,3
3,3
3,13
3,26
3,26
3,5
3,3
3,9
3,3
3,3
3,3
3,3
3,3
3,3
3,3
3,3
3,3
3,3
3,3
3,3
3,3
3,13
3,26
3,3
3,3
3,3
3,3
3,3
3,1
3,13
3,9
3,9
3,3
3,9
3,9
3,9
3,3
3,4
3,16
3,9
3,3
3,3
3,13
3,26
3,3
3,4
3,3
3,3
3,3
3,3
3,3
3,3
3,9
3,3
3,3
3,9
3,3
3,3
3,3
4,13
4,28
4,28
4,8
4,4
4,2
4,4
4,4
4,11
4,11
4,13
4,4
4,5
4,4
4,4
4,4
4,4
4,13
4,13
4,13
4,4
4,4
4,13
4,4
4,13
4,5
4,13
4,4
4,13
4,13
4,4
4,4
4,13
4,7
4,4
4,13
4,13
6,6
6,0
6,6
6,0
6,6
6,0
6,6
6,6
6,0
6,0
6,0
6,0
6,6
6,0
6,0
6,0
6,0
6,0
6,0
6,0
6,0
6,0
6,0
6,6
6,0
6,0
6,0
6,0
6,0
7,7
7,7
7,7
7,7
7,7
7,7
7,7
7,7
7,7
7,7
7,7
7,7
7,7
7,7
7,9
7,7
7,9
7,9
7,7
7,7
7,9
7,7
7,9
7,7
7,24
7,7
7,9
7,9
7,7
8,8
8,8
8,8
8,8
8,8
8,8
8,8
8,8
8,8
8,8
8,8
9,9
9,9
9,9
9,9
9,9
9,9
9,9
9,9
9,9
9,9
9,9
9,9
9,9
9,9
9,9
9,2
9,9
9,9
9,9
9,9
9,9
9,9
9,9
9,21
9,22
9,9
9,9
9,9
9,9
9,2
9,9
9,9
9,9
9,9
9,26
9,26
9,26
9,26
9,10
9,26
9,9
9,9
9,9
9,9
9,9
9,9
9,9
9,9
9,9
9,20
9,9
9,9
9,9
9,26
9,9
9,9
9,20
9,9
9,9
9,2
9,2
9,20
9,9
10,10
10,10
10,2
10,2
10,10
10,10
10,10
10,10
10,10
10,10
10,10
10,10
10,10
10,10
10,10
10,10
10,10
10,10
10,2
10,2
10,2
10,2
10,10
10,2
10,10
10,10
10,10
10,10
10,10
10,10
10,10
10,10
10,2
10,2
10,10
10,10
10,10
10,10
10,10
10,10
10,10
10,10
10,10
10,10
10,10
10,10
10,2
10,2
10,2
10,10
10,10
10,10
10,10
10,10
10,2
10,13
10,26
10,26
10,2
10,2
10,10
10,10
10,10
10,10
10,10
10,10
10,10
10,10
10,10
11,11
11,11
11,11
11,11
11,11
11,11
11,5
11,5
11,11
11,4
11,11
11,11
11,11
11,11
11,4
11,4
11,11
11,11
11,13
11,11
11,11
11,13
11,13
11,13
11,4
11,5
11,5
11,5
11,4
11,4
11,11
11,11
11,11
11,11
11,11
11,13
11,13
11,26
11,5
11,11
11,13
11,11
11,13
11,11
11,11
11,11
11,11
11,11
11,11
11,11
11,11
11,11
11,11
11,11
11,13
11,11
11,11
11,11
11,11
11,11
11,11
11,11
11,11
11,11
11,11
11,11
11,11
11,11
11,11
11,11
11,11
11,11
11,11
11,11
11,11
11,11
11,11
11,11
11,13
11,13
11,8
11,13
11,11
11,13
11,13
11,13
11,13
11,11
11,5
11,13
11,11
11,11
11,13
11,13
11,13
11,13
11,13
11,13
11,13
12,12
12,12
12,12
12,12
12,12
12,12
12,12
12,12
12,12
12,12
12,12
12,12
12,12
12,12
12,12
12,12
12,12
12,12
12,12
12,24
12,12
12,12
12,3
12,12
12,12
12,24
12,24
12,12
12,12
12,12
12,12
12,12
12,12
12,12
12,12
12,12
12,12
12,12
12,12
12,12
12,12
12,12
12,12
12,12
12,12
12,12
12,12
12,12
12,12
12,12
12,12
12,12
12,12
12,12
12,12
12,12
12,12
12,12
12,12
13,13
13,13
13,13
13,13
13,7
13,7
13,13
13,13
13,13
13,13
13,13
13,13
13,13
13,13
13,7
13,13
13,13
13,13
13,13
13,13
13,13
13,8
13,13
13,13
13,13
13,13
13,13
13,13
13,25
13,13
13,13
13,13
13,13
13,13
13,11
13,13
13,13
13,13
13,13
13,9
13,13
13,13
13,13
13,5
13,13
13,13
13,13
13,13
13,13
13,13
13,13
13,13
13,13
13,13
13,13
14,3
14,3
14,12
14,24
14,14
14,12
14,24
14,0
14,24
14,1
14,24
15,22
15,22
15,8
15,22
15,22
15,22
15,21
15,22
15,2
16,13
16,9
16,9
16,13
16,4
17,3
17,3
17,17
17,1
17,1
17,17
17,17
17,17
17,17
17,17
17,17
17,17
17,17
17,17
17,17
17,17
17,17
17,17
17,1
17,17
17,17
17,17
17,17
17,17
17,17
17,5
18,11
18,18
18,18
18,18
18,18
18,17
18,28
18,28
18,28
18,11
18,4
18,28
18,28
18,0
18,4
18,28
18,4
18,18
18,18
18,11
18,18
18,18
18,18
18,7
18,13
19,24
19,24
19,7
19,9
19,9
19,9
19,3
20,20
20,20
20,20
20,21
20,20
20,7
20,6
20,9
20,9
20,9
20,21
20,21
20,21
21,21
21,21
21,21
21,21
21,21
21,22
21,22
21,22
21,21
21,22
22,8
22,8
22,8
22,13
22,22
22,22
22,22
22,22
22,2
22,2
22,9
22,6
22,2
22,2
22,2
22,2
22,2
22,2
22,2
22,2
22,2
22,2
22,2
22,26
22,26
22,6
22,2
22,2
22,2
23,23
23,23
23,23
23,23
23,23
23,23
23,23
23,23
23,23
23,23
23,23
23,23
23,23
23,23
23,23
23,23
23,23
24,24
24,24
24,24
24,24
24,0
24,24
24,9
24,6
24,0
24,0
24,24
24,24
24,0
24,24
24,24
24,24
24,24
25,7
25,9
25,9
25,9
25,13
25,13
25,13
25,13
25,4
25,4
25,13
25,13
26,26
26,24
26,24
26,26
26,26
26,26
26,26
26,4
26,26
26,4
26,26
26,26
26,26
26,26
26,26
26,10
26,26
26,26
26,26
26,26
26,11
26,4
26,4
26,4
26,7
26,13
26,4
26,13
26,5
26,13
26,26
26,26
26,26
26,26
26,26
26,26
26,26
26,26
26,10
26,10
26,26
26,10
26,26
26,2
26,26
26,26
26,10
26,26
26,26
26,26
26,26
26,26
26,26
26,10
26,5
26,10
26,13
26,13
26,13
27,2
27,22
27,21
27,22
27,2
27,9
27,9
27,9
27,9
27,9
27,9
27,24
27,24
27,24
27,24
27,24
27,24
27,24
27,9
27,9
27,2
27,20
27,21
27,21
27,21
27,9
27,9
27,27
27,2
28,13
28,13
28,13
28,13
28,13
28,13
28,13
28,10
28,13
28,13
28,13
28,13
28,13
28,13
28,13
28,13
28,7
28,26
28,13
28,13
28,13
28,13
28,13
28,11
28,11
28,13
28,13
28,13
28,13
28,13
28,13
28,13
28,13
0,0
0,0
0,0
0,0
0,0
0,0
0,0
0,0
0,0
0,0
0,0
0,0
0,0
0,0
0,0
0,0
0,0
2,2
2,2
2,2
2,2
2,2
2,2
2,2
2,2
2,2
2,2
2,2
2,2
2,2
2,2
2,2
2,22
2,2
2,2
2,22
2,2
2,2
2,2
2,2
2,2
2,2
2,2
2,22
2,2
2,2
2,22
3,3
3,3
3,5
3,3
3,3
3,3
3,26
3,3
3,3
3,3
3,3
3,13
3,3
3,3
3,3
3,3
3,3
3,3
3,3
3,3
3,3
3,3
3,3
3,3
3,3
3,3
3,3
3,5
3,3
3,3
3,3
4,4
4,4
4,11
4,11
4,11
4,11
4,11
4,4
4,11
4,13
4,4
4,4
4,1
4,28
4,13
4,28
4,4
4,4
4,11
4,4
4,28
4,13
4,11
4,4
4,13
6,6
6,6
6,6
6,6
6,6
6,6
6,6
6,6
6,6
6,6
6,6
6,6
6,0
7,7
7,7
7,7
7,7
7,7
7,9
7,7
7,7
7,24
7,7
7,7
7,7
7,1
7,7
7,7
7,7
7,7
7,7
7,7
7,7
7,7
7,7
7,7
7,7
7,7
8,8
8,13
8,13
8,8
8,8
8,8
8,8
8,8
8,8
8,8
8,8
8,8
8,8
8,8
8,8
8,8
8,8
8,8
8,8
8,8
8,8
9,9
9,6
9,9
9,9
9,2
9,9
9,9
9,9
9,9
9,9
9,9
9,9
9,9
9,9
9,9
9,9
9,9
9,9
9,9
9,9
9,9
9,21
9,21
9,9
9,2
9,9
9,9
9,9
9,9
9,9
9,9
9,9
9,6
9,9
9,9
9,9
9,9
9,26
9,9
10,10
10,10
10,10
10,10
10,10
10,10
10,10
10,10
10,10
10,10
10,10
10,10
10,10
10,10
10,10
10,10
10,10
10,10
10,10
10,10
10,10
10,10
10,10
11,11
11,11
11,11
11,11
11,11
11,11
11,11
11,11
11,11
11,11
11,11
11,11
11,11
11,11
11,11
11,11
11,11
11,11
11,11
11,11
11,11
11,11
11,11
11,11
11,11
11,11
11,11
11,11
11,11
11,11
11,11
11,11
11,11
11,11
11,11
11,11
11,11
11,11
11,11
11,11
11,11
11,11
11,11
11,11
11,11
11,11
11,11
11,11
11,11
11,11
11,11
11,11
11,11
11,11
11,11
11,11
11,11
11,11
11,11
11,11
11,11
11,11
11,11
12,12
12,12
12,12
12,12
12,12
12,12
12,12
12,12
12,12
12,12
12,12
12,12
12,12
12,12
12,12
12,12
12,12
12,12
12,12
12,12
12,12
12,12
12,12
12,12
12,12
12,12
12,12
12,12
12,12
13,26
13,26
13,5
13,5
13,4
13,4
13,26
13,26
13,13
13,26
13,5
13,5
13,4
13,5
13,13
13,26
13,26
13,5
13,5
13,5
13,13
13,5
13,13
13,4
13,5
13,5
13,13
13,13
13,4
13,4
13,4
13,13
13,11
13,4
13,4
13,13
13,13
13,9
13,4
14,3
14,3
14,14
14,7
14,24
14,24
15,22
15,22
15,22
15,22
15,22
15,15
15,25
15,22
16,13
16,25
16,13
16,28
16,13
16,13
17,25
17,22
17,22
17,25
17,3
17,3
17,3
17,4
17,18
17,4
17,1
17,5
17,26
17,25
17,25
17,22
17,2
18,2
18,25
18,3
18,3
18,26
18,5
18,11
18,11
18,3
18,26
18,25
18,2
18,2
19,13
19,3
19,19
19,17
19,1
19,1
19,24
19,24
19,24
19,7
19,20
19,13
20,9
20,9
20,9
20,9
20,9
20,20
20,9
20,21
20,20
20,7
20,7
20,9
20,9
20,20
20,21
20,8
20,22
21,21
21,21
21,2
21,2
21,2
21,2
21,9
21,2
21,2
21,2
21,9
21,9
21,9
22,22
22,22
22,22
22,22
22,8
22,22
22,22
22,22
22,22
22,22
22,22
22,22
22,22
22,22
22,22
22,22
22,22
22,22
22,22
22,22
22,22
22,22
22,22
23,23
23,23
23,23
23,5
24,24
24,24
24,24
24,24
24,24
24,24
24,24
24,24
24,24
24,24
24,24
24,24
24,24
24,24
24,24
25,2
25,22
25,25
25,25
25,25
25,25
25,25
25,25
25,25
25,25
25,25
25,25
25,25
25,25
25,21
26,24
26,13
26,3
26,26
26,26
26,26
26,26
26,2
26,26
26,26
26,26
26,26
26,2
26,2
26,10
26,26
26,26
26,2
26,2
27,2
27,2
27,2
27,2
27,2
27,2
27,2
27,2
27,9
27,9
27,9
27,24
27,24
27,24
27,9
27,7
27,7
27,0
27,20
27,9
27,21
27,27
27,22
28,2
28,2
28,2
28,2
28,26
28,26
28,26
28,26
28,9
28,9
28,26
28,3
28,26
28,26
28,26
28,2
28,2
0,1
0,1
0,1
0,0
0,1
0,0
0,1
0,1
0,1
0,1
0,1
0,1
0,1
0,1
0,1
0,1
0,1
0,0
0,1
0,1
0,0
0,0
0,0
0,0
0,1
0,1
0,24
0,0
0,24
0,24
0,1
0,1
0,24
0,1
0,1
0,1
0,1
0,1
0,1
0,0
0,0
0,0
0,0
0,1
0,1
0,1
0,1
0,1
0,1
0,1
0,1
0,1
0,1
0,1
0,1
0,1
0,1
0,1
0,1
0,1
0,1
0,1
0,1
0,1
0,1
0,1
0,1
0,1
0,1
0,1
0,1
0,1
0,1
0,0
0,0
0,0
0,0
0,0
0,0
0,24
0,0
0,24
0,24
0,0
0,0
0,0
0,0
0,0
0,0
0,0
0,24
0,24
0,24
0,24
0,0
0,24
0,0
0,0
0,0
0,0
0,24
0,24
0,24
0,0
0,0
0,7
0,24
0,1
0,1
0,1
0,1
0,1
0,24
0,24
0,24
0,24
0,1
0,1
0,1
0,1
0,1
0,1
0,1
0,1
0,1
0,1
0,1
0,1
0,1
0,1
0,1
0,1
0,24
0,1
0,1
0,1
0,1
0,1
0,1
0,24
0,1
0,1
2,2
2,2
2,2
2,2
2,2
2,2
2,2
2,2
2,2
2,2
2,2
2,2
2,2
2,2
2,2
2,2
2,2
2,2
2,2
2,2
2,2
2,2
2,2
2,2
2,2
2,13
2,13
2,2
2,2
2,2
2,2
2,2
2,2
2,2
2,13
2,2
2,2
2,2
2,2
2,2
2,2
2,2
2,2
2,2
2,2
2,2
2,2
2,2
2,2
2,2
2,2
2,27
2,9
2,20
2,6
2,2
2,2
2,23
2,26
3,3
3,3
3,3
3,3
3,26
3,3
3,3
3,3
3,3
3,3
3,3
3,26
3,26
3,26
3,26
3,26
3,3
3,3
3,3
3,3
3,17
3,3
3,3
3,3
3,26
3,26
3,3
3,3
3,3
3,3
3,3
3,3
3,3
3,3
3,26
3,12
3,26
3,26
3,3
3,3
3,3
3,3
3,3
3,3
3,3
4,13
4,13
4,7
4,13
4,13
4,13
4,13
4,13
4,13
4,13
4,13
4,13
4,13
4,13
4,13
4,4
4,13
4,13
4,13
4,4
4,13
4,13
4,13
4,13
4,5
4,5
4,5
4,4
5,4
5,4
5,0
5,5
5,5
5,5
5,4
5,5
5,5
5,5
5,13
5,4
5,4
5,5
5,13
5,4
5,13
5,5
5,5
5,5
5,5
5,5
5,5
5,4
5,5
5,5
5,5
5,5
5,5
5,5
5,13
5,4
5,5
5,13
5,13
5,13
5,13
5,5
5,13
5,13
5,13
6,6
6,6
6,6
6,6
6,6
6,6
6,6
6,6
6,6
6,6
6,6
6,6
6,6
6,6
6,6
6,6
6,6
6,6
6,6
6,6
6,6
7,7
7,7
7,7
7,7
7,7
7,7
7,7
7,7
7,7
7,7
7,7
7,7
7,7
7,7
7,7
7,7
7,7
7,7
7,7
7,7
7,7
7,7
7,7
7,9
7,20
7,7
7,7
7,7
7,7
7,7
7,7
7,7
7,7
7,7
7,23
7,23
7,7
8,8
8,8
8,8
8,8
8,8
8,8
8,8
8,8
8,8
8,8
8,8
8,8
8,8
8,8
8,8
8,8
8,8
8,8
8,8
8,8
8,8
8,8
8,8
8,8
8,8
8,8
8,8
8,8
8,8
8,8
8,8
8,8
8,8
8,8
8,8
8,8
8,8
8,8
8,8
8,8
8,8
9,9
9,9
9,9
9,9
9,9
9,9
9,9
9,9
9,9
9,9
9,9
9,9
9,9
9,9
9,9
9,9
9,9
9,9
9,9
9,9
9,9
9,9
9,9
9,9
9,9
9,9
9,9
9,9
9,9
9,9
9,9
9,9
9,9
9,9
9,9
10,10
10,10
10,10
10,10
10,10
10,10
10,10
10,10
10,10
10,10
10,10
10,10
10,10
10,10
10,10
10,10
10,10
10,10
10,10
10,10
10,10
10,10
10,10
10,10
10,26
10,26
10,10
10,10
10,10
10,10
10,10
10,10
10,10
10,10
10,10
11,11
11,11
11,11
11,11
11,11
11,11
11,11
11,11
11,11
11,11
11,11
11,11
11,11
11,11
11,11
11,11
11,11
11,11
11,11
11,11
11,11
11,11
11,11
11,11
11,11
11,11
11,11
11,11
11,11
11,11
11,11
11,11
11,11
12,12
12,12
12,12
12,12
12,12
12,12
12,12
12,12
12,12
12,12
12,12
12,12
12,12
12,12
12,12
12,12
12,12
12,12
12,12
12,12
12,12
12,12
12,12
12,12
12,12
12,12
12,12
13,8
13,8
13,8
13,2
13,2
13,9
13,8
13,8
13,13
13,13
13,13
13,8
13,8
13,13
13,9
13,13
13,8
13,13
13,22
13,9
13,13
13,13
13,13
13,13
13,9
13,13
13,8
13,2
13,13
14,12
14,12
14,24
14,24
14,20
14,19
14,17
14,17
14,17
14,17
14,17
14,20
14,20
15,22
15,22
15,22
15,22
15,21
15,5
16,13
16,9
16,9
16,9
16,9
16,5
16,9
16,8
17,3
17,14
17,14
17,17
17,17
17,17
17,17
17,24
17,17
17,17
17,17
17,17
17,17
17,17
17,17
17,17
17,17
17,17
17,17
17,17
17,3
18,13
18,3
18,3
18,13
18,13
18,18
18,13
18,18
18,18
18,18
18,18
18,18
18,18
18,13
18,11
19,19
19,19
19,19
19,19
19,7
19,20
19,8
20,9
20,9
20,9
20,20
20,20
20,20
20,24
20,7
20,7
20,7
20,9
20,20
20,9
20,20
20,1
21,20
21,20
21,21
21,22
21,21
21,9
22,22
22,22
22,8
22,22
22,22
22,8
22,22
22,22
22,8
22,22
22,28
22,22
22,8
22,22
22,22
22,21
22,22
22,22
22,22
22,22
22,22
22,22
22,22
23,23
23,23
23,23
23,23
23,23
23,23
23,23
23,23
23,23
23,23
24,7
24,9
24,24
24,7
24,0
24,1
24,1
24,24
24,24
24,24
24,1
24,1
24,1
24,1
24,1
25,13
25,13
25,13
25,25
25,25
25,8
25,8
25,13
25,20
25,15
25,8
26,9
26,9
26,6
26,9
26,26
26,26
26,2
26,2
26,26
26,26
26,26
26,26
26,26
26,26
26,26
26,10
26,10
26,26
26,2
26,13
26,10
26,10
26,10
26,2
26,2
26,26
26,26
26,10
26,10
27,2
27,2
27,9
27,9
27,24
27,3
27,2
27,2
27,9
27,13
28,13
28,4
28,13
28,13
28,28
28,7
28,8
28,28
28,28
28,13
28,28
28,13
28,8
28,8
28,7
28,28
28,28
0,0
0,0
0,0
0,0
0,0
0,0
0,0
0,0
0,0
0,0
0,0
0,0
0,0
0,0
0,0
0,0
0,0
0,0
0,0
0,0
0,0
0,0
0,0
0,0
0,0
0,0
0,0
0,0
0,0
0,0
0,0
0,0
0,0
0,0
0,0
0,0
0,0
0,0
0,0
0,0
0,0
0,0
0,0
0,0
0,0
0,0
0,0
0,0
0,0
0,0
0,0
0,0
0,0
0,0
0,0
0,0
0,0
0,0
0,0
0,0
0,0
0,0
0,0
0,0
0,0
0,0
0,0
0,0
0,0
0,0
0,0
0,0
0,0
0,0
0,0
0,0
0,0
0,0
0,0
0,0
0,0
0,0
0,0
0,0
0,0
0,0
0,0
0,0
0,0
0,0
0,0
0,0
0,0
0,0
0,0
0,0
0,0
0,0
0,0
0,0
0,0
0,0
0,0
0,0
0,0
0,0
0,0
0,0
0,0
0,0
0,0
0,0
0,0
0,0
0,0
0,0
0,0
0,0
0,0
0,0
0,0
0,0
0,0
0,0
0,0
0,0
0,0
0,0
0,0
0,0
0,0
0,0
0,0
0,0
0,0
0,0
0,0
0,0
0,0
0,0
0,0
0,0
0,0
0,0
0,0
0,0
0,0
0,0
0,0
0,0
0,0
0,0
0,0
0,0
0,0
0,0
0,0
0,0
0,0
0,0
0,0
0,0
0,0
0,0
0,0
0,0
0,0
0,0
0,0
0,0
0,0
0,0
0,0
0,0
0,0
0,0
0,0
0,0
0,0
0,0
0,0
0,0
0,0
0,0
0,0
0,0
0,0
0,0
0,0
0,0
0,0
0,0
0,0
0,0
0,0
0,0
0,0
0,0
0,0
0,0
0,0
0,0
0,0
0,0
0,0
0,0
0,0
0,0
0,0
0,0
0,0
0,0
0,0
0,1
2,2
2,2
2,2
2,2
2,2
2,2
2,2
2,2
2,2
2,13
2,2
2,2
2,2
2,2
2,2
2,2
2,2
2,2
2,2
2,2
2,2
2,2
2,2
2,2
2,2
2,2
2,2
2,2
2,2
2,2
2,2
2,2
2,2
2,2
2,2
2,2
2,2
2,2
2,2
2,2
2,2
2,13
2,2
2,2
2,2
2,2
2,2
2,2
2,2
2,2
2,2
2,2
2,13
2,2
2,2
2,2
2,2
2,2
2,2
2,2
2,2
2,2
2,2
2,2
2,2
2,2
2,2
2,2
2,2
2,2
2,2
2,2
2,2
2,2
2,2
2,2
2,2
2,2
2,2
2,2
2,2
2,2
2,2
2,2
2,2
2,2
2,2
2,2
2,2
2,2
2,2
2,2
2,2
2,26
2,26
2,12
2,2
2,2
2,9
3,3
3,3
3,3
3,3
3,3
3,3
3,3
3,3
3,24
3,3
3,3
3,3
3,26
3,26
3,3
3,3
3,3
3,3
3,24
3,24
3,24
3,3
3,3
3,3
3,26
3,3
3,3
3,3
3,3
3,12
3,12
3,3
3,26
3,3
3,3
3,3
3,14
3,13
3,3
3,3
3,3
3,3
3,3
3,3
3,3
3,3
3,3
3,4
3,13
3,9
3,3
4,28
4,4
4,4
4,4
4,7
4,4
4,13
4,13
4,13
4,4
4,13
4,4
4,4
4,28
4,4
4,7
4,7
4,7
4,4
4,4
4,6
4,4
4,13
4,4
4,4
4,4
4,13
4,13
4,13
4,1
5,7
5,7
5,6
5,4
5,4
5,5
5,13
5,13
5,7
5,5
5,6
5,7
5,13
5,7
5,7
5,7
5,13
5,9
5,7
5,7
5,5
5,13
5,13
5,13
5,13
6,6
6,6
6,9
6,20
6,6
6,6
6,6
6,6
6,6
6,6
6,6
6,6
6,6
6,6
6,6
6,6
6,6
6,6
6,6
6,6
6,6
7,7
7,7
7,7
7,7
7,7
7,7
7,7
7,7
7,7
7,7
7,7
7,7
7,7
7,7
7,7
7,7
7,7
7,7
7,7
7,7
7,7
7,7
7,7
7,7
7,7
7,7
7,7
7,7
7,7
7,7
7,7
7,7
7,7
7,7
7,7
7,7
7,7
7,7
7,7
7,7
7,23
7,7
7,7
7,7
7,7
7,23
7,23
8,8
8,8
8,8
8,8
8,23
8,23
8,8
8,8
8,8
8,8
8,8
8,8
8,8
8,8
8,8
8,8
8,8
8,8
8,8
8,8
8,8
9,9
9,9
9,9
9,9
9,9
9,9
9,9
9,9
9,9
9,9
9,9
9,9
9,9
9,9
9,9
9,9
9,9
9,9
9,9
9,9
9,9
9,9
9,9
9,9
9,9
9,9
9,9
9,9
9,9
9,9
9,9
9,9
9,9
9,9
9,9
9,9
9,9
9,9
9,9
10,10
10,10
10,10
10,10
10,10
10,10
10,10
10,10
10,10
10,10
10,10
10,10
10,10
10,10
10,10
10,10
10,10
10,10
10,10
10,10
10,10
10,10
10,10
10,10
10,10
10,10
10,11
10,10
10,10
10,10
10,10
10,10
10,10
10,10
10,10
10,10
10,10
10,10
10,10
10,10
10,10
11,11
11,11
11,11
11,11
11,11
11,11
11,11
11,11
11,11
11,11
11,11
11,11
11,11
11,11
11,11
11,11
11,11
11,11
11,11
11,11
11,11
11,11
11,11
11,11
11,11
11,11
11,11
11,11
11,11
11,11
11,11
11,11
11,11
11,11
11,11
11,11
11,11
12,12
12,12
12,12
12,12
12,12
12,12
12,12
12,12
12,12
12,12
12,12
12,12
12,12
12,12
12,12
12,12
12,12
12,12
12,12
12,12
12,12
12,12
12,12
12,12
12,12
13,13
13,13
13,13
13,13
13,13
13,10
13,13
13,13
13,13
13,13
13,13
13,25
13,13
13,13
13,13
13,13
13,13
13,13
13,13
13,8
13,13
13,13
13,10
13,9
14,26
14,10
14,26
14,26
14,24
14,20
14,7
14,24
14,17
14,17
14,17
14,17
14,1
14,19
14,7
15,8
15,15
15,15
15,13
16,13
16,8
16,7
16,8
16,8
16,28
16,8
16,25
17,24
17,7
17,17
17,17
17,17
17,17
17,17
17,17
17,17
17,17
17,17
17,17
17,17
17,17
17,9
17,3
18,13
18,22
18,25
18,25
18,25
18,25
18,18
18,18
18,18
18,28
18,13
18,13
18,13
19,9
19,9
19,24
19,19
19,17
19,20
19,20
19,4
20,6
20,20
20,8
20,7
20,7
20,7
20,20
20,20
20,8
20,8
20,8
21,20
21,21
21,21
21,21
21,21
21,21
21,9
22,22
22,21
22,21
22,8
22,22
22,22
22,22
22,22
22,22
22,22
22,2
22,2
22,2
22,2
22,22
22,22
22,2
22,22
22,2
23,23
23,23
23,23
23,23
23,23
23,23
23,23
23,23
23,23
24,24
24,0
24,0
24,0
24,0
24,0
24,9
24,9
24,9
24,9
24,9
24,24
24,24
24,0
24,0
24,0
24,0
25,13
25,13
25,13
25,13
25,13
25,13
25,13
25,18
25,13
25,9
26,24
26,7
26,13
26,5
26,10
26,9
26,9
26,2
26,13
26,26
26,10
26,26
26,26
26,26
26,2
26,13
26,26
26,2
26,25
26,2
26,2
27,22
27,22
27,21
27,9
27,24
27,24
27,9
27,21
27,22
27,22
27,22
28,7
28,28
28,7
28,7
28,28
28,28
28,28
28,8
28,13
28,13
28,7
28,28
28,28
