true_label,predicted_label
0,27
0,19
0,0
0,0
0,0
0,0
0,0
0,0
0,0
0,0
0,0
0,0
0,0
0,0
0,0
0,0
0,0
0,0
0,0
0,0
0,0
0,0
0,0
0,0
0,0
0,0
0,0
0,0
0,1
0,0
0,0
0,0
0,0
0,1
0,0
0,0
0,0
0,0
0,0
0,0
0,0
0,1
0,0
0,0
0,0
0,0
0,0
0,0
0,0
0,0
0,0
0,0
0,0
0,0
0,0
0,0
0,0
0,0
0,0
0,0
0,0
0,1
0,0
0,0
0,0
0,0
0,0
0,0
0,0
0,0
0,0
0,0
0,0
0,0
0,0
0,0
0,0
0,0
0,0
0,0
0,0
0,0
0,0
0,0
0,0
0,0
0,0
0,0
0,0
0,0
0,0
0,0
0,0
0,0
0,0
0,0
0,0
0,0
0,0
0,0
0,0
0,0
0,0
0,0
0,0
0,0
0,0
0,0
0,0
0,0
0,0
0,0
0,0
0,0
0,0
0,0
0,0
0,0
0,0
0,0
0,0
0,0
0,0
0,0
0,0
0,0
0,0
0,0
0,0
0,0
0,0
0,0
0,0
0,0
0,0
0,0
0,0
0,0
0,0
0,0
0,0
0,0
0,0
0,0
0,0
0,0
0,0
0,0
0,0
0,0
0,1
0,0
0,0
0,0
0,0
0,0
0,1
0,0
0,0
0,0
0,0
0,0
0,0
0,0
0,0
0,0
0,0
0,0
0,0
0,0
0,0
0,0
0,0
0,0
0,0
0,0
0,0
0,0
0,0
0,0
0,0
0,0
0,0
0,0
0,0
0,0
0,0
0,0
0,0
0,0
0,0
0,0
0,0
0,1
0,1
0,0
0,0
0,0
0,0
0,0
0,0
0,0
0,0
0,0
0,0
0,0
0,0
0,0
0,0
0,0
0,0
0,0
0,0
0,0
0,0
0,0
0,0
0,0
0,0
0,0
0,0
0,0
0,1
0,0
0,0
0,0
0,0
0,0
0,0
0,0
0,0
0,0
0,0
0,0
0,0
0,0
0,0
0,0
0,0
0,9
0,0
0,0
0,0
0,0
0,0
0,0
0,0
0,0
0,0
0,0
0,0
0,0
0,24
0,24
0,24
0,0
0,0
0,0
0,0
0,0
0,0
0,0
0,0
0,0
0,0
0,0
0,0
0,0
0,0
0,0
0,0
0,0
0,24
0,0
0,0
0,0
0,0
0,0
0,0
0,0
0,0
0,0
0,0
0,0
0,0
0,0
0,0
0,0
0,0
0,0
0,0
0,0
0,0
0,0
0,0
0,0
0,0
0,0
0,0
0,0
0,0
0,0
0,0
0,0
0,0
0,0
0,0
0,0
0,0
0,0
0,0
0,0
0,0
0,0
0,0
0,0
0,0
0,0
0,0
0,0
0,0
0,0
0,0
0,0
0,0
0,0
0,0
0,0
0,24
0,0
0,0
0,0
0,0
0,0
0,0
0,0
0,0
0,0
0,0
0,0
0,0
0,0
0,0
0,0
0,24
0,0
0,0
0,0
0,0
0,0
0,24
0,17
0,3
0,3
0,3
0,0
0,0
0,0
0,2
0,0
0,0
0,0
0,0
0,0
0,13
0,26
0,26
0,10
0,10
0,3
0,0
0,0
0,0
0,26
0,27
0,24
0,0
0,0
0,0
0,0
0,0
0,0
0,0
0,1
0,0
0,0
0,0
0,0
0,0
0,0
0,0
0,0
0,0
0,0
0,0
0,0
0,0
0,0
0,0
0,0
0,0
0,0
0,0
0,0
0,0
0,0
0,0
0,0
0,0
0,0
0,0
0,0
0,0
0,0
0,6
0,0
0,0
0,0
0,0
0,0
0,0
0,0
0,0
0,0
0,0
0,0
0,0
0,0
0,0
0,0
0,0
0,0
0,0
0,0
0,0
0,0
0,6
0,0
0,0
0,0
0,0
0,0
0,0
0,0
0,0
0,0
0,0
0,0
0,0
0,0
0,0
0,0
0,0
0,0
0,0
0,0
0,0
0,0
0,0
0,0
0,0
0,0
0,0
0,0
0,0
0,0
0,0
0,0
0,0
0,0
0,0
0,0
0,0
0,0
0,0
0,0
0,0
0,0
0,0
0,0
0,0
0,0
0,0
0,0
0,0
0,0
0,0
0,0
0,0
0,0
0,3
0,25
0,25
0,25
0,25
0,25
0,25
0,26
0,25
0,25
0,25
0,25
0,25
0,25
0,25
0,25
0,26
0,2
0,2
0,27
0,25
0,25
0,25
0,25
0,25
0,0
0,0
0,0
0,0
0,0
0,0
0,0
0,0
0,25
0,25
0,2
1,1
1,1
1,1
1,1
1,1
1,1
1,1
1,19
1,19
1,1
1,1
1,1
1,1
1,1
1,1
1,1
1,1
1,1
1,14
1,1
1,1
1,1
1,1
1,1
1,1
1,1
1,1
1,1
1,1
1,1
1,1
1,1
1,1
1,1
1,1
1,1
1,1
1,1
1,1
1,1
1,1
1,1
1,1
1,1
1,1
1,1
1,1
1,1
1,1
1,1
1,1
1,1
1,1
1,1
1,1
1,1
1,1
1,1
1,1
1,1
1,1
1,1
1,1
1,1
1,1
1,1
1,1
1,1
1,1
1,1
1,1
1,1
1,1
1,1
1,1
1,16
1,1
1,14
1,1
1,1
1,1
1,1
1,1
1,1
1,1
1,1
1,1
1,1
1,1
1,1
1,1
1,1
1,1
1,1
1,1
1,1
1,1
1,1
1,1
1,1
1,1
1,1
1,1
1,1
1,1
1,1
1,1
1,1
1,1
1,1
1,1
1,1
1,1
1,1
1,1
1,1
1,1
1,1
1,1
1,1
1,1
1,1
1,1
1,1
1,1
1,1
1,1
1,1
1,1
1,1
1,1
1,1
1,1
1,1
1,1
1,1
1,1
1,1
1,1
1,1
1,1
1,1
1,1
1,1
1,1
1,1
1,1
1,1
1,1
1,1
1,1
1,1
1,1
1,1
1,1
1,1
1,1
1,1
1,1
1,1
1,1
1,1
1,1
1,1
1,1
1,1
1,1
1,1
1,1
1,1
1,1
1,1
1,1
1,1
1,1
1,1
1,1
1,1
1,1
1,1
1,1
1,1
1,1
1,1
1,1
1,1
1,1
1,1
1,1
1,1
1,1
1,1
1,1
1,1
1,1
1,1
1,1
1,1
1,1
1,1
1,1
1,1
1,1
1,1
1,1
1,1
1,1
1,1
1,1
1,1
1,1
1,1
1,1
1,1
1,1
1,1
1,1
1,1
1,1
1,1
1,1
1,1
1,1
1,19
1,1
1,19
1,1
1,1
1,1
1,1
1,19
1,0
1,19
1,1
1,1
1,1
1,1
1,1
1,1
1,1
1,1
1,1
1,1
1,1
1,1
1,1
1,1
1,1
1,1
1,1
1,19
1,1
1,1
1,1
1,1
1,1
1,1
1,1
1,1
1,1
1,1
1,1
1,1
1,1
1,1
1,1
1,1
1,1
1,1
1,1
1,1
1,1
1,1
1,1
1,1
1,1
1,1
1,1
1,1
1,19
1,19
1,19
1,1
1,1
1,1
1,1
1,1
1,1
1,1
1,1
1,1
1,19
1,19
1,19
1,19
1,19
1,19
1,19
1,19
1,19
1,19
1,19
1,1
1,19
1,19
1,1
1,19
1,1
1,1
1,1
1,1
1,1
1,1
1,1
1,1
1,1
1,19
1,1
1,1
1,1
1,1
1,1
1,1
1,1
1,1
1,1
1,1
1,1
1,19
1,19
1,19
1,19
1,1
1,1
1,19
1,19
1,1
1,1
1,1
1,1
1,19
1,19
1,18
1,18
1,18
1,16
1,1
1,1
1,1
1,0
1,1
1,1
1,1
1,1
1,1
1,1
1,1
1,1
1,1
1,1
1,1
1,1
1,1
1,1
1,1
1,1
1,1
1,19
1,17
1,1
1,1
1,1
1,1
1,1
1,1
1,1
1,1
1,1
1,1
1,1
1,1
1,1
1,1
1,1
1,1
1,4
1,1
1,1
1,1
1,24
1,1
1,1
1,1
1,1
1,1
1,1
1,1
1,1
1,1
1,1
1,1
1,0
1,19
1,1
1,1
1,1
1,1
1,1
1,1
1,1
1,1
1,1
1,1
1,0
1,0
1,0
1,0
1,1
1,0
1,1
1,1
1,1
1,1
1,1
1,1
1,1
1,0
1,1
1,1
1,1
1,1
1,18
1,19
1,19
1,19
1,1
1,1
1,1
1,1
1,1
1,1
1,19
1,19
1,19
1,1
1,1
1,1
1,1
1,1
1,1
1,1
1,1
1,1
1,1
1,1
1,1
1,1
1,1
1,1
1,1
1,1
1,1
1,1
1,1
1,1
1,1
1,1
1,1
1,1
1,1
1,1
1,1
1,1
1,1
1,1
1,1
1,1
1,1
1,1
1,1
1,1
1,1
1,1
1,1
1,1
1,1
1,0
1,1
1,1
1,1
1,1
1,1
1,1
1,1
1,19
1,19
1,19
1,1
1,1
1,1
1,1
1,1
1,7
1,1
1,1
1,1
1,1
1,1
1,1
1,1
1,1
1,1
1,1
1,1
1,1
1,1
1,1
1,1
1,0
1,1
1,1
1,1
1,1
1,1
1,1
1,1
1,1
1,1
1,1
1,1
1,1
1,1
1,1
1,1
1,1
1,19
1,0
1,1
1,19
1,18
1,18
1,18
1,1
1,1
1,0
1,1
1,1
1,1
1,1
1,1
1,1
1,1
1,1
1,27
1,19
1,25
1,28
1,18
1,16
1,1
1,1
1,1
1,1
1,1
1,1
1,1
1,1
1,1
1,1
1,1
1,1
1,19
1,1
1,1
1,1
1,1
1,1
1,1
1,1
1,1
1,1
1,1
1,1
1,19
1,19
1,25
1,27
1,1
2,2
2,2
2,2
2,2
2,2
2,2
2,13
2,26
2,2
2,2
2,2
2,2
2,13
2,26
2,2
2,2
2,2
2,2
2,2
2,2
2,2
2,2
2,2
2,2
2,2
2,2
2,2
2,2
2,13
2,2
2,2
2,2
2,2
2,2
2,27
2,2
2,2
2,2
2,27
2,27
2,2
2,2
2,2
2,2
2,27
2,27
2,2
2,2
2,2
2,2
2,2
2,2
2,2
2,2
2,2
2,27
2,2
2,2
2,2
2,2
2,2
2,2
2,2
2,27
2,2
2,2
2,2
2,2
2,2
2,2
2,26
2,26
2,26
2,2
2,2
2,2
2,2
2,2
2,2
2,2
2,2
2,2
2,2
2,2
2,13
2,2
2,26
2,2
2,2
2,2
2,2
2,2
2,2
2,27
2,26
2,26
2,2
2,2
2,2
2,2
2,2
2,2
2,2
2,2
2,2
2,2
2,2
2,2
2,2
2,2
2,2
2,2
2,2
2,2
2,2
2,27
2,27
2,27
2,2
2,2
2,2
2,2
2,2
2,2
2,2
2,27
2,2
2,2
2,27
2,2
2,2
2,2
2,27
2,27
2,27
2,27
2,10
2,27
2,27
2,27
2,27
2,27
2,27
2,27
2,2
2,2
2,2
2,2
2,2
2,27
2,26
2,2
2,2
2,2
2,27
2,27
2,27
2,2
2,2
2,2
2,27
2,27
2,2
2,2
2,2
2,22
2,27
2,2
2,27
2,27
2,2
2,2
2,2
2,2
2,2
2,27
2,2
2,2
2,2
2,2
2,2
2,2
2,2
2,2
2,2
2,2
2,2
2,2
2,2
2,27
2,2
2,2
2,2
2,2
2,2
2,2
2,2
2,2
2,2
2,2
2,2
2,2
2,2
2,22
2,2
2,2
2,2
2,27
2,2
2,2
2,27
2,27
2,27
2,27
2,27
2,2
2,2
2,22
2,2
3,3
3,3
3,3
3,3
3,3
3,3
3,3
3,3
3,3
3,3
3,3
3,3
3,3
3,3
3,3
3,3
3,3
3,3
3,3
3,12
3,3
3,3
3,3
3,3
3,3
3,3
3,3
3,3
3,3
3,3
3,3
3,3
3,3
3,3
3,3
3,3
3,26
3,3
3,3
3,3
3,3
3,3
3,3
3,3
3,3
3,3
3,3
3,3
3,3
3,3
3,3
3,3
3,3
3,3
3,3
3,3
3,3
3,3
3,3
3,26
3,3
3,3
3,3
3,3
3,3
3,1
3,3
3,3
3,12
3,12
3,12
3,3
3,3
3,1
3,1
3,1
3,3
3,3
3,3
3,3
3,3
3,3
3,3
3,3
3,1
3,1
3,1
3,3
3,3
3,3
3,3
3,3
3,3
3,3
3,3
3,3
3,3
3,3
3,3
3,3
3,1
3,24
3,24
3,3
3,3
3,3
3,3
3,3
3,3
3,1
3,1
3,24
3,3
3,3
3,3
3,3
3,3
3,3
3,12
3,12
3,3
3,3
3,24
3,24
3,24
3,3
3,3
3,24
3,3
3,26
3,3
3,3
3,3
3,26
3,26
3,26
3,3
3,3
3,3
3,3
3,3
3,1
3,1
3,3
3,3
3,27
3,27
3,26
3,3
3,3
3,26
3,26
3,3
3,3
3,3
3,3
3,3
3,3
3,3
3,3
3,3
3,3
3,3
3,3
3,3
3,3
3,3
3,3
3,3
3,3
3,3
3,3
3,3
3,3
3,3
3,26
3,3
3,3
3,3
3,3
3,3
3,3
3,3
3,3
3,1
3,3
3,3
3,3
3,3
3,3
3,3
3,3
3,3
3,3
3,3
3,3
3,12
3,3
3,26
3,3
3,3
3,3
3,3
3,3
3,26
3,3
3,3
3,3
3,3
3,3
3,3
4,13
4,4
4,13
4,4
4,4
4,4
4,4
4,4
4,4
4,4
4,4
4,4
4,4
4,4
4,4
4,4
4,4
4,4
4,4
4,4
4,4
4,4
4,4
4,4
4,4
4,13
4,13
4,13
4,4
4,13
4,13
4,13
4,4
4,4
4,25
4,4
4,22
4,8
4,4
4,4
4,4
4,4
4,4
4,4
4,25
4,25
4,4
4,4
4,5
4,5
4,4
4,4
4,4
4,4
4,4
4,4
4,5
4,5
4,4
4,4
4,4
4,4
4,4
4,4
4,4
4,4
4,4
4,4
4,4
4,4
4,4
4,4
4,4
4,4
4,4
4,4
4,4
4,4
4,6
4,4
4,4
4,4
4,4
4,4
4,4
4,4
4,28
4,4
4,4
4,4
4,4
4,4
4,4
4,4
4,4
4,4
4,4
4,4
4,6
4,4
4,4
4,4
4,9
4,4
4,4
4,4
4,28
4,4
4,4
4,4
4,4
4,4
4,4
4,4
4,4
4,4
4,4
4,4
4,4
4,4
4,4
4,4
4,4
4,4
4,4
4,4
4,4
4,4
4,4
4,4
4,4
4,4
4,4
4,4
4,4
4,4
4,4
4,4
4,4
4,4
4,4
4,4
4,4
5,5
5,5
5,4
5,5
5,5
5,4
5,5
5,5
5,5
5,5
5,5
5,5
5,4
5,4
5,5
5,4
5,5
5,5
5,5
5,5
5,5
5,5
5,5
5,4
5,5
5,5
5,5
5,5
5,5
5,5
5,5
5,4
5,5
5,4
5,5
5,4
5,5
5,4
5,5
5,5
5,5
5,5
5,5
5,5
5,5
5,4
5,5
5,4
5,5
5,5
5,5
5,5
5,5
5,5
5,5
5,5
5,5
5,5
5,5
5,5
5,5
5,5
5,5
5,5
5,4
5,5
5,5
5,5
5,5
5,5
5,5
5,5
5,5
5,5
5,5
5,5
5,5
5,5
5,9
5,9
5,5
5,5
5,5
5,5
5,5
5,5
5,5
5,13
5,5
5,5
5,5
5,5
5,5
5,5
6,6
6,6
6,6
6,6
6,6
6,6
6,6
6,6
6,6
6,6
6,6
6,6
6,6
6,6
6,6
6,6
6,6
6,6
6,6
6,3
6,0
6,6
6,6
6,6
6,6
6,6
6,6
6,6
6,6
6,6
6,6
6,6
6,6
6,6
6,6
6,6
6,6
6,6
6,6
6,6
6,6
6,6
6,6
6,6
6,6
6,6
6,6
6,6
6,6
6,6
6,6
6,6
6,6
6,6
6,2
6,6
6,6
6,2
6,6
6,2
6,2
6,6
6,6
6,9
6,9
6,6
6,6
6,6
6,6
6,6
6,2
6,6
6,6
6,6
6,6
7,7
7,7
7,7
7,7
7,7
7,7
7,7
7,7
7,7
7,7
7,7
7,7
7,7
7,7
7,7
7,7
7,7
7,7
7,7
7,7
7,7
7,7
7,7
7,7
7,7
7,7
7,7
7,7
7,7
7,7
7,7
7,7
7,7
7,7
7,7
7,7
7,7
7,7
7,7
7,7
7,7
7,7
7,7
7,7
7,7
7,7
7,7
7,7
7,7
7,7
7,18
7,7
7,7
7,7
7,7
7,7
7,7
7,7
7,7
7,7
7,7
7,7
7,7
7,7
7,7
7,7
7,7
7,7
7,7
7,7
7,7
7,7
7,7
7,7
7,7
7,7
7,7
7,7
7,7
7,7
7,7
7,7
7,7
7,7
7,7
7,7
7,7
7,7
7,7
7,7
7,7
7,7
7,7
7,7
7,7
7,7
7,7
7,7
7,7
7,7
7,7
7,7
7,7
7,7
7,7
7,7
7,7
7,7
7,7
7,7
7,7
7,7
7,7
7,7
7,7
7,7
7,1
7,7
7,7
7,7
7,7
7,7
7,7
7,7
7,7
7,7
7,7
7,7
7,7
7,7
7,7
7,7
7,7
7,7
7,7
7,7
7,7
7,7
7,7
7,7
7,7
7,7
7,7
7,7
7,7
7,7
7,7
7,7
7,7
7,7
7,7
7,7
7,7
7,7
7,7
7,7
7,7
7,7
7,7
7,7
7,7
7,7
7,7
7,7
7,7
7,7
7,7
7,7
7,7
7,7
7,7
7,7
7,7
7,7
7,7
7,7
7,7
7,7
7,7
7,7
7,7
7,7
7,7
7,7
7,7
7,7
7,7
7,7
7,7
7,7
7,7
7,7
7,7
7,7
7,7
7,7
7,7
7,7
7,7
7,7
7,7
7,7
7,7
7,7
7,7
7,7
7,2
7,7
7,7
7,7
7,7
7,7
7,7
7,7
7,7
7,7
7,7
7,7
7,7
7,6
7,7
7,7
7,7
7,7
7,7
7,7
7,7
7,7
7,7
7,7
7,7
7,7
7,7
7,7
7,7
7,7
7,7
7,7
7,7
7,7
7,7
7,7
7,7
7,7
7,7
7,7
7,7
7,7
7,7
7,7
7,7
7,7
7,7
7,7
7,7
7,7
7,7
7,7
7,7
7,7
7,7
7,7
7,7
7,7
7,7
7,7
7,7
7,7
7,7
7,7
7,7
7,7
7,7
7,7
7,7
7,7
7,7
7,7
7,7
7,7
8,8
8,8
8,8
8,8
8,21
8,8
8,8
8,8
8,8
8,21
8,22
8,21
8,8
8,21
8,8
8,8
8,8
8,15
8,8
8,8
8,8
8,8
8,8
8,8
8,8
8,8
8,8
8,8
8,8
8,21
8,8
8,8
8,8
8,7
8,8
8,7
8,7
8,8
8,7
8,7
8,8
8,7
8,7
8,8
8,7
8,7
8,7
8,8
8,8
8,8
8,8
8,7
8,7
8,7
8,8
8,7
8,7
8,8
8,8
8,7
8,7
8,7
8,8
8,9
8,8
8,7
8,7
8,7
8,7
8,7
8,20
8,7
8,7
8,7
8,7
8,7
8,8
8,8
8,8
8,8
8,8
8,8
8,8
8,8
8,8
8,8
8,8
8,8
8,8
8,8
8,8
8,8
8,8
8,8
8,8
8,8
8,8
8,28
8,28
8,28
8,28
8,28
8,25
8,8
8,8
8,8
8,8
8,8
8,8
8,8
8,4
8,4
8,8
8,8
8,8
8,8
8,8
8,8
8,8
8,8
8,8
9,9
9,9
9,9
9,9
9,9
9,9
9,6
9,9
9,9
9,9
9,9
9,9
9,6
9,9
9,9
9,9
9,9
9,9
9,9
9,9
9,9
9,9
9,9
9,9
9,9
9,9
9,9
9,9
9,9
9,9
9,9
9,9
9,9
9,9
9,9
9,9
9,9
9,9
9,9
9,16
9,16
9,25
9,16
9,9
9,9
9,9
9,9
9,9
9,9
9,9
9,9
9,9
9,9
9,20
9,9
9,9
9,9
9,9
9,15
9,27
9,9
9,27
9,27
9,9
9,9
9,9
9,20
9,20
9,9
9,9
9,9
9,9
9,9
9,9
9,9
9,9
9,9
9,9
9,9
9,9
9,13
9,9
9,9
9,9
9,9
9,9
9,9
9,9
9,9
9,0
9,9
9,9
9,9
9,9
9,9
9,9
9,9
9,9
9,9
9,9
9,9
9,9
9,9
9,9
9,9
9,9
9,9
9,9
9,6
9,9
9,9
9,9
9,9
9,9
9,9
9,9
9,6
9,9
9,9
9,9
9,9
9,9
9,9
9,9
9,9
9,9
9,9
9,6
9,9
9,9
9,6
9,0
9,9
9,9
9,9
9,9
9,9
9,9
9,7
9,9
9,9
9,9
9,0
9,9
9,7
9,7
9,9
9,7
9,9
9,9
9,9
9,9
9,9
9,9
9,9
9,9
9,6
9,9
9,9
9,9
9,9
9,9
9,9
9,9
9,9
9,9
9,9
9,6
9,9
9,9
9,9
9,9
9,9
9,9
9,9
10,10
10,10
10,10
10,10
10,10
10,10
10,10
10,10
10,10
10,10
10,10
10,10
10,10
10,26
10,10
10,10
10,10
10,10
10,10
10,10
10,10
10,10
10,10
10,10
10,10
10,26
10,10
10,10
10,10
10,10
10,10
10,10
10,10
10,10
10,10
10,10
10,10
10,10
10,10
10,26
10,26
10,10
10,10
10,10
10,10
10,10
10,10
10,10
10,10
10,10
10,10
10,10
10,26
10,7
10,26
10,26
10,10
10,10
10,10
10,10
10,10
10,10
10,10
10,10
10,10
10,10
10,10
10,10
10,10
10,10
10,10
10,10
10,10
10,10
10,10
10,10
10,10
10,10
10,10
10,10
10,10
10,10
10,10
10,10
10,10
10,10
10,10
10,10
10,10
10,10
10,10
10,10
10,10
10,10
10,10
10,10
10,10
10,10
10,10
10,10
10,10
10,10
10,10
10,10
10,10
10,10
10,10
10,10
10,10
10,10
10,10
10,10
10,10
10,4
10,26
10,10
10,10
10,10
10,10
10,10
10,10
10,10
10,10
10,10
10,10
10,10
10,10
10,26
10,10
10,10
10,26
10,10
10,10
10,10
10,10
10,26
10,10
10,10
10,10
10,10
10,10
10,10
10,10
10,10
10,10
10,10
10,10
10,26
10,10
10,10
10,10
10,10
10,10
10,10
10,10
10,10
10,10
10,10
10,10
10,26
10,10
10,10
10,10
10,10
10,26
10,10
10,10
10,10
10,10
10,10
10,10
10,26
10,10
10,10
10,28
10,10
10,10
10,10
10,10
10,10
10,26
10,26
10,10
10,10
10,26
10,10
10,10
10,10
10,10
10,10
10,10
10,2
10,26
10,10
10,26
10,10
10,10
10,10
10,10
10,26
10,26
10,10
10,10
10,10
10,10
10,10
10,26
10,10
10,10
10,10
10,10
10,10
10,10
10,26
10,10
10,10
10,10
10,26
10,10
10,10
10,10
10,10
10,10
10,10
10,10
10,10
10,26
10,13
10,10
10,10
10,10
10,10
10,10
10,10
10,10
10,10
11,11
11,11
11,11
11,11
11,11
11,11
11,11
11,11
11,11
11,11
11,11
11,11
11,11
11,11
11,11
11,11
11,4
11,11
11,11
11,11
11,11
11,11
11,11
11,11
11,11
11,11
11,11
11,11
11,11
11,11
11,11
11,11
11,11
11,11
11,11
11,11
11,11
11,11
11,11
11,11
11,11
11,11
11,11
11,11
11,11
11,11
11,11
11,11
11,11
11,11
11,11
11,11
11,11
11,11
11,11
11,11
11,11
11,11
11,11
11,11
11,11
11,11
11,11
11,11
11,11
11,11
11,11
11,11
11,11
11,11
11,11
11,11
11,11
11,11
11,11
11,11
11,11
11,11
11,11
11,11
11,11
11,11
11,11
11,11
11,11
11,11
11,11
11,11
11,11
11,11
11,11
11,11
11,11
11,11
11,11
11,11
11,11
11,11
11,11
11,11
11,11
11,11
11,11
11,11
11,11
11,11
11,11
11,11
11,11
11,11
11,12
11,11
11,11
11,11
11,11
11,11
11,11
11,11
11,11
11,11
11,11
11,11
11,11
11,11
11,11
11,11
11,11
11,11
11,11
11,11
11,11
11,11
11,11
11,11
11,11
11,11
11,11
11,11
11,11
11,11
11,11
11,11
11,11
11,11
11,11
11,11
11,11
11,11
11,11
11,11
11,11
11,11
11,11
11,11
11,11
11,11
11,11
11,11
11,11
11,11
11,11
11,11
11,11
11,11
11,11
11,11
11,11
11,11
11,11
11,11
11,11
11,11
11,11
11,11
11,11
11,11
11,11
11,11
11,11
11,11
11,11
11,11
11,11
11,11
11,11
11,11
11,11
11,11
11,11
11,11
11,11
11,11
11,11
11,11
11,11
11,11
11,11
11,11
11,11
11,11
11,11
11,11
11,11
11,11
11,11
11,11
11,11
11,11
11,11
11,11
11,11
11,11
11,11
11,11
11,11
11,11
11,11
11,11
11,11
11,11
11,11
11,11
11,11
11,11
11,11
11,11
11,11
11,11
11,11
11,11
11,11
11,11
11,11
11,11
11,11
11,11
11,11
11,11
11,11
11,11
11,11
11,11
11,11
11,11
11,11
11,11
11,16
11,11
11,11
12,12
12,12
12,12
12,12
12,12
12,12
12,12
12,12
12,3
12,12
12,12
12,12
12,12
12,12
12,12
12,12
12,12
12,3
12,12
12,3
12,3
12,12
12,12
12,12
12,3
12,12
12,12
12,3
12,12
12,12
12,12
12,12
12,12
12,12
12,12
12,12
12,12
12,12
12,12
12,12
12,12
12,12
12,12
12,3
12,3
12,3
12,3
12,12
12,12
12,3
12,12
12,12
12,12
12,12
12,12
12,12
12,12
12,12
12,12
12,12
12,12
12,12
12,12
12,12
12,12
12,12
12,12
12,12
12,12
12,12
12,12
12,12
12,12
12,12
12,12
12,12
12,12
12,12
12,12
12,12
12,12
12,12
12,12
12,12
12,12
12,12
12,12
12,12
12,12
12,12
12,12
12,12
12,12
12,12
12,12
12,12
12,12
12,12
12,12
12,12
12,12
12,12
12,12
12,12
12,12
12,12
12,12
12,12
12,12
12,12
12,12
12,12
12,12
12,12
12,12
12,12
12,12
12,12
12,12
12,12
12,12
12,12
12,12
12,12
12,12
12,12
12,12
12,12
12,12
12,12
12,12
12,12
12,12
12,12
12,12
12,12
12,12
12,12
12,12
12,12
12,12
12,12
12,12
12,12
12,12
12,12
12,12
12,12
12,12
12,12
12,12
12,12
12,12
12,12
12,12
12,12
12,12
12,12
12,12
12,12
12,12
12,12
12,12
12,12
12,12
12,12
12,12
12,12
12,12
12,12
12,12
12,12
12,12
12,12
12,12
12,12
12,12
12,12
12,12
12,12
12,12
12,12
12,12
12,12
12,12
12,12
12,12
12,12
12,12
12,12
12,12
12,12
12,12
12,12
12,12
12,12
12,12
12,12
12,12
12,12
12,12
12,12
12,12
12,12
12,12
12,12
12,12
12,12
12,12
12,12
12,12
13,13
13,10
13,13
13,13
13,13
13,18
13,13
13,13
13,13
13,10
13,10
13,10
13,10
13,10
13,10
13,13
13,26
13,13
13,26
13,26
13,13
13,13
13,25
13,25
13,13
13,13
13,13
13,13
13,25
13,28
13,28
13,13
13,13
13,13
13,4
13,13
13,13
13,18
13,18
13,13
13,4
13,4
13,4
13,13
13,10
13,13
13,13
13,25
13,13
13,25
13,25
13,25
13,13
13,13
13,25
13,13
13,13
13,4
13,4
13,13
13,13
13,13
13,4
13,13
13,13
13,26
13,13
13,26
13,13
13,13
13,13
13,13
13,13
13,13
13,13
13,13
13,13
13,13
13,26
13,13
13,13
13,13
13,26
13,13
13,2
13,2
13,13
13,28
13,13
13,13
13,13
13,26
13,13
13,13
13,26
13,13
13,2
13,26
13,13
13,26
13,13
13,28
13,13
13,25
13,2
13,13
13,13
13,13
13,13
13,2
13,13
13,13
13,13
13,8
13,13
13,13
13,28
13,13
13,13
13,22
13,13
13,13
13,13
13,13
13,13
13,13
13,13
14,3
14,12
14,12
14,12
14,3
14,24
14,14
14,14
14,14
14,1
14,19
14,14
14,14
14,12
14,12
14,24
14,14
14,14
14,14
14,1
14,14
14,13
14,12
14,12
14,12
14,24
14,24
14,7
14,7
14,17
14,17
14,17
14,17
14,14
14,1
14,14
14,19
15,22
15,22
15,22
15,15
15,15
15,22
15,22
15,27
15,15
15,15
15,15
15,15
15,15
15,22
15,15
15,22
15,15
15,15
15,15
15,15
15,15
16,25
16,25
16,16
16,25
16,16
16,16
16,16
16,11
16,16
16,16
16,28
16,16
16,18
16,3
16,17
16,26
16,26
16,16
16,16
16,16
16,16
16,18
16,26
16,26
17,25
17,3
17,3
17,3
17,9
17,9
17,17
17,17
17,17
17,17
17,17
17,17
17,17
17,17
17,17
17,17
17,17
17,17
17,17
17,17
17,17
17,9
17,17
17,25
17,25
17,13
17,11
17,19
17,19
17,19
17,17
17,17
17,17
17,17
17,17
17,17
17,17
17,17
17,17
17,17
17,17
17,17
17,17
17,17
17,17
17,17
17,17
17,17
17,17
17,17
17,17
17,17
17,17
17,17
17,17
17,17
17,17
17,17
17,15
17,15
17,19
17,17
17,17
17,17
17,17
17,17
17,17
17,17
17,17
17,17
17,17
17,17
17,17
17,17
17,17
17,17
17,19
17,19
17,19
18,2
18,2
18,2
18,26
18,13
18,13
18,18
18,18
18,18
18,18
18,18
18,18
18,18
18,18
18,18
18,18
18,18
18,18
18,18
18,18
18,25
18,25
18,18
18,18
18,18
18,13
18,18
18,18
18,26
18,13
18,18
18,18
18,18
18,18
18,18
18,18
18,18
18,18
18,18
18,18
18,18
18,18
18,18
18,18
18,18
18,18
18,3
18,18
18,27
18,27
18,26
18,13
18,13
18,18
18,18
18,18
18,18
18,18
18,18
18,18
18,18
18,18
18,18
18,18
18,16
19,27
19,27
19,24
19,19
19,19
19,14
19,19
19,14
19,13
19,3
19,19
19,19
19,19
19,17
19,17
19,14
19,19
19,13
19,19
19,19
19,19
19,19
19,27
20,13
20,2
20,28
20,23
20,9
20,20
20,20
20,9
20,9
20,9
20,9
20,9
20,9
20,20
20,20
20,13
20,24
20,27
20,9
20,20
20,20
20,20
20,9
20,7
20,7
20,20
20,9
20,9
20,20
20,20
20,20
20,13
20,20
20,9
20,20
20,27
20,27
20,9
20,19
20,20
20,20
20,20
20,20
20,9
20,9
20,9
20,20
20,20
20,20
20,20
20,14
21,9
21,21
21,21
21,21
21,27
21,27
21,2
21,2
21,22
21,21
21,21
21,15
21,21
21,27
21,22
21,22
21,22
21,28
21,21
21,2
21,2
21,21
21,21
21,20
21,9
21,25
21,28
21,13
21,22
21,22
21,27
22,22
22,15
22,15
22,22
22,22
22,22
22,22
22,2
22,2
22,2
22,2
22,22
22,2
22,22
22,22
22,22
22,22
22,22
22,22
22,22
22,22
22,22
22,22
22,22
22,2
22,22
22,28
22,21
22,15
22,22
22,22
22,22
22,22
22,22
22,22
22,22
22,22
22,22
22,22
22,22
22,22
22,22
22,22
22,28
22,2
22,2
22,22
22,22
22,18
22,1
22,13
22,19
22,20
22,21
22,22
22,22
22,22
22,22
22,22
22,22
22,22
22,2
22,22
22,2
22,2
23,23
23,23
23,23
23,23
23,23
23,23
23,23
23,23
23,7
23,23
23,23
23,23
23,23
23,23
23,23
23,23
23,23
23,23
23,23
23,23
23,7
23,23
23,23
23,23
23,23
23,23
23,23
23,23
23,23
23,23
23,23
23,23
23,23
23,23
23,23
23,23
23,23
23,23
23,23
23,23
23,23
23,23
23,23
23,23
23,23
23,23
23,23
23,23
23,23
24,27
24,0
24,0
24,0
24,3
24,24
24,24
24,24
24,0
24,24
24,24
24,24
24,24
24,0
24,24
24,24
24,24
24,24
24,24
24,24
24,24
24,24
24,24
24,24
24,24
24,24
24,0
24,24
24,24
24,24
24,0
24,24
24,24
24,24
24,24
24,0
24,0
24,24
24,24
24,24
24,24
24,24
24,0
24,0
24,0
24,24
24,24
24,0
24,24
24,24
24,0
24,24
24,1
24,1
24,24
24,24
24,24
24,24
24,24
24,24
24,24
24,0
24,24
24,24
24,0
24,24
24,24
25,28
25,16
25,16
25,16
25,28
25,25
25,25
25,25
25,11
25,11
25,25
25,25
25,25
25,25
25,16
25,28
25,18
25,13
25,13
25,25
25,25
25,25
25,25
25,25
25,25
25,25
25,25
25,25
25,25
25,25
25,25
25,4
25,15
25,21
25,15
25,25
25,5
25,25
25,25
25,25
25,25
25,25
25,25
25,25
25,25
25,13
25,13
26,3
26,3
26,3
26,3
26,12
26,3
26,3
26,3
26,24
26,26
26,24
26,26
26,26
26,26
26,26
26,26
26,26
26,3
26,26
26,26
26,26
26,26
26,13
26,26
26,3
26,3
26,3
26,3
26,3
26,3
26,26
26,26
26,26
26,2
26,2
26,3
26,12
26,12
26,3
26,3
26,3
26,12
26,3
26,3
26,12
26,24
26,3
26,2
26,26
26,26
26,26
26,3
26,26
26,26
26,3
26,3
26,26
26,3
26,3
26,10
26,26
26,13
26,26
26,26
26,26
26,26
26,26
26,3
26,26
26,26
26,3
26,3
26,12
26,3
26,0
26,0
26,26
26,26
26,26
26,26
26,3
26,3
26,3
26,26
26,26
26,26
26,3
26,26
26,24
26,0
26,24
26,26
26,26
26,26
26,26
26,26
26,26
26,26
26,12
26,12
26,26
26,26
26,26
26,26
26,26
26,26
26,26
26,10
26,26
26,26
26,26
26,26
26,26
26,26
26,3
26,26
26,2
26,26
26,26
26,26
26,26
26,26
26,10
26,26
26,3
26,26
26,26
26,26
26,26
26,26
26,26
26,26
26,26
26,26
26,26
27,27
27,27
27,27
27,27
27,27
27,27
27,2
27,2
27,27
27,2
27,27
27,26
27,24
27,27
27,7
27,9
27,24
27,0
27,24
27,2
27,2
27,27
27,2
27,2
27,27
27,27
27,27
27,27
27,2
27,2
27,25
27,27
27,26
27,26
27,3
27,0
27,26
27,27
27,2
27,27
27,27
27,27
27,2
27,26
27,27
27,9
27,9
27,26
27,27
27,2
27,22
27,27
28,28
28,28
28,28
28,28
28,16
28,28
28,28
28,7
28,28
28,16
28,7
28,28
28,28
28,28
28,27
28,28
28,28
28,7
28,28
28,28
28,7
28,16
28,28
28,28
28,28
28,28
28,28
28,28
28,28
28,28
28,28
28,28
28,7
28,7
28,7
28,28
28,28
28,28
28,28
28,28
28,28
28,28
28,28
28,28
28,5
28,16
28,28
28,4
28,4
28,28
28,28
28,13
28,28
28,28
28,13
28,28
0,0
0,0
0,0
0,0
0,0
0,0
0,0
0,0
0,0
0,0
0,0
0,0
0,0
0,0
0,0
0,24
0,0
0,0
0,0
0,0
0,0
0,0
0,0
0,0
0,0
0,0
0,0
0,0
0,0
0,0
0,0
0,0
0,0
0,0
0,0
0,0
0,0
0,0
0,0
0,0
0,0
0,26
0,0
0,0
0,0
0,3
0,0
0,9
0,0
0,0
0,0
0,0
0,0
0,7
0,0
0,0
0,0
0,0
0,0
2,2
2,2
2,2
2,2
2,2
2,22
2,2
2,27
2,2
2,2
2,2
2,2
2,27
2,2
2,2
2,2
2,2
2,2
2,2
2,22
2,2
2,2
2,2
2,2
2,2
2,2
2,2
2,2
2,27
3,3
3,3
3,3
3,3
3,0
3,3
3,3
3,3
3,12
3,12
3,3
3,3
3,3
3,3
3,3
3,12
3,12
3,3
3,3
3,3
3,3
3,3
3,3
3,3
3,3
3,3
3,3
3,3
3,3
3,12
3,12
3,24
3,3
3,3
3,3
3,3
3,3
3,3
3,3
3,3
3,3
3,3
3,3
3,3
3,3
3,3
3,3
3,3
3,3
4,4
4,4
4,4
4,4
4,4
4,4
4,4
4,4
4,4
4,4
4,4
4,4
4,4
4,4
4,4
4,4
4,4
4,4
4,4
4,4
4,4
4,4
4,4
4,4
4,4
4,4
4,4
4,4
4,4
4,4
4,4
4,4
4,4
4,4
4,4
4,4
4,4
4,4
4,4
4,4
4,4
4,4
4,4
4,4
4,4
4,4
4,4
5,3
5,3
5,5
5,5
5,5
5,5
5,5
5,5
5,5
5,5
5,5
5,5
5,5
5,3
5,13
5,5
5,13
5,5
5,5
5,5
5,10
5,10
5,5
5,3
5,5
5,5
5,5
5,5
5,5
5,10
5,10
5,5
5,10
5,5
5,13
5,5
5,5
5,10
5,5
5,5
5,5
5,5
5,5
5,13
5,4
5,5
5,13
5,24
5,9
5,9
5,3
5,5
5,5
5,13
5,3
5,5
5,13
5,13
5,13
6,6
6,6
6,6
6,6
6,6
6,6
6,9
6,27
6,3
6,13
6,13
6,13
6,13
6,13
6,13
6,6
6,6
6,6
6,6
6,6
6,6
6,6
6,6
6,6
6,6
6,6
6,6
6,6
6,6
6,6
6,6
6,6
6,6
6,6
6,19
6,13
6,9
6,6
6,2
6,6
6,6
6,6
7,20
7,13
7,7
7,20
7,16
7,7
7,7
7,7
7,7
7,7
7,7
7,7
7,7
7,7
7,6
7,16
7,7
7,7
7,7
7,7
7,7
7,7
7,7
7,7
7,7
7,7
7,7
7,7
7,20
7,6
7,7
7,7
7,7
7,7
7,7
7,7
7,7
7,7
7,7
7,7
7,7
7,7
7,7
8,8
8,8
8,8
8,8
8,8
8,8
8,8
8,8
8,8
8,4
8,4
8,8
8,8
8,8
8,8
8,8
8,8
8,8
8,8
8,8
8,8
8,13
8,13
8,8
8,8
8,8
8,8
8,8
8,8
9,9
9,9
9,9
9,26
9,9
9,9
9,9
9,9
9,9
9,9
9,9
9,9
9,9
9,9
9,26
9,26
9,26
9,9
9,9
9,9
9,9
9,9
9,9
9,9
9,9
9,9
9,9
9,27
9,9
9,15
9,20
9,9
9,13
9,9
9,9
9,9
9,9
9,9
9,2
9,9
9,9
9,9
9,27
9,24
9,27
9,9
9,6
9,9
9,9
9,9
9,9
9,9
9,9
9,9
9,9
9,9
9,9
9,9
9,9
10,10
10,10
10,10
10,10
10,10
10,10
10,10
10,10
10,10
10,10
10,10
10,10
10,10
10,10
10,10
10,10
10,10
10,10
10,10
10,10
10,10
10,10
10,10
10,10
10,10
10,10
10,10
10,10
10,10
10,10
10,10
10,10
10,10
10,10
10,10
10,10
10,10
10,10
10,10
10,10
10,10
10,10
10,10
10,10
10,10
10,10
10,10
10,10
10,10
10,10
10,10
10,10
10,10
10,10
10,10
10,10
10,10
10,10
10,10
10,10
10,10
10,10
10,10
10,10
10,10
10,10
10,10
10,10
10,2
10,13
10,26
10,10
10,10
10,10
10,10
10,10
10,10
10,10
10,10
10,10
10,10
10,10
10,10
10,10
10,10
10,10
10,10
10,10
10,10
10,10
10,10
10,10
10,10
10,10
10,10
10,10
10,10
10,10
10,10
10,10
10,10
10,10
10,10
10,10
10,10
10,10
10,10
10,10
10,10
10,10
10,10
10,10
10,10
10,10
10,10
10,10
10,10
10,10
10,10
10,10
10,10
10,10
10,10
10,10
10,10
10,10
10,10
10,10
10,10
10,10
10,10
10,10
10,10
10,10
10,10
10,10
10,10
10,10
10,10
10,10
10,10
10,10
10,10
10,10
10,10
10,10
10,13
10,10
10,10
10,26
11,11
11,13
11,13
11,13
11,11
11,11
11,11
11,11
11,11
11,11
11,11
11,11
11,11
11,11
11,11
11,11
11,11
11,11
11,11
11,11
11,11
11,11
11,11
11,11
11,11
11,11
11,11
11,11
11,11
11,11
11,11
11,11
11,11
11,11
11,11
11,11
11,11
11,11
11,11
11,11
11,11
11,11
11,11
11,11
11,11
11,11
11,13
11,11
11,11
11,11
11,11
11,11
11,11
11,11
11,11
11,11
11,11
11,11
11,11
11,11
11,11
11,11
11,11
11,11
11,11
11,11
11,11
11,11
11,11
11,11
11,11
11,11
11,11
11,11
11,11
11,11
11,11
11,11
11,11
11,11
11,11
11,11
11,11
11,11
11,11
11,11
11,11
11,11
11,11
12,12
12,12
12,12
12,12
12,12
12,12
12,12
12,12
12,12
12,12
12,12
12,12
12,12
12,12
12,12
12,12
12,12
12,12
12,12
12,12
12,12
12,12
12,3
12,3
12,3
12,13
12,13
12,21
12,24
12,12
12,12
12,12
12,12
12,12
12,12
12,12
12,12
12,12
12,12
12,12
12,12
12,12
12,12
12,12
12,12
12,12
12,12
12,12
12,12
12,12
12,12
12,12
12,12
12,12
12,12
12,12
12,12
12,12
12,12
12,12
12,12
12,12
12,12
12,12
12,12
13,13
13,13
13,13
13,13
13,13
13,17
13,3
13,13
13,13
13,13
13,13
13,13
13,13
13,13
13,13
13,13
13,13
13,13
13,13
13,4
13,4
13,4
13,13
13,13
13,13
13,13
13,13
13,13
13,13
13,13
13,13
13,13
13,13
13,13
13,13
13,13
13,13
13,4
13,4
13,13
13,13
13,13
13,13
13,18
13,13
13,13
13,13
13,13
13,13
13,13
13,13
13,13
13,13
13,13
13,13
13,13
13,13
13,13
13,13
13,13
13,13
13,13
13,13
13,13
13,13
13,13
13,13
13,13
13,13
14,12
14,12
14,12
14,12
14,24
14,14
14,19
14,24
14,14
14,14
14,14
14,14
14,19
14,24
14,12
15,15
15,15
15,15
15,15
15,15
16,18
16,16
16,25
16,16
16,28
17,4
17,26
17,19
17,19
17,19
17,14
17,14
17,14
17,14
17,14
17,14
17,17
17,17
18,19
18,18
18,18
18,18
18,18
18,18
18,18
18,18
18,18
18,18
18,18
18,16
18,13
19,14
19,3
19,19
19,19
19,19
19,19
19,19
20,20
20,21
20,28
20,28
20,20
20,9
20,9
20,20
20,2
20,9
20,20
20,9
20,20
20,20
20,20
20,13
20,9
20,9
20,20
21,24
21,19
21,13
21,9
21,19
21,20
21,15
21,22
21,15
21,22
21,21
21,2
21,21
21,13
21,2
22,22
22,22
22,22
22,22
22,22
22,22
22,22
22,22
22,22
22,22
22,22
22,22
22,22
22,22
22,22
22,22
22,22
22,22
22,22
22,22
22,22
22,22
22,22
22,22
22,22
23,7
23,7
23,23
23,7
23,7
23,7
24,0
24,24
24,24
24,24
24,24
24,24
24,24
24,24
24,24
24,24
24,24
24,24
24,24
24,24
24,24
25,25
25,25
25,25
25,25
25,25
25,25
25,25
25,25
25,25
25,25
25,15
25,22
25,15
25,25
25,25
25,25
25,25
25,25
25,25
25,25
25,25
25,25
25,25
25,25
25,25
25,27
25,25
25,25
25,25
25,25
25,25
25,25
25,25
25,25
25,25
25,25
25,25
25,25
25,25
25,27
25,25
26,26
26,26
26,26
26,26
26,26
26,26
26,26
26,10
26,26
26,26
26,26
26,26
26,10
26,10
26,26
26,10
26,26
26,26
26,26
26,26
26,26
26,26
26,26
26,26
26,26
26,26
26,26
26,26
26,26
26,13
26,26
26,26
26,26
26,26
26,26
26,26
26,26
26,3
26,26
26,26
26,26
27,27
27,27
27,27
27,27
27,27
27,27
27,27
27,27
27,27
27,27
27,27
27,26
27,26
27,27
27,27
27,27
27,3
27,12
27,3
27,26
27,26
28,28
28,28
28,28
28,28
28,28
28,28
28,28
28,28
28,28
28,28
28,28
28,28
28,28
28,28
28,28
28,28
28,28
28,28
28,28
1,0
1,0
1,0
1,1
1,1
1,1
1,1
1,1
1,1
1,1
1,1
1,1
1,0
1,1
1,1
1,1
1,1
1,1
1,1
1,1
1,1
1,1
1,1
1,1
1,1
1,1
1,1
1,1
1,1
1,1
1,1
1,1
1,1
1,1
1,1
1,1
1,1
1,1
1,1
1,1
1,1
1,1
1,1
1,1
1,1
1,1
1,1
1,1
1,1
1,1
1,1
1,1
1,1
1,1
1,19
1,19
1,1
1,1
1,1
1,1
1,1
1,1
1,1
1,1
1,1
1,1
1,1
1,1
1,1
1,1
1,1
1,1
1,1
1,1
1,1
1,1
1,1
1,1
1,1
1,1
1,1
1,1
1,1
1,1
1,1
1,1
1,1
1,1
1,1
1,1
1,1
1,1
1,1
1,1
1,1
1,1
1,1
1,17
1,17
1,1
1,1
1,1
1,1
1,1
1,1
1,0
1,0
1,0
1,0
1,0
2,26
2,2
2,2
2,15
2,2
2,2
2,13
2,17
2,13
2,13
2,13
2,26
2,13
2,2
2,2
2,2
2,2
2,2
2,2
2,2
2,2
2,2
2,2
2,2
2,2
2,2
2,10
2,2
2,2
2,2
2,2
2,2
2,2
2,2
2,2
2,2
2,26
2,26
2,26
2,2
2,2
2,2
2,2
2,2
2,2
2,2
2,2
2,2
2,2
2,26
2,2
2,2
2,2
2,2
2,2
2,2
2,26
2,2
2,2
2,2
2,2
2,2
2,2
2,2
2,2
2,2
2,2
2,2
2,2
2,2
2,2
2,2
2,2
2,2
2,2
2,2
2,26
2,13
2,13
2,18
2,26
2,2
2,26
2,2
2,27
2,25
2,2
2,2
2,4
2,2
2,4
2,2
2,2
2,2
2,25
2,2
2,26
2,25
2,27
2,2
2,2
2,2
2,2
2,2
2,2
2,2
2,27
2,27
2,27
2,25
2,25
2,2
2,2
2,2
2,2
2,2
2,2
2,28
2,2
2,2
4,4
4,4
4,4
4,4
4,4
4,4
4,4
4,4
4,13
4,13
4,28
4,13
4,13
4,13
4,13
4,18
4,4
4,4
4,4
4,4
4,4
4,4
4,4
4,4
4,4
4,4
4,4
4,4
4,4
4,4
4,4
4,4
4,4
4,4
4,4
4,4
4,4
4,4
4,4
4,4
4,4
4,4
4,4
4,4
4,4
4,4
4,4
4,4
4,4
4,4
4,4
4,4
4,4
4,4
4,13
4,13
4,13
4,13
4,4
4,13
4,13
4,13
4,28
6,6
6,6
6,6
6,6
6,6
6,6
6,6
6,6
6,6
6,6
6,6
6,6
6,6
6,6
6,6
6,6
6,6
6,6
6,6
6,6
6,6
6,6
6,6
6,6
6,6
6,6
6,6
6,6
6,6
6,6
6,6
6,6
6,6
6,2
6,6
6,6
6,6
6,6
6,21
6,6
6,6
6,9
6,6
6,6
6,6
6,6
6,6
6,6
6,6
6,6
6,6
6,6
6,6
6,6
6,9
6,6
6,6
8,8
8,8
8,8
8,8
8,8
8,8
8,8
8,28
8,8
8,8
8,8
8,15
8,15
8,8
8,8
8,22
8,8
8,8
8,8
8,8
8,8
8,8
8,8
8,8
8,28
8,8
8,8
8,21
8,8
8,8
8,8
8,8
8,8
8,21
8,8
8,8
8,8
8,8
8,8
8,8
8,8
8,8
8,8
8,8
8,8
8,8
8,8
8,8
8,8
8,8
8,8
8,8
8,8
8,8
8,8
9,8
9,9
9,9
9,9
9,9
9,9
9,9
9,9
9,9
9,9
9,9
9,9
9,9
9,9
9,9
9,9
9,9
9,9
9,9
9,21
9,9
9,27
9,27
9,9
9,26
9,9
9,9
9,9
9,9
9,9
9,9
9,9
9,9
9,9
9,9
9,9
9,9
9,9
9,9
9,9
9,9
9,9
9,9
9,9
9,9
9,9
9,27
9,9
9,21
9,9
9,9
9,9
9,21
9,9
9,9
9,9
9,9
9,9
9,9
9,9
9,9
9,25
9,25
10,10
10,10
10,10
10,10
10,10
10,10
10,10
10,10
10,10
10,10
10,10
10,10
10,10
10,10
10,10
10,10
10,10
10,10
10,10
10,10
10,10
10,10
10,10
10,26
10,26
10,10
10,10
10,10
10,10
10,10
10,10
10,10
10,10
10,10
10,10
10,10
10,10
10,10
10,10
10,10
10,10
10,10
10,10
10,10
10,10
10,10
10,26
10,10
10,26
10,10
10,10
10,10
10,10
10,10
10,10
10,26
10,26
11,11
11,11
11,11
11,11
11,11
11,11
11,11
11,11
11,11
11,11
11,11
11,11
11,11
11,11
11,11
11,11
11,11
11,11
11,11
11,11
11,11
11,11
11,11
11,11
11,11
11,11
11,11
11,11
11,11
11,11
11,11
11,11
11,11
11,11
11,11
11,11
11,11
11,11
11,11
11,11
11,11
11,11
11,11
11,11
11,11
11,11
11,11
11,11
11,11
12,4
12,18
12,12
12,12
12,14
12,14
12,14
12,14
12,24
12,24
12,14
12,14
12,12
12,12
12,12
12,12
12,14
12,14
12,12
12,12
12,12
12,12
12,14
12,14
12,12
12,12
12,12
12,12
12,12
12,12
12,12
12,14
12,12
12,14
12,12
12,12
12,12
12,12
12,14
12,12
12,12
12,12
12,12
12,12
12,12
12,14
12,12
12,12
12,12
12,12
12,12
12,12
12,12
13,13
13,2
13,13
13,3
13,26
13,24
13,26
13,27
13,19
13,7
13,7
13,7
13,7
13,7
13,28
13,3
13,3
13,26
13,26
13,26
13,26
13,13
13,7
13,13
13,7
13,28
13,13
13,7
13,3
13,3
13,12
13,26
13,26
13,26
13,13
13,25
13,13
13,26
13,5
14,14
14,14
14,14
14,14
14,14
14,14
14,14
14,14
14,14
14,14
14,14
14,14
14,14
14,14
14,14
14,14
14,14
14,14
14,14
14,14
14,14
14,14
14,14
14,14
14,14
15,15
15,22
15,19
16,16
16,16
16,16
16,28
16,13
18,13
18,7
18,26
18,3
18,18
18,18
18,18
18,18
18,18
18,18
18,18
18,18
18,18
18,18
18,18
18,18
18,18
18,18
18,18
18,18
18,18
18,18
18,13
18,13
18,16
18,16
18,18
19,13
19,27
19,19
19,19
19,19
19,19
19,17
20,20
20,7
20,20
20,20
20,9
20,21
20,20
20,9
20,9
20,20
20,9
20,27
21,9
21,21
21,21
21,21
21,15
21,21
21,9
21,26
22,22
22,22
22,22
22,22
22,22
22,22
22,22
22,22
22,22
22,22
22,27
22,22
22,22
22,22
22,22
22,22
23,23
23,23
23,6
23,23
23,23
23,23
23,23
23,23
23,23
23,7
23,23
23,23
23,23
23,23
23,23
23,23
23,23
23,23
25,9
25,25
25,25
25,25
25,25
25,25
25,25
25,25
25,25
25,25
25,25
25,27
25,25
27,22
27,22
27,22
27,22
27,27
27,27
27,27
27,27
27,27
27,27
27,27
27,27
27,27
27,27
27,27
27,22
27,22
27,27
27,2
27,27
27,27
27,25
27,2
27,27
27,27
27,2
27,22
27,27
27,27
27,27
27,27
27,26
27,26
27,26
27,2
28,28
28,22
28,28
28,28
28,28
28,28
28,28
28,28
28,28
28,28
28,28
28,28
28,28
28,28
28,28
28,28
28,28
28,28
28,28
28,28
28,28
28,28
28,28
2,2
2,2
2,2
2,2
2,2
2,2
2,2
2,2
2,2
2,2
2,2
2,2
2,2
2,2
2,2
2,2
2,21
2,2
2,2
2,2
2,2
2,13
2,27
2,2
2,2
2,2
2,2
2,2
2,2
2,2
2,2
2,2
2,2
3,13
3,3
3,3
3,3
3,3
3,3
3,3
3,3
3,3
3,3
3,14
3,13
3,3
3,3
3,3
3,3
3,3
3,3
3,3
3,3
3,3
3,24
3,3
3,3
3,3
3,3
3,3
3,3
3,3
3,3
3,3
3,3
3,3
3,3
3,3
3,3
3,3
3,3
3,3
3,3
3,3
3,3
3,3
3,3
3,3
3,3
3,3
3,3
3,3
3,3
3,3
3,3
3,3
3,3
3,3
3,3
3,3
3,3
3,3
3,3
3,3
3,3
3,3
3,3
3,3
3,3
3,3
4,13
4,4
4,4
4,4
4,4
4,4
4,4
4,4
4,13
4,4
4,4
4,4
4,7
4,4
4,3
4,3
4,26
4,4
4,13
4,4
4,4
4,13
4,4
4,4
4,4
4,26
4,4
4,13
4,4
5,5
5,5
5,5
5,5
5,5
5,5
5,4
5,5
5,13
5,5
5,13
5,5
5,5
5,5
5,5
5,5
5,5
5,5
5,5
5,5
5,5
5,5
5,5
5,13
5,5
5,5
5,5
5,5
5,5
6,6
6,2
6,6
6,6
6,6
6,26
6,6
6,24
6,2
6,0
6,6
6,9
6,9
6,2
6,6
6,2
6,2
6,6
6,6
6,9
6,6
6,6
6,6
6,9
6,2
6,6
6,6
6,0
6,6
6,6
6,6
6,0
6,2
6,6
6,2
6,6
6,2
6,6
6,6
7,7
7,7
7,7
7,7
7,7
7,7
7,9
7,7
7,7
7,13
7,14
7,7
7,7
7,7
7,7
7,7
7,24
7,7
7,7
7,7
7,9
7,7
7,7
7,19
7,7
7,19
7,7
7,7
7,7
8,25
8,25
8,13
8,25
8,25
8,25
8,13
8,25
8,8
8,13
8,8
8,8
8,8
8,8
8,8
8,8
8,8
8,25
8,8
8,13
8,25
8,25
8,25
8,13
8,13
8,13
8,8
8,25
8,25
8,25
8,13
8,13
8,13
8,13
8,13
8,8
8,13
8,13
8,25
8,13
8,25
8,25
8,13
8,8
8,8
8,8
8,25
8,25
8,13
9,26
9,14
9,26
9,9
9,9
9,9
9,9
9,0
9,0
9,27
9,9
9,24
9,24
9,14
9,3
9,2
9,3
9,9
9,9
9,9
9,9
9,9
9,26
9,27
9,9
9,9
9,9
9,9
9,12
9,26
9,27
9,3
9,9
9,9
9,9
9,9
9,9
9,26
9,18
9,3
9,9
9,9
9,9
9,9
9,9
9,9
9,2
9,26
9,9
10,10
10,10
10,10
10,10
10,10
10,10
10,10
10,10
10,10
10,10
10,10
10,10
10,10
10,10
10,10
10,10
10,10
10,10
10,10
10,10
10,10
10,10
10,10
10,10
10,10
10,10
10,10
10,10
10,10
10,10
10,10
10,10
10,10
10,10
10,10
10,10
10,10
10,10
10,10
10,10
10,10
10,10
10,10
10,10
10,10
10,10
10,10
10,10
10,10
10,10
10,10
10,10
10,26
10,10
10,10
10,10
10,10
10,10
10,10
10,10
10,10
10,10
10,10
10,10
10,10
10,10
10,10
10,10
10,10
10,10
10,10
10,10
10,10
11,11
11,11
11,11
11,11
11,11
11,11
11,11
11,11
11,11
11,11
11,11
11,11
11,11
11,11
11,11
11,11
11,11
11,11
11,11
11,11
11,11
11,11
11,11
11,11
11,11
11,11
11,11
11,11
11,11
11,11
11,11
11,11
11,11
11,11
11,11
11,12
11,11
11,11
11,14
11,11
11,11
11,11
11,11
11,11
11,11
11,11
11,11
11,11
11,11
11,11
11,11
11,11
11,11
11,11
11,11
11,11
11,11
11,11
11,11
11,11
11,5
11,11
11,11
11,11
11,11
11,12
11,11
11,11
11,11
12,3
12,3
12,3
12,3
12,3
12,3
12,3
12,3
12,3
12,3
12,3
12,3
12,3
12,3
12,3
12,3
12,3
12,3
12,3
12,3
12,3
13,13
13,13
13,13
13,13
13,13
13,13
13,4
13,13
13,13
13,13
13,13
13,13
13,13
13,13
13,13
13,13
13,13
13,13
13,13
13,13
13,13
13,13
13,13
13,13
13,13
13,11
13,13
13,13
13,13
14,3
14,3
14,3
14,3
14,3
14,3
14,19
14,7
14,14
14,14
14,14
14,14
14,14
14,14
14,14
14,14
14,14
14,14
14,14
14,14
14,14
14,14
14,14
14,14
14,14
14,14
14,14
14,14
14,14
14,14
14,19
14,19
14,24
15,19
15,15
15,15
15,15
15,15
16,18
16,19
16,16
16,14
17,7
17,13
17,4
17,26
17,26
17,19
17,19
17,19
17,19
17,19
17,19
17,19
17,19
18,18
18,18
18,18
18,19
18,14
18,18
18,18
18,18
18,18
18,18
18,18
18,18
18,19
19,7
19,7
19,7
19,27
19,14
19,19
19,19
19,19
19,19
19,19
19,0
20,13
20,7
20,9
20,20
20,22
20,22
20,22
20,22
20,25
20,9
20,25
20,0
20,2
20,9
20,2
20,26
20,2
20,26
20,14
20,7
20,0
20,1
20,0
20,0
20,9
20,9
20,20
20,9
20,13
21,20
21,20
21,22
21,21
21,9
21,9
21,9
21,27
21,26
21,2
21,2
21,15
21,21
21,22
21,8
21,2
21,8
21,9
21,7
23,23
23,23
23,23
23,7
23,9
23,9
23,7
23,9
23,9
23,9
23,7
23,23
24,5
24,26
24,26
24,5
24,24
24,7
24,14
24,24
24,19
24,24
24,19
24,19
24,1
24,19
24,14
24,24
24,14
24,24
24,14
24,4
24,13
24,26
24,26
24,18
24,19
25,13
25,3
25,25
25,25
25,25
25,25
25,25
25,25
25,25
25,25
25,25
25,25
25,25
25,13
25,25
26,10
26,4
26,2
26,26
26,26
26,26
26,26
26,26
26,26
26,26
26,3
26,2
26,13
26,26
26,26
26,26
26,26
26,26
26,26
26,4
26,5
26,26
26,3
27,2
27,27
27,25
27,25
27,27
27,27
27,27
27,15
27,2
27,2
28,28
28,28
28,4
28,28
28,28
28,28
28,28
28,28
28,28
28,13
28,13
28,28
28,28
0,0
0,0
0,0
0,6
0,6
0,0
0,0
0,0
0,0
0,0
0,0
0,6
0,0
0,0
0,0
0,0
0,0
0,6
0,0
0,0
0,0
0,0
0,0
0,0
0,0
0,0
0,2
0,0
0,0
0,0
0,0
0,0
0,0
0,0
0,0
0,0
0,0
0,0
0,0
0,0
0,0
0,0
0,0
0,0
0,0
0,0
0,0
0,0
0,0
0,0
0,0
0,0
0,0
0,0
0,0
0,0
0,6
0,0
0,0
0,6
0,0
0,6
0,0
0,0
0,0
0,6
0,0
0,0
0,0
0,0
0,0
0,0
0,0
0,0
0,0
0,0
0,0
0,0
0,0
0,0
0,0
0,7
0,20
0,0
0,6
0,0
0,0
0,0
0,0
0,0
0,0
0,0
0,0
0,0
0,0
0,0
0,0
0,0
0,0
0,0
0,0
0,0
0,0
0,0
0,0
0,0
0,0
0,0
0,0
0,0
0,7
0,9
0,0
0,0
0,0
0,0
0,6
0,0
0,0
0,0
0,0
0,0
0,0
0,0
0,0
0,0
0,0
0,0
0,0
0,9
2,2
2,2
2,2
2,2
2,2
2,2
2,2
2,2
2,2
2,2
2,2
2,2
2,2
2,2
2,2
2,2
2,2
2,2
2,2
2,2
2,2
2,2
2,2
2,2
2,2
2,2
2,2
2,2
2,2
2,2
2,2
2,2
2,2
2,2
2,2
2,2
2,2
2,2
2,2
2,2
2,2
2,2
2,2
2,2
2,2
2,2
2,2
2,2
2,2
2,2
2,2
2,4
2,2
2,2
2,2
2,2
2,2
2,2
2,2
3,3
3,3
3,3
3,3
3,3
3,3
3,3
3,3
3,3
3,3
3,3
3,3
3,3
3,3
3,3
3,3
3,3
3,3
3,3
3,3
3,3
3,3
3,3
3,3
3,3
3,3
3,3
3,3
3,3
3,3
3,3
3,3
3,3
3,3
3,3
3,3
3,3
3,3
3,3
3,3
3,3
3,3
3,3
3,3
3,3
4,4
4,4
4,28
4,28
4,28
4,4
4,4
4,4
4,4
4,4
4,4
4,28
4,28
4,5
4,28
4,10
4,10
4,4
4,13
4,4
4,13
4,4
4,4
4,4
4,4
4,28
4,28
4,3
4,3
4,28
4,24
4,19
4,19
4,3
4,18
4,26
4,19
4,19
4,3
4,28
4,27
4,27
4,19
5,5
5,26
5,10
5,5
5,18
5,18
5,10
5,5
5,5
5,10
5,18
5,10
5,10
5,10
5,5
5,5
5,10
5,10
5,26
5,5
5,10
5,10
5,5
5,18
5,5
5,5
5,10
5,5
5,5
6,6
6,6
6,6
6,6
6,2
6,6
6,2
6,6
6,6
6,6
6,6
6,6
6,6
6,6
6,6
6,2
6,6
6,2
6,2
6,6
6,6
6,0
6,2
6,6
6,6
6,0
6,6
6,6
6,6
6,6
6,6
6,6
6,6
7,7
7,7
7,7
7,7
7,7
7,7
7,7
7,7
7,7
7,7
7,7
7,7
7,13
7,9
7,9
7,7
7,7
7,7
7,7
7,7
7,7
7,7
7,7
7,7
7,7
7,7
7,7
7,7
7,7
7,7
7,7
7,7
7,7
7,7
7,7
7,7
7,7
7,7
7,7
7,7
7,7
7,7
7,7
7,7
7,7
7,7
7,7
7,7
7,7
7,7
7,7
7,7
7,7
7,7
7,13
7,7
7,7
7,7
7,7
7,13
7,4
7,19
7,7
7,7
7,7
7,7
7,7
7,7
7,7
7,7
7,7
8,8
8,8
8,8
8,8
8,8
8,8
8,8
8,8
8,8
8,8
8,8
8,4
8,8
8,8
8,8
8,8
8,8
8,8
8,8
8,8
8,8
8,8
8,8
8,8
8,8
8,8
8,8
8,8
8,8
8,8
8,8
8,8
8,8
8,8
8,8
8,2
8,8
8,8
8,8
8,8
8,8
8,13
8,4
8,4
8,4
9,9
9,9
9,9
9,9
9,6
9,6
9,9
9,9
9,6
9,9
9,9
9,6
9,9
9,6
9,9
9,9
9,9
9,9
9,6
9,6
9,9
9,2
9,9
9,9
9,9
9,9
9,9
9,9
9,9
9,9
9,7
9,9
9,7
9,9
9,9
9,9
9,9
9,20
9,7
9,9
9,21
9,9
9,9
9,7
9,9
10,10
10,10
10,10
10,10
10,10
10,10
10,10
10,10
10,10
10,10
10,10
10,10
10,10
10,10
10,10
10,10
10,10
10,10
10,10
10,10
10,10
10,10
10,10
10,10
10,10
10,10
10,10
10,10
10,10
10,10
10,10
10,10
10,10
10,10
10,10
10,10
10,10
10,10
10,10
10,10
10,10
10,10
10,10
10,10
10,10
10,26
10,10
10,10
10,10
10,10
10,10
10,10
10,10
10,10
10,10
10,10
10,10
10,10
10,10
10,10
10,10
10,10
10,10
10,10
10,10
10,10
10,10
10,10
10,10
10,10
10,10
10,10
10,10
10,10
10,10
10,10
10,10
10,10
10,10
11,11
11,4
11,11
11,4
11,12
11,11
11,11
11,11
11,11
11,11
11,11
11,11
11,4
11,11
11,11
11,11
11,11
11,4
11,25
11,13
11,4
11,11
11,11
11,4
11,11
11,11
11,11
11,4
11,4
11,4
11,11
11,11
11,11
11,11
11,11
11,11
11,4
11,11
11,13
12,12
12,12
12,12
12,12
12,12
12,12
12,12
12,12
12,26
12,12
12,12
12,12
12,12
12,12
12,12
12,12
12,12
12,12
12,12
12,12
12,12
12,12
12,12
12,12
12,12
12,12
12,12
12,12
12,12
12,12
12,12
12,12
12,12
12,12
12,12
12,3
12,12
12,12
12,12
12,12
12,12
12,12
12,12
12,12
12,12
12,12
12,12
12,12
12,12
13,13
13,28
13,14
13,4
13,11
13,13
13,13
13,13
13,25
13,13
13,4
13,13
13,4
13,13
13,13
13,13
13,13
13,13
13,13
13,13
13,13
13,13
13,13
13,13
13,13
13,28
13,4
13,13
13,25
13,13
13,13
13,26
13,26
14,18
14,18
14,18
14,18
14,12
14,26
14,24
14,24
14,24
14,14
14,24
14,24
14,14
14,19
14,19
14,19
14,19
14,19
14,14
15,15
15,15
15,15
15,15
15,27
16,13
16,7
16,16
16,16
16,18
16,18
16,26
16,18
17,19
17,17
17,14
17,17
17,17
17,17
17,17
17,17
17,17
17,17
17,17
17,17
17,17
17,14
17,19
17,27
18,25
18,26
18,18
18,18
18,18
18,18
18,18
18,18
18,18
18,18
18,18
18,18
18,18
18,18
18,18
18,18
18,18
18,18
18,18
18,18
18,18
18,10
18,17
19,19
19,19
19,19
19,7
19,19
19,19
19,19
19,19
20,7
20,9
20,0
20,7
20,7
20,7
20,7
20,20
20,9
20,13
20,9
20,9
20,9
20,20
20,7
20,7
20,7
21,21
21,13
21,9
21,7
21,9
21,9
21,9
21,9
21,18
21,4
22,22
22,2
22,22
22,22
22,22
22,22
22,22
22,22
22,22
22,22
22,22
22,22
22,22
22,22
22,22
22,2
22,22
22,22
22,22
22,22
22,22
22,22
22,22
22,22
22,22
22,22
22,22
22,22
22,22
22,22
22,22
22,22
22,22
22,22
22,22
23,23
23,23
23,23
23,23
23,23
23,23
23,23
23,23
23,23
23,23
23,23
23,23
23,23
24,3
24,28
24,24
24,19
24,24
24,24
24,24
24,14
24,24
24,24
24,14
24,14
24,24
24,24
24,14
24,24
24,14
24,24
24,24
24,24
24,24
24,24
24,24
25,25
25,3
25,3
25,25
25,25
25,25
25,25
25,5
25,5
25,3
25,3
25,3
25,25
25,25
25,2
25,16
25,18
26,13
26,10
26,26
26,13
26,13
26,26
26,13
26,5
26,26
26,26
26,26
26,26
26,26
26,26
26,10
26,10
26,26
26,10
26,10
26,10
26,26
26,10
26,26
26,26
26,26
26,10
26,10
26,10
26,10
26,10
26,10
26,10
26,10
26,10
26,26
27,26
27,26
27,27
27,9
27,19
27,28
27,24
27,19
27,19
27,24
27,19
27,1
27,1
27,18
27,15
27,25
27,2
28,28
28,10
28,28
28,28
28,28
28,28
28,28
28,28
28,4
28,4
28,28
28,28
28,28
28,28
28,27
2,2
2,10
2,2
2,2
2,2
2,2
2,2
2,2
2,2
2,2
2,2
2,2
2,2
2,2
2,2
2,2
2,0
2,2
2,2
2,2
2,2
2,2
2,2
2,2
2,2
2,2
2,2
2,2
2,2
3,26
3,26
3,3
3,3
3,3
3,12
3,12
3,12
3,12
3,3
3,3
3,3
3,26
3,3
3,5
3,3
3,3
3,3
3,3
3,3
3,3
3,3
3,3
3,3
3,3
3,3
3,3
3,3
3,3
3,3
3,3
3,3
3,3
3,3
3,3
3,3
3,24
3,3
3,3
3,3
3,26
4,4
4,4
4,0
4,4
4,4
4,4
4,4
4,4
4,28
4,25
4,13
4,4
4,4
4,4
4,4
4,4
4,4
4,4
4,4
4,28
4,4
4,4
4,28
4,28
4,4
4,4
4,4
4,4
4,4
4,4
4,28
4,4
4,13
4,4
4,4
4,4
4,4
5,26
5,5
5,18
5,5
5,0
5,5
5,5
5,5
5,26
5,5
5,5
5,5
5,13
5,26
5,3
5,0
5,5
5,13
5,13
5,27
5,3
5,3
5,5
5,5
5,5
5,5
5,3
5,24
5,3
5,5
5,26
5,5
5,5
5,13
5,13
5,13
5,5
5,5
5,5
5,5
5,5
5,0
5,24
5,26
5,5
6,6
6,6
6,6
6,6
6,6
6,6
6,6
6,6
6,0
6,6
6,6
6,6
6,6
6,6
6,6
7,7
7,7
7,7
7,7
7,7
7,7
7,7
7,7
7,7
7,7
7,7
7,7
7,7
7,7
7,7
8,21
8,8
8,28
8,8
8,28
8,28
8,28
8,8
8,8
8,8
8,28
8,8
8,8
9,9
9,9
9,9
9,9
9,9
9,9
9,9
9,9
9,9
9,9
9,9
9,9
9,9
9,9
9,9
9,9
9,9
9,9
9,9
9,9
9,9
9,9
9,9
9,24
9,9
9,9
9,9
9,9
9,9
9,9
9,9
9,9
9,9
9,26
9,9
9,9
9,9
9,9
9,9
9,9
9,27
9,9
9,9
10,10
10,10
10,26
10,10
10,10
10,10
10,10
10,10
10,10
10,10
10,10
10,4
10,4
10,2
10,13
10,10
10,10
10,10
10,10
10,10
10,10
10,10
10,10
10,10
10,10
10,10
10,10
10,10
10,10
10,10
10,10
11,11
11,11
11,11
11,11
11,11
11,11
11,11
11,11
11,11
11,11
11,11
11,11
11,11
11,11
11,11
11,11
11,11
11,11
11,11
11,11
11,11
11,11
11,11
11,4
11,11
11,4
11,4
11,4
11,4
11,4
11,11
11,4
11,4
11,4
11,11
11,11
11,11
11,11
11,11
11,11
11,11
11,11
11,4
11,11
11,11
11,11
11,11
11,11
11,11
12,12
12,12
12,12
12,12
12,12
12,12
12,12
12,12
12,12
12,12
12,12
12,12
12,12
12,12
12,12
12,12
12,12
12,12
12,12
12,12
12,12
12,12
12,12
12,12
12,12
12,12
12,12
12,12
12,12
12,12
12,12
12,12
12,12
12,12
12,12
12,12
12,12
12,12
12,12
12,12
12,12
12,12
12,12
12,12
12,12
12,12
12,12
12,12
12,12
12,12
12,12
12,12
12,12
12,12
12,12
13,13
13,13
13,13
13,13
13,13
13,13
13,13
13,13
13,13
13,13
13,13
13,13
13,4
13,13
13,13
13,4
13,13
13,13
13,13
13,26
13,10
13,10
13,4
13,13
13,13
13,13
13,13
13,13
13,13
14,3
14,3
14,3
14,3
14,14
14,19
14,19
14,14
14,14
14,14
14,24
14,24
14,24
15,22
15,22
15,15
15,19
16,7
16,16
16,16
16,7
16,13
17,5
17,17
17,19
17,1
17,14
17,17
17,17
17,17
17,17
17,17
17,17
17,14
17,17
17,17
17,18
17,1
18,18
18,26
18,13
18,13
18,11
18,11
18,18
18,11
18,13
18,18
18,21
19,28
19,28
19,27
19,19
19,7
19,19
19,19
20,9
20,2
20,28
20,13
20,2
20,2
20,9
20,20
20,20
20,7
20,20
20,21
20,2
21,21
21,28
21,22
21,22
21,21
21,20
21,13
21,9
21,24
21,2
21,20
21,9
21,2
22,2
22,2
22,2
22,2
22,2
22,2
22,2
22,2
22,22
22,22
22,22
22,22
22,22
22,27
22,22
22,22
22,22
22,2
22,22
22,22
22,2
22,22
22,22
22,22
22,21
23,23
23,23
23,23
24,24
24,9
24,24
24,24
24,24
24,24
24,24
24,24
24,24
24,24
24,24
24,24
24,24
24,24
24,24
24,24
24,24
25,25
25,25
25,25
25,2
25,25
25,27
25,25
25,25
25,26
26,10
26,26
26,26
26,26
26,26
26,26
26,26
26,26
26,26
26,26
26,9
26,26
26,26
26,26
26,18
26,18
26,12
26,18
26,18
26,26
26,26
26,26
26,24
26,26
26,26
26,26
26,3
26,12
26,18
26,12
26,26
27,3
27,3
27,3
27,26
27,26
27,26
27,10
27,10
27,10
27,26
27,0
27,26
27,3
27,9
27,7
27,7
27,25
27,27
27,26
27,26
27,2
27,13
27,13
28,22
28,28
28,28
28,22
28,28
28,28
28,28
28,28
28,28
28,22
28,2
0,0
0,0
0,0
0,0
0,0
0,0
0,0
0,0
0,0
0,0
0,0
0,0
0,0
0,0
0,0
0,0
0,0
0,0
0,0
0,0
0,0
0,0
0,0
0,0
0,0
0,0
0,0
0,19
0,19
0,24
0,0
0,0
0,0
0,0
0,0
0,9
0,7
0,0
0,0
0,0
0,0
0,0
0,0
0,0
0,0
0,0
0,0
0,0
0,0
0,0
0,0
0,0
0,0
0,0
0,0
0,0
0,0
0,0
0,0
0,0
0,0
0,0
0,0
0,7
0,0
0,24
0,14
0,0
0,0
0,0
0,0
0,0
0,0
0,0
0,0
0,0
0,1
0,0
0,0
0,0
0,0
0,0
0,0
0,0
0,0
0,0
0,0
0,0
0,0
0,0
0,0
0,0
0,0
0,0
0,0
0,0
0,0
0,0
0,0
0,0
0,0
0,0
0,0
0,0
0,0
2,0
2,2
2,2
2,2
2,2
2,2
2,2
2,2
2,0
2,0
2,25
2,2
2,2
2,2
2,2
2,0
2,0
3,3
3,12
3,12
3,24
3,3
3,12
3,12
3,3
3,24
3,3
3,3
3,3
3,3
3,3
3,3
3,3
3,3
3,26
3,26
3,26
3,19
3,26
3,26
3,18
3,18
3,3
3,3
3,3
3,3
3,3
3,24
3,12
3,12
3,24
3,24
3,24
3,24
3,24
3,24
3,24
3,24
3,24
3,3
3,3
3,24
3,24
3,3
3,3
3,3
3,3
3,3
4,26
4,26
4,27
4,24
4,24
4,24
4,9
4,7
4,24
4,19
4,27
4,4
4,26
4,26
4,18
4,5
4,13
4,13
4,4
4,28
4,13
4,28
4,7
6,6
6,6
6,6
6,6
6,6
6,6
6,6
6,6
6,6
6,6
6,6
6,6
6,6
6,6
6,6
6,6
6,6
6,6
6,6
6,6
6,6
6,6
6,6
6,6
6,6
6,6
6,6
6,6
6,6
6,6
6,6
6,6
6,6
6,6
6,6
6,6
6,6
7,7
7,6
7,9
7,7
7,7
7,7
7,7
7,7
7,7
7,7
7,7
7,7
7,7
7,7
7,7
7,7
7,7
7,7
7,7
7,7
7,7
7,7
7,7
7,28
7,7
7,28
7,7
7,7
7,7
7,7
7,7
7,7
7,7
7,7
7,7
7,9
7,7
7,7
7,7
7,9
7,6
7,7
7,7
7,9
7,7
7,7
7,7
7,7
7,7
7,7
7,7
7,7
7,7
7,20
7,20
7,27
7,7
7,7
7,7
8,8
8,8
8,8
8,8
8,8
8,8
8,8
8,8
8,8
8,8
8,8
8,8
8,8
8,8
8,8
8,9
8,8
8,8
8,8
8,8
8,8
8,8
8,8
8,8
8,8
8,8
8,8
8,8
8,8
8,13
8,8
8,8
8,8
8,8
8,8
8,8
8,8
8,8
8,8
8,8
8,8
8,8
8,13
8,13
8,8
8,8
8,8
9,9
9,9
9,9
9,9
9,9
9,9
9,9
9,9
9,9
9,9
9,9
9,9
9,24
9,9
9,9
9,9
9,9
9,9
9,9
9,9
9,9
9,9
9,9
9,9
9,9
9,9
9,9
9,9
9,9
9,9
9,9
9,9
9,9
9,9
9,9
9,0
9,2
9,20
9,9
9,9
9,9
9,9
9,9
9,9
9,9
9,9
9,9
9,9
9,9
10,10
10,10
10,10
10,10
10,2
10,2
10,26
10,10
10,10
10,10
10,10
10,10
10,10
10,10
10,26
10,10
10,10
10,10
10,10
10,10
10,10
10,10
10,10
10,10
10,26
10,10
10,10
10,10
10,26
10,10
10,26
10,10
10,10
10,10
10,10
10,10
10,10
10,10
10,10
10,10
10,10
10,10
10,10
10,10
10,10
10,10
10,10
10,10
10,26
10,10
10,10
10,10
10,10
10,10
10,10
10,10
10,26
10,10
10,10
10,10
10,10
10,10
10,10
10,10
10,10
10,10
10,10
10,10
10,10
11,11
11,11
11,11
11,11
11,11
11,11
11,11
11,11
11,11
11,11
11,11
11,11
11,11
11,11
11,11
11,11
11,11
11,11
11,11
11,11
11,11
11,11
11,11
11,11
11,11
11,11
11,11
11,11
11,11
11,11
11,11
11,11
11,11
11,11
11,11
11,11
11,11
11,11
11,11
11,11
11,11
11,11
11,13
11,13
11,11
11,11
11,11
11,11
11,11
11,11
11,13
11,11
11,11
11,1
11,11
11,11
11,11
11,11
11,11
11,11
11,11
11,11
11,13
11,13
11,4
11,4
11,4
11,4
11,4
11,11
11,11
11,13
11,4
11,11
11,11
11,11
11,11
11,11
11,11
11,11
11,11
11,11
11,11
12,12
12,12
12,12
12,12
12,12
12,12
12,12
12,12
12,12
12,12
12,12
12,12
12,12
12,12
12,12
12,12
12,12
12,12
12,12
12,12
12,12
12,12
12,12
12,12
12,12
12,12
12,12
12,12
12,12
12,12
12,12
12,12
12,12
12,12
12,12
12,12
12,12
12,12
12,12
12,12
12,12
12,12
12,24
12,24
12,3
12,12
12,12
12,12
12,12
13,4
13,4
13,11
13,13
13,13
13,13
13,13
13,13
13,13
13,4
13,11
13,4
13,4
13,11
13,11
13,13
13,13
13,13
13,28
13,13
13,13
13,13
13,2
13,13
13,26
13,13
13,13
13,8
13,13
13,27
13,26
13,13
13,13
13,13
13,6
13,16
13,13
13,13
13,26
13,13
13,13
13,26
13,13
13,13
13,26
13,10
13,13
13,13
13,13
14,12
14,24
14,14
14,19
14,17
14,17
14,19
14,14
14,19
14,19
14,14
14,14
14,14
14,14
14,19
14,24
14,24
15,15
15,22
15,21
15,25
16,13
16,13
16,16
16,13
16,13
16,16
16,16
17,26
17,3
17,18
17,18
17,18
17,18
17,18
17,18
17,18
17,19
17,19
17,19
17,19
17,17
17,24
17,17
17,17
18,26
18,18
18,19
18,18
18,18
18,18
18,18
18,18
18,18
18,18
18,18
18,18
18,18
18,18
18,18
18,18
18,18
18,18
18,16
18,5
18,26
19,19
19,19
19,19
19,19
19,19
19,19
19,19
19,18
19,19
19,19
20,20
20,26
20,9
20,20
20,9
20,20
20,9
20,1
20,28
20,16
20,9
20,6
20,9
20,6
20,24
20,7
20,20
20,9
20,28
20,2
20,9
21,21
21,13
21,21
21,9
21,9
21,9
21,27
21,21
21,21
21,21
21,27
21,22
21,9
22,22
22,22
22,22
22,22
22,22
22,22
22,22
22,2
22,22
22,2
22,22
22,2
22,2
22,2
22,2
22,2
22,2
22,2
22,22
22,2
22,22
23,23
23,23
23,23
23,23
23,23
23,23
23,23
23,23
23,23
23,23
23,23
24,27
24,24
24,3
24,19
24,3
24,3
24,3
24,3
24,24
24,24
24,24
24,27
24,24
24,24
24,24
24,14
24,14
24,14
24,24
24,24
24,24
25,2
25,2
25,25
25,25
25,25
25,25
25,25
25,25
25,25
25,25
25,25
25,2
25,2
25,25
25,2
26,2
26,26
26,9
26,9
26,0
26,9
26,9
26,3
26,3
26,3
26,3
26,26
26,26
26,26
26,26
26,3
26,26
26,26
26,26
26,26
26,26
26,26
26,10
26,26
26,10
26,26
26,10
26,26
26,26
26,10
26,26
26,10
26,10
26,10
26,10
26,26
26,26
26,26
26,26
27,27
27,27
27,27
27,27
27,27
27,15
27,15
27,22
27,4
27,27
27,27
27,19
27,9
27,9
27,27
27,21
27,22
28,28
28,28
28,28
28,28
28,28
28,28
28,28
28,28
28,2
28,2
28,28
28,28
28,28
28,28
28,28
28,28
28,28
28,28
28,28
0,0
0,0
0,0
0,6
0,0
0,0
0,0
0,0
0,0
0,0
0,0
0,23
0,0
0,0
0,0
0,0
0,0
0,0
0,0
0,0
0,0
0,0
0,0
0,0
0,7
0,0
0,0
0,0
0,0
0,0
0,0
0,0
0,0
0,0
0,0
0,0
0,0
0,0
0,0
0,0
0,0
0,0
0,0
0,0
0,0
0,0
0,0
0,0
0,0
0,0
0,7
0,6
0,13
0,28
0,0
0,0
0,0
0,0
0,0
2,24
2,6
2,2
2,6
2,13
2,2
2,13
2,7
2,13
2,2
2,2
2,2
2,0
2,4
2,2
2,2
2,2
2,2
2,6
2,20
2,7
2,16
2,7
2,2
2,2
2,2
2,2
2,2
2,2
2,2
2,2
2,2
2,2
2,27
2,2
2,2
2,2
2,2
2,2
2,2
2,2
3,3
3,3
3,3
3,3
3,3
3,3
3,3
3,3
3,3
3,3
3,3
3,3
3,3
3,3
3,3
3,3
3,3
3,18
3,3
3,3
3,3
3,3
3,3
3,3
3,3
3,3
3,3
3,3
3,9
3,18
3,3
3,3
3,3
3,3
3,3
3,3
3,3
3,3
3,3
3,3
3,3
3,3
3,3
3,16
3,18
3,3
3,3
3,3
3,18
4,4
4,4
4,4
4,4
4,4
4,4
4,4
4,4
4,13
4,4
4,4
4,4
4,4
4,4
4,4
4,4
4,18
4,4
4,4
4,16
4,16
4,19
4,18
4,4
4,4
4,4
4,4
4,4
4,4
4,4
4,4
4,4
4,4
4,4
4,13
4,13
4,13
4,28
4,11
4,18
4,4
4,4
4,13
4,28
4,4
4,4
4,4
4,4
4,4
4,4
4,4
4,4
4,4
4,4
4,4
4,4
4,4
4,4
4,4
6,6
6,6
6,6
6,6
6,6
6,6
6,6
6,6
6,6
6,6
6,6
6,6
6,6
6,6
6,6
6,6
6,6
6,6
6,6
6,6
6,6
6,6
6,6
6,6
6,6
6,6
6,6
6,6
6,6
6,6
6,6
6,6
6,6
6,6
6,6
6,6
6,6
6,6
6,6
7,16
7,9
7,9
7,9
7,20
7,9
7,9
7,7
7,20
7,7
7,9
7,9
7,9
7,9
7,9
7,9
7,20
7,9
7,9
8,8
8,8
8,21
8,8
8,21
8,21
8,8
8,8
8,15
8,8
8,21
8,8
8,8
8,21
8,21
8,8
8,8
8,8
8,8
8,8
8,21
8,21
8,21
8,21
8,15
8,15
8,21
8,15
8,8
8,8
8,8
8,8
8,8
9,9
9,9
9,9
9,7
9,9
9,9
9,9
9,9
9,9
9,9
9,9
9,27
9,9
9,9
9,9
9,7
9,9
9,9
9,9
9,9
9,9
9,9
9,9
9,9
9,9
9,9
9,9
9,9
9,9
9,9
9,9
9,9
9,9
9,9
9,9
9,9
9,9
9,9
9,9
9,9
9,9
9,9
9,9
9,9
9,7
9,9
9,9
9,9
9,9
9,9
9,9
9,9
9,9
10,10
10,10
10,10
10,10
10,10
10,10
10,10
10,10
10,10
10,10
10,10
10,10
10,10
10,10
10,10
10,10
10,10
10,10
10,10
10,10
10,10
10,10
10,10
10,10
10,10
10,10
10,10
10,10
10,10
10,10
10,10
10,10
10,10
10,10
10,10
10,10
10,10
10,10
10,10
10,10
10,10
10,10
10,10
10,10
10,10
10,10
10,10
10,10
10,10
10,10
10,10
10,10
10,10
10,10
10,10
10,10
10,10
10,26
10,26
10,10
10,10
11,11
11,11
11,11
11,11
11,11
11,11
11,11
11,11
11,11
11,11
11,11
11,11
11,11
11,11
11,11
11,11
11,11
11,11
11,11
11,11
11,11
11,11
11,11
11,11
11,11
11,11
11,11
11,11
11,11
11,11
11,11
11,11
11,11
11,11
11,11
11,11
11,11
11,11
11,11
11,11
11,11
11,11
11,11
11,11
11,11
11,11
11,11
11,11
11,11
11,11
11,11
12,12
12,12
12,12
12,12
12,12
12,12
12,12
12,12
12,12
12,12
12,12
12,12
12,12
12,12
12,12
12,12
12,12
12,12
12,12
12,12
12,12
12,12
12,12
12,12
12,12
12,12
12,12
12,12
12,12
13,13
13,18
13,18
13,13
13,13
13,13
13,13
13,13
13,13
13,13
13,13
13,13
13,13
13,13
13,13
13,4
13,13
13,13
13,13
13,13
13,13
13,4
13,4
13,13
13,4
13,13
13,13
13,13
13,13
13,18
13,13
13,13
13,13
13,28
13,13
13,13
13,28
13,13
13,4
13,13
13,13
13,4
13,13
14,3
14,3
14,3
14,3
14,3
14,19
14,17
14,17
14,14
14,14
14,14
14,14
14,14
14,14
14,14
14,14
14,14
14,14
14,19
14,19
14,14
15,15
15,22
15,15
15,15
15,18
16,16
16,16
16,18
16,9
16,9
16,21
16,13
17,15
17,15
17,15
17,18
17,3
17,3
17,17
17,17
17,17
17,17
17,17
17,17
17,17
17,17
17,17
17,17
17,17
17,17
17,17
17,17
17,17
17,17
17,17
17,17
17,17
17,17
17,17
17,19
17,9
17,15
17,22
17,15
17,15
18,9
18,16
18,18
18,18
18,18
18,18
18,18
18,18
18,18
18,18
18,18
18,18
18,18
18,18
18,13
18,18
18,18
18,4
18,18
18,18
19,27
19,22
19,19
19,19
19,17
19,1
19,17
19,9
19,9
19,18
19,22
19,28
19,15
19,18
19,18
20,9
20,13
20,9
20,13
20,21
20,21
20,9
20,9
20,9
20,9
20,9
20,21
20,15
21,22
21,15
21,15
21,22
21,22
21,22
21,15
21,28
21,15
21,15
21,25
21,15
21,22
21,21
21,21
21,21
21,9
21,21
21,22
21,21
21,9
22,22
22,22
22,22
22,22
22,22
22,22
22,22
22,22
22,22
22,22
22,21
22,22
22,22
22,22
22,22
22,22
22,22
22,22
22,2
23,23
23,23
23,23
23,23
23,23
23,23
23,23
23,23
23,23
23,23
23,23
23,23
23,23
23,23
23,23
24,24
24,24
24,7
24,24
24,24
24,24
24,24
24,24
24,24
24,24
24,24
24,24
24,24
24,24
24,24
24,24
24,24
24,24
24,24
24,24
24,24
24,24
24,24
24,24
24,24
24,24
24,7
24,24
24,24
24,24
24,24
24,24
24,24
24,24
24,7
24,24
24,24
24,24
24,24
25,25
25,15
25,16
25,16
25,25
25,25
25,9
25,16
25,25
25,25
25,25
25,25
25,25
25,15
25,13
25,25
25,18
25,13
25,28
25,28
25,11
26,26
26,26
26,26
26,19
26,18
26,9
26,9
26,26
26,26
26,26
26,26
26,26
26,26
26,26
26,26
26,26
26,26
27,22
27,15
27,27
27,21
27,9
27,27
27,27
27,24
27,27
27,27
27,27
27,27
27,27
27,27
27,27
27,27
27,27
27,26
27,9
27,21
28,28
28,28
28,28
28,28
28,28
28,28
28,28
28,28
28,28
28,28
28,28
28,28
28,28
28,28
28,28
28,28
28,28
28,28
28,28
28,28
28,28
28,28
28,28
28,28
28,28
28,28
28,28
28,28
28,28
28,28
28,28
28,28
28,28
28,28
28,28
28,28
28,18
28,28
28,28
28,28
28,4
28,4
28,28
28,28
28,4
0,0
0,0
0,0
0,0
0,0
0,0
0,0
0,0
0,0
0,0
0,0
0,0
0,0
0,0
0,0
0,0
0,0
0,0
0,0
0,0
0,1
0,0
0,0
0,0
0,0
0,0
0,0
0,0
0,0
0,0
0,0
0,0
0,0
0,0
0,0
0,0
0,0
0,0
0,0
0,0
0,0
0,0
0,0
0,0
0,0
0,0
0,0
0,0
0,0
0,0
0,0
0,0
0,0
0,0
0,0
0,0
0,0
0,0
0,0
0,0
0,0
0,0
0,0
0,0
0,0
0,0
0,0
0,0
0,0
0,0
0,0
0,0
0,0
0,0
0,0
0,0
0,0
0,0
0,0
0,0
0,0
0,0
0,0
0,0
0,0
0,0
0,0
0,0
0,0
0,0
0,0
0,0
0,0
0,0
0,0
0,0
0,0
0,0
0,0
0,0
0,0
0,0
0,0
0,0
0,0
0,0
0,0
0,0
0,0
0,0
0,0
0,0
0,0
0,0
0,0
0,0
0,0
0,0
0,0
0,0
0,0
0,0
0,0
0,0
0,0
0,0
0,0
0,0
0,0
0,0
0,0
0,24
0,0
0,0
0,0
0,0
0,0
0,0
0,0
0,0
0,0
0,0
0,0
0,0
0,0
0,0
0,0
0,0
0,0
0,0
0,0
0,0
0,0
0,0
0,0
0,0
0,0
0,0
0,0
0,0
0,0
0,0
0,0
0,0
0,0
0,0
0,24
0,0
0,0
0,0
0,0
0,24
0,0
0,0
0,0
0,0
0,0
0,0
0,0
0,0
0,0
0,0
0,0
0,0
0,0
0,0
2,2
2,2
2,2
2,2
2,2
2,2
2,2
2,2
2,26
2,2
2,2
2,2
2,2
2,2
2,2
2,2
2,2
2,26
2,2
2,2
2,2
2,2
2,2
2,2
2,2
2,2
2,2
2,26
2,25
2,26
2,27
2,2
2,25
2,27
2,27
2,3
2,3
2,26
2,13
2,2
2,2
2,25
2,26
2,2
2,26
2,2
2,2
2,22
2,2
2,2
2,2
2,2
2,26
2,2
2,2
2,2
2,2
2,2
2,2
2,2
2,2
2,4
2,4
2,4
2,2
2,4
2,2
2,2
2,2
2,2
2,22
2,8
2,22
7,7
7,7
7,7
7,7
7,7
7,7
7,7
7,7
7,7
7,7
7,7
7,7
7,7
7,7
7,7
7,7
7,7
7,7
7,7
7,7
7,7
7,7
7,7
7,7
7,7
7,7
7,7
7,7
7,7
7,7
7,7
7,7
7,7
7,7
7,16
7,7
7,7
7,7
7,7
7,7
7,7
7,7
7,7
7,7
7,7
7,7
7,7
7,7
7,7
7,7
7,7
7,7
7,7
7,7
7,7
7,7
7,7
7,7
7,7
7,7
7,7
7,7
7,7
7,7
7,7
7,7
7,7
7,7
7,7
7,7
7,7
7,7
7,7
7,7
7,7
7,7
7,7
7,7
7,7
10,10
10,10
10,10
10,10
10,10
10,10
10,10
10,10
10,10
10,10
10,10
10,10
10,10
10,10
10,10
10,10
10,10
10,10
10,10
10,10
10,10
10,10
10,10
10,10
10,10
10,10
10,10
10,10
10,10
10,26
10,10
10,10
10,10
10,26
10,26
10,10
10,10
10,10
10,10
10,10
10,10
10,10
10,10
10,10
10,10
10,10
10,10
10,10
10,10
10,10
10,10
10,10
10,10
10,10
10,10
10,10
10,10
10,10
10,10
10,10
10,10
10,10
10,10
10,10
10,10
10,10
10,10
10,10
10,10
10,10
10,10
10,10
10,10
10,10
10,10
10,10
10,10
10,10
10,10
10,10
10,10
10,10
10,10
10,10
10,10
10,10
10,10
10,10
10,10
10,10
10,10
10,10
10,10
10,10
10,10
10,10
10,10
10,10
10,10
10,10
10,10
10,10
10,10
10,10
10,10
10,10
10,10
10,10
10,10
10,10
10,10
10,10
10,10
10,10
10,10
10,10
10,10
10,10
10,10
10,10
10,10
10,10
10,10
10,10
10,10
10,10
10,10
10,10
10,10
10,10
10,10
10,10
10,10
10,10
10,10
10,10
10,10
10,10
10,10
10,10
10,10
10,10
10,10
10,10
10,10
10,10
10,10
10,10
10,10
10,27
11,27
11,25
11,25
11,25
11,2
11,2
11,2
11,3
11,3
11,4
11,1
11,3
11,3
11,3
11,2
12,7
12,7
12,7
12,7
12,7
12,7
12,16
12,25
12,25
12,25
12,13
12,7
12,7
12,7
12,7
12,7
12,7
12,7
12,7
12,7
12,7
12,7
12,7
13,9
13,27
13,22
13,22
13,22
13,27
13,15
13,15
13,27
13,2
13,2
14,10
14,14
14,13
14,8
14,9
14,19
14,19
14,24
14,25
14,9
14,19
14,8
14,25
15,15
15,18
15,18
15,18
15,18
15,17
15,17
15,16
15,15
15,15
17,25
17,3
17,4
17,4
17,4
19,15
19,22
19,15
19,22
19,2
19,27
19,25
20,19
20,20
20,20
20,20
20,20
20,20
20,20
20,20
20,20
20,20
20,20
20,20
20,20
20,20
20,20
20,20
20,20
20,20
20,20
20,20
20,20
20,20
20,20
20,20
20,20
20,20
20,20
20,20
20,20
20,20
20,20
20,20
20,20
20,20
20,20
20,20
20,20
20,20
20,20
20,20
20,20
20,20
20,20
20,20
20,20
20,20
20,20
20,20
20,20
20,20
20,20
20,20
20,20
20,20
20,20
20,20
20,20
20,20
20,20
20,20
20,20
20,20
20,20
20,20
20,20
20,20
20,20
20,20
20,20
20,27
20,26
20,12
20,3
20,3
20,28
20,27
20,20
21,27
21,21
21,21
21,21
21,21
21,22
21,21
21,21
21,21
21,21
21,21
21,21
21,22
21,21
21,10
21,10
21,11
21,13
21,13
21,21
21,22
21,22
21,21
21,22
21,22
21,22
21,22
21,21
21,22
21,22
21,22
21,22
21,22
21,22
21,22
21,21
21,21
21,21
21,21
21,21
21,22
21,22
21,22
21,12
21,21
21,12
21,21
21,22
21,22
21,21
21,21
21,21
21,22
21,22
21,21
21,21
21,21
21,22
21,22
21,22
21,21
21,21
21,21
21,21
21,21
21,22
21,22
21,22
21,22
22,22
22,22
22,22
22,22
22,22
22,22
22,22
22,22
22,22
22,22
22,22
22,22
22,22
22,22
22,22
22,22
22,22
22,22
22,22
22,22
22,22
22,22
22,22
22,22
22,22
22,22
22,22
22,22
22,22
22,22
22,22
22,22
22,22
22,22
22,22
22,22
22,22
22,22
22,22
22,22
22,22
22,22
22,22
22,22
22,22
22,22
22,22
22,22
22,22
23,23
23,23
23,23
23,23
23,23
23,23
23,23
23,23
23,23
23,23
23,23
23,23
23,23
23,23
23,23
23,23
23,23
23,23
23,23
23,23
23,23
23,23
23,23
23,23
23,23
23,23
23,23
23,23
23,23
23,23
23,23
23,23
23,23
23,23
23,23
23,23
23,23
23,23
23,23
23,23
23,23
23,23
23,23
23,23
23,23
23,23
23,23
23,23
23,23
23,23
23,23
23,23
23,23
23,23
23,23
23,23
23,23
23,23
23,23
23,23
23,23
23,23
23,23
23,23
23,23
23,23
23,23
23,23
23,23
23,23
23,23
23,23
23,23
23,23
23,23
23,23
23,23
23,23
23,23
23,23
23,23
23,23
23,23
23,23
23,23
23,23
23,23
23,23
23,23
6,6
6,6
6,6
6,6
6,6
6,6
6,6
6,6
6,6
6,6
6,6
6,0
6,9
6,6
6,6
6,2
6,6
6,6
6,6
6,6
6,6
6,6
6,6
6,6
6,6
6,6
6,6
0,0
0,0
0,0
0,0
0,0
0,0
0,0
0,0
0,0
0,0
0,0
0,0
0,0
0,0
0,0
0,0
0,0
0,0
0,0
0,0
0,0
0,0
0,0
0,0
0,0
0,0
0,0
0,0
0,0
0,0
0,0
0,0
0,0
0,24
0,0
0,0
0,0
0,0
0,0
0,0
0,0
0,0
0,0
0,0
0,0
0,0
0,0
0,0
0,0
0,0
0,0
0,0
0,0
0,0
0,0
0,0
0,0
0,0
0,0
0,0
0,0
0,0
0,0
0,0
0,0
0,0
0,0
0,0
0,0
0,0
0,0
0,0
0,0
0,0
0,28
0,0
0,0
0,0
0,2
0,0
0,0
0,0
0,0
0,0
0,0
0,0
0,0
0,0
0,0
0,0
0,0
0,0
0,0
0,0
0,0
0,0
0,0
0,0
0,0
0,0
0,0
0,0
0,0
0,0
0,0
0,0
0,0
0,0
0,0
0,0
0,24
0,3
0,3
0,26
0,9
0,0
0,0
0,0
0,0
0,0
0,0
0,0
0,0
0,0
0,0
0,0
0,0
0,0
0,0
0,0
0,0
0,0
0,0
0,0
0,0
0,0
0,0
0,0
0,0
0,0
0,0
0,0
0,0
0,0
0,0
0,0
0,0
0,0
0,0
0,0
0,0
0,0
0,0
0,0
0,0
0,1
0,0
0,0
0,0
0,0
0,0
0,0
0,0
0,2
1,1
1,1
1,1
1,1
1,1
1,1
1,1
1,1
1,1
1,1
1,28
1,18
1,0
1,1
1,0
1,1
1,1
1,24
1,1
1,1
1,24
1,19
1,1
1,1
1,1
1,1
1,18
1,18
1,17
1,17
1,17
1,17
1,17
1,17
1,17
1,1
1,1
1,1
1,1
1,1
1,1
1,1
1,1
1,1
1,1
1,1
1,1
1,1
1,1
1,1
1,1
1,1
1,1
1,1
1,1
1,1
1,1
1,1
1,1
1,1
1,1
1,1
1,1
1,1
1,1
1,1
1,1
1,1
1,1
1,1
1,1
1,1
1,1
1,0
1,6
1,1
1,1
1,1
1,1
1,1
1,1
1,1
1,1
1,1
1,1
1,1
1,1
1,28
1,1
1,1
1,1
1,1
1,1
1,17
1,6
1,6
1,28
1,1
1,1
1,1
1,1
1,24
1,17
1,1
1,28
1,1
1,1
1,1
1,19
1,1
1,1
1,1
1,1
1,1
1,1
1,1
1,1
1,1
1,0
1,1
1,1
1,1
1,17
1,17
1,1
1,1
1,1
1,17
1,28
1,1
1,1
1,1
1,1
1,1
1,1
1,1
1,1
1,1
1,1
1,1
1,1
1,1
1,1
1,1
1,1
1,1
1,1
1,1
1,1
1,1
1,1
1,1
1,1
1,1
1,1
1,1
1,1
1,1
1,1
1,1
1,1
1,1
1,1
1,1
1,1
1,1
1,1
1,1
1,1
1,1
1,1
1,1
1,1
1,1
1,0
1,1
1,1
1,1
1,1
1,1
1,1
1,1
1,1
1,1
1,1
1,1
1,1
1,1
1,1
1,1
1,1
1,1
1,1
1,1
1,1
1,1
1,1
1,1
1,1
1,1
1,1
1,1
1,1
1,1
1,1
1,1
1,1
1,1
1,1
1,1
1,1
1,0
1,1
1,1
1,1
1,1
1,0
1,1
1,1
1,1
1,1
1,1
1,1
1,1
1,1
1,1
1,1
1,1
1,1
1,1
1,1
1,1
1,1
1,1
1,1
1,1
1,1
1,1
1,1
1,1
1,1
1,1
1,1
1,1
1,1
1,1
1,1
1,1
1,1
1,1
1,1
1,1
1,1
1,1
1,0
1,1
2,2
2,2
2,2
2,2
2,28
2,2
2,2
2,2
2,2
2,26
2,2
2,2
2,2
2,26
2,27
2,2
2,2
2,2
2,2
2,2
2,2
2,2
2,2
2,2
2,2
2,2
2,2
2,2
2,2
2,2
2,2
2,10
2,2
2,2
2,2
2,2
2,2
2,2
2,2
2,2
2,2
2,22
2,2
2,2
2,2
2,2
2,2
2,2
2,27
2,2
2,22
2,2
2,2
2,2
2,2
2,2
2,2
2,2
2,2
2,2
2,2
2,2
2,2
2,2
2,2
2,2
2,27
2,2
2,2
2,2
2,2
2,27
2,27
2,2
2,27
2,2
2,2
2,2
2,2
2,27
2,2
2,2
2,2
2,2
2,2
2,22
3,3
3,3
3,3
3,14
3,3
3,3
3,3
3,3
3,3
3,3
3,3
3,3
3,3
3,3
3,3
3,12
3,12
3,12
3,12
3,12
3,12
3,12
3,12
3,12
3,12
3,12
3,3
3,3
3,3
3,3
3,3
3,3
3,18
3,12
3,3
3,3
3,3
3,3
3,19
3,3
3,3
3,18
3,3
3,3
3,3
3,3
3,3
3,3
3,24
3,3
3,3
3,3
3,3
3,3
3,3
3,3
3,3
3,3
3,3
3,3
3,3
3,3
3,3
3,3
3,3
3,3
3,3
3,3
3,3
3,3
3,3
3,3
3,3
3,3
3,3
3,3
3,3
3,3
3,3
3,3
3,3
3,3
3,3
3,3
3,3
3,3
3,3
3,3
3,3
3,3
3,3
3,3
3,3
3,3
3,3
3,3
3,3
3,3
3,3
3,3
3,3
3,3
3,3
3,3
3,3
3,3
3,3
3,3
3,3
3,3
3,3
3,3
4,4
4,4
4,4
4,4
4,4
4,4
4,4
4,4
4,4
4,4
4,4
4,4
4,4
4,4
4,4
4,4
4,4
4,4
4,4
4,4
4,4
4,4
4,4
4,4
4,4
4,4
4,4
4,4
4,4
4,4
4,4
4,4
4,4
4,4
4,4
4,4
4,4
4,4
4,4
4,4
4,4
4,4
4,4
4,4
4,4
4,4
4,4
4,4
4,4
4,4
4,4
4,4
4,4
4,4
4,4
4,4
4,4
4,4
4,4
4,4
4,4
4,9
4,9
4,4
4,4
4,4
4,4
4,4
4,4
4,9
4,9
4,2
4,4
4,4
4,4
4,4
4,4
4,4
4,4
4,4
4,4
4,4
4,4
4,4
4,4
4,4
4,4
4,4
4,4
4,4
4,4
4,4
4,4
4,4
4,4
4,4
4,4
4,4
4,4
4,25
4,4
4,4
4,4
4,4
4,4
4,4
5,4
5,28
5,5
5,5
5,5
5,28
5,5
5,28
5,5
5,28
5,28
5,28
5,5
5,28
5,28
5,28
5,5
5,28
5,28
5,5
5,5
5,5
5,5
5,5
5,28
5,5
5,5
5,28
5,4
5,28
5,28
5,28
5,5
5,28
5,28
5,28
5,4
6,6
6,6
6,6
6,6
6,6
6,6
6,6
6,24
6,6
6,6
6,6
6,6
6,7
6,6
6,6
6,6
6,6
6,6
6,6
6,6
6,6
6,6
6,6
6,6
6,6
6,6
6,6
6,0
6,6
6,6
6,2
6,6
6,6
6,6
6,6
6,24
6,6
6,6
6,6
6,6
6,6
6,6
6,6
6,6
6,6
6,6
6,0
6,6
6,6
6,6
6,6
6,6
6,6
6,0
6,6
6,6
6,0
6,6
6,2
6,6
6,6
6,6
6,6
6,6
6,6
6,6
7,20
7,7
7,7
7,9
7,7
7,7
7,17
7,7
7,7
7,19
7,28
7,7
7,7
7,13
7,7
7,7
7,7
7,7
7,7
7,7
7,7
7,7
7,7
7,7
7,7
7,7
7,7
7,7
7,7
7,7
7,7
7,7
7,7
7,7
7,7
7,7
7,7
7,7
7,7
7,7
7,7
7,7
7,7
7,7
7,7
7,7
7,7
7,7
7,7
7,7
7,7
7,7
7,7
7,7
7,7
7,7
7,7
7,7
7,7
7,7
7,7
7,7
7,7
7,7
7,7
7,7
7,7
7,7
7,7
7,7
7,7
7,7
7,7
7,7
7,7
7,7
7,7
7,7
7,7
7,7
7,7
7,7
7,7
7,7
7,7
7,7
7,7
7,7
7,7
7,7
7,7
7,7
7,7
7,7
7,7
7,7
7,7
7,7
7,7
7,7
7,7
7,7
7,7
7,7
7,7
7,7
7,7
7,7
7,7
7,7
7,7
7,7
7,7
7,7
7,7
7,7
7,7
7,7
7,7
7,7
7,7
7,7
8,28
8,8
8,8
8,8
8,8
8,8
8,8
8,8
8,21
8,22
8,21
8,8
8,8
8,8
8,8
8,8
8,8
8,8
8,22
8,8
8,8
8,8
8,8
8,8
8,8
8,8
8,22
8,22
8,22
8,22
8,8
8,8
8,8
8,8
8,13
8,8
8,8
8,28
8,8
8,8
8,8
8,8
8,8
8,28
8,8
8,8
8,8
8,21
8,8
8,8
8,15
8,21
8,8
8,15
8,25
8,8
8,8
8,8
8,8
8,8
8,8
8,21
8,8
8,8
8,8
8,8
8,8
8,8
8,8
8,8
8,8
8,8
8,8
8,8
8,15
8,28
8,8
8,28
8,8
8,28
9,9
9,24
9,9
9,9
9,9
9,9
9,9
9,9
9,9
9,9
9,9
9,9
9,9
9,9
9,9
9,9
9,9
9,9
9,9
9,9
9,9
9,9
9,9
9,9
9,9
9,9
9,9
9,9
9,9
9,9
9,9
9,9
9,9
9,9
9,9
9,9
9,9
9,9
9,9
9,13
9,9
9,9
9,9
9,9
9,21
9,15
9,9
9,9
9,2
9,9
9,27
9,9
9,9
9,9
9,3
9,3
9,0
9,9
9,9
9,9
9,9
9,9
9,9
9,9
9,9
9,9
9,9
9,9
9,9
9,9
9,9
9,9
9,9
9,9
9,9
9,9
9,9
9,9
9,9
9,9
9,9
9,9
9,9
9,9
9,9
9,9
9,9
9,9
9,9
9,9
9,9
9,9
9,9
9,9
9,9
9,9
9,9
9,9
9,9
9,9
9,9
9,9
9,9
9,9
9,9
9,9
9,9
9,9
9,9
9,9
9,9
9,9
9,9
9,9
9,9
9,9
9,9
9,9
9,3
9,9
9,9
9,9
9,9
9,9
9,9
9,9
9,9
9,9
9,9
9,9
9,9
9,9
9,9
9,9
9,9
9,9
9,9
9,0
10,10
10,13
10,10
10,10
10,26
10,10
10,10
10,10
10,10
10,10
10,10
10,10
10,10
10,5
10,10
10,10
10,10
10,10
10,10
10,10
10,10
10,10
10,10
10,10
10,10
10,10
10,10
10,10
10,10
10,10
10,10
10,10
10,10
10,10
10,10
10,10
10,10
10,10
10,10
10,10
10,10
10,10
10,10
10,10
10,10
10,10
10,10
10,10
10,10
10,10
10,10
10,10
10,10
10,10
10,10
10,10
10,10
10,10
10,10
10,10
10,10
10,10
10,10
10,10
10,10
10,10
10,10
10,10
10,10
10,10
10,10
10,10
10,10
10,10
10,10
10,10
10,10
10,10
10,10
10,10
10,10
10,10
10,10
10,10
10,10
10,10
10,10
10,10
10,10
10,10
10,10
10,10
10,10
10,10
10,10
10,10
10,10
10,10
10,10
10,10
10,10
10,10
10,10
10,10
10,10
10,10
10,10
10,10
10,10
10,10
10,10
10,10
10,10
10,10
10,10
10,10
10,10
10,10
10,10
10,10
10,10
10,10
10,10
10,10
10,10
10,10
10,10
10,10
10,10
10,10
10,10
10,10
10,10
10,10
10,10
10,10
10,10
10,10
10,10
10,10
10,10
10,10
10,10
10,10
10,10
10,10
10,10
10,10
10,10
10,10
10,10
10,10
10,10
10,10
10,10
10,10
10,10
10,10
10,10
10,10
10,10
10,10
10,10
10,10
10,10
10,10
10,10
10,10
10,10
10,10
10,10
10,10
10,10
10,10
10,10
10,10
10,10
10,10
10,10
10,10
10,10
10,10
10,10
10,10
10,10
10,10
10,10
10,10
10,10
10,10
10,10
10,10
10,10
10,10
10,10
10,10
10,10
10,10
10,10
10,10
10,10
10,10
10,10
10,10
10,10
10,10
10,10
10,10
10,10
10,10
10,10
10,10
10,10
10,10
10,10
10,10
10,10
10,10
10,2
11,11
11,11
11,11
11,11
11,11
11,11
11,11
11,11
11,11
11,11
11,11
11,11
11,11
11,11
11,11
11,11
11,11
11,11
11,11
11,11
11,11
11,11
11,11
11,11
11,11
11,11
11,11
11,11
11,11
11,4
11,11
11,4
11,13
11,13
11,11
11,11
11,11
11,11
11,4
11,4
11,11
11,4
11,13
11,13
11,11
11,11
11,11
11,11
11,11
11,11
11,11
11,11
11,11
11,11
11,11
11,11
11,11
11,11
11,11
11,11
11,11
11,11
11,11
11,11
11,11
11,11
11,11
11,11
11,11
11,11
11,11
11,13
11,11
11,11
11,11
11,11
11,11
11,11
11,11
11,11
11,11
11,11
11,11
11,11
11,11
11,11
11,11
11,11
11,11
11,11
11,11
11,11
11,11
11,11
11,11
11,11
11,11
11,11
11,11
11,11
11,11
11,11
11,11
11,11
11,11
11,11
11,11
11,11
11,11
11,11
11,11
11,11
11,11
11,11
11,11
11,11
11,11
11,11
11,11
11,11
11,11
11,11
11,11
11,11
11,11
11,11
11,11
11,11
12,12
12,12
12,12
12,12
12,12
12,12
12,12
12,12
12,12
12,12
12,12
12,12
12,12
12,12
12,12
12,12
12,12
12,12
12,12
12,12
12,12
12,12
12,12
12,12
12,12
12,12
12,12
12,12
12,12
12,12
12,12
12,12
12,12
12,12
12,12
12,12
12,12
12,12
12,12
12,12
12,12
12,12
12,12
12,12
12,12
12,12
12,12
12,12
12,12
12,12
12,12
12,12
12,12
12,12
12,12
12,12
12,12
12,12
12,12
12,12
12,12
12,12
12,12
12,12
12,12
12,12
12,12
12,12
12,12
12,12
12,12
12,12
12,12
12,12
12,12
12,12
12,12
12,12
12,12
12,12
12,12
12,12
12,12
12,12
12,12
12,12
12,12
12,12
12,12
12,12
12,12
12,12
12,9
12,9
12,6
12,3
12,11
12,12
12,12
12,12
13,13
13,13
13,13
13,26
13,18
13,18
13,18
13,13
13,26
13,13
13,13
13,13
13,13
13,13
13,13
13,13
13,13
13,13
13,13
13,13
13,13
13,13
13,4
13,13
13,13
13,13
13,13
13,13
13,13
13,13
13,13
13,13
13,26
13,13
13,13
13,13
13,13
13,13
13,13
13,13
13,13
13,13
13,13
13,13
13,13
13,13
13,13
13,13
13,26
13,13
13,13
13,13
13,13
13,13
13,13
13,13
13,13
13,13
13,25
13,13
13,13
13,13
13,13
13,13
13,13
13,3
13,13
13,13
13,13
13,16
13,4
13,13
13,13
13,13
13,3
13,13
13,13
13,13
13,13
13,13
13,13
13,13
13,13
13,13
13,13
13,13
13,11
13,13
13,13
13,13
13,13
13,28
13,4
13,13
13,13
13,10
13,11
13,13
13,13
13,13
13,13
13,11
13,13
13,11
13,13
13,13
13,13
13,16
13,13
13,13
13,26
13,3
13,13
13,26
13,13
13,13
13,13
13,13
13,10
13,13
13,13
13,11
13,13
13,13
13,13
13,13
13,13
13,13
13,13
13,13
13,26
13,26
13,10
13,13
13,13
13,13
13,13
13,4
13,11
13,1
13,26
13,13
14,18
14,14
14,14
14,14
14,18
14,13
14,11
14,11
14,11
14,13
14,13
14,1
14,14
14,14
14,1
14,1
15,22
15,22
15,22
15,22
15,15
15,22
15,22
15,15
15,15
15,15
15,15
15,15
15,15
15,15
15,15
15,15
15,15
15,15
15,15
15,15
15,15
15,15
15,25
15,4
16,25
16,25
16,13
16,13
16,13
16,13
16,16
16,10
16,10
16,18
16,13
16,28
16,13
16,26
16,13
16,13
16,13
16,28
17,19
17,17
17,17
17,17
17,17
17,17
17,17
17,17
17,17
17,17
17,17
17,17
17,17
17,17
17,17
17,17
17,17
17,17
17,17
17,17
17,17
17,17
17,17
17,17
17,17
17,17
17,17
17,17
17,17
17,17
17,17
17,17
17,17
17,17
17,17
17,17
17,17
17,17
17,17
17,17
17,17
17,17
17,17
17,17
17,17
17,17
17,17
17,17
17,17
17,1
17,17
17,17
17,17
17,17
17,17
17,17
17,17
17,17
17,17
17,17
17,1
17,17
17,17
17,17
17,17
17,17
17,17
17,1
17,17
17,17
17,17
17,17
17,1
17,1
17,17
17,17
17,17
17,17
17,17
17,17
17,17
17,17
17,1
17,3
17,3
17,3
17,1
17,1
17,1
17,1
17,1
17,1
17,1
17,1
17,1
17,1
17,1
17,1
17,1
17,1
17,1
17,1
17,1
17,1
18,26
18,26
18,18
18,13
18,18
18,18
18,18
18,18
18,18
18,18
18,18
18,18
18,18
18,18
18,18
18,18
18,18
18,18
18,18
18,18
18,18
18,18
18,18
18,18
18,18
18,26
18,26
18,3
18,18
18,18
18,18
18,18
18,18
18,18
18,18
18,18
18,18
18,18
18,18
18,18
18,18
18,26
19,14
19,3
19,3
19,3
19,19
19,19
19,19
19,19
19,19
19,19
19,19
19,19
19,19
19,19
19,1
19,15
19,9
19,4
19,15
19,17
19,19
19,19
19,19
19,19
19,19
19,7
19,19
19,19
20,9
20,20
20,13
20,13
20,21
20,9
20,19
20,20
20,20
20,7
20,9
20,13
20,20
20,20
20,2
20,21
20,2
20,22
20,2
20,15
20,9
20,20
20,20
20,14
20,9
20,9
20,9
20,9
20,9
20,20
20,9
20,20
21,22
21,21
21,21
21,21
21,21
21,21
21,21
21,25
21,2
21,21
21,20
21,21
21,2
21,15
21,15
21,21
21,21
21,21
21,21
21,27
21,21
21,21
21,21
21,27
21,15
21,15
21,15
21,21
21,21
21,27
21,27
21,21
21,21
21,21
22,13
22,13
22,13
22,13
22,13
22,13
22,13
22,13
22,13
22,26
22,26
22,22
22,22
22,22
22,22
22,22
22,22
22,22
22,28
22,22
22,22
22,22
22,22
22,22
22,22
22,22
22,22
22,2
22,22
22,22
22,22
22,13
22,13
22,13
22,25
22,15
22,25
22,15
22,15
22,22
22,15
22,15
22,15
22,15
22,15
22,22
22,15
22,22
22,22
22,15
22,22
22,22
22,22
22,22
22,15
22,15
22,15
22,22
22,15
22,22
23,23
23,23
23,23
23,23
23,23
23,23
23,23
23,23
23,23
23,23
23,23
23,23
23,23
23,23
23,23
23,23
23,23
23,23
23,7
23,20
23,23
23,23
23,23
23,20
23,23
23,23
23,23
23,23
23,7
23,23
23,23
23,23
23,23
23,23
23,23
23,23
23,23
23,23
24,24
24,24
24,17
24,28
24,17
24,17
24,1
24,19
24,1
24,24
24,24
24,14
24,24
24,24
24,24
24,24
24,24
24,24
24,24
24,24
24,24
24,24
24,24
24,14
24,13
24,27
24,2
24,24
24,24
24,24
24,1
24,1
24,0
24,0
24,1
24,0
24,0
24,0
24,24
24,24
24,24
24,24
24,24
24,24
24,2
24,27
25,13
25,16
25,8
25,25
25,25
25,25
25,4
25,13
25,13
25,13
25,8
25,25
25,25
25,13
25,25
25,13
25,4
25,3
25,11
25,4
25,11
25,11
25,25
25,13
25,25
25,25
25,25
25,25
25,25
25,25
25,25
25,25
25,11
25,25
25,25
25,4
25,25
26,9
26,3
26,26
26,3
26,3
26,3
26,3
26,3
26,3
26,13
26,18
26,13
26,18
26,13
26,13
26,3
26,26
26,26
26,3
26,13
26,13
26,5
26,13
26,3
26,26
26,26
26,26
26,26
26,27
26,26
26,26
26,4
26,18
26,3
26,26
26,26
26,13
26,26
26,13
26,13
26,26
26,26
26,10
26,26
26,26
26,26
26,26
26,26
26,27
26,10
26,27
26,10
26,10
26,10
26,27
26,26
26,26
26,15
27,27
27,27
27,27
27,27
27,27
27,27
27,2
27,27
27,26
27,27
27,24
27,27
27,12
27,9
27,27
27,12
27,12
27,24
27,27
27,26
27,27
27,15
27,15
27,22
27,15
27,15
27,22
27,22
27,22
27,27
27,27
27,27
27,27
27,27
27,27
27,27
27,27
27,26
27,27
27,27
27,26
27,27
27,10
27,10
27,27
27,27
27,26
27,9
27,27
27,24
27,3
27,27
27,27
27,9
27,15
27,27
27,26
27,26
27,27
27,27
27,27
27,27
27,27
27,27
27,27
27,27
28,21
28,28
28,28
28,28
28,28
28,28
28,28
28,28
28,28
28,28
28,28
28,28
28,28
28,28
28,28
28,28
28,28
28,28
28,28
28,28
28,28
28,28
28,28
28,28
28,28
28,28
28,28
28,28
28,28
28,28
28,28
28,28
28,28
28,28
28,28
28,28
28,28
28,28
28,28
28,28
28,28
28,28
28,28
28,28
28,28
28,28
28,28
28,28
28,28
28,28
28,28
28,28
1,1
1,1
1,1
1,1
1,1
1,1
1,1
1,1
1,1
1,1
1,1
1,1
1,1
1,1
1,1
1,1
1,1
1,1
1,1
1,1
1,1
1,1
1,1
1,1
1,1
1,1
1,1
1,1
1,1
1,1
1,1
1,1
1,1
1,1
1,1
1,1
1,0
1,1
1,1
1,1
1,1
1,0
1,0
1,1
1,1
1,1
1,1
1,1
1,1
1,1
1,1
1,1
1,1
1,1
1,1
1,1
1,1
1,1
1,1
1,1
1,1
1,1
1,1
1,1
1,1
1,1
1,1
1,1
1,1
1,1
1,1
1,1
1,1
1,1
1,1
1,1
1,1
1,1
1,1
1,1
1,1
1,1
1,1
1,1
1,1
1,1
1,1
1,1
1,1
1,1
1,1
1,1
1,1
1,1
1,1
2,2
2,2
2,2
2,2
2,2
2,2
2,2
2,2
2,2
2,2
2,2
2,2
2,2
2,2
2,2
2,2
2,2
2,2
2,2
2,2
2,2
2,2
2,2
2,2
2,2
2,27
2,2
2,2
2,2
2,2
2,2
2,2
2,2
3,12
3,12
3,3
3,14
3,14
3,3
3,3
3,3
3,12
3,3
3,3
3,14
3,3
3,3
3,3
3,3
3,3
3,3
3,14
3,3
3,3
3,12
3,12
3,3
3,14
3,17
3,3
3,3
3,3
3,12
3,3
3,24
3,17
3,3
3,3
3,3
3,3
3,3
3,24
3,17
3,17
3,3
3,12
3,3
3,3
3,24
3,14
3,3
3,3
3,3
3,3
3,3
3,18
3,3
3,3
3,3
3,3
3,3
3,3
3,3
3,3
3,3
3,9
3,3
3,3
3,3
3,3
3,3
3,3
3,3
3,3
3,3
3,3
3,3
3,3
3,3
3,27
3,3
3,3
3,3
3,3
3,3
3,3
3,3
3,3
3,3
3,3
3,3
3,3
3,24
4,4
4,28
4,28
4,4
4,5
4,28
4,4
4,28
4,4
4,4
4,4
4,4
4,4
4,4
4,4
4,4
4,4
4,4
4,4
4,4
4,4
4,4
4,4
4,4
4,4
4,4
4,4
4,4
4,4
4,4
4,4
4,4
4,4
4,4
4,4
4,4
4,4
4,4
4,4
4,4
4,4
4,4
4,4
4,4
4,4
4,4
4,4
4,4
4,4
4,5
4,5
4,4
4,4
4,4
4,28
4,28
4,4
4,4
4,4
4,4
4,4
4,4
4,4
5,5
5,5
5,5
5,5
5,5
5,5
5,5
5,5
5,5
5,5
5,5
5,5
5,5
5,5
5,5
5,5
5,5
5,5
5,13
5,13
5,5
5,13
5,13
5,13
5,5
5,5
5,5
5,13
5,13
5,13
5,13
5,4
5,4
5,4
5,4
5,4
5,4
5,13
5,13
5,13
5,13
5,4
5,13
5,4
5,13
5,13
5,13
5,5
5,5
6,6
6,6
6,6
6,2
6,2
6,6
6,6
6,6
6,6
6,6
6,6
6,6
6,6
6,6
6,0
6,6
6,6
6,6
6,6
6,6
6,6
7,7
7,7
7,7
7,7
7,7
7,7
7,7
7,7
7,7
7,7
7,7
7,7
7,7
7,7
7,7
7,7
7,7
7,7
7,7
7,7
7,7
7,7
7,7
7,7
7,7
7,7
7,7
7,7
7,7
7,7
7,7
7,7
7,7
7,7
7,7
7,7
7,7
8,21
8,22
8,8
8,21
8,21
8,8
8,8
8,21
8,21
8,22
8,2
8,21
8,8
8,8
8,8
8,8
8,8
8,8
8,8
8,21
8,8
9,9
9,9
9,9
9,9
9,9
9,9
9,9
9,9
9,9
9,9
9,9
9,9
9,9
9,9
9,9
9,9
9,9
9,9
9,9
9,9
9,9
9,9
9,9
9,9
9,9
9,9
9,9
9,9
9,9
9,9
9,9
9,9
9,9
9,9
9,9
9,9
9,9
9,9
9,9
9,9
9,9
9,9
9,9
9,9
9,9
9,9
9,9
9,7
9,9
9,9
9,9
9,9
9,9
9,9
9,9
9,7
9,9
9,9
9,9
10,10
10,10
10,10
10,10
10,10
10,10
10,10
10,10
10,10
10,10
10,10
10,10
10,10
10,10
10,10
10,10
10,10
10,10
10,10
10,10
10,10
10,10
10,10
10,10
10,10
10,10
10,10
10,10
10,10
10,10
10,10
10,10
10,10
10,10
10,10
10,10
10,10
10,10
10,10
10,10
10,10
10,10
10,10
10,10
10,10
10,10
10,10
10,10
10,10
10,10
10,10
10,26
10,10
10,10
10,10
10,10
10,10
10,10
10,10
10,10
10,10
10,10
10,10
10,10
10,10
10,10
10,10
10,10
10,10
10,10
10,10
10,10
10,10
10,10
10,10
10,10
10,10
10,26
10,26
10,26
10,10
10,10
10,10
10,10
10,10
10,10
10,10
10,10
10,10
10,10
10,10
10,10
10,10
10,10
10,10
10,10
10,10
10,10
10,10
11,11
11,11
11,11
11,11
11,11
11,11
11,11
11,11
11,11
11,11
11,11
11,11
11,11
11,11
11,11
11,11
11,11
11,11
11,11
11,11
11,11
11,11
11,11
11,11
11,11
11,10
11,10
11,10
11,18
11,18
11,18
11,11
11,11
11,11
11,11
11,11
11,11
11,11
11,11
11,11
11,11
11,11
11,11
11,11
11,13
11,10
11,10
11,10
11,18
11,18
11,18
11,10
11,11
11,11
11,11
11,11
11,11
11,11
11,11
11,11
11,26
11,12
11,11
11,26
11,11
11,11
11,11
11,11
11,11
11,11
11,11
11,11
11,11
11,11
11,11
11,11
11,11
11,11
11,11
11,11
11,11
11,11
11,11
11,11
11,11
11,11
11,11
11,11
11,11
11,11
11,11
11,11
11,11
11,11
11,11
11,10
11,11
11,18
11,11
11,11
11,11
11,11
11,11
11,11
11,11
11,11
11,11
11,11
11,11
11,11
11,11
11,11
11,10
11,11
11,10
11,11
11,11
11,11
11,11
11,11
11,11
11,11
11,11
11,11
11,11
11,11
11,11
11,11
11,11
11,27
12,12
12,12
12,12
12,12
12,12
12,12
12,12
12,12
12,12
12,12
12,12
12,12
12,12
12,12
12,12
12,12
12,12
12,12
12,12
12,12
12,12
12,12
12,12
12,12
12,12
12,12
12,12
12,12
12,12
12,12
12,12
12,12
12,12
12,12
12,12
12,12
12,12
12,12
12,12
12,12
12,12
12,12
12,12
12,12
12,12
12,12
12,12
12,12
12,12
12,12
12,12
12,12
12,12
12,12
12,12
12,12
12,12
12,12
12,12
12,12
12,12
12,12
12,12
12,12
12,18
12,12
12,18
12,12
12,12
12,12
12,12
12,12
12,12
12,12
12,12
12,12
12,12
12,12
12,12
13,13
13,13
13,13
13,13
13,13
13,13
13,13
13,13
13,13
13,13
13,13
13,13
13,13
13,13
13,13
13,13
13,13
13,13
13,13
13,13
13,13
13,13
13,13
13,13
13,13
13,13
13,13
13,28
13,13
13,13
13,13
13,13
13,13
13,13
13,13
13,13
13,13
13,13
13,13
13,13
13,13
13,13
13,13
13,10
13,13
13,13
13,13
13,5
13,13
13,13
13,13
13,13
13,13
13,13
13,13
13,13
13,13
13,13
13,13
13,13
13,13
13,13
13,13
13,13
13,13
13,13
13,13
13,13
13,13
13,13
13,13
13,13
13,13
13,13
13,13
13,13
13,13
13,13
13,13
13,13
13,13
13,13
13,13
13,13
13,13
13,13
13,13
13,13
13,13
13,13
13,13
13,13
13,13
13,13
13,4
13,13
13,13
13,13
13,13
14,7
14,14
14,14
14,14
14,14
14,14
14,14
14,14
14,14
15,3
15,3
15,3
15,3
15,3
16,16
16,16
16,16
16,16
16,16
16,18
16,18
16,18
16,17
17,17
17,17
17,17
17,17
17,17
17,17
17,17
17,17
17,17
17,17
17,17
17,17
17,17
17,17
17,17
17,17
17,17
17,17
17,17
17,19
17,19
17,17
17,17
17,14
17,17
18,18
18,18
18,10
18,4
18,4
18,18
18,18
18,18
18,18
18,18
18,18
18,18
18,18
19,17
19,17
19,17
19,17
19,17
19,17
19,17
19,17
19,17
20,19
20,7
20,7
20,7
20,7
20,9
20,24
20,9
20,24
20,24
20,20
20,21
20,2
20,21
20,2
20,27
20,2
20,26
20,24
21,26
21,22
21,22
21,22
21,22
21,22
21,22
21,15
21,22
23,9
23,9
23,9
23,9
23,20
23,27
23,27
23,21
23,21
23,21
23,9
23,9
23,9
24,6
24,24
24,6
24,6
24,6
24,6
24,6
24,6
24,6
24,7
24,6
25,27
25,27
25,7
25,24
25,14
25,14
25,14
25,7
25,14
25,14
25,14
25,7
25,7
26,27
26,26
26,26
26,25
26,25
26,25
26,26
26,27
26,26
27,27
27,27
27,27
27,27
27,27
27,14
27,14
27,14
27,24
28,2
28,27
28,25
28,27
28,27
28,24
28,24
28,7
28,9
28,0
28,26
0,0
0,7
0,7
0,0
0,0
0,0
0,0
0,0
0,0
0,0
0,0
0,0
0,0
0,0
0,7
0,0
0,0
0,1
0,1
0,0
0,0
0,0
0,0
0,0
0,0
0,0
0,0
0,7
0,0
0,0
0,0
0,0
0,0
0,0
0,0
0,0
0,0
0,0
0,7
0,25
0,10
0,10
0,26
0,9
0,0
0,0
0,0
0,0
0,0
0,0
0,0
0,0
0,25
0,10
0,13
0,0
0,0
0,0
0,0
0,6
0,5
0,8
0,8
0,23
0,0
0,28
0,0
0,0
0,8
0,8
0,28
0,2
0,0
0,0
0,0
0,4
0,25
0,9
0,4
0,0
0,0
0,0
0,5
0,0
0,0
0,0
0,0
0,0
0,0
0,0
0,5
0,0
0,0
0,0
0,8
0,17
0,13
0,0
0,9
2,13
2,2
2,2
2,2
2,2
2,2
2,2
2,2
2,26
2,2
2,2
2,2
2,2
2,2
2,13
2,16
2,2
2,13
2,2
2,2
2,2
2,2
2,2
2,13
2,2
2,2
2,2
2,2
2,2
3,3
3,3
3,3
3,3
3,3
3,3
3,3
3,3
3,3
3,3
3,3
3,3
3,3
3,3
3,3
3,3
3,3
3,3
3,3
3,3
3,3
3,3
3,3
3,3
3,3
3,3
3,3
3,3
3,3
3,3
3,3
3,3
3,3
3,3
3,3
3,17
3,3
3,3
3,3
3,3
3,3
3,3
3,3
3,3
3,3
3,3
3,3
3,3
3,3
3,3
3,3
4,4
4,4
4,4
4,2
4,2
4,2
4,4
4,4
4,4
4,4
4,2
4,2
4,2
4,4
4,4
4,4
4,4
4,4
4,4
4,4
4,4
4,2
4,2
4,4
4,4
4,4
4,4
4,4
4,4
4,4
4,4
4,4
4,4
4,4
4,4
4,4
4,4
4,4
4,4
4,4
4,4
4,4
4,4
4,4
4,4
4,4
4,4
4,4
4,4
4,4
4,4
4,4
4,4
4,4
4,4
4,4
4,4
4,4
4,25
4,25
4,25
4,25
4,4
4,2
4,2
6,24
6,6
6,6
6,6
6,6
6,0
6,6
6,6
6,6
6,6
6,6
6,6
6,6
6,6
6,6
6,6
6,6
6,6
6,6
6,6
6,0
6,6
6,6
6,6
6,6
6,6
6,6
6,6
6,6
6,6
6,6
6,6
6,6
6,9
6,6
6,6
6,9
6,6
6,6
6,6
6,6
7,7
7,7
7,7
7,7
7,7
7,7
7,7
7,7
7,7
7,7
7,28
7,2
7,7
7,7
7,7
7,7
7,16
7,7
7,7
7,7
7,5
7,7
7,18
7,7
7,7
7,7
7,7
7,7
7,7
7,6
7,7
7,7
7,13
7,7
7,7
7,6
7,7
7,7
7,7
8,8
8,8
8,8
8,8
8,8
8,8
8,8
8,8
8,8
8,8
8,8
8,8
8,8
8,8
8,15
8,8
8,8
8,21
8,2
8,2
8,8
8,8
8,8
8,8
8,8
8,8
8,8
8,8
8,8
8,8
8,8
8,8
8,15
8,8
8,8
8,8
8,8
8,21
8,8
9,9
9,9
9,9
9,9
9,9
9,9
9,9
9,9
9,9
9,9
9,9
9,9
9,9
9,9
9,9
9,9
9,9
9,24
9,9
9,7
9,6
9,6
9,9
9,9
9,9
9,9
9,9
9,21
9,27
9,9
9,9
9,9
9,9
9,9
9,9
9,9
9,9
9,9
9,9
9,9
9,9
9,9
9,7
9,9
9,9
10,10
10,26
10,26
10,26
10,26
10,26
10,26
10,10
10,10
10,10
10,27
10,10
10,10
10,10
10,10
10,10
10,10
10,10
10,10
10,10
10,10
10,10
10,26
10,26
10,27
10,27
10,26
10,27
10,26
10,27
10,27
10,27
10,27
10,27
10,27
11,26
11,11
11,11
11,11
11,11
11,11
11,11
11,13
11,11
11,11
11,11
11,11
11,13
11,13
11,3
11,3
11,3
11,3
11,11
11,11
11,11
11,11
11,11
11,11
11,21
11,11
11,21
11,21
11,21
11,11
11,11
11,11
11,5
11,13
11,11
11,11
11,11
11,11
11,11
11,11
11,11
11,11
11,11
11,11
11,11
11,11
11,11
11,11
11,11
11,11
11,11
11,11
11,11
11,11
11,11
11,11
11,11
11,11
11,11
11,11
11,11
11,11
11,11
11,11
11,11
11,11
11,11
11,11
11,11
11,11
11,11
11,13
11,11
11,11
11,11
11,10
11,13
11,26
11,5
11,11
11,11
11,13
11,13
11,26
11,13
11,11
11,11
11,11
11,11
11,11
11,11
11,11
11,11
11,11
11,11
11,11
11,11
11,11
11,11
11,11
11,11
11,11
11,11
11,11
11,11
11,11
11,11
11,11
11,11
11,26
11,5
11,11
11,5
12,12
12,12
12,12
12,12
12,12
12,12
12,12
12,12
12,12
12,12
12,12
12,12
12,12
12,12
12,12
12,12
12,12
12,12
12,12
12,12
12,12
12,27
12,12
12,12
12,24
13,13
13,13
13,10
13,13
13,13
13,13
13,13
13,13
13,13
13,13
13,13
13,13
13,13
13,13
13,13
13,13
13,26
13,26
13,26
13,27
13,26
13,13
13,13
13,13
13,13
13,13
13,9
13,13
13,13
13,3
13,26
13,13
13,13
13,13
13,13
13,13
13,13
13,13
13,13
13,13
13,13
13,13
13,13
13,13
13,13
13,13
13,2
13,13
13,13
13,13
13,26
13,13
13,13
13,13
13,13
13,13
13,13
13,13
13,13
13,9
13,26
13,26
13,13
13,13
13,13
13,19
13,13
13,13
13,18
13,13
13,13
13,16
13,13
13,13
13,13
13,13
13,13
13,13
13,13
13,18
13,13
13,13
13,13
13,13
13,13
13,13
13,18
13,13
13,13
13,13
13,13
13,13
13,13
14,12
14,12
14,12
14,12
14,12
14,12
14,12
14,12
14,3
14,24
14,26
14,27
14,13
15,15
15,22
15,22
15,22
15,15
15,15
15,9
16,13
16,16
16,16
16,16
16,18
16,16
17,22
17,10
17,18
17,17
17,17
17,1
17,1
17,1
17,1
17,17
17,17
17,17
17,1
17,17
17,18
17,26
17,26
18,12
18,21
18,13
18,18
18,18
18,18
18,18
18,16
18,7
19,19
19,19
19,19
19,19
19,19
19,13
20,13
20,7
20,7
20,7
20,2
20,2
20,7
20,20
20,20
20,7
20,13
20,20
20,9
20,8
20,8
21,21
21,21
21,21
21,27
21,27
21,21
21,15
21,13
21,2
21,21
21,2
22,22
22,22
22,22
22,22
22,22
22,22
22,22
22,22
22,22
22,22
22,22
22,22
22,22
22,22
22,22
23,23
23,23
23,23
23,20
23,21
23,21
23,8
23,23
23,23
23,23
24,9
24,24
24,24
24,24
24,24
24,24
24,24
24,24
24,24
24,24
24,24
24,17
24,17
24,24
24,24
24,17
25,2
25,27
25,26
25,26
25,26
25,26
25,7
25,16
25,11
25,1
25,1
25,25
25,7
26,10
26,10
26,10
26,10
26,10
26,2
26,26
26,26
26,26
26,3
26,26
26,26
26,26
26,13
26,11
26,13
26,13
27,21
27,27
27,10
27,26
27,2
27,27
27,26
27,26
27,26
27,2
27,2
27,21
27,21
27,2
27,27
28,13
28,13
28,13
28,28
28,13
28,13
28,28
28,28
28,28
0,0
0,0
0,0
0,0
0,0
0,0
0,0
0,1
0,0
0,0
0,0
0,0
0,0
0,0
0,0
0,0
0,0
0,1
0,0
0,0
0,1
0,1
0,1
0,0
0,0
0,6
0,0
0,0
0,0
0,0
0,0
0,0
0,0
0,0
0,0
0,0
0,0
0,0
0,0
0,0
0,0
0,0
0,0
0,0
0,0
0,0
0,0
0,6
0,0
0,0
0,0
0,0
0,0
0,0
0,0
0,0
0,0
0,0
0,1
0,1
0,19
0,1
0,1
0,0
0,0
0,0
0,0
0,0
0,0
0,0
0,0
0,0
0,0
0,0
0,0
0,0
0,0
0,0
0,0
0,0
0,0
0,0
0,0
0,0
0,0
0,0
0,0
0,0
0,0
0,0
0,0
0,0
0,0
0,0
0,0
0,3
0,3
0,0
0,0
0,0
0,0
0,0
0,0
0,0
0,3
0,0
0,0
0,0
0,0
0,0
0,0
0,0
0,0
0,0
0,0
0,0
0,0
0,0
0,0
0,0
0,0
0,0
0,0
0,0
0,0
0,0
0,0
0,0
0,0
0,0
0,0
0,0
0,0
0,0
2,10
2,10
2,10
2,10
2,2
2,2
2,2
2,2
2,2
2,2
2,2
2,2
2,2
2,2
2,2
2,2
2,2
2,2
2,2
2,2
2,10
2,2
2,26
2,10
2,10
2,2
2,2
2,2
2,27
2,2
2,27
2,27
2,26
2,2
2,2
2,26
2,10
2,26
2,10
2,27
2,27
2,27
2,2
2,2
2,2
2,2
2,2
2,10
2,2
2,27
2,2
3,3
3,11
3,3
3,3
3,3
3,3
3,3
3,3
3,3
3,3
3,3
3,3
3,3
3,3
3,3
3,3
3,3
3,3
3,3
3,3
3,3
3,3
3,3
3,3
3,3
3,3
3,3
3,3
3,3
3,3
3,3
3,3
3,3
3,3
3,3
3,3
3,3
3,3
3,3
3,3
3,3
3,3
3,3
3,18
3,18
3,18
3,3
3,3
3,24
3,3
3,18
3,18
3,3
3,3
3,3
3,3
3,3
3,3
3,3
3,3
3,3
3,3
3,3
3,3
3,3
3,3
3,3
3,3
3,3
3,17
3,24
3,3
3,3
3,3
3,3
4,4
4,4
4,13
4,13
4,17
4,4
4,4
4,5
4,5
4,4
4,4
4,4
4,4
4,4
4,4
4,4
4,4
4,4
4,4
4,4
4,4
4,6
4,4
4,4
4,4
4,4
4,4
4,4
4,4
4,4
4,4
4,4
4,4
4,4
4,4
4,3
4,1
4,4
4,4
4,4
4,4
4,4
4,4
4,4
4,4
4,4
4,4
4,4
4,4
4,4
4,4
5,5
5,5
5,5
5,5
5,5
5,5
5,5
5,5
5,5
5,5
5,5
5,5
5,5
5,5
5,5
5,5
5,5
5,5
5,5
5,5
5,5
5,5
5,5
5,5
5,5
5,5
5,5
5,13
5,13
5,18
5,5
5,5
5,5
5,5
5,5
5,5
5,5
5,5
5,5
5,5
5,5
5,5
5,5
5,5
5,5
5,5
5,5
5,5
5,5
5,5
5,5
5,5
5,5
5,5
5,5
5,5
5,5
5,5
5,5
5,5
5,5
5,5
5,5
5,5
5,5
5,5
5,5
5,5
5,5
6,6
6,6
6,6
6,6
6,6
6,6
6,6
6,6
6,6
6,6
6,6
6,6
6,6
6,6
6,17
6,1
6,6
6,6
6,6
6,6
6,6
6,6
6,6
6,6
6,6
6,6
6,6
7,7
7,7
7,7
7,7
7,7
7,7
7,7
7,7
7,7
7,7
7,7
7,9
7,7
7,7
7,7
7,7
7,7
7,7
7,7
7,7
7,7
7,7
7,7
7,7
7,7
8,25
8,8
8,13
8,8
8,8
8,8
8,8
8,8
8,8
8,4
8,28
8,28
8,13
8,8
8,8
8,13
8,15
8,8
8,8
8,21
8,8
8,21
8,25
8,8
8,8
8,8
8,8
9,9
9,9
9,9
9,9
9,9
9,9
9,9
9,9
9,9
9,9
9,9
9,9
9,24
9,9
9,9
9,9
9,9
9,9
9,9
9,9
9,9
9,9
9,9
9,9
9,9
9,9
9,9
9,9
9,9
9,9
9,9
9,9
9,6
9,9
9,9
9,9
9,9
9,9
9,9
9,6
9,9
9,6
9,9
9,9
9,0
9,9
9,9
9,9
9,9
9,9
9,9
9,9
9,9
9,9
9,9
9,9
9,9
9,9
9,9
9,9
9,9
9,9
9,9
9,9
9,9
9,9
9,9
9,9
9,9
9,9
9,9
9,24
9,9
9,9
9,9
9,9
9,9
10,10
10,10
10,10
10,10
10,10
10,10
10,10
10,10
10,10
10,10
10,10
10,10
10,10
10,10
10,10
10,10
10,10
10,10
10,10
10,10
10,10
10,10
10,10
10,10
10,10
10,10
10,10
10,10
10,10
10,10
10,10
10,10
10,10
10,10
10,10
10,10
10,10
10,10
10,10
10,10
10,10
10,10
10,10
10,10
10,10
10,10
10,10
10,10
10,10
10,10
10,10
10,10
10,10
10,10
10,10
10,10
10,10
10,10
10,10
10,10
10,10
10,10
10,10
10,10
10,10
10,10
10,10
10,10
10,10
11,11
11,11
11,11
11,11
11,11
11,11
11,11
11,11
11,11
11,11
11,11
11,13
11,5
11,13
11,11
11,11
11,11
11,11
11,11
11,11
11,11
11,11
11,11
11,11
11,11
11,11
11,11
11,11
11,11
11,11
11,11
11,11
11,11
11,11
11,11
11,11
11,11
11,11
11,11
11,11
11,11
11,11
11,11
12,12
12,12
12,12
12,12
12,12
12,12
12,12
12,12
12,12
12,12
12,12
12,12
12,3
12,19
12,3
12,3
12,3
12,14
12,3
13,13
13,13
13,13
13,13
13,3
13,26
13,13
13,13
13,13
13,13
13,13
13,5
13,13
13,13
13,13
13,13
13,13
13,13
13,13
13,13
13,13
13,13
13,13
13,13
13,13
13,13
13,13
13,13
13,13
13,13
13,13
13,13
13,13
13,13
13,13
13,13
13,13
13,13
13,13
13,13
13,13
13,13
13,13
13,13
13,13
13,13
13,13
13,13
13,16
13,25
13,13
13,13
13,13
13,13
13,13
13,13
13,13
13,13
13,13
13,13
13,4
14,12
14,12
14,12
14,14
14,14
14,3
14,14
14,19
14,14
14,14
14,14
14,14
14,14
14,14
14,14
15,25
15,15
15,15
15,15
15,15
15,15
15,15
16,28
16,13
16,28
16,28
16,16
16,18
16,13
17,3
17,17
17,3
17,17
17,17
17,17
17,17
17,17
17,14
17,3
17,3
17,14
17,17
17,17
17,17
17,17
17,17
17,3
17,3
18,3
18,18
18,18
18,18
18,18
18,18
18,18
18,18
18,18
18,18
18,18
18,18
18,18
18,18
18,18
18,18
18,18
18,18
18,16
18,18
18,16
19,27
19,16
19,19
19,17
19,19
19,19
19,7
19,7
19,19
19,17
19,4
20,9
20,9
20,0
20,9
20,26
20,9
20,26
20,2
20,21
20,21
20,9
20,9
20,20
20,18
20,13
20,13
20,7
20,7
20,13
20,7
20,7
20,7
20,7
20,7
20,2
20,7
20,7
21,9
21,20
21,22
21,15
21,22
21,22
21,22
21,22
21,22
21,21
21,21
21,21
21,2
22,25
22,15
22,22
22,15
22,15
22,22
22,22
22,22
22,22
22,22
22,22
22,22
22,22
22,22
22,22
22,22
22,22
22,22
22,22
22,22
22,22
22,22
22,22
23,7
23,7
23,7
23,7
23,7
23,7
23,7
23,7
23,7
23,7
23,7
23,7
23,20
23,7
23,20
24,24
24,24
24,24
24,24
24,24
24,24
24,24
24,3
24,24
24,3
24,24
24,24
24,24
24,24
24,24
24,24
24,24
24,24
24,24
24,24
24,24
24,24
24,3
25,25
25,25
25,25
25,25
25,25
25,25
25,25
25,15
25,25
25,25
25,25
25,25
25,25
25,25
26,3
26,3
26,3
26,3
26,3
26,3
26,3
26,19
26,25
26,2
26,25
26,25
26,25
26,26
26,26
26,26
26,26
26,26
26,26
26,26
26,26
26,26
26,26
26,3
26,3
26,26
26,26
26,26
26,25
26,25
26,25
26,25
26,25
26,26
26,25
26,25
26,26
26,26
26,26
27,27
27,27
27,22
27,22
27,27
27,26
27,3
27,3
27,3
27,27
27,22
27,22
27,22
28,28
28,18
28,28
28,28
28,28
28,28
28,28
28,16
28,16
28,28
28,28
28,28
28,28
28,28
28,16
28,28
28,4
0,0
0,0
0,0
0,0
0,0
0,6
0,0
0,0
0,0
0,0
0,0
0,0
0,0
0,0
0,0
0,0
0,0
0,0
0,0
0,0
0,0
0,0
0,0
0,0
0,0
0,0
0,0
0,23
0,0
0,0
0,0
0,0
0,0
0,0
0,0
0,0
0,0
0,0
0,0
0,0
0,0
0,0
0,0
0,0
0,0
0,0
0,0
0,0
0,0
0,0
0,0
0,0
0,0
0,0
0,0
0,0
0,0
0,0
0,0
0,0
0,0
0,0
0,0
0,0
0,0
0,0
0,0
0,0
0,0
0,0
0,0
0,6
0,0
0,0
0,3
0,0
0,0
0,0
0,0
0,0
0,0
0,0
0,0
0,0
0,0
0,0
0,0
0,0
0,0
0,0
0,0
0,0
0,0
0,0
0,0
0,0
0,0
0,0
0,0
0,0
0,0
0,0
0,0
0,0
0,0
0,0
0,0
0,0
0,0
0,0
0,0
0,0
0,0
0,0
0,6
0,0
0,0
0,0
0,0
0,0
0,0
0,0
0,0
0,0
0,0
0,0
0,0
0,0
0,0
0,0
0,0
0,3
0,0
0,0
0,0
0,0
0,0
0,0
0,0
0,0
0,0
0,0
0,0
0,0
0,0
0,0
0,0
0,0
0,0
0,0
0,0
0,0
0,0
0,0
0,0
0,0
0,0
0,0
0,0
0,0
0,0
0,0
0,0
0,0
0,6
0,0
0,0
0,6
0,6
0,0
0,0
0,0
0,0
0,0
0,0
0,0
0,0
0,0
0,0
0,0
0,0
0,0
0,0
0,0
0,0
0,0
0,0
0,0
0,0
0,0
0,0
0,0
0,0
0,6
0,0
0,0
0,0
0,0
0,0
0,0
0,0
0,0
0,0
0,7
2,2
2,2
2,2
2,2
2,2
2,2
2,2
2,2
2,2
2,2
2,2
2,2
2,2
2,2
2,2
2,2
2,2
2,2
2,2
2,4
2,4
2,2
2,2
2,2
2,2
2,2
2,2
2,2
2,2
2,2
2,2
2,2
2,2
2,2
2,2
2,2
2,2
2,2
2,2
2,2
2,2
2,2
2,2
2,2
2,2
2,2
2,2
2,2
2,2
2,2
2,2
2,2
2,2
2,2
2,2
2,2
2,2
2,9
2,21
2,21
2,9
3,3
3,3
3,3
3,3
3,3
3,3
3,3
3,3
3,3
3,10
3,26
3,3
3,3
3,3
3,3
3,3
3,3
3,3
3,3
3,3
3,3
3,3
3,3
3,3
3,3
3,3
3,3
3,3
3,14
3,3
3,3
3,3
3,3
3,3
3,3
3,3
3,3
3,3
3,3
3,3
3,3
3,3
3,3
3,3
3,3
3,3
3,3
3,14
3,3
3,3
3,3
3,3
3,26
3,3
3,3
3,3
3,3
3,3
3,3
3,3
3,3
3,3
3,3
3,3
3,3
3,3
3,3
4,3
4,4
4,5
4,4
4,4
4,4
4,4
4,13
4,18
4,3
4,3
4,1
4,4
4,4
4,4
4,4
4,4
4,4
4,4
4,4
4,4
4,5
4,5
4,4
4,4
4,4
4,4
4,13
4,5
4,4
4,1
4,4
4,4
4,4
4,4
4,4
4,4
4,4
4,4
4,4
4,4
4,4
4,4
4,4
4,4
4,4
4,4
4,4
4,18
5,5
5,5
5,11
5,11
5,11
5,5
5,5
5,5
5,5
5,5
5,5
5,5
5,5
5,5
5,5
5,5
5,5
5,5
5,5
5,5
5,5
5,5
5,5
5,5
5,5
5,5
5,5
5,5
5,5
5,5
5,5
5,5
5,5
5,5
5,5
5,5
5,5
5,5
5,5
5,5
5,5
5,5
5,5
5,4
5,5
5,5
5,5
5,5
5,5
5,4
5,4
5,4
5,4
5,4
5,4
5,4
5,5
5,4
5,5
6,6
6,6
6,0
6,6
6,6
6,6
6,6
6,2
6,6
6,6
6,6
6,6
6,2
6,6
6,6
6,6
6,2
6,6
6,6
6,6
6,6
6,6
6,6
6,6
6,6
7,7
7,7
7,7
7,7
7,7
7,7
7,7
7,7
7,7
7,7
7,7
7,7
7,7
7,7
7,7
7,7
7,7
7,7
7,7
7,7
7,7
7,7
7,7
7,7
7,7
7,7
7,7
7,7
7,7
7,7
7,7
7,7
7,7
7,7
7,7
8,8
8,8
8,22
8,21
8,8
8,8
8,8
8,8
8,8
8,8
8,8
8,8
8,21
8,8
8,8
8,8
8,8
8,8
8,8
8,8
8,8
8,8
8,8
8,8
8,8
8,8
8,8
8,8
8,8
8,8
8,8
8,22
8,22
8,8
8,21
8,2
8,8
8,8
8,8
8,21
8,8
8,8
8,15
8,21
8,2
8,2
8,4
9,9
9,9
9,9
9,9
9,9
9,9
9,6
9,9
9,9
9,9
9,9
9,9
9,9
9,9
9,9
9,9
9,9
9,9
9,9
9,9
9,9
9,9
9,9
9,9
9,9
9,9
9,9
9,9
9,9
9,9
9,9
9,9
9,9
9,9
9,9
9,9
9,9
9,9
9,9
9,9
9,9
9,9
9,9
9,9
9,9
9,9
9,19
9,7
9,9
9,9
9,6
9,9
9,9
9,6
9,27
9,7
9,7
9,9
9,9
9,9
9,9
9,4
9,9
9,7
9,28
9,27
9,21
9,15
9,22
9,15
9,15
9,22
9,22
9,22
9,22
9,15
9,22
9,22
9,22
9,22
9,21
9,22
9,22
9,22
9,22
9,22
9,15
9,15
9,22
10,10
10,10
10,10
10,10
10,10
10,10
10,10
10,10
10,10
10,10
10,10
10,10
10,10
10,10
10,10
10,10
10,10
10,10
10,10
10,10
10,10
10,10
10,10
10,10
10,10
10,10
10,10
10,10
10,10
10,10
10,10
10,10
10,10
10,10
10,10
10,10
10,10
10,10
10,10
10,10
10,10
10,10
10,10
10,10
10,10
10,10
10,10
10,10
10,10
10,10
10,10
10,10
10,10
10,10
10,10
10,10
10,10
10,10
10,10
10,10
10,10
10,10
10,11
10,10
10,10
10,10
10,10
10,10
10,10
10,10
10,10
10,10
10,10
10,10
10,10
10,10
10,10
10,10
10,10
10,10
10,10
10,10
10,10
10,10
10,10
10,10
10,10
10,10
10,10
10,10
10,10
10,10
10,10
10,10
10,10
10,10
10,10
10,10
10,10
10,10
10,10
10,10
10,10
10,10
10,10
10,10
10,10
10,10
10,10
10,10
10,10
10,10
10,10
10,10
10,10
10,10
10,10
10,10
10,10
10,0
11,11
11,11
11,11
11,11
11,4
11,13
11,11
11,11
11,11
11,11
11,11
11,11
11,11
11,11
11,11
11,11
11,11
11,10
11,13
11,11
11,11
11,11
11,11
11,11
11,11
11,11
11,11
11,11
11,11
11,11
11,11
11,11
11,11
11,11
11,11
11,11
11,11
11,11
11,11
11,11
11,11
11,11
11,11
11,11
11,13
11,11
11,11
11,11
11,13
11,11
11,11
11,11
11,11
11,11
11,11
11,11
11,11
11,4
11,11
11,13
11,11
11,4
11,4
11,11
11,11
11,11
11,11
11,11
11,11
12,3
12,3
12,3
12,3
12,4
12,4
12,3
12,3
12,3
12,3
12,3
12,3
12,3
12,10
12,10
12,10
13,8
13,8
13,13
13,13
13,11
13,11
13,11
13,11
13,11
13,11
13,8
13,8
13,13
13,13
13,13
13,13
13,13
13,11
13,11
13,11
13,11
13,4
13,13
13,13
13,13
14,12
14,14
14,14
14,14
14,14
14,14
14,14
14,12
14,3
14,24
14,14
14,19
14,14
14,14
14,14
15,15
15,15
15,15
15,15
15,27
16,13
16,25
16,18
16,16
16,13
16,28
17,11
17,3
17,17
17,17
17,17
17,17
17,17
17,17
17,17
17,17
17,17
17,17
17,17
17,17
17,17
17,17
17,19
17,19
18,4
18,18
18,18
18,18
18,18
18,18
18,18
18,18
18,18
18,28
18,25
19,18
19,16
19,16
19,16
19,18
19,7
19,19
19,26
19,19
19,7
19,19
19,19
19,19
19,19
19,7
19,19
19,19
20,9
20,13
20,19
20,7
20,24
20,9
20,7
20,9
20,19
20,9
20,8
20,9
20,6
20,9
20,2
21,28
21,21
21,21
21,27
21,21
21,25
21,27
21,15
21,22
21,22
21,25
21,25
21,25
21,2
21,21
22,22
22,28
22,13
22,15
22,15
22,22
22,22
22,22
22,22
22,22
22,22
22,22
22,22
22,22
22,22
22,22
22,22
22,22
22,22
22,22
22,22
22,22
22,22
22,15
22,22
22,22
22,22
22,27
22,22
22,2
22,22
22,2
22,22
22,2
22,22
22,22
22,2
23,23
23,23
23,23
23,23
23,23
23,23
23,8
23,13
23,7
23,23
23,7
24,26
24,13
24,9
24,19
24,7
24,24
24,1
24,1
24,24
24,24
24,24
24,1
24,24
24,17
24,24
24,24
24,1
25,25
25,28
25,25
25,25
25,27
25,25
25,15
25,27
25,25
25,25
25,25
25,25
26,5
26,26
26,13
26,5
26,5
26,5
26,5
26,5
26,5
26,26
26,3
26,10
26,10
26,10
26,10
26,10
26,10
26,10
26,10
26,26
26,26
26,26
26,10
27,2
27,2
27,2
27,2
27,2
27,27
27,15
27,27
27,9
27,3
27,3
27,15
27,22
27,2
27,27
28,18
28,28
28,28
28,18
28,18
28,28
28,18
28,28
28,28
1,1
1,1
1,1
1,1
1,4
1,4
1,1
1,1
1,1
1,1
1,1
1,1
1,1
1,1
1,1
1,1
1,1
1,1
1,1
1,1
1,1
1,1
1,1
1,1
1,1
1,1
1,1
1,1
1,1
1,1
1,1
1,1
1,1
1,1
1,1
1,1
1,1
1,1
1,1
1,1
1,1
1,1
1,1
1,1
1,1
1,1
1,1
1,1
1,1
1,1
1,1
1,1
1,1
1,1
1,1
1,1
1,1
1,1
1,1
1,1
1,1
1,1
1,1
1,1
1,11
1,14
1,1
1,1
1,1
1,1
1,1
1,1
1,1
1,1
1,1
1,1
1,1
1,1
1,1
1,1
1,1
1,1
1,1
1,1
1,1
1,1
1,1
1,1
1,1
2,4
2,2
2,2
2,2
2,2
2,2
2,13
2,13
2,25
2,4
2,8
2,4
2,2
2,2
2,2
2,2
2,2
2,2
2,2
2,2
2,2
2,2
2,2
2,2
2,25
2,25
2,25
2,2
2,2
2,2
2,2
2,2
2,2
2,2
2,2
2,2
2,2
2,27
2,2
2,2
2,2
2,26
2,2
3,3
3,3
3,3
3,3
3,3
3,3
3,3
3,3
3,3
3,3
3,3
3,3
3,3
3,3
3,3
3,3
3,3
3,3
3,3
3,3
3,3
3,3
3,3
3,3
3,3
3,26
3,3
3,3
3,3
3,3
3,3
3,3
3,3
3,3
3,3
3,3
3,3
3,3
3,3
4,11
4,11
4,11
4,11
4,13
4,13
4,25
4,13
4,7
4,7
4,28
4,11
4,11
4,11
4,11
4,11
4,11
4,11
4,11
4,11
4,11
4,11
4,11
4,11
4,11
4,16
4,7
4,7
4,24
4,16
4,11
6,6
6,6
6,6
6,6
6,6
6,6
6,6
6,6
6,0
6,6
6,6
6,6
6,6
6,6
6,0
6,0
6,0
6,6
6,6
6,6
6,6
6,6
6,6
6,2
6,6
7,7
7,7
7,7
7,7
7,6
7,7
7,7
7,7
7,7
7,7
7,7
7,7
7,7
7,7
7,24
7,7
7,7
7,7
7,24
7,7
7,7
7,7
7,7
7,7
7,7
7,24
7,7
7,24
7,24
7,7
7,24
7,7
7,19
8,7
8,8
8,7
8,8
8,8
8,8
8,8
8,8
8,8
8,8
8,8
8,8
8,8
8,8
8,7
8,8
8,8
8,8
8,8
8,8
8,8
8,8
8,8
8,8
8,8
8,8
8,25
8,8
8,16
8,7
8,7
8,8
8,9
9,9
9,9
9,9
9,9
9,26
9,9
9,9
9,9
9,9
9,9
9,9
9,9
9,9
9,9
9,9
9,9
9,9
9,9
9,9
9,9
9,9
9,9
9,9
9,9
9,9
9,9
9,9
9,7
9,9
9,9
9,9
9,9
9,9
9,24
9,9
9,9
9,9
9,3
9,19
9,9
9,19
9,9
9,9
9,9
9,9
9,7
9,19
9,9
9,9
9,9
9,7
10,10
10,10
10,10
10,10
10,10
10,10
10,10
10,10
10,10
10,10
10,10
10,10
10,10
10,10
10,10
10,26
10,10
10,10
10,10
10,10
10,10
10,10
10,10
10,10
10,10
10,10
10,10
10,10
10,10
10,10
10,26
10,26
10,5
10,10
10,10
10,10
10,10
10,10
10,10
10,10
10,10
10,10
10,10
10,10
10,10
10,10
10,10
10,10
10,10
10,10
10,10
10,10
10,10
10,10
10,10
10,10
10,10
10,26
10,26
10,26
10,10
11,11
11,11
11,11
11,11
11,11
11,11
11,11
11,11
11,11
11,11
11,11
11,11
11,11
11,11
11,11
11,11
11,11
11,11
11,11
11,11
11,11
11,11
11,11
11,10
11,10
11,11
11,11
11,11
11,11
11,11
11,11
11,11
11,11
11,11
11,11
11,11
11,11
11,11
11,11
11,11
11,11
11,11
11,11
11,11
11,11
11,11
11,11
11,11
11,11
11,10
11,11
11,11
11,11
11,11
11,11
11,10
11,11
11,11
11,11
11,11
11,11
11,11
11,11
11,11
11,11
11,11
11,11
11,11
11,11
12,12
12,12
12,12
12,12
12,12
12,12
12,12
12,12
12,12
12,12
12,12
12,12
12,12
12,12
12,12
12,12
12,12
12,12
12,12
12,12
12,12
12,12
12,12
12,12
12,12
12,12
12,12
12,12
12,12
12,12
12,12
12,12
12,12
12,12
12,12
12,12
12,12
12,12
12,12
12,12
12,12
12,12
12,12
12,12
12,12
12,12
12,12
12,12
12,12
12,12
12,12
12,12
12,12
12,12
12,12
12,12
12,12
12,12
12,12
13,13
13,13
13,3
13,13
13,13
13,13
13,13
13,13
13,13
13,13
13,3
13,13
13,13
13,13
13,26
13,13
13,3
13,3
13,3
13,3
13,3
13,3
13,13
13,13
13,13
13,13
13,13
13,13
13,13
13,13
13,3
14,11
14,11
14,11
14,11
14,11
14,12
14,11
14,18
14,13
14,13
14,14
14,17
14,14
14,14
14,14
15,18
15,16
15,25
15,13
15,28
16,16
16,16
16,18
16,25
16,16
16,16
16,26
16,26
17,18
17,7
17,19
17,19
17,17
17,17
17,17
17,17
17,17
17,17
17,17
17,17
17,17
17,17
17,17
17,17
17,17
17,3
17,3
17,3
17,3
17,3
17,3
17,3
17,3
17,3
17,14
18,11
18,11
18,11
18,11
18,18
18,18
18,18
18,18
18,18
18,18
18,18
18,16
18,5
19,28
19,18
19,7
19,19
19,17
19,24
19,24
19,4
20,7
20,7
20,20
20,9
20,6
20,24
20,7
20,6
20,7
20,7
20,7
20,24
20,7
20,20
20,20
21,2
21,9
21,20
21,8
21,22
21,22
21,21
21,21
21,7
21,7
21,7
21,7
22,13
22,13
22,15
22,8
22,28
22,22
22,22
22,22
22,22
22,22
22,22
22,22
22,26
22,26
22,22
22,22
22,22
22,2
22,13
22,28
22,2
22,2
22,15
22,21
22,15
22,15
22,22
22,22
22,22
22,22
22,22
22,22
22,22
22,22
22,2
22,26
22,15
22,22
22,22
22,22
22,22
22,22
22,22
22,22
22,22
22,22
22,22
22,22
22,22
22,22
22,22
22,22
22,22
22,22
22,22
22,15
22,26
22,22
22,22
23,23
23,23
23,23
23,8
23,23
23,23
23,28
23,23
23,8
24,14
24,24
24,24
24,24
24,24
24,24
24,24
24,24
24,24
24,24
24,24
24,24
24,7
24,24
24,24
24,24
24,24
24,24
24,24
24,24
24,24
24,24
24,24
24,24
24,24
24,24
24,24
24,24
24,24
25,16
25,26
25,26
25,26
25,26
25,25
25,26
25,26
25,25
25,27
25,25
26,26
26,26
26,26
26,26
26,26
26,26
26,26
26,26
26,26
26,26
26,26
26,26
26,26
26,26
26,26
26,26
26,26
26,26
26,26
26,26
26,13
26,26
26,26
26,26
26,26
26,26
26,27
26,27
26,25
28,18
28,18
28,18
28,18
28,18
28,28
28,18
28,18
28,18
0,23
0,0
0,0
0,0
0,0
0,0
0,0
0,0
0,0
0,0
0,0
0,0
0,0
0,0
0,0
0,0
0,0
0,0
0,0
0,0
0,0
0,0
0,0
0,0
0,0
0,0
0,0
0,19
0,0
0,0
0,0
0,0
0,0
0,0
0,0
0,0
0,0
0,0
0,0
0,0
0,0
0,0
0,0
0,0
0,0
0,0
0,0
0,0
0,0
0,0
0,0
0,0
0,0
0,0
0,0
0,0
0,0
0,0
0,0
0,0
0,0
0,0
0,0
0,0
0,0
0,0
0,0
0,0
0,0
0,0
0,0
0,0
0,0
0,0
0,0
0,0
0,0
0,0
0,0
0,0
0,23
0,0
0,0
0,0
0,0
0,0
0,0
0,0
0,0
0,0
0,0
0,0
0,9
0,0
0,0
0,0
0,0
0,0
0,0
0,0
0,0
0,0
0,0
0,0
0,0
0,0
0,0
0,0
0,0
0,0
0,0
0,0
0,0
0,0
0,0
0,0
0,0
0,0
0,0
0,0
0,0
0,0
0,0
0,0
0,0
0,0
0,0
0,0
0,0
0,0
0,0
0,0
0,0
0,0
0,0
0,0
0,0
0,0
0,0
0,0
0,0
0,0
0,0
0,0
0,0
0,0
0,0
0,0
2,2
2,2
2,2
2,2
2,2
2,2
2,2
2,2
2,2
2,2
2,2
2,2
2,2
2,25
2,25
2,2
2,2
2,2
2,27
2,25
2,2
2,2
2,2
2,2
2,2
2,2
2,28
2,2
2,25
2,2
2,2
2,2
2,2
2,2
2,2
2,2
2,2
2,2
2,2
2,25
2,2
2,2
2,2
3,3
3,3
3,3
3,3
3,3
3,3
3,3
3,3
3,3
3,3
3,3
3,3
3,3
3,3
3,3
3,3
3,3
3,3
3,3
3,3
3,3
3,3
3,3
3,17
3,3
3,3
3,3
3,3
3,14
3,3
3,3
3,5
3,5
3,3
3,3
3,3
3,3
3,3
3,3
3,3
3,3
3,3
3,3
4,4
4,1
4,4
4,4
4,6
4,4
4,4
4,4
4,4
4,4
4,4
4,4
4,4
4,4
4,4
4,4
4,4
4,4
4,4
4,4
4,4
4,4
4,4
4,4
4,4
4,4
4,4
4,4
4,4
4,4
4,6
4,4
4,4
4,6
4,4
4,4
4,4
4,6
4,4
4,0
4,4
4,6
4,4
5,5
5,5
5,5
5,5
5,5
5,5
5,5
5,5
5,5
5,5
5,5
5,5
5,5
5,5
5,5
5,3
5,13
5,13
5,13
5,13
5,5
5,5
5,13
5,5
5,5
5,5
5,5
5,5
5,5
5,5
5,5
5,5
5,5
5,5
5,5
5,5
5,5
5,5
5,5
6,6
6,6
6,6
6,6
6,6
6,6
6,6
6,6
6,6
6,6
6,6
6,6
6,6
6,6
6,6
6,6
6,6
6,6
6,6
6,2
6,6
6,6
6,6
6,6
6,6
6,6
6,6
6,6
6,6
6,6
6,6
7,7
7,23
7,7
7,7
7,7
7,7
7,7
7,7
7,20
7,16
7,7
7,7
7,13
7,13
7,6
7,13
7,20
7,7
7,7
7,7
7,6
7,7
7,7
7,7
7,7
7,7
7,7
7,7
7,7
7,7
7,7
7,19
7,7
7,7
7,7
8,8
8,8
8,8
8,8
8,8
8,8
8,8
8,8
8,8
8,8
8,8
8,8
8,8
8,8
8,8
8,13
8,25
8,8
8,8
8,8
8,8
8,8
8,8
8,8
8,8
9,9
9,9
9,9
9,9
9,9
9,9
9,9
9,9
9,9
9,9
9,9
9,9
9,9
9,9
9,9
9,9
9,9
9,9
9,9
9,9
9,9
9,9
9,9
9,9
9,9
9,9
9,9
9,20
9,9
9,9
9,9
9,9
9,9
9,9
9,9
9,9
9,9
9,9
9,9
9,9
9,9
9,9
9,9
9,9
9,9
9,9
9,21
9,9
9,9
9,9
9,9
9,9
9,9
9,9
9,9
9,9
9,9
9,9
9,9
10,10
10,10
10,10
10,10
10,10
10,10
10,10
10,10
10,10
10,10
10,10
10,10
10,10
10,10
10,10
10,10
10,10
10,10
10,10
10,10
10,10
10,10
10,10
10,10
10,10
10,10
10,10
10,10
10,10
10,10
10,10
10,10
10,10
10,10
10,10
10,10
10,10
10,10
10,10
10,10
10,10
10,10
10,10
10,10
10,10
10,10
10,10
10,10
10,4
10,3
10,9
10,10
10,10
10,10
10,10
10,10
10,10
10,10
10,10
10,10
10,10
10,10
10,10
10,10
10,10
10,10
10,10
10,10
10,10
10,10
10,10
10,10
10,10
10,10
10,10
10,10
10,10
10,10
10,10
10,10
10,10
10,10
10,10
10,10
10,10
10,10
10,10
10,10
10,10
11,13
11,13
11,13
11,4
11,11
11,11
11,5
11,11
11,4
11,11
11,5
11,11
11,11
11,5
11,5
11,5
11,4
11,4
11,4
11,11
11,5
11,4
11,4
11,4
11,5
11,4
11,11
11,5
11,4
11,4
11,5
11,11
11,11
12,12
12,12
12,12
12,12
12,12
12,12
12,12
12,12
12,12
12,12
12,12
12,12
12,12
12,12
12,12
12,12
12,12
12,12
12,12
12,12
12,12
12,12
12,12
12,12
12,12
12,12
12,12
12,12
12,12
12,12
12,12
12,12
12,12
12,12
12,12
12,12
12,12
12,12
12,12
13,9
13,16
13,9
13,18
13,13
13,8
13,8
13,16
13,5
13,13
13,13
13,13
13,5
13,13
13,16
13,13
13,13
13,5
13,13
13,13
13,13
13,28
13,13
13,13
13,13
13,13
13,13
13,13
13,13
14,12
14,12
14,14
14,14
14,14
14,14
14,14
14,17
14,14
14,14
14,14
14,14
14,14
14,14
14,17
14,17
14,17
14,17
14,17
14,14
14,14
15,22
15,22
15,22
15,27
15,22
15,22
15,21
15,15
15,27
15,26
16,19
16,16
16,16
16,16
16,16
16,16
16,16
16,16
16,28
17,25
17,18
17,17
17,19
17,17
17,17
17,17
17,17
17,17
17,17
17,17
17,17
17,19
17,18
17,17
17,3
17,9
18,3
18,3
18,16
18,18
18,18
18,18
18,18
18,18
18,18
18,18
18,16
19,19
19,3
19,19
19,19
19,19
19,19
19,19
19,17
19,18
19,19
23,23
23,23
23,23
23,23
23,23
23,23
23,23
23,23
23,23
23,23
23,23
24,24
24,24
24,24
24,24
24,24
24,24
24,24
24,3
24,3
24,3
24,18
25,13
25,26
25,26
25,26
25,25
25,25
25,25
25,25
25,25
25,13
25,25
25,2
28,28
28,28
28,4
28,28
28,25
28,25
28,13
28,28
28,28
28,28
28,28
28,28
28,28
0,3
0,6
0,4
0,0
0,0
0,1
0,4
0,16
0,16
0,0
0,16
0,0
0,0
0,4
0,4
0,4
0,4
0,20
0,27
0,19
0,25
0,16
0,16
0,0
0,0
0,0
0,0
0,0
0,0
0,0
0,7
0,0
0,0
0,0
0,0
0,1
0,7
0,9
0,17
0,3
0,15
0,7
0,9
0,4
0,6
0,0
0,19
0,1
0,1
2,21
2,2
2,2
2,2
2,2
2,2
2,2
2,21
2,25
2,25
2,13
2,2
2,0
2,2
2,2
2,2
2,2
2,2
2,2
2,4
2,4
2,4
2,4
2,4
2,4
2,4
2,4
2,2
2,4
2,2
2,4
2,4
2,4
2,4
2,4
2,2
2,2
2,2
2,4
2,4
2,4
2,4
2,4
2,2
2,2
2,2
2,2
2,27
2,2
2,2
2,2
3,3
3,3
3,3
3,3
3,3
3,1
3,3
3,3
3,3
3,3
3,3
3,3
3,3
3,3
3,3
3,3
3,3
3,3
3,3
3,3
3,3
3,3
3,3
3,3
3,3
3,3
3,3
3,3
3,1
3,3
3,10
3,3
3,3
3,3
3,3
3,3
3,3
3,3
3,3
3,3
3,3
3,3
3,3
3,3
3,3
3,3
3,3
3,3
3,3
3,3
3,3
3,3
3,3
3,3
3,3
3,3
3,3
3,3
3,3
3,3
3,3
3,1
3,4
3,1
3,3
3,3
3,3
3,19
3,9
3,9
3,3
3,4
3,3
3,3
3,3
3,3
3,3
3,3
3,3
3,3
3,3
3,3
3,3
3,3
3,3
3,3
3,3
3,3
3,3
3,3
3,3
3,3
3,3
4,4
4,8
4,4
4,4
4,4
4,4
4,4
4,13
4,11
4,11
4,13
4,4
4,4
4,4
4,4
4,4
4,4
4,4
4,4
4,4
4,4
4,4
4,4
4,4
4,13
4,5
4,4
4,4
4,4
4,4
4,4
4,4
4,13
4,13
4,4
4,4
4,4
6,6
6,0
6,6
6,0
6,6
6,0
6,6
6,6
6,0
6,6
6,0
6,6
6,6
6,0
6,6
6,6
6,6
6,6
6,6
6,6
6,6
6,6
6,6
6,6
6,6
6,6
6,6
6,6
6,6
7,9
7,7
7,7
7,7
7,7
7,7
7,7
7,7
7,7
7,7
7,7
7,7
7,9
7,7
7,9
7,7
7,9
7,7
7,7
7,7
7,24
7,9
7,7
7,9
7,7
7,7
7,7
7,24
7,7
8,8
8,8
8,8
8,9
8,8
8,8
8,8
8,21
8,21
8,8
8,8
9,9
9,9
9,9
9,9
9,20
9,9
9,3
9,9
9,9
9,9
9,27
9,9
9,9
9,9
9,27
9,2
9,9
9,9
9,9
9,3
9,9
9,9
9,27
9,21
9,15
9,9
9,9
9,9
9,9
9,2
9,9
9,9
9,9
9,9
9,26
9,26
9,3
9,26
9,3
9,26
9,9
9,20
9,9
9,9
9,0
9,9
9,9
9,9
9,9
9,19
9,9
9,9
9,9
9,26
9,9
9,9
9,9
9,9
9,21
9,27
9,2
9,9
9,19
10,10
10,10
10,10
10,4
10,26
10,10
10,10
10,10
10,10
10,10
10,10
10,10
10,10
10,10
10,10
10,10
10,10
10,10
10,10
10,27
10,2
10,26
10,10
10,10
10,10
10,10
10,10
10,10
10,10
10,10
10,10
10,10
10,4
10,10
10,10
10,10
10,10
10,10
10,10
10,10
10,10
10,10
10,10
10,10
10,10
10,10
10,2
10,10
10,2
10,10
10,10
10,10
10,10
10,10
10,10
10,5
10,26
10,10
10,4
10,10
10,10
10,10
10,10
10,10
10,10
10,10
10,10
10,10
10,10
11,11
11,11
11,11
11,11
11,11
11,11
11,26
11,11
11,11
11,11
11,11
11,11
11,11
11,11
11,11
11,11
11,11
11,11
11,25
11,11
11,11
11,3
11,25
11,9
11,3
11,4
11,4
11,11
11,3
11,11
11,11
11,11
11,11
11,11
11,25
11,9
11,25
11,11
11,11
11,11
11,11
11,11
11,11
11,11
11,11
11,11
11,11
11,11
11,11
11,3
11,11
11,11
11,11
11,11
11,11
11,11
11,11
11,17
11,11
11,11
11,11
11,3
11,11
11,11
11,11
11,11
11,11
11,11
11,11
11,11
11,11
11,11
11,11
11,11
11,11
11,11
11,11
11,11
11,13
11,25
11,13
11,25
11,11
11,11
11,11
11,25
11,25
11,3
11,11
11,11
11,11
11,11
11,11
11,25
11,13
11,25
11,3
11,13
11,25
12,12
12,12
12,12
12,12
12,12
12,12
12,12
12,12
12,12
12,12
12,12
12,12
12,12
12,12
12,12
12,12
12,12
12,12
12,12
12,12
12,12
12,12
12,12
12,12
12,12
12,12
12,12
12,12
12,12
12,12
12,12
12,12
12,12
12,12
12,12
12,12
12,12
12,12
12,12
12,12
12,12
12,12
12,12
12,12
12,12
12,12
12,12
12,12
12,12
12,12
12,12
12,12
12,12
12,12
12,12
12,12
12,12
12,12
12,12
13,18
13,28
13,13
13,25
13,16
13,18
13,16
13,25
13,13
13,13
13,13
13,13
13,13
13,13
13,13
13,19
13,13
13,13
13,4
13,13
13,25
13,4
13,16
13,13
13,13
13,13
13,13
13,13
13,13
13,4
13,13
13,13
13,9
13,13
13,11
13,13
13,13
13,18
13,16
13,19
13,13
13,25
13,13
13,25
13,13
13,13
13,13
13,4
13,13
13,3
13,9
13,25
13,4
13,4
13,13
14,3
14,3
14,3
14,12
14,12
14,12
14,3
14,1
14,1
14,1
14,1
15,15
15,21
15,22
15,22
15,22
15,15
15,15
15,25
15,27
16,9
16,13
16,13
16,16
16,1
17,3
17,3
17,1
17,1
17,17
17,17
17,17
17,17
17,17
17,17
17,17
17,17
17,17
17,17
17,17
17,17
17,17
17,17
17,17
17,17
17,17
17,17
17,17
17,17
17,17
17,1
18,18
18,18
18,18
18,18
18,18
18,18
18,18
18,18
18,18
18,18
18,18
18,18
18,18
18,16
18,28
18,18
18,18
18,18
18,18
18,18
18,18
18,18
18,18
18,16
18,18
19,19
19,19
19,19
19,19
19,19
19,9
19,19
20,21
20,21
20,21
20,21
20,20
20,7
20,24
20,20
20,9
20,9
20,9
20,21
20,21
21,21
21,21
21,21
21,8
21,21
21,22
21,15
21,21
21,9
21,27
22,13
22,13
22,13
22,22
22,22
22,22
22,22
22,2
22,2
22,2
22,2
22,2
22,26
22,27
22,26
22,26
22,26
22,2
22,27
22,2
22,2
22,27
22,26
22,26
22,9
22,2
22,2
22,2
22,27
23,23
23,23
23,23
23,23
23,23
23,23
23,23
23,23
23,23
23,23
23,2
23,6
23,6
23,23
23,23
23,23
23,23
24,24
24,24
24,24
24,24
24,24
24,24
24,24
24,20
24,0
24,24
24,24
24,24
24,24
24,24
24,3
24,24
24,24
25,2
25,13
25,9
25,21
25,25
25,28
25,4
25,4
25,4
25,13
25,13
25,13
26,27
26,24
26,26
26,26
26,26
26,26
26,26
26,26
26,26
26,26
26,26
26,26
26,26
26,26
26,26
26,26
26,26
26,26
26,26
26,26
26,12
26,4
26,28
26,28
26,7
26,28
26,28
26,26
26,26
26,13
26,28
26,28
26,26
26,26
26,26
26,26
26,26
26,26
26,26
26,26
26,26
26,10
26,10
26,26
26,26
26,26
26,10
26,26
26,26
26,26
26,26
26,26
26,26
26,26
26,26
26,26
26,26
26,26
26,26
27,27
27,27
27,27
27,27
27,27
27,27
27,27
27,9
27,9
27,9
27,9
27,19
27,24
27,0
27,24
27,24
27,24
27,0
27,27
27,3
27,25
27,21
27,20
27,21
27,21
27,27
27,27
27,25
27,26
28,13
28,28
28,28
28,28
28,28
28,28
28,28
28,28
28,13
28,28
28,28
28,5
28,28
28,13
28,28
28,28
28,13
28,7
28,28
28,28
28,28
28,28
28,4
28,18
28,18
28,28
28,28
28,4
28,28
28,28
28,28
28,13
28,28
0,0
0,0
0,0
0,0
0,0
0,0
0,0
0,0
0,0
0,0
0,0
0,0
0,0
0,0
0,0
0,0
0,0
2,2
2,2
2,2
2,2
2,2
2,2
2,2
2,2
2,2
2,2
2,2
2,2
2,2
2,2
2,2
2,27
2,2
2,2
2,2
2,2
2,2
2,2
2,2
2,2
2,2
2,2
2,2
2,2
2,2
2,2
3,3
3,3
3,3
3,26
3,3
3,3
3,3
3,26
3,26
3,26
3,3
3,3
3,3
3,3
3,3
3,3
3,3
3,3
3,3
3,3
3,3
3,3
3,3
3,3
3,3
3,3
3,3
3,3
3,3
3,3
3,3
4,4
4,4
4,4
4,11
4,4
4,4
4,4
4,4
4,4
4,13
4,4
4,4
4,4
4,4
4,4
4,4
4,4
4,4
4,4
4,4
4,4
4,4
4,4
4,4
4,13
6,6
6,6
6,2
6,6
6,6
6,6
6,6
6,6
6,6
6,6
6,6
6,6
6,6
7,7
7,7
7,7
7,7
7,9
7,9
7,9
7,7
7,24
7,7
7,7
7,19
7,1
7,9
7,6
7,7
7,7
7,7
7,7
7,28
7,7
7,9
7,9
7,7
7,0
8,8
8,13
8,8
8,8
8,13
8,8
8,8
8,8
8,13
8,8
8,8
8,8
8,8
8,8
8,8
8,8
8,21
8,8
8,8
8,8
8,8
9,9
9,9
9,9
9,27
9,9
9,9
9,9
9,9
9,27
9,9
9,21
9,9
9,0
9,9
9,9
9,9
9,9
9,9
9,9
9,9
9,21
9,15
9,27
9,27
9,9
9,9
9,9
9,9
9,9
9,9
9,9
9,9
9,9
9,9
9,9
9,9
9,21
9,26
9,9
10,10
10,10
10,10
10,10
10,10
10,10
10,10
10,10
10,10
10,10
10,10
10,10
10,10
10,10
10,10
10,10
10,10
10,10
10,10
10,10
10,10
10,10
10,10
11,11
11,11
11,11
11,11
11,11
11,11
11,11
11,11
11,11
11,11
11,11
11,11
11,11
11,11
11,11
11,11
11,11
11,11
11,11
11,11
11,11
11,11
11,11
11,11
11,11
11,11
11,11
11,11
11,11
11,11
11,11
11,11
11,11
11,11
11,11
11,11
11,11
11,13
11,11
11,11
11,11
11,11
11,11
11,11
11,11
11,11
11,11
11,11
11,11
11,11
11,11
11,11
11,11
11,11
11,11
11,11
11,11
11,11
11,11
11,11
11,11
11,11
11,11
12,12
12,12
12,12
12,12
12,12
12,12
12,12
12,12
12,12
12,12
12,12
12,12
12,12
12,12
12,12
12,12
12,12
12,12
12,12
12,12
12,12
12,12
12,12
12,12
12,12
12,12
12,12
12,12
12,12
13,26
13,5
13,13
13,13
13,13
13,13
13,14
13,3
13,3
13,13
13,13
13,13
13,16
13,13
13,13
13,3
13,3
13,13
13,13
13,13
13,13
13,28
13,4
13,13
13,5
13,13
13,13
13,13
13,18
13,13
13,16
13,13
13,13
13,13
13,13
13,13
13,13
13,13
13,16
14,3
14,3
14,19
14,19
14,19
14,19
15,22
15,22
15,22
15,22
15,22
15,15
15,25
15,4
16,25
16,25
16,16
16,13
16,13
16,16
17,15
17,27
17,25
17,25
17,25
17,3
17,3
17,18
17,11
17,18
17,3
17,10
17,26
17,2
17,2
17,4
17,4
18,25
18,25
18,3
18,3
18,18
18,14
18,11
18,13
18,18
18,26
18,26
18,26
18,26
19,15
19,27
19,19
19,19
19,19
19,19
19,19
19,19
19,19
19,19
19,19
19,15
20,9
20,9
20,9
20,20
20,19
20,21
20,21
20,21
20,9
20,19
20,9
20,9
20,7
20,9
20,8
20,8
20,22
21,21
21,21
21,2
21,2
21,2
21,26
21,26
21,26
21,2
21,2
21,27
21,26
21,26
22,22
22,22
22,22
22,22
22,22
22,22
22,22
22,22
22,22
22,22
22,22
22,22
22,22
22,22
22,22
22,22
22,22
22,22
22,22
22,22
22,22
22,22
22,22
23,23
23,23
23,23
23,20
24,7
24,24
24,24
24,24
24,24
24,24
24,24
24,24
24,24
24,24
24,24
24,24
24,24
24,24
24,3
25,25
25,25
25,25
25,25
25,25
25,25
25,25
25,25
25,25
25,25
25,25
25,25
25,25
25,25
25,27
26,14
26,5
26,19
26,3
26,3
26,3
26,3
26,26
26,26
26,26
26,26
26,26
26,26
26,10
26,10
26,4
26,4
26,26
26,10
27,4
27,4
27,4
27,2
27,4
27,4
27,2
27,21
27,9
27,3
27,26
27,14
27,1
27,1
27,24
27,7
27,7
27,0
27,9
27,20
27,27
27,15
27,22
28,13
28,2
28,2
28,2
28,2
28,26
28,26
28,3
28,3
28,13
28,5
28,27
28,26
28,3
28,26
28,2
28,20
0,1
0,1
0,1
0,1
0,1
0,1
0,19
0,19
0,19
0,7
0,17
0,1
0,1
0,24
0,19
0,19
0,19
0,0
0,1
0,1
0,0
0,0
0,28
0,0
0,0
0,0
0,7
0,0
0,0
0,0
0,1
0,1
0,0
0,0
0,19
0,19
0,0
0,19
0,0
0,0
0,0
0,0
0,0
0,0
0,0
0,0
0,0
0,0
0,1
0,0
0,0
0,0
0,1
0,1
0,1
0,14
0,1
0,19
0,1
0,1
0,1
0,19
0,1
0,19
0,19
0,1
0,0
0,0
0,0
0,0
0,0
0,0
0,0
0,0
0,0
0,0
0,0
0,0
0,0
0,0
0,0
0,0
0,19
0,0
0,0
0,0
0,0
0,0
0,0
0,0
0,0
0,0
0,0
0,0
0,0
0,0
0,0
0,0
0,0
0,0
0,0
0,0
0,0
0,0
0,0
0,19
0,1
0,1
0,1
0,1
0,1
0,1
0,19
0,7
0,0
0,0
0,0
0,24
0,24
0,1
0,24
0,7
0,1
0,1
0,19
0,1
0,0
0,1
0,1
0,1
0,1
0,1
0,1
0,0
0,1
0,1
0,1
0,1
0,1
0,1
0,1
0,27
2,2
2,2
2,2
2,2
2,2
2,2
2,26
2,2
2,2
2,2
2,2
2,2
2,2
2,2
2,2
2,2
2,2
2,2
2,2
2,2
2,2
2,2
2,2
2,2
2,26
2,2
2,2
2,2
2,2
2,2
2,2
2,2
2,2
2,2
2,2
2,2
2,2
2,2
2,2
2,2
2,2
2,2
2,2
2,2
2,2
2,2
2,2
2,2
2,2
2,2
2,2
2,2
2,27
2,8
2,2
2,2
2,2
2,2
2,2
3,3
3,3
3,3
3,3
3,26
3,3
3,3
3,3
3,3
3,3
3,3
3,10
3,10
3,10
3,10
3,10
3,3
3,3
3,3
3,3
3,17
3,3
3,17
3,3
3,26
3,10
3,3
3,3
3,3
3,3
3,3
3,3
3,3
3,3
3,10
3,10
3,10
3,10
3,3
3,3
3,3
3,3
3,3
3,3
3,3
4,4
4,4
4,4
4,4
4,5
4,4
4,4
4,4
4,4
4,4
4,4
4,4
4,4
4,5
4,4
4,5
4,5
4,4
4,4
4,4
4,4
4,4
4,4
4,4
4,5
4,4
4,4
4,2
5,5
5,5
5,5
5,5
5,5
5,5
5,5
5,5
5,5
5,5
5,5
5,5
5,5
5,5
5,5
5,5
5,5
5,5
5,5
5,5
5,5
5,5
5,5
5,5
5,5
5,5
5,5
5,5
5,5
5,5
5,5
5,4
5,5
5,5
5,5
5,4
5,4
5,28
5,4
5,5
5,5
6,6
6,6
6,6
6,6
6,2
6,6
6,6
6,6
6,6
6,6
6,6
6,6
6,6
6,6
6,6
6,6
6,6
6,6
6,6
6,6
6,6
7,7
7,7
7,7
7,7
7,7
7,7
7,7
7,7
7,7
7,7
7,7
7,7
7,7
7,7
7,7
7,7
7,7
7,7
7,7
7,7
7,7
7,7
7,7
7,7
7,7
7,7
7,7
7,7
7,7
7,7
7,7
7,7
7,7
7,7
7,7
7,7
7,7
8,8
8,8
8,8
8,8
8,8
8,8
8,8
8,8
8,8
8,8
8,8
8,8
8,8
8,8
8,8
8,8
8,8
8,8
8,8
8,8
8,8
8,8
8,8
8,8
8,8
8,8
8,8
8,8
8,8
8,8
8,8
8,8
8,8
8,8
8,8
8,8
8,8
8,8
8,8
8,28
8,8
9,9
9,9
9,9
9,9
9,9
9,9
9,9
9,9
9,9
9,9
9,7
9,9
9,9
9,9
9,9
9,9
9,0
9,9
9,9
9,0
9,9
9,9
9,9
9,9
9,9
9,9
9,9
9,9
9,9
9,9
9,9
9,9
9,9
9,9
9,9
10,10
10,10
10,10
10,10
10,10
10,10
10,10
10,10
10,10
10,10
10,10
10,10
10,10
10,10
10,10
10,10
10,10
10,10
10,10
10,10
10,10
10,10
10,10
10,10
10,26
10,26
10,10
10,10
10,10
10,10
10,10
10,10
10,10
10,10
10,2
11,11
11,11
11,11
11,11
11,11
11,11
11,11
11,11
11,11
11,11
11,11
11,11
11,11
11,11
11,11
11,11
11,11
11,11
11,11
11,11
11,11
11,11
11,11
11,11
11,11
11,11
11,11
11,11
11,11
11,11
11,10
11,11
11,25
12,12
12,12
12,12
12,12
12,12
12,12
12,12
12,12
12,12
12,12
12,12
12,12
12,12
12,12
12,12
12,12
12,12
12,12
12,12
12,12
12,12
12,12
12,12
12,12
12,12
12,12
12,12
13,13
13,13
13,25
13,13
13,26
13,2
13,28
13,13
13,25
13,13
13,13
13,13
13,13
13,25
13,22
13,15
13,25
13,25
13,2
13,13
13,13
13,13
13,25
13,13
13,13
13,13
13,13
13,13
13,25
14,12
14,12
14,24
14,24
14,14
14,19
14,17
14,17
14,17
14,17
14,17
14,14
14,19
15,22
15,22
15,22
15,22
15,15
15,27
16,8
16,20
16,25
16,3
16,27
16,13
16,13
16,25
17,3
17,17
17,19
17,19
17,19
17,17
17,17
17,19
17,19
17,19
17,17
17,17
17,17
17,17
17,17
17,17
17,17
17,17
17,17
17,17
17,17
18,18
18,3
18,3
18,18
18,18
18,18
18,13
18,18
18,18
18,18
18,18
18,18
18,18
18,18
18,18
19,19
19,19
19,19
19,17
19,19
19,19
19,19
20,13
20,13
20,5
20,20
20,21
20,9
20,3
20,14
20,20
20,20
20,9
20,19
20,9
20,20
20,27
21,21
21,21
21,21
21,21
21,22
21,9
22,22
22,28
22,22
22,2
22,28
22,22
22,22
22,22
22,22
22,28
22,28
22,28
22,22
22,22
22,22
22,28
22,2
22,28
22,28
22,22
22,22
22,22
22,22
23,23
23,23
23,23
23,23
23,23
23,23
23,23
23,23
23,23
23,23
24,7
24,24
24,24
24,27
24,24
24,24
24,24
24,24
24,24
24,24
24,24
24,24
24,1
24,1
24,1
25,25
25,25
25,25
25,25
25,25
25,13
25,25
25,13
25,25
25,25
25,25
26,13
26,3
26,26
26,26
26,3
26,26
26,26
26,26
26,26
26,26
26,26
26,26
26,26
26,26
26,26
26,26
26,26
26,26
26,13
26,26
26,26
26,26
26,26
26,26
26,2
26,26
26,26
26,3
26,26
27,2
27,2
27,26
27,24
27,24
27,26
27,3
27,26
27,26
27,2
28,28
28,28
28,28
28,28
28,28
28,7
28,28
28,28
28,28
28,28
28,28
28,28
28,28
28,28
28,16
28,28
28,28
0,0
0,0
0,0
0,0
0,0
0,0
0,0
0,0
0,0
0,0
0,0
0,0
0,0
0,0
0,0
0,0
0,0
0,0
0,0
0,0
0,0
0,0
0,0
0,0
0,0
0,0
0,0
0,0
0,0
0,0
0,0
0,0
0,0
0,0
0,0
0,0
0,0
0,0
0,0
0,0
0,0
0,0
0,0
0,0
0,0
0,0
0,0
0,0
0,0
0,0
0,0
0,0
0,0
0,0
0,0
0,0
0,0
0,0
0,0
0,0
0,0
0,0
0,0
0,0
0,0
0,0
0,0
0,0
0,0
0,0
0,0
0,0
0,0
0,0
0,0
0,0
0,0
0,0
0,0
0,0
0,0
0,0
0,0
0,0
0,0
0,0
0,0
0,0
0,0
0,0
0,0
0,0
0,0
0,0
0,0
0,0
0,0
0,0
0,0
0,0
0,0
0,0
0,0
0,0
0,0
0,0
0,0
0,0
0,0
0,0
0,0
0,0
0,0
0,0
0,0
0,0
0,0
0,0
0,0
0,0
0,0
0,0
0,0
0,0
0,0
0,0
0,0
0,0
0,0
0,0
0,0
0,0
0,0
0,0
0,0
0,0
0,0
0,0
0,0
0,0
0,0
0,0
0,0
0,0
0,0
0,0
0,0
0,0
0,0
0,0
0,0
0,0
0,0
0,0
0,0
0,0
0,0
0,24
0,0
0,0
0,0
0,0
0,0
0,0
0,0
0,0
0,0
0,0
0,0
0,0
0,0
0,0
0,0
0,0
0,0
0,0
0,0
0,0
0,0
0,0
0,0
0,0
0,0
0,0
0,0
0,0
0,0
0,0
0,0
0,0
0,0
0,0
0,0
0,0
0,0
0,0
0,0
0,0
0,0
0,0
0,0
0,0
0,0
0,0
0,0
0,0
0,0
0,0
0,0
0,0
0,0
0,0
0,0
0,27
2,2
2,2
2,2
2,2
2,13
2,2
2,2
2,2
2,2
2,26
2,2
2,2
2,26
2,27
2,2
2,2
2,2
2,2
2,2
2,2
2,2
2,2
2,2
2,2
2,2
2,2
2,2
2,27
2,2
2,2
2,2
2,2
2,2
2,26
2,27
2,2
2,2
2,2
2,2
2,2
2,2
2,13
2,2
2,2
2,2
2,26
2,2
2,2
2,2
2,2
2,2
2,2
2,13
2,2
2,2
2,2
2,26
2,26
2,2
2,2
2,2
2,2
2,2
2,2
2,2
2,2
2,2
2,2
2,2
2,2
2,2
2,2
2,2
2,2
2,2
2,2
2,2
2,2
2,2
2,2
2,2
2,2
2,2
2,27
2,2
2,2
2,2
2,2
2,2
2,2
2,2
2,2
2,2
2,2
2,26
2,14
2,0
2,2
2,0
3,3
3,3
3,3
3,3
3,26
3,3
3,3
3,3
3,3
3,3
3,3
3,3
3,18
3,3
3,3
3,3
3,3
3,3
3,1
3,1
3,1
3,3
3,3
3,3
3,11
3,26
3,3
3,3
3,3
3,3
3,3
3,3
3,3
3,3
3,3
3,1
3,18
3,1
3,3
3,3
3,3
3,3
3,3
3,3
3,3
3,3
3,3
3,3
3,13
3,3
3,3
4,4
4,4
4,4
4,4
4,4
4,4
4,13
4,13
4,13
4,19
4,16
4,4
4,4
4,4
4,4
4,4
4,6
4,4
4,4
4,4
4,4
4,28
4,4
4,4
4,4
4,4
4,4
4,18
4,16
4,0
5,13
5,5
5,13
5,5
5,28
5,13
5,13
5,13
5,13
5,13
5,23
5,13
5,13
5,13
5,13
5,16
5,13
5,13
5,13
5,13
5,13
5,13
5,13
5,13
5,13
6,6
6,6
6,9
6,21
6,6
6,6
6,6
6,6
6,6
6,6
6,6
6,6
6,6
6,6
6,6
6,6
6,6
6,6
6,6
6,6
6,6
7,7
7,7
7,7
7,6
7,7
7,7
7,7
7,7
7,7
7,7
7,7
7,7
7,6
7,7
7,7
7,7
7,7
7,6
7,7
7,6
7,7
7,7
7,7
7,7
7,7
7,7
7,7
7,7
7,7
7,7
7,7
7,7
7,7
7,7
7,7
7,7
7,7
7,7
7,7
7,7
7,7
7,7
7,7
7,7
7,7
7,7
7,7
8,13
8,8
8,8
8,8
8,23
8,8
8,8
8,8
8,8
8,8
8,8
8,8
8,8
8,8
8,8
8,8
8,8
8,8
8,8
8,8
8,8
9,9
9,9
9,9
9,9
9,9
9,9
9,9
9,7
9,7
9,9
9,9
9,9
9,9
9,9
9,9
9,9
9,9
9,9
9,9
9,9
9,9
9,9
9,9
9,9
9,9
9,9
9,9
9,9
9,9
9,9
9,9
9,9
9,9
9,9
9,7
9,9
9,9
9,9
9,9
10,10
10,10
10,10
10,10
10,10
10,10
10,10
10,10
10,10
10,10
10,10
10,10
10,10
10,10
10,10
10,10
10,10
10,26
10,10
10,26
10,10
10,10
10,10
10,10
10,10
10,10
10,10
10,10
10,10
10,10
10,10
10,10
10,10
10,10
10,10
10,10
10,10
10,10
10,10
10,10
10,10
11,11
11,11
11,11
11,11
11,11
11,11
11,11
11,11
11,11
11,11
11,11
11,11
11,11
11,11
11,11
11,11
11,11
11,11
11,11
11,11
11,11
11,11
11,11
11,11
11,11
11,11
11,11
11,11
11,11
11,11
11,11
11,11
11,11
11,11
11,11
11,11
11,11
12,12
12,12
12,12
12,12
12,12
12,12
12,12
12,12
12,12
12,12
12,12
12,12
12,12
12,12
12,12
12,12
12,12
12,12
12,12
12,12
12,12
12,12
12,12
12,12
12,12
13,13
13,13
13,21
13,13
13,10
13,26
13,13
13,13
13,13
13,13
13,13
13,13
13,18
13,13
13,13
13,13
13,25
13,13
13,13
13,28
13,13
13,13
13,26
13,26
14,12
14,12
14,26
14,24
14,9
14,19
14,14
14,17
14,17
14,17
14,17
14,17
14,19
14,19
14,19
15,15
15,15
15,15
15,22
16,13
16,16
16,16
16,13
16,16
16,16
16,16
16,15
17,19
17,19
17,19
17,17
17,19
17,17
17,17
17,17
17,17
17,17
17,17
17,17
17,19
17,17
17,17
17,18
18,27
18,15
18,22
18,15
18,18
18,28
18,18
18,18
18,18
18,18
18,18
18,18
18,18
19,15
19,9
19,19
19,19
19,19
19,19
19,19
19,15
20,13
20,8
20,20
20,19
20,9
20,20
20,9
20,20
20,21
20,21
20,8
21,21
21,21
21,21
21,15
21,21
21,9
21,9
22,22
22,21
22,28
22,22
22,21
22,22
22,15
22,22
22,22
22,22
22,2
22,22
22,22
22,22
22,22
22,2
22,22
22,2
22,2
23,23
23,23
23,23
23,23
23,23
23,23
23,23
23,23
23,23
24,24
24,0
24,0
24,24
24,24
24,24
24,24
24,24
24,13
24,20
24,9
24,24
24,24
24,24
24,24
24,0
24,20
25,13
25,13
25,26
25,25
25,25
25,13
25,25
25,25
25,25
25,9
26,13
26,13
26,13
26,13
26,26
26,27
26,13
26,13
26,13
26,26
26,26
26,26
26,26
26,26
26,13
26,13
26,13
26,26
26,3
26,26
26,26
27,22
27,22
27,27
27,27
27,27
27,24
27,27
27,27
27,22
27,2
27,22
28,13
28,28
28,28
28,28
28,28
28,28
28,28
28,28
28,28
28,28
28,28
28,28
28,28
