true_label,predicted_label
0,20
0,7
0,0
0,0
0,0
0,7
0,0
0,0
0,0
0,0
0,0
0,0
0,0
0,0
0,0
0,0
0,0
0,0
0,0
0,0
0,0
0,0
0,0
0,0
0,0
0,0
0,0
0,0
0,0
0,0
0,0
0,0
0,0
0,0
0,0
0,0
0,0
0,0
0,0
0,0
0,0
0,0
0,0
0,0
0,0
0,0
0,0
0,0
0,0
0,0
0,0
0,0
0,0
0,0
0,0
0,0
0,0
0,0
0,0
0,0
0,0
0,0
0,0
0,0
0,0
0,0
0,0
0,0
0,0
0,0
0,0
0,0
0,0
0,0
0,0
0,0
0,0
0,0
0,0
0,0
0,0
0,0
0,0
0,0
0,0
0,1
0,0
0,0
0,0
0,7
0,0
0,0
0,0
0,0
0,0
0,0
0,0
0,0
0,1
0,1
0,1
0,1
0,1
0,1
0,1
0,1
0,1
0,1
0,0
0,0
0,0
0,0
0,0
0,0
0,0
0,0
0,0
0,0
0,0
0,0
0,0
0,0
0,0
0,0
0,0
0,0
0,0
0,0
0,0
0,0
0,0
0,0
0,0
0,0
0,0
0,0
0,0
0,0
0,0
0,0
0,0
0,0
0,0
0,0
0,0
0,0
0,0
0,0
0,0
0,0
0,0
0,0
0,0
0,0
0,0
0,0
0,0
0,24
0,0
0,0
0,0
0,0
0,0
0,0
0,0
0,0
0,0
0,0
0,0
0,0
0,0
0,0
0,0
0,0
0,1
0,1
0,24
0,24
0,24
0,0
0,0
0,0
0,0
0,0
0,0
0,0
0,0
0,0
0,0
0,24
0,7
0,0
0,24
0,26
0,3
0,26
0,0
0,0
0,0
0,0
0,0
0,0
0,0
0,0
0,0
0,0
0,0
0,0
0,0
0,0
0,0
0,0
0,0
0,0
0,0
0,0
0,0
0,0
0,0
0,0
0,0
0,0
0,1
0,0
0,0
0,0
0,0
0,0
0,0
0,0
0,0
0,0
0,0
0,0
0,0
0,0
0,0
0,0
0,0
0,27
0,0
0,0
0,0
0,0
0,0
0,7
0,7
0,0
0,0
0,0
0,0
0,0
0,0
0,24
0,1
0,24
0,24
0,0
0,0
0,0
0,0
0,2
0,0
0,0
0,0
0,0
0,0
0,1
0,1
0,0
0,0
0,0
0,0
0,0
0,0
0,0
0,0
0,0
0,0
0,0
0,0
0,0
0,0
0,0
0,0
0,0
0,0
0,0
0,0
0,0
0,0
0,0
0,0
0,0
0,0
0,7
0,0
0,0
0,0
0,0
0,0
0,0
0,0
0,0
0,0
0,0
0,0
0,0
0,0
0,0
0,0
0,0
0,0
0,0
0,0
0,0
0,0
0,0
0,0
0,0
0,0
0,0
0,0
0,0
0,0
0,0
0,0
0,0
0,24
0,0
0,0
0,0
0,0
0,0
0,0
0,0
0,0
0,0
0,0
0,0
0,0
0,0
0,0
0,0
0,0
0,0
0,0
0,0
0,0
0,0
0,7
0,19
0,3
0,3
0,0
0,0
0,0
0,0
0,0
0,0
0,0
0,0
0,0
0,0
0,22
0,25
0,10
0,18
0,18
0,3
0,0
0,0
0,0
0,2
0,24
0,13
0,0
0,0
0,28
0,0
0,0
0,0
0,1
0,1
0,0
0,23
0,0
0,0
0,0
0,0
0,0
0,0
0,0
0,0
0,0
0,0
0,0
0,0
0,0
0,0
0,0
0,0
0,0
0,0
0,0
0,0
0,0
0,0
0,0
0,0
0,0
0,0
0,0
0,0
0,0
0,0
0,0
0,23
0,0
0,0
0,0
0,0
0,0
0,0
0,0
0,0
0,0
0,0
0,0
0,6
0,0
0,0
0,0
0,6
0,0
0,0
0,0
0,7
0,0
0,0
0,0
0,0
0,0
0,8
0,0
0,0
0,0
0,0
0,0
0,0
0,0
0,0
0,0
0,0
0,0
0,0
0,0
0,0
0,0
0,0
0,0
0,0
0,0
0,0
0,0
0,0
0,0
0,0
0,0
0,0
0,0
0,0
0,0
0,0
0,6
0,0
0,0
0,0
0,0
0,0
0,0
0,0
0,0
0,0
0,0
0,0
0,0
0,0
0,0
0,0
0,20
0,25
0,22
0,3
0,25
0,27
0,22
0,27
0,27
0,22
0,22
0,20
0,2
0,20
0,20
0,27
0,27
0,20
0,2
0,20
0,9
0,27
0,22
0,22
0,25
0,13
0,7
0,0
0,0
0,0
0,0
0,0
0,0
0,2
0,9
0,0
1,24
1,1
1,1
1,1
1,1
1,1
1,1
1,1
1,1
1,1
1,1
1,1
1,1
1,1
1,1
1,1
1,1
1,1
1,1
1,1
1,1
1,1
1,1
1,1
1,1
1,1
1,1
1,1
1,1
1,1
1,1
1,1
1,1
1,1
1,1
1,1
1,1
1,1
1,1
1,1
1,1
1,1
1,1
1,1
1,1
1,1
1,1
1,1
1,1
1,1
1,1
1,1
1,1
1,1
1,0
1,12
1,1
1,1
1,1
1,1
1,1
1,1
1,1
1,1
1,1
1,1
1,1
1,1
1,1
1,1
1,1
1,1
1,1
1,1
1,1
1,1
1,1
1,1
1,1
1,1
1,1
1,1
1,1
1,1
1,1
1,1
1,1
1,1
1,1
1,1
1,1
1,1
1,1
1,1
1,1
1,1
1,1
1,1
1,1
1,1
1,1
1,1
1,1
1,1
1,1
1,1
1,1
1,1
1,1
1,1
1,1
1,1
1,1
1,1
1,1
1,1
1,1
1,1
1,1
1,1
1,1
1,1
1,1
1,1
1,1
1,1
1,1
1,1
1,1
1,1
1,1
1,1
1,1
1,1
1,1
1,1
1,1
1,1
1,1
1,1
1,1
1,1
1,1
1,1
1,1
1,12
1,12
1,1
1,1
1,1
1,1
1,1
1,1
1,1
1,1
1,1
1,1
1,1
1,1
1,1
1,1
1,1
1,1
1,1
1,1
1,1
1,1
1,1
1,1
1,1
1,1
1,1
1,1
1,1
1,1
1,1
1,1
1,1
1,1
1,1
1,1
1,1
1,1
1,1
1,1
1,1
1,1
1,12
1,1
1,1
1,1
1,1
1,1
1,1
1,1
1,1
1,1
1,1
1,1
1,1
1,1
1,1
1,1
1,1
1,1
1,1
1,1
1,1
1,1
1,1
1,1
1,1
1,1
1,1
1,1
1,1
1,1
1,1
1,1
1,1
1,1
1,1
1,0
1,1
1,1
1,1
1,1
1,1
1,1
1,1
1,1
1,1
1,1
1,1
1,1
1,1
1,1
1,1
1,1
1,1
1,1
1,1
1,1
1,1
1,1
1,1
1,1
1,1
1,1
1,1
1,1
1,1
1,1
1,1
1,1
1,1
1,1
1,1
1,1
1,1
1,1
1,1
1,1
1,1
1,1
1,1
1,1
1,1
1,1
1,1
1,1
1,24
1,1
1,1
1,1
1,1
1,1
1,1
1,1
1,1
1,1
1,1
1,1
1,1
1,1
1,1
1,1
1,1
1,1
1,1
1,1
1,1
1,1
1,1
1,1
1,1
1,1
1,1
1,1
1,1
1,1
1,1
1,1
1,1
1,1
1,24
1,1
1,1
1,1
1,1
1,1
1,1
1,1
1,24
1,1
1,1
1,1
1,1
1,1
1,1
1,1
1,1
1,1
1,1
1,1
1,1
1,1
1,1
1,1
1,17
1,1
1,1
1,1
1,1
1,1
1,1
1,1
1,1
1,1
1,19
1,19
1,3
1,10
1,11
1,4
1,4
1,1
1,7
1,7
1,1
1,1
1,1
1,1
1,1
1,1
1,1
1,1
1,1
1,1
1,1
1,1
1,1
1,1
1,1
1,1
1,1
1,1
1,3
1,1
1,1
1,1
1,1
1,1
1,1
1,1
1,1
1,1
1,1
1,1
1,1
1,1
1,1
1,1
1,1
1,1
1,1
1,1
1,0
1,1
1,1
1,1
1,1
1,1
1,1
1,1
1,0
1,0
1,1
1,1
1,1
1,1
1,26
1,26
1,28
1,1
1,1
1,1
1,1
1,1
1,1
1,1
1,1
1,1
1,1
1,1
1,1
1,1
1,1
1,1
1,1
1,1
1,1
1,1
1,24
1,0
1,1
1,1
1,1
1,1
1,13
1,1
1,1
1,7
1,1
1,1
1,1
1,1
1,1
1,1
1,1
1,1
1,1
1,1
1,1
1,1
1,1
1,1
1,1
1,1
1,1
1,1
1,1
1,1
1,1
1,1
1,1
1,1
1,1
1,1
1,1
1,1
1,1
1,1
1,1
1,1
1,1
1,1
1,1
1,1
1,1
1,1
1,1
1,1
1,1
1,1
1,1
1,1
1,1
1,1
1,1
1,1
1,1
1,1
1,1
1,1
1,13
1,24
1,7
1,1
1,1
1,1
1,1
1,1
1,1
1,1
1,1
1,1
1,1
1,1
1,1
1,1
1,1
1,24
1,1
1,1
1,1
1,1
1,1
1,1
1,1
1,1
1,1
1,1
1,1
1,1
1,1
1,1
1,1
1,1
1,1
1,1
1,1
1,1
1,1
1,1
1,1
1,1
1,1
1,26
1,1
1,1
1,1
1,1
1,1
1,1
1,1
1,1
1,7
1,19
1,3
1,1
1,1
1,1
1,0
1,1
1,1
1,1
1,1
1,1
1,1
1,1
1,1
1,1
1,0
1,0
1,13
1,4
1,13
1,1
1,1
1,1
1,1
1,1
1,1
1,1
1,1
1,1
1,1
1,1
1,1
1,1
1,1
1,1
1,1
1,1
1,1
1,1
1,1
1,1
1,13
1,1
1,1
1,1
1,19
1,3
1,25
1,26
1,0
2,2
2,0
2,2
2,0
2,2
2,2
2,22
2,2
2,2
2,2
2,2
2,2
2,2
2,2
2,2
2,13
2,2
2,2
2,2
2,2
2,2
2,2
2,2
2,2
2,2
2,2
2,2
2,22
2,2
2,2
2,2
2,22
2,2
2,2
2,2
2,2
2,2
2,2
2,2
2,2
2,2
2,2
2,2
2,2
2,2
2,22
2,2
2,2
2,2
2,22
2,2
2,22
2,22
2,2
2,22
2,2
2,2
2,2
2,2
2,2
2,22
2,22
2,2
2,2
2,2
2,22
2,22
2,2
2,2
2,2
2,2
2,2
2,2
2,18
2,2
2,2
2,2
2,2
2,2
2,2
2,2
2,2
2,2
2,13
2,2
2,2
2,2
2,2
2,2
2,6
2,2
2,2
2,2
2,2
2,26
2,3
2,2
2,22
2,2
2,2
2,22
2,22
2,2
2,2
2,22
2,22
2,2
2,2
2,22
2,2
2,2
2,23
2,2
2,22
2,2
2,2
2,22
2,2
2,2
2,2
2,22
2,22
2,2
2,2
2,2
2,2
2,2
2,2
2,2
2,2
2,2
2,2
2,22
2,22
2,22
2,22
2,22
2,26
2,26
2,26
2,2
2,2
2,26
2,27
2,22
2,2
2,2
2,2
2,2
2,22
2,27
2,22
2,2
2,2
2,2
2,2
2,22
2,2
2,2
2,2
2,2
2,2
2,2
2,2
2,2
2,22
2,2
2,2
2,2
2,22
2,22
2,2
2,2
2,2
2,2
2,2
2,2
2,2
2,20
2,2
2,2
2,6
2,6
2,6
2,23
2,23
2,2
2,2
2,2
2,2
2,2
2,2
2,2
2,2
2,2
2,22
2,2
2,2
2,2
2,2
2,2
2,22
2,2
2,2
2,20
2,2
2,2
2,2
2,2
2,2
2,22
2,22
2,22
2,25
2,3
2,2
2,2
2,2
2,2
3,3
3,3
3,3
3,3
3,3
3,3
3,3
3,3
3,3
3,3
3,12
3,12
3,3
3,3
3,3
3,3
3,3
3,3
3,3
3,3
3,3
3,3
3,3
3,3
3,3
3,3
3,17
3,17
3,3
3,1
3,3
3,3
3,3
3,3
3,26
3,3
3,3
3,3
3,3
3,3
3,3
3,17
3,17
3,1
3,3
3,3
3,3
3,3
3,3
3,3
3,12
3,12
3,3
3,3
3,3
3,3
3,3
3,3
3,3
3,3
3,3
3,3
3,3
3,3
3,3
3,3
3,3
3,3
3,3
3,0
3,3
3,3
3,3
3,3
3,18
3,3
3,3
3,3
3,3
3,25
3,25
3,3
3,3
3,3
3,3
3,3
3,3
3,3
3,3
3,3
3,3
3,3
3,3
3,17
3,1
3,3
3,3
3,3
3,3
3,3
3,3
3,3
3,3
3,3
3,3
3,26
3,3
3,26
3,3
3,3
3,3
3,3
3,3
3,3
3,26
3,26
3,3
3,3
3,3
3,3
3,3
3,3
3,17
3,17
3,17
3,17
3,3
3,3
3,3
3,3
3,26
3,3
3,26
3,27
3,26
3,26
3,26
3,3
3,27
3,3
3,3
3,3
3,3
3,3
3,3
3,26
3,26
3,3
3,3
3,3
3,26
3,26
3,3
3,3
3,3
3,3
3,3
3,3
3,3
3,3
3,3
3,3
3,3
3,3
3,3
3,3
3,24
3,3
3,3
3,3
3,3
3,3
3,3
3,3
3,24
3,3
3,3
3,3
3,3
3,3
3,3
3,3
3,3
3,26
3,26
3,13
3,3
3,3
3,3
3,3
3,3
3,3
3,17
3,17
3,3
3,3
3,3
3,3
3,24
3,24
3,3
3,3
3,3
3,1
3,3
3,3
3,26
3,3
3,3
3,3
3,17
4,13
4,25
4,4
4,4
4,4
4,4
4,13
4,4
4,4
4,4
4,13
4,4
4,4
4,4
4,4
4,4
4,4
4,13
4,13
4,4
4,4
4,4
4,4
4,4
4,13
4,25
4,18
4,13
4,13
4,4
4,3
4,25
4,25
4,4
4,4
4,4
4,8
4,13
4,8
4,8
4,4
4,13
4,4
4,13
4,4
4,25
4,8
4,4
4,25
4,4
4,4
4,4
4,4
4,4
4,4
4,4
4,4
4,4
4,4
4,8
4,4
4,4
4,4
4,4
4,5
4,4
4,4
4,4
4,4
4,4
4,4
4,8
4,4
4,4
4,4
4,4
4,4
4,4
4,4
4,4
4,4
4,4
4,4
4,4
4,4
4,4
4,4
4,4
4,4
4,8
4,4
4,4
4,4
4,4
4,4
4,4
4,8
4,28
4,4
4,4
4,4
4,4
4,25
4,25
4,4
4,4
4,8
4,4
4,4
4,4
4,4
4,4
4,8
4,4
4,28
4,4
4,4
4,4
4,4
4,4
4,4
4,4
4,4
4,4
4,8
4,4
4,4
4,4
4,4
4,4
4,4
4,4
4,8
4,4
4,4
4,4
4,4
4,4
4,4
4,4
4,8
4,28
4,4
5,5
5,5
5,5
5,4
5,5
5,5
5,11
5,5
5,5
5,5
5,5
5,28
5,5
5,5
5,5
5,5
5,5
5,4
5,5
5,28
5,5
5,5
5,5
5,5
5,5
5,5
5,5
5,4
5,5
5,5
5,4
5,5
5,5
5,5
5,5
5,5
5,5
5,4
5,4
5,5
5,4
5,5
5,5
5,5
5,5
5,28
5,5
5,28
5,5
5,28
5,5
5,5
5,5
5,5
5,13
5,5
5,28
5,5
5,5
5,5
5,5
5,5
5,5
5,5
5,5
5,5
5,5
5,5
5,5
5,5
5,5
5,5
5,5
5,5
5,5
5,5
5,5
5,5
5,13
5,5
5,5
5,5
5,5
5,28
5,28
5,28
5,5
5,28
5,28
5,22
5,28
5,28
5,28
5,28
6,6
6,6
6,6
6,6
6,6
6,6
6,6
6,9
6,9
6,6
6,6
6,6
6,23
6,6
6,6
6,6
6,6
6,6
6,7
6,9
6,6
6,6
6,6
6,6
6,6
6,6
6,6
6,6
6,6
6,23
6,6
6,6
6,6
6,6
6,6
6,6
6,6
6,6
6,6
6,6
6,6
6,23
6,6
6,6
6,6
6,6
6,6
6,6
6,6
6,6
6,23
6,6
6,6
6,23
6,6
6,23
6,6
6,6
6,6
6,6
6,6
6,23
6,7
6,6
6,6
6,6
6,6
6,6
6,6
6,6
6,6
6,6
6,6
6,6
6,6
7,7
7,7
7,7
7,7
7,7
7,7
7,7
7,7
7,7
7,7
7,7
7,7
7,7
7,7
7,7
7,7
7,7
7,7
7,7
7,7
7,7
7,7
7,7
7,7
7,7
7,7
7,7
7,7
7,7
7,7
7,7
7,7
7,7
7,7
7,7
7,7
7,7
7,7
7,7
7,7
7,7
7,7
7,7
7,7
7,7
7,7
7,7
7,7
7,7
7,7
7,7
7,7
7,7
7,7
7,7
7,7
7,7
7,7
7,7
7,7
7,7
7,7
7,7
7,7
7,7
7,7
7,7
7,7
7,7
7,7
7,7
7,7
7,7
7,7
7,7
7,7
7,7
7,7
7,7
7,7
7,7
7,7
7,7
7,7
7,7
7,7
7,7
7,7
7,7
7,7
7,23
7,7
7,7
7,7
7,7
7,7
7,7
7,7
7,7
7,23
7,7
7,7
7,7
7,7
7,7
7,7
7,7
7,7
7,7
7,7
7,7
7,7
7,7
7,7
7,7
7,7
7,7
7,7
7,7
7,7
7,7
7,7
7,7
7,7
7,7
7,7
7,7
7,7
7,7
7,7
7,7
7,7
7,7
7,7
7,7
7,7
7,7
7,7
7,7
7,7
7,7
7,7
7,7
7,7
7,7
7,7
7,7
7,7
7,7
7,7
7,7
7,7
7,7
7,7
7,7
7,7
7,7
7,7
7,7
7,7
7,7
7,7
7,7
7,7
7,7
7,7
7,7
7,7
7,7
7,7
7,7
7,7
7,7
7,7
7,7
7,7
7,7
7,7
7,7
7,7
7,7
7,7
7,7
7,7
7,7
7,7
7,23
7,23
7,7
7,7
7,7
7,7
7,7
7,7
7,7
7,7
7,7
7,7
7,7
7,7
7,7
7,7
7,7
7,7
7,7
7,7
7,26
7,7
7,7
7,7
7,7
7,7
7,7
7,7
7,23
7,7
7,7
7,7
7,7
7,7
7,7
7,7
7,7
7,7
7,7
7,7
7,7
7,7
7,7
7,7
7,7
7,7
7,7
7,7
7,7
7,7
7,7
7,7
7,7
7,7
7,23
7,23
7,1
7,7
7,7
7,9
7,7
7,7
7,7
7,7
7,7
7,7
7,7
7,7
7,7
7,7
7,7
7,7
7,7
7,7
7,7
7,7
7,7
7,23
7,7
7,7
7,7
7,7
7,7
7,7
7,7
7,7
7,7
7,7
7,7
7,7
7,7
7,7
7,7
7,7
8,8
8,8
8,8
8,8
8,8
8,8
8,8
8,8
8,8
8,8
8,8
8,8
8,8
8,8
8,8
8,8
8,8
8,8
8,8
8,8
8,8
8,8
8,8
8,8
8,8
8,8
8,8
8,8
8,8
8,8
8,8
8,8
8,8
8,8
8,8
8,8
8,8
8,7
8,8
8,8
8,8
8,8
8,8
8,8
8,8
8,8
8,8
8,8
8,8
8,8
8,8
8,7
8,8
8,8
8,8
8,8
8,8
8,8
8,8
8,8
8,8
8,8
8,23
8,8
8,7
8,8
8,8
8,8
8,8
8,7
8,8
8,8
8,8
8,8
8,23
8,8
8,8
8,8
8,8
8,8
8,8
8,8
8,8
8,8
8,8
8,8
8,8
8,8
8,8
8,8
8,8
8,8
8,8
8,8
8,8
8,8
8,8
8,8
8,8
8,8
8,8
8,8
8,4
8,8
8,8
8,8
8,8
8,8
8,8
8,8
8,8
8,8
8,8
8,8
8,8
8,8
8,8
8,8
8,8
8,8
8,8
9,9
9,9
9,9
9,9
9,9
9,9
9,9
9,9
9,9
9,9
9,9
9,9
9,7
9,9
9,9
9,9
9,9
9,9
9,9
9,7
9,9
9,7
9,7
9,9
9,9
9,9
9,9
9,9
9,9
9,9
9,9
9,9
9,9
9,9
9,9
9,9
9,9
9,20
9,20
9,8
9,4
9,9
9,9
9,8
9,25
9,8
9,25
9,9
9,9
9,9
9,9
9,9
9,9
9,9
9,8
9,8
9,25
9,9
9,9
9,25
9,25
9,21
9,25
9,9
9,9
9,17
9,20
9,9
9,9
9,9
9,9
9,9
9,9
9,9
9,9
9,9
9,9
9,9
9,9
9,9
9,20
9,20
9,9
9,9
9,9
9,23
9,9
9,9
9,9
9,9
9,9
9,9
9,9
9,9
9,9
9,9
9,9
9,2
9,9
9,9
9,9
9,9
9,9
9,9
9,9
9,9
9,9
9,9
9,9
9,9
9,9
9,9
9,9
9,9
9,9
9,9
9,9
9,9
9,9
9,9
9,9
9,9
9,9
9,9
9,9
9,9
9,9
9,9
9,9
9,9
9,7
9,9
9,9
9,9
9,9
9,9
9,9
9,9
9,7
9,9
9,7
9,7
9,9
9,7
9,9
9,9
9,9
9,9
9,9
9,9
9,9
9,9
9,9
9,9
9,25
9,9
9,9
9,9
9,9
9,9
9,9
9,9
9,9
9,9
9,9
9,9
9,9
9,9
9,9
9,9
9,9
9,9
9,9
9,9
9,9
10,10
10,10
10,10
10,10
10,10
10,10
10,10
10,10
10,10
10,10
10,10
10,28
10,10
10,10
10,10
10,10
10,10
10,10
10,10
10,10
10,10
10,10
10,10
10,28
10,28
10,28
10,10
10,10
10,10
10,10
10,10
10,10
10,10
10,10
10,10
10,10
10,10
10,10
10,10
10,24
10,26
10,10
10,10
10,10
10,10
10,1
10,10
10,10
10,10
10,10
10,10
10,10
10,10
10,13
10,7
10,7
10,10
10,10
10,10
10,10
10,10
10,10
10,24
10,10
10,10
10,10
10,10
10,10
10,10
10,10
10,10
10,10
10,10
10,10
10,10
10,10
10,10
10,10
10,24
10,10
10,10
10,10
10,10
10,10
10,10
10,10
10,10
10,10
10,10
10,11
10,10
10,10
10,10
10,1
10,10
10,10
10,10
10,10
10,10
10,10
10,10
10,10
10,10
10,10
10,10
10,10
10,10
10,10
10,10
10,10
10,10
10,10
10,10
10,10
10,10
10,10
10,10
10,10
10,10
10,10
10,10
10,10
10,5
10,10
10,10
10,10
10,10
10,1
10,10
10,10
10,10
10,10
10,10
10,10
10,26
10,28
10,10
10,10
10,10
10,10
10,10
10,10
10,10
10,10
10,10
10,10
10,10
10,28
10,10
10,10
10,10
10,10
10,10
10,10
10,10
10,10
10,10
10,10
10,10
10,5
10,26
10,10
10,10
10,10
10,10
10,10
10,10
10,10
10,10
10,10
10,10
10,10
10,10
10,10
10,10
10,10
10,10
10,10
10,10
10,10
10,10
10,10
10,10
10,10
10,10
10,10
10,10
10,10
10,10
10,10
10,10
10,10
10,5
10,28
10,10
10,10
10,10
10,10
10,10
10,13
10,10
10,10
10,10
10,10
10,10
10,10
10,10
10,10
10,10
10,10
10,10
10,10
10,10
10,10
10,10
10,10
10,10
10,10
10,10
10,10
10,10
10,10
10,10
10,10
10,10
10,10
10,26
10,5
10,10
10,10
10,10
10,10
10,10
10,5
10,10
10,10
11,11
11,11
11,11
11,11
11,11
11,11
11,11
11,11
11,1
11,11
11,11
11,11
11,4
11,11
11,11
11,1
11,11
11,11
11,4
11,11
11,11
11,11
11,11
11,11
11,11
11,11
11,4
11,11
11,11
11,11
11,4
11,11
11,11
11,11
11,11
11,11
11,11
11,11
11,11
11,11
11,11
11,11
11,1
11,11
11,11
11,11
11,11
11,11
11,11
11,11
11,11
11,11
11,11
11,11
11,11
11,11
11,11
11,11
11,11
11,11
11,11
11,11
11,11
11,11
11,11
11,11
11,11
11,11
11,11
11,11
11,11
11,11
11,11
11,11
11,1
11,11
11,11
11,11
11,11
11,11
11,11
11,11
11,11
11,11
11,11
11,11
11,11
11,11
11,11
11,11
11,11
11,11
11,11
11,11
11,11
11,11
11,11
11,11
11,11
11,11
11,11
11,1
11,11
11,11
11,11
11,11
11,11
11,1
11,1
11,11
11,11
11,11
11,1
11,4
11,4
11,11
11,11
11,11
11,11
11,11
11,4
11,11
11,1
11,11
11,11
11,11
11,11
11,11
11,11
11,11
11,11
11,4
11,11
11,11
11,11
11,11
11,11
11,11
11,4
11,11
11,1
11,11
11,11
11,4
11,1
11,11
11,11
11,0
11,11
11,11
11,11
11,11
11,11
11,11
11,11
11,11
11,11
11,4
11,11
11,11
11,4
11,11
11,1
11,11
11,11
11,11
11,7
11,4
11,11
11,11
11,11
11,11
11,11
11,11
11,11
11,11
11,11
11,4
11,11
11,11
11,1
11,1
11,1
11,11
11,4
11,11
11,7
11,4
11,4
11,11
11,11
11,11
11,11
11,11
11,11
11,11
11,11
11,11
11,11
11,11
11,1
11,11
11,11
11,11
11,11
11,11
11,1
11,11
11,4
11,11
11,11
11,11
11,11
11,11
11,11
11,11
11,11
11,11
11,11
11,11
11,11
11,11
11,11
11,11
11,11
11,11
11,11
11,11
11,1
11,11
11,11
11,11
11,11
11,11
11,11
11,11
11,11
11,11
11,11
11,11
11,11
11,11
11,11
11,11
11,11
11,4
11,11
11,11
11,11
12,12
12,12
12,1
12,12
12,12
12,12
12,12
12,12
12,12
12,12
12,12
12,12
12,12
12,12
12,12
12,12
12,12
12,12
12,12
12,12
12,12
12,12
12,12
12,12
12,12
12,12
12,12
12,12
12,12
12,12
12,12
12,12
12,12
12,12
12,12
12,12
12,12
12,12
12,12
12,12
12,12
12,12
12,12
12,12
12,12
12,12
12,12
12,12
12,12
12,12
12,12
12,12
12,12
12,12
12,12
12,12
12,12
12,12
12,12
12,12
12,12
12,12
12,12
12,10
12,12
12,12
12,12
12,12
12,12
12,12
12,12
12,12
12,12
12,12
12,12
12,10
12,12
12,12
12,12
12,12
12,12
12,12
12,12
12,12
12,12
12,12
12,12
12,12
12,12
12,12
12,12
12,12
12,12
12,12
12,12
12,12
12,12
12,12
12,12
12,12
12,12
12,12
12,12
12,12
12,12
12,12
12,12
12,12
12,12
12,12
12,12
12,12
12,12
12,12
12,12
12,12
12,12
12,12
12,12
12,12
12,12
12,12
12,12
12,12
12,12
12,12
12,12
12,12
12,12
12,12
12,12
12,12
12,12
12,12
12,12
12,12
12,12
12,12
12,12
12,12
12,12
12,12
12,12
12,12
12,12
12,12
12,12
12,12
12,12
12,12
12,12
12,1
12,12
12,17
12,12
12,12
12,12
12,12
12,12
12,12
12,12
12,12
12,12
12,1
12,12
12,12
12,12
12,12
12,12
12,12
12,12
12,12
12,12
12,12
12,12
12,12
12,12
12,12
12,1
12,1
12,12
12,17
12,1
12,10
12,12
12,1
12,12
12,1
12,12
12,12
12,12
12,12
12,1
12,12
12,12
12,12
12,1
12,12
12,12
12,12
12,1
12,12
12,12
12,12
12,12
12,12
12,12
12,12
12,12
12,1
12,12
13,26
13,26
13,13
13,13
13,4
13,4
13,13
13,13
13,13
13,13
13,1
13,1
13,13
13,13
13,11
13,13
13,13
13,28
13,13
13,26
13,13
13,13
13,4
13,5
13,28
13,13
13,13
13,13
13,13
13,13
13,13
13,13
13,13
13,26
13,13
13,13
13,13
13,25
13,13
13,13
13,13
13,28
13,13
13,13
13,3
13,13
13,13
13,13
13,28
13,4
13,13
13,5
13,4
13,13
13,13
13,13
13,13
13,5
13,5
13,13
13,13
13,13
13,13
13,13
13,26
13,26
13,26
13,13
13,5
13,13
13,5
13,13
13,13
13,13
13,13
13,13
13,13
13,13
13,13
13,22
13,13
13,13
13,13
13,22
13,5
13,22
13,5
13,5
13,28
13,13
13,13
13,26
13,13
13,13
13,13
13,13
13,13
13,13
13,13
13,5
13,13
13,8
13,4
13,13
13,13
13,13
13,18
13,13
13,13
13,13
13,13
13,5
13,5
13,13
13,18
13,13
13,13
13,13
13,13
13,20
13,13
13,20
13,13
13,13
13,8
13,13
13,28
14,12
14,12
14,12
14,3
14,3
14,0
14,14
14,14
14,17
14,17
14,14
14,1
14,12
14,24
14,1
14,14
14,14
14,14
14,1
14,17
14,7
14,13
14,12
14,24
14,26
14,24
14,20
14,14
14,14
14,1
14,17
14,17
14,17
14,17
14,17
14,14
14,14
15,21
15,2
15,22
15,22
15,27
15,25
15,25
15,13
15,18
15,25
15,4
15,13
15,25
15,25
15,4
15,25
15,15
15,15
15,25
15,25
15,15
16,4
16,8
16,8
16,13
16,7
16,13
16,4
16,7
16,19
16,13
16,7
16,20
16,14
16,19
16,26
16,13
16,13
16,7
16,7
16,23
16,7
16,17
16,14
16,13
17,17
17,3
17,18
17,18
17,18
17,18
17,18
17,18
17,18
17,18
17,18
17,18
17,18
17,18
17,18
17,18
17,25
17,4
17,18
17,18
17,18
17,17
17,17
17,3
17,3
17,11
17,18
17,17
17,17
17,17
17,17
17,17
17,17
17,17
17,17
17,17
17,17
17,17
17,17
17,17
17,17
17,17
17,17
17,17
17,17
17,17
17,17
17,17
17,17
17,17
17,17
17,17
17,17
17,17
17,17
17,17
17,17
17,17
17,18
17,17
17,25
17,18
17,17
17,17
17,11
17,17
17,17
17,17
17,17
17,17
17,17
17,17
17,17
17,17
17,17
17,17
17,8
17,17
17,20
18,13
18,13
18,18
18,18
18,18
18,18
18,18
18,18
18,18
18,18
18,18
18,18
18,18
18,18
18,18
18,18
18,4
18,8
18,4
18,25
18,18
18,18
18,18
18,25
18,4
18,18
18,3
18,3
18,18
18,18
18,18
18,17
18,18
18,18
18,17
18,18
18,3
18,18
18,18
18,17
18,17
18,3
18,4
18,4
18,18
18,18
18,18
18,17
18,3
18,21
18,25
18,13
18,13
18,18
18,18
18,18
18,3
18,18
18,18
18,18
18,18
18,17
18,4
18,4
18,4
19,14
19,13
19,20
19,20
19,17
19,3
19,14
19,17
19,24
19,19
19,19
19,19
19,1
19,17
19,1
19,17
19,17
19,13
19,14
19,17
19,17
19,14
19,3
20,20
20,20
20,23
20,20
20,9
20,7
20,20
20,20
20,20
20,9
20,9
20,20
20,20
20,20
20,23
20,20
20,20
20,28
20,20
20,20
20,8
20,7
20,20
20,20
20,7
20,19
20,20
20,20
20,9
20,20
20,20
20,20
20,20
20,20
20,20
20,20
20,20
20,13
20,4
20,4
20,4
20,4
20,4
20,20
20,20
20,20
20,20
20,20
20,20
20,20
20,20
21,20
21,20
21,20
21,9
21,20
21,22
21,21
21,22
21,20
21,20
21,20
21,20
21,8
21,27
21,2
21,20
21,22
21,28
21,20
21,6
21,2
21,9
21,20
21,20
21,6
21,13
21,4
21,22
21,22
21,22
21,2
22,8
22,25
22,22
22,25
22,22
22,22
22,22
22,22
22,22
22,2
22,22
22,22
22,22
22,22
22,22
22,22
22,22
22,22
22,23
22,23
22,22
22,28
22,22
22,2
22,28
22,13
22,23
22,27
22,22
22,22
22,22
22,21
22,2
22,22
22,22
22,22
22,22
22,22
22,22
22,22
22,22
22,22
22,22
22,22
22,23
22,2
22,22
22,22
22,9
22,1
22,13
22,20
22,22
22,20
22,25
22,22
22,2
22,22
22,22
22,22
22,22
22,2
22,8
22,22
22,9
23,23
23,23
23,23
23,23
23,23
23,23
23,23
23,23
23,23
23,23
23,23
23,23
23,23
23,23
23,23
23,23
23,23
23,23
23,23
23,23
23,23
23,23
23,23
23,23
23,23
23,23
23,23
23,23
23,23
23,23
23,23
23,23
23,23
23,23
23,23
23,23
23,23
23,23
23,23
23,23
23,23
23,23
23,23
23,23
23,23
23,23
23,23
23,23
23,23
24,27
24,7
24,7
24,1
24,24
24,24
24,7
24,24
24,7
24,24
24,24
24,24
24,28
24,7
24,1
24,1
24,1
24,1
24,1
24,1
24,24
24,24
24,1
24,1
24,24
24,24
24,0
24,26
24,24
24,24
24,24
24,24
24,24
24,1
24,1
24,24
24,24
24,1
24,1
24,24
24,24
24,24
24,24
24,24
24,24
24,24
24,24
24,24
24,24
24,24
24,0
24,7
24,1
24,1
24,24
24,24
24,1
24,24
24,24
24,24
24,0
24,1
24,24
24,24
24,24
24,24
24,24
25,13
25,25
25,25
25,25
25,13
25,25
25,25
25,25
25,3
25,25
25,25
25,25
25,8
25,25
25,25
25,25
25,4
25,25
25,13
25,25
25,25
25,25
25,22
25,25
25,25
25,25
25,25
25,10
25,18
25,18
25,4
25,25
25,25
25,8
25,9
25,22
25,13
25,25
25,25
25,25
25,25
25,25
25,25
25,25
25,25
25,25
25,25
26,24
26,26
26,1
26,1
26,1
26,1
26,1
26,24
26,24
26,24
26,24
26,26
26,26
26,1
26,26
26,26
26,13
26,26
26,13
26,26
26,27
26,26
26,26
26,3
26,26
26,3
26,3
26,3
26,26
26,3
26,26
26,26
26,26
26,24
26,2
26,24
26,26
26,3
26,3
26,1
26,26
26,24
26,26
26,24
26,1
26,26
26,26
26,26
26,26
26,26
26,3
26,26
26,26
26,24
26,27
26,24
26,26
26,3
26,3
26,26
26,13
26,26
26,1
26,5
26,5
26,26
26,26
26,26
26,26
26,26
26,26
26,26
26,24
26,26
26,26
26,26
26,26
26,26
26,3
26,26
26,26
26,26
26,26
26,26
26,26
26,13
26,24
26,26
26,24
26,26
26,26
26,26
26,5
26,3
26,26
26,5
26,26
26,13
26,24
26,0
26,26
26,26
26,26
26,26
26,26
26,26
26,26
26,13
26,26
26,26
26,26
26,26
26,26
26,26
26,13
26,13
26,26
26,5
26,26
26,26
26,18
26,26
26,5
26,13
26,5
26,10
26,26
26,5
26,26
26,5
26,26
26,26
26,26
26,5
26,13
27,20
27,26
27,3
27,26
27,3
27,2
27,22
27,22
27,2
27,13
27,9
27,8
27,20
27,23
27,7
27,24
27,26
27,24
27,27
27,20
27,2
27,0
27,20
27,22
27,22
27,26
27,26
27,22
27,2
27,22
27,2
27,3
27,19
27,13
27,7
27,26
27,27
27,27
27,13
27,21
27,2
27,2
27,22
27,27
27,27
27,7
27,13
27,9
27,13
27,13
27,5
27,27
28,7
28,7
28,7
28,28
28,1
28,7
28,7
28,7
28,7
28,28
28,7
28,28
28,7
28,7
28,24
28,28
28,7
28,28
28,28
28,28
28,28
28,28
28,28
28,28
28,28
28,28
28,28
28,28
28,28
28,28
28,23
28,28
28,28
28,8
28,28
28,7
28,28
28,28
28,28
28,28
28,28
28,28
28,28
28,28
28,5
28,28
28,5
28,10
28,28
28,5
28,28
28,8
28,28
28,28
28,28
28,28
0,0
0,0
0,0
0,0
0,0
0,0
0,0
0,0
0,0
0,0
0,0
0,0
0,0
0,0
0,0
0,0
0,0
0,0
0,0
0,0
0,1
0,0
0,0
0,0
0,0
0,0
0,0
0,0
0,0
0,0
0,0
0,0
0,0
0,0
0,0
0,24
0,0
0,0
0,0
0,0
0,0
0,20
0,27
0,2
0,10
0,10
0,24
0,14
0,0
0,0
0,0
0,0
0,0
0,0
0,0
0,0
0,0
0,0
0,0
2,2
2,2
2,22
2,2
2,2
2,22
2,2
2,22
2,22
2,22
2,22
2,22
2,2
2,22
2,22
2,22
2,22
2,22
2,22
2,22
2,22
2,2
2,22
2,2
2,22
2,22
2,22
2,22
2,22
3,3
3,25
3,25
3,25
3,22
3,22
3,3
3,3
3,3
3,11
3,26
3,3
3,3
3,3
3,3
3,3
3,3
3,3
3,3
3,3
3,3
3,3
3,3
3,3
3,26
3,27
3,3
3,3
3,3
3,3
3,3
3,3
3,3
3,3
3,25
3,27
3,3
3,3
3,27
3,3
3,3
3,3
3,3
3,3
3,27
3,27
3,3
3,3
3,3
4,4
4,25
4,4
4,25
4,25
4,25
4,4
4,4
4,4
4,4
4,25
4,3
4,10
4,18
4,18
4,4
4,25
4,25
4,25
4,25
4,25
4,25
4,4
4,25
4,4
4,4
4,25
4,25
4,25
4,22
4,25
4,25
4,25
4,4
4,4
4,4
4,25
4,10
4,10
4,10
4,25
4,25
4,25
4,25
4,25
4,4
4,4
5,26
5,22
5,26
5,10
5,10
5,10
5,26
5,10
5,26
5,26
5,26
5,10
5,5
5,10
5,27
5,22
5,26
5,26
5,10
5,26
5,26
5,26
5,26
5,26
5,26
5,26
5,5
5,5
5,10
5,26
5,26
5,10
5,10
5,26
5,26
5,26
5,10
5,10
5,10
5,5
5,10
5,10
5,10
5,5
5,5
5,10
5,2
5,13
5,20
5,20
5,27
5,26
5,26
5,5
5,10
5,10
5,10
5,5
5,26
6,6
6,6
6,6
6,6
6,6
6,6
6,2
6,24
6,26
6,2
6,13
6,2
6,22
6,4
6,13
6,6
6,6
6,6
6,6
6,6
6,6
6,6
6,6
6,6
6,6
6,6
6,6
6,6
6,6
6,6
6,2
6,6
6,6
6,2
6,22
6,25
6,25
6,6
6,6
6,6
6,6
6,6
7,7
7,7
7,20
7,7
7,7
7,7
7,7
7,7
7,20
7,13
7,7
7,7
7,7
7,7
7,7
7,20
7,20
7,7
7,20
7,20
7,7
7,20
7,20
7,7
7,7
7,7
7,7
7,7
7,7
7,7
7,7
7,7
7,7
7,7
7,7
7,7
7,7
7,7
7,7
7,7
7,23
7,7
7,20
8,8
8,8
8,8
8,8
8,8
8,8
8,8
8,8
8,8
8,4
8,22
8,8
8,8
8,8
8,8
8,8
8,8
8,8
8,8
8,8
8,8
8,8
8,25
8,8
8,8
8,8
8,8
8,8
8,8
9,9
9,9
9,9
9,9
9,9
9,9
9,9
9,9
9,9
9,9
9,9
9,9
9,9
9,9
9,13
9,9
9,27
9,9
9,9
9,9
9,9
9,9
9,9
9,9
9,9
9,9
9,9
9,7
9,19
9,20
9,20
9,20
9,27
9,9
9,9
9,9
9,9
9,9
9,9
9,9
9,9
9,9
9,9
9,27
9,20
9,15
9,9
9,9
9,9
9,9
9,9
9,9
9,9
9,9
9,9
9,9
9,9
9,9
9,9
10,10
10,10
10,10
10,10
10,10
10,10
10,10
10,10
10,10
10,10
10,10
10,10
10,10
10,10
10,10
10,10
10,10
10,26
10,10
10,10
10,10
10,10
10,10
10,10
10,10
10,10
10,10
10,10
10,10
10,10
10,10
10,10
10,10
10,10
10,10
10,10
10,10
10,10
10,10
10,10
10,10
10,10
10,10
10,10
10,10
10,10
10,10
10,10
10,10
10,10
10,10
10,10
10,10
10,10
10,10
10,10
10,10
10,10
10,10
10,10
10,10
10,10
10,10
10,10
10,10
10,10
10,10
10,10
10,26
10,13
10,26
10,10
10,10
10,10
10,10
10,10
10,10
10,10
10,10
10,10
10,10
10,10
10,10
10,10
10,10
10,10
10,10
10,10
10,10
10,10
10,10
10,10
10,10
10,10
10,10
10,10
10,10
10,10
10,10
10,10
10,10
10,10
10,10
10,10
10,10
10,10
10,10
10,10
10,10
10,10
10,10
10,10
10,10
10,10
10,10
10,10
10,10
10,10
10,10
10,10
10,10
10,10
10,10
10,10
10,10
10,10
10,10
10,10
10,10
10,10
10,10
10,10
10,10
10,10
10,10
10,10
10,10
10,10
10,10
10,10
10,10
10,10
10,10
10,10
10,10
10,26
10,26
10,26
10,10
10,10
11,5
11,13
11,13
11,26
11,11
11,5
11,11
11,11
11,11
11,5
11,11
11,11
11,11
11,11
11,11
11,11
11,11
11,11
11,11
11,11
11,11
11,11
11,11
11,11
11,11
11,11
11,11
11,11
11,11
11,11
11,11
11,11
11,11
11,11
11,11
11,11
11,11
11,11
11,11
11,11
11,11
11,11
11,11
11,11
11,11
11,11
11,11
11,11
11,11
11,10
11,10
11,11
11,11
11,11
11,11
11,11
11,4
11,11
11,11
11,11
11,11
11,11
11,11
11,11
11,11
11,11
11,11
11,11
11,11
11,11
11,11
11,11
11,11
11,11
11,11
11,11
11,11
11,11
11,11
11,11
11,11
11,11
11,11
11,11
11,11
11,11
11,11
11,11
11,11
12,12
12,12
12,12
12,12
12,12
12,12
12,12
12,12
12,12
12,12
12,12
12,12
12,12
12,12
12,12
12,12
12,12
12,12
12,12
12,12
12,12
12,12
12,26
12,27
12,22
12,25
12,2
12,2
12,2
12,26
12,12
12,26
12,12
12,11
12,12
12,12
12,12
12,12
12,12
12,12
12,12
12,12
12,12
12,12
12,12
12,12
12,12
12,12
12,12
12,12
12,12
12,12
12,12
12,12
12,12
12,12
12,12
12,12
12,12
12,12
12,12
12,12
12,12
12,12
12,12
13,4
13,25
13,13
13,2
13,25
13,22
13,22
13,25
13,22
13,10
13,10
13,5
13,5
13,25
13,4
13,4
13,13
13,13
13,25
13,10
13,10
13,10
13,25
13,13
13,4
13,13
13,13
13,5
13,13
13,5
13,10
13,5
13,13
13,25
13,13
13,2
13,22
13,25
13,25
13,25
13,13
13,25
13,2
13,18
13,13
13,10
13,10
13,5
13,13
13,22
13,13
13,5
13,5
13,5
13,13
13,13
13,13
13,5
13,10
13,10
13,4
13,13
13,13
13,2
13,5
13,5
13,13
13,13
13,13
14,10
14,10
14,10
14,10
14,3
14,14
14,17
14,17
14,10
14,18
14,18
14,18
14,3
14,27
14,24
15,13
15,8
15,8
15,15
15,25
16,7
16,13
16,19
16,19
16,1
17,26
17,3
17,17
17,17
17,17
17,18
17,18
17,18
17,18
17,17
17,3
17,17
17,17
18,3
18,18
18,18
18,18
18,18
18,18
18,18
18,10
18,18
18,3
18,3
18,3
18,25
19,27
19,22
19,25
19,19
19,17
19,27
19,15
20,8
20,8
20,25
20,9
20,20
20,21
20,9
20,20
20,20
20,23
20,20
20,20
20,20
20,20
20,20
20,20
20,20
20,20
20,20
21,4
21,11
21,2
21,20
21,20
21,20
21,9
21,27
21,9
21,21
21,9
21,20
21,20
21,22
21,28
22,21
22,20
22,27
22,2
22,2
22,2
22,27
22,22
22,22
22,27
22,22
22,22
22,26
22,22
22,22
22,22
22,26
22,27
22,22
22,22
22,22
22,26
22,22
22,22
22,22
23,7
23,7
23,23
23,7
23,23
23,23
24,24
24,24
24,24
24,24
24,7
24,24
24,24
24,26
24,24
24,24
24,3
24,24
24,24
24,1
24,24
25,25
25,25
25,25
25,25
25,25
25,25
25,25
25,25
25,25
25,25
25,9
25,25
25,25
25,25
25,22
25,25
25,25
25,25
25,25
25,25
25,25
25,25
25,25
25,25
25,25
25,22
25,25
25,25
25,25
25,25
25,25
25,25
25,25
25,25
25,25
25,25
25,25
25,25
25,22
25,21
25,25
26,26
26,26
26,26
26,26
26,10
26,26
26,3
26,11
26,3
26,26
26,13
26,5
26,10
26,10
26,10
26,10
26,26
26,26
26,11
26,26
26,26
26,5
26,26
26,3
26,3
26,3
26,3
26,26
26,26
26,26
26,26
26,5
26,5
26,26
26,26
26,12
26,26
26,11
26,11
26,26
26,26
27,10
27,10
27,10
27,10
27,10
27,10
27,10
27,10
27,27
27,22
27,26
27,27
27,19
27,13
27,13
27,26
27,12
27,24
27,27
27,26
27,26
28,4
28,28
28,28
28,2
28,13
28,10
28,28
28,28
28,10
28,4
28,4
28,4
28,28
28,10
28,10
28,10
28,10
28,10
28,10
1,1
1,0
1,0
1,0
1,0
1,1
1,1
1,1
1,1
1,11
1,0
1,1
1,1
1,1
1,1
1,1
1,1
1,1
1,13
1,13
1,0
1,4
1,1
1,1
1,1
1,1
1,1
1,1
1,4
1,1
1,1
1,1
1,1
1,11
1,1
1,1
1,1
1,1
1,11
1,11
1,11
1,1
1,4
1,11
1,11
1,11
1,1
1,1
1,13
1,28
1,28
1,0
1,1
1,11
1,3
1,4
1,10
1,10
1,1
1,11
1,1
1,1
1,3
1,1
1,1
1,1
1,1
1,1
1,1
1,1
1,1
1,13
1,13
1,1
1,3
1,4
1,11
1,11
1,11
1,11
1,11
1,4
1,11
1,1
1,1
1,10
1,10
1,10
1,4
1,10
1,10
1,10
1,10
1,1
1,4
1,4
1,11
1,11
1,1
1,1
1,3
1,13
1,11
1,1
1,1
1,0
1,0
1,0
1,0
1,0
2,2
2,2
2,13
2,13
2,2
2,13
2,13
2,25
2,4
2,13
2,13
2,2
2,2
2,0
2,8
2,0
2,2
2,2
2,2
2,2
2,2
2,2
2,2
2,2
2,2
2,2
2,2
2,2
2,2
2,2
2,2
2,2
2,2
2,2
2,2
2,13
2,2
2,2
2,2
2,2
2,2
2,2
2,2
2,2
2,2
2,2
2,2
2,2
2,2
2,13
2,2
2,2
2,2
2,2
2,13
2,2
2,13
2,13
2,2
2,2
2,2
2,2
2,2
2,2
2,2
2,2
2,2
2,13
2,13
2,2
2,2
2,2
2,13
2,26
2,2
2,13
2,13
2,13
2,13
2,13
2,11
2,2
2,25
2,2
2,2
2,13
2,22
2,2
2,22
2,2
2,13
2,13
2,2
2,13
2,2
2,2
2,25
2,9
2,22
2,22
2,2
2,2
2,2
2,13
2,2
2,13
2,2
2,22
2,22
2,2
2,2
2,2
2,2
2,2
2,2
2,13
2,2
2,13
2,2
2,0
4,13
4,18
4,12
4,12
4,12
4,13
4,13
4,13
4,13
4,18
4,4
4,13
4,13
4,13
4,13
4,13
4,5
4,12
4,12
4,5
4,5
4,12
4,12
4,12
4,5
4,26
4,12
4,12
4,12
4,18
4,12
4,12
4,12
4,12
4,12
4,12
4,12
4,12
4,12
4,12
4,12
4,12
4,12
4,12
4,12
4,12
4,12
4,12
4,12
4,12
4,5
4,5
4,4
4,4
4,5
4,13
4,13
4,13
4,4
4,13
4,13
4,26
4,4
6,6
6,6
6,6
6,6
6,6
6,6
6,6
6,6
6,6
6,6
6,6
6,6
6,6
6,6
6,6
6,6
6,6
6,6
6,6
6,6
6,6
6,6
6,6
6,6
6,6
6,23
6,6
6,6
6,6
6,6
6,6
6,6
6,6
6,6
6,6
6,6
6,6
6,6
6,6
6,6
6,6
6,6
6,6
6,6
6,6
6,6
6,6
6,6
6,6
6,6
6,6
6,6
6,6
6,6
6,6
6,6
6,6
8,8
8,8
8,8
8,8
8,8
8,8
8,8
8,8
8,8
8,8
8,8
8,8
8,8
8,8
8,8
8,8
8,8
8,8
8,8
8,8
8,8
8,8
8,8
8,8
8,8
8,8
8,8
8,8
8,8
8,8
8,8
8,8
8,8
8,8
8,8
8,8
8,8
8,8
8,8
8,8
8,8
8,8
8,8
8,8
8,8
8,8
8,8
8,23
8,8
8,8
8,8
8,23
8,8
8,8
8,8
9,9
9,9
9,9
9,9
9,9
9,9
9,9
9,9
9,9
9,9
9,9
9,9
9,9
9,9
9,9
9,9
9,9
9,9
9,8
9,9
9,8
9,9
9,9
9,8
9,8
9,9
9,9
9,9
9,9
9,9
9,9
9,9
9,9
9,9
9,9
9,9
9,9
9,9
9,9
9,9
9,9
9,9
9,9
9,9
9,9
9,9
9,9
9,9
9,9
9,9
9,9
9,9
9,9
9,9
9,9
9,9
9,9
9,9
9,9
9,9
9,9
9,9
9,9
10,10
10,10
10,10
10,10
10,10
10,10
10,10
10,10
10,10
10,10
10,10
10,10
10,10
10,10
10,10
10,10
10,10
10,10
10,10
10,10
10,10
10,10
10,10
10,26
10,4
10,10
10,10
10,10
10,10
10,10
10,10
10,10
10,10
10,10
10,10
10,10
10,10
10,10
10,10
10,10
10,10
10,10
10,10
10,10
10,10
10,10
10,10
10,4
10,13
10,13
10,10
10,10
10,10
10,10
10,10
10,2
10,4
11,11
11,11
11,11
11,11
11,11
11,11
11,11
11,11
11,11
11,11
11,11
11,0
11,0
11,11
11,11
11,1
11,11
11,11
11,1
11,11
11,11
11,1
11,11
11,1
11,1
11,11
11,11
11,11
11,24
11,11
11,24
11,11
11,1
11,24
11,11
11,1
11,17
11,11
11,11
11,1
11,11
11,24
11,11
11,11
11,24
11,1
11,1
11,1
11,1
12,7
12,4
12,11
12,11
12,11
12,12
12,12
12,11
12,7
12,4
12,12
12,11
12,11
12,11
12,11
12,11
12,11
12,11
12,12
12,11
12,12
12,12
12,11
12,11
12,11
12,11
12,12
12,11
12,11
12,11
12,11
12,11
12,11
12,11
12,11
12,11
12,14
12,11
12,11
12,12
12,12
12,12
12,12
12,11
12,11
12,11
12,14
12,12
12,12
12,12
12,12
12,11
12,11
13,13
13,13
13,13
13,5
13,4
13,4
13,13
13,13
13,7
13,7
13,13
13,7
13,7
13,13
13,13
13,5
13,13
13,10
13,13
13,13
13,13
13,13
13,7
13,7
13,7
13,7
13,5
13,13
13,13
13,5
13,13
13,13
13,13
13,10
13,4
13,1
13,13
13,13
13,7
14,17
14,11
14,11
14,11
14,11
14,12
14,17
14,17
14,11
14,11
14,14
14,11
14,11
14,17
14,17
14,11
14,14
14,11
14,11
14,12
14,11
14,11
14,11
14,11
14,14
15,25
15,9
15,25
16,7
16,7
16,7
16,7
16,13
18,13
18,13
18,13
18,5
18,12
18,12
18,12
18,12
18,18
18,18
18,18
18,18
18,18
18,18
18,18
18,18
18,18
18,18
18,18
18,18
18,18
18,18
18,13
18,3
18,2
18,0
18,25
19,7
19,17
19,17
19,19
19,3
19,20
19,20
20,20
20,17
20,20
20,20
20,20
20,9
20,20
20,20
20,20
20,20
20,20
20,6
21,20
21,20
21,21
21,22
21,20
21,20
21,20
21,9
22,22
22,22
22,22
22,22
22,9
22,22
22,22
22,22
22,2
22,22
22,22
22,22
22,27
22,22
22,2
22,22
23,23
23,23
23,6
23,23
23,23
23,7
23,23
23,23
23,23
23,23
23,23
23,23
23,23
23,23
23,23
23,23
23,23
23,23
25,27
25,25
25,21
25,25
25,25
25,15
25,25
25,25
25,25
25,22
25,9
25,27
25,22
27,22
27,27
27,9
27,27
27,27
27,27
27,27
27,27
27,27
27,10
27,26
27,26
27,26
27,27
27,21
27,2
27,27
27,2
27,2
27,22
27,25
27,5
27,13
27,27
27,26
27,27
27,2
27,27
27,2
27,26
27,26
27,13
27,13
27,26
27,2
28,4
28,4
28,13
28,13
28,28
28,28
28,28
28,28
28,28
28,28
28,28
28,23
28,28
28,28
28,28
28,28
28,28
28,28
28,23
28,8
28,8
28,28
28,28
2,2
2,2
2,22
2,22
2,2
2,2
2,22
2,22
2,2
2,22
2,22
2,22
2,22
2,22
2,2
2,2
2,2
2,22
2,22
2,22
2,22
2,2
2,2
2,22
2,2
2,2
2,2
2,22
2,22
2,2
2,2
2,22
2,2
3,18
3,3
3,11
3,3
3,3
3,3
3,18
3,3
3,17
3,3
3,3
3,13
3,3
3,3
3,3
3,3
3,3
3,18
3,3
3,3
3,3
3,3
3,11
3,3
3,3
3,11
3,11
3,11
3,11
3,11
3,11
3,11
3,11
3,3
3,3
3,3
3,3
3,3
3,18
3,3
3,3
3,3
3,12
3,3
3,3
3,3
3,3
3,3
3,3
3,3
3,3
3,3
3,3
3,3
3,3
3,18
3,3
3,26
3,12
3,12
3,10
3,13
3,13
3,3
3,3
3,3
3,3
4,4
4,4
4,4
4,4
4,13
4,13
4,13
4,4
4,13
4,4
4,4
4,4
4,13
4,13
4,12
4,18
4,13
4,13
4,13
4,4
4,4
4,4
4,4
4,13
4,13
4,18
4,13
4,13
4,4
5,5
5,28
5,5
5,28
5,28
5,5
5,13
5,5
5,28
5,28
5,28
5,28
5,5
5,5
5,13
5,28
5,5
5,5
5,5
5,5
5,5
5,28
5,5
5,13
5,5
5,5
5,28
5,5
5,28
6,6
6,6
6,6
6,6
6,6
6,9
6,6
6,9
6,6
6,6
6,6
6,6
6,6
6,6
6,6
6,6
6,6
6,6
6,6
6,6
6,9
6,21
6,20
6,9
6,6
6,6
6,6
6,6
6,6
6,6
6,6
6,6
6,6
6,6
6,6
6,2
6,6
6,6
6,6
7,7
7,7
7,7
7,7
7,7
7,7
7,7
7,7
7,7
7,13
7,7
7,20
7,7
7,7
7,7
7,7
7,7
7,7
7,7
7,7
7,9
7,7
7,7
7,7
7,19
7,7
7,7
7,7
7,7
8,3
8,8
8,8
8,18
8,8
8,8
8,8
8,8
8,8
8,8
8,8
8,8
8,8
8,8
8,8
8,8
8,8
8,8
8,8
8,8
8,25
8,8
8,8
8,8
8,8
8,4
8,8
8,8
8,8
8,8
8,8
8,8
8,8
8,8
8,8
8,8
8,8
8,8
8,8
8,8
8,8
8,8
8,8
8,8
8,8
8,8
8,8
8,8
8,4
9,9
9,27
9,27
9,27
9,9
9,9
9,9
9,7
9,7
9,7
9,9
9,19
9,7
9,19
9,19
9,9
9,20
9,9
9,9
9,9
9,9
9,7
9,17
9,9
9,17
9,9
9,9
9,21
9,12
9,11
9,9
9,9
9,9
9,9
9,9
9,9
9,9
9,9
9,11
9,9
9,9
9,9
9,9
9,9
9,9
9,9
9,9
9,9
9,9
10,10
10,10
10,10
10,10
10,10
10,10
10,10
10,10
10,10
10,10
10,10
10,10
10,10
10,10
10,10
10,10
10,10
10,10
10,18
10,18
10,18
10,18
10,10
10,10
10,10
10,10
10,10
10,10
10,10
10,10
10,10
10,10
10,10
10,10
10,10
10,10
10,10
10,10
10,10
10,10
10,10
10,10
10,10
10,10
10,12
10,18
10,18
10,18
10,18
10,10
10,10
10,10
10,13
10,4
10,10
10,10
10,10
10,10
10,10
10,18
10,10
10,10
10,10
10,10
10,10
10,10
10,10
10,10
10,10
10,10
10,10
10,10
10,10
11,11
11,11
11,11
11,11
11,11
11,11
11,11
11,11
11,11
11,1
11,11
11,11
11,11
11,11
11,11
11,11
11,11
11,11
11,11
11,1
11,11
11,11
11,1
11,11
11,11
11,1
11,11
11,17
11,11
11,11
11,11
11,11
11,11
11,11
11,11
11,1
11,11
11,11
11,11
11,11
11,11
11,11
11,11
11,11
11,11
11,11
11,11
11,11
11,11
11,11
11,11
11,11
11,11
11,11
11,11
11,11
11,11
11,11
11,11
11,24
11,10
11,11
11,11
11,11
11,11
11,1
11,1
11,24
11,11
12,12
12,12
12,12
12,12
12,12
12,12
12,12
12,12
12,12
12,10
12,12
12,10
12,10
12,12
12,18
12,12
12,12
12,12
12,12
12,12
12,12
13,4
13,4
13,17
13,11
13,4
13,13
13,13
13,13
13,13
13,18
13,7
13,7
13,4
13,13
13,4
13,4
13,4
13,4
13,13
13,1
13,13
13,4
13,11
13,11
13,4
13,4
13,11
13,4
13,4
14,12
14,10
14,10
14,10
14,3
14,19
14,19
14,19
14,1
14,11
14,14
14,11
14,14
14,14
14,14
14,14
14,17
14,17
14,11
14,14
14,14
14,17
14,17
14,17
14,17
14,17
14,14
14,1
14,1
14,24
14,14
14,11
14,17
15,17
15,20
15,9
15,13
15,19
16,7
16,7
16,1
16,19
17,13
17,13
17,7
17,1
17,17
17,17
17,17
17,17
17,17
17,17
17,17
17,17
17,17
18,13
18,17
18,17
18,17
18,17
18,17
18,17
18,17
18,17
18,17
18,17
18,17
18,17
19,7
19,13
19,28
19,7
19,17
19,17
19,19
19,1
19,1
19,19
19,3
20,20
20,7
20,20
20,9
20,20
20,8
20,22
20,21
20,15
20,19
20,20
20,27
20,9
20,22
20,13
20,2
20,13
20,13
20,9
20,20
20,7
20,7
20,2
20,0
20,13
20,13
20,20
20,22
20,20
21,17
21,21
21,21
21,9
21,20
21,20
21,9
21,3
21,21
21,20
21,20
21,8
21,13
21,13
21,9
21,20
21,20
21,9
21,20
23,23
23,23
23,23
23,23
23,20
23,20
23,8
23,20
23,23
23,20
23,23
23,23
24,24
24,13
24,5
24,13
24,14
24,13
24,13
24,4
24,11
24,1
24,4
24,11
24,4
24,3
24,13
24,13
24,14
24,14
24,20
24,7
24,7
24,1
24,13
24,7
24,7
25,13
25,25
25,27
25,25
25,25
25,25
25,25
25,25
25,25
25,25
25,25
25,25
25,25
25,22
25,13
26,4
26,28
26,13
26,13
26,10
26,10
26,10
26,4
26,18
26,4
26,4
26,2
26,5
26,13
26,4
26,10
26,10
26,10
26,10
26,4
26,5
26,13
26,4
27,22
27,22
27,25
27,25
27,26
27,25
27,25
27,25
27,21
27,20
28,4
28,4
28,4
28,28
28,5
28,28
28,23
28,28
28,28
28,28
28,28
28,28
28,8
0,0
0,0
0,0
0,0
0,0
0,0
0,0
0,0
0,0
0,0
0,0
0,0
0,0
0,0
0,0
0,0
0,0
0,0
0,0
0,0
0,0
0,0
0,0
0,0
0,0
0,0
0,0
0,0
0,0
0,0
0,0
0,7
0,0
0,0
0,0
0,0
0,0
0,0
0,0
0,0
0,0
0,0
0,0
0,0
0,0
0,0
0,0
0,0
0,0
0,0
0,0
0,0
0,0
0,0
0,0
0,0
0,0
0,0
0,0
0,0
0,0
0,0
0,0
0,0
0,0
0,0
0,0
0,0
0,0
0,0
0,0
0,0
0,0
0,0
0,0
0,0
0,0
0,0
0,0
0,0
0,0
0,7
0,7
0,0
0,0
0,0
0,0
0,0
0,0
0,0
0,0
0,0
0,0
0,0
0,0
0,0
0,0
0,0
0,0
0,0
0,0
0,0
0,0
0,0
0,0
0,0
0,0
0,0
0,0
0,0
0,0
0,7
0,0
0,0
0,0
0,0
0,0
0,0
0,0
0,0
0,0
0,0
0,0
0,0
0,0
0,0
0,0
0,0
0,0
0,7
2,2
2,8
2,0
2,2
2,13
2,2
2,2
2,2
2,2
2,2
2,0
2,2
2,2
2,2
2,2
2,2
2,0
2,0
2,0
2,2
2,2
2,2
2,2
2,0
2,2
2,2
2,2
2,2
2,2
2,2
2,2
2,2
2,2
2,2
2,2
2,22
2,13
2,2
2,13
2,13
2,2
2,2
2,13
2,2
2,2
2,2
2,2
2,22
2,8
2,13
2,2
2,2
2,2
2,13
2,2
2,2
2,2
2,6
2,6
3,3
3,3
3,3
3,3
3,3
3,3
3,3
3,3
3,3
3,3
3,3
3,3
3,3
3,3
3,3
3,3
3,3
3,3
3,3
3,3
3,3
3,3
3,3
3,3
3,3
3,3
3,3
3,3
3,3
3,3
3,3
3,3
3,3
3,3
3,3
3,3
3,3
3,3
3,3
3,3
3,3
3,3
3,3
3,3
3,3
4,11
4,4
4,13
4,13
4,13
4,13
4,4
4,11
4,4
4,13
4,4
4,13
4,13
4,5
4,18
4,5
4,4
4,4
4,4
4,4
4,5
4,13
4,13
4,13
4,4
4,5
4,5
4,13
4,13
4,13
4,13
4,3
4,14
4,3
4,14
4,13
4,3
4,3
4,24
4,17
4,13
4,3
4,14
5,5
5,5
5,5
5,5
5,5
5,10
5,10
5,10
5,10
5,5
5,10
5,10
5,5
5,5
5,10
5,28
5,10
5,10
5,5
5,5
5,5
5,5
5,5
5,5
5,5
5,10
5,5
5,5
5,5
6,6
6,6
6,6
6,6
6,6
6,6
6,0
6,6
6,6
6,6
6,6
6,6
6,6
6,6
6,6
6,6
6,6
6,6
6,0
6,6
6,6
6,6
6,6
6,6
6,6
6,6
6,6
6,6
6,6
6,6
6,6
6,6
6,6
7,7
7,7
7,7
7,7
7,7
7,7
7,7
7,7
7,7
7,7
7,7
7,7
7,7
7,7
7,19
7,7
7,7
7,7
7,7
7,7
7,7
7,7
7,9
7,7
7,7
7,7
7,7
7,7
7,7
7,7
7,7
7,7
7,7
7,7
7,7
7,7
7,7
7,7
7,7
7,7
7,7
7,7
7,7
7,7
7,7
7,7
7,7
7,7
7,7
7,7
7,7
7,7
7,7
7,7
7,7
7,7
7,7
7,7
7,7
7,13
7,12
7,19
7,7
7,7
7,7
7,7
7,7
7,7
7,7
7,7
7,7
8,8
8,0
8,8
8,0
8,8
8,0
8,0
8,0
8,8
8,0
8,0
8,8
8,0
8,8
8,8
8,8
8,8
8,8
8,8
8,8
8,8
8,8
8,8
8,8
8,8
8,8
8,8
8,8
8,8
8,8
8,8
8,8
8,7
8,8
8,13
8,0
8,8
8,8
8,7
8,8
8,8
8,8
8,11
8,8
8,8
9,9
9,9
9,9
9,7
9,9
9,9
9,9
9,9
9,9
9,9
9,9
9,9
9,9
9,9
9,9
9,9
9,9
9,9
9,20
9,9
9,9
9,9
9,9
9,9
9,9
9,9
9,9
9,9
9,9
9,9
9,9
9,9
9,9
9,9
9,9
9,9
9,9
9,9
9,9
9,9
9,9
9,9
9,9
9,9
9,9
10,12
10,10
10,4
10,10
10,10
10,10
10,10
10,10
10,10
10,10
10,10
10,10
10,10
10,10
10,10
10,10
10,10
10,10
10,10
10,10
10,10
10,10
10,10
10,10
10,10
10,10
10,10
10,10
10,10
10,10
10,10
10,10
10,10
10,10
10,10
10,10
10,10
10,10
10,10
10,10
10,10
10,10
10,10
10,10
10,10
10,10
10,10
10,10
10,10
10,10
10,10
10,10
10,10
10,10
10,10
10,10
10,10
10,10
10,10
10,10
10,10
10,10
10,10
10,10
10,10
10,10
10,10
10,10
10,10
10,10
10,10
10,10
10,10
10,10
10,10
10,10
10,10
10,10
10,10
11,11
11,4
11,11
11,4
11,11
11,4
11,4
11,4
11,11
11,4
11,11
11,4
11,11
11,11
11,11
11,11
11,11
11,1
11,11
11,24
11,11
11,11
11,14
11,11
11,11
11,11
11,11
11,4
11,11
11,4
11,11
11,1
11,11
11,4
11,4
11,4
11,4
11,11
11,1
12,10
12,12
12,5
12,18
12,10
12,10
12,18
12,18
12,10
12,10
12,12
12,12
12,10
12,10
12,12
12,18
12,10
12,12
12,12
12,10
12,12
12,12
12,17
12,12
12,12
12,12
12,12
12,12
12,10
12,5
12,12
12,12
12,10
12,5
12,12
12,12
12,5
12,12
12,10
12,10
12,12
12,12
12,10
12,10
12,18
12,18
12,12
12,12
12,12
13,7
13,13
13,4
13,13
13,13
13,13
13,13
13,20
13,13
13,13
13,13
13,4
13,12
13,13
13,13
13,7
13,13
13,13
13,13
13,18
13,13
13,13
13,13
13,4
13,13
13,13
13,13
13,13
13,13
13,13
13,13
13,13
13,13
14,10
14,12
14,12
14,3
14,5
14,3
14,26
14,14
14,14
14,7
14,24
14,7
14,24
14,17
14,17
14,17
14,17
14,17
14,17
15,19
15,25
15,17
15,17
15,25
16,7
16,7
16,7
16,13
16,13
16,19
16,26
16,3
17,20
17,17
17,17
17,17
17,17
17,17
17,17
17,17
17,17
17,17
17,17
17,17
17,17
17,17
17,17
17,3
18,13
18,13
18,5
18,18
18,18
18,18
18,18
18,18
18,18
18,18
18,18
18,18
18,10
18,18
18,18
18,18
18,18
18,18
18,18
18,18
18,18
18,18
18,10
19,3
19,19
19,3
19,1
19,0
19,0
19,17
19,17
20,9
20,20
20,24
20,20
20,20
20,20
20,23
20,20
20,13
20,9
20,20
20,9
20,9
20,7
20,9
20,7
20,20
21,9
21,27
21,9
21,20
21,9
21,21
21,9
21,20
21,20
21,26
22,13
22,13
22,2
22,2
22,2
22,13
22,27
22,3
22,22
22,22
22,22
22,22
22,22
22,8
22,22
22,22
22,21
22,22
22,22
22,22
22,22
22,21
22,22
22,27
22,22
22,22
22,22
22,2
22,27
22,22
22,27
22,27
22,22
22,22
22,22
23,23
23,23
23,23
23,23
23,23
23,23
23,23
23,23
23,23
23,23
23,23
23,23
23,23
24,3
24,1
24,13
24,26
24,7
24,24
24,24
24,0
24,0
24,0
24,0
24,24
24,0
24,0
24,0
24,17
24,0
24,0
24,24
24,24
24,14
24,24
24,26
25,25
25,25
25,25
25,25
25,25
25,13
25,25
25,25
25,13
25,25
25,25
25,25
25,25
25,25
25,25
25,25
25,25
26,13
26,5
26,5
26,13
26,13
26,13
26,5
26,13
26,5
26,13
26,26
26,13
26,5
26,10
26,5
26,26
26,5
26,26
26,10
26,26
26,26
26,26
26,26
26,26
26,26
26,3
26,10
26,13
26,3
26,10
26,10
26,11
26,10
26,10
26,26
27,26
27,27
27,13
27,20
27,13
27,14
27,1
27,7
27,13
27,1
27,11
27,24
27,14
27,19
27,19
27,13
27,13
28,5
28,5
28,5
28,5
28,5
28,5
28,13
28,10
28,13
28,13
28,13
28,5
28,5
28,5
28,25
2,22
2,22
2,22
2,22
2,2
2,2
2,2
2,22
2,2
2,2
2,2
2,22
2,2
2,2
2,2
2,2
2,2
2,2
2,2
2,2
2,22
2,2
2,22
2,2
2,22
2,2
2,2
2,22
2,2
3,5
3,5
3,3
3,18
3,18
3,12
3,12
3,12
3,12
3,3
3,3
3,11
3,12
3,26
3,5
3,26
3,3
3,3
3,18
3,3
3,13
3,3
3,11
3,11
3,22
3,22
3,22
3,22
3,22
3,22
3,22
3,22
3,11
3,12
3,26
3,3
3,3
3,3
3,3
3,12
3,26
4,4
4,4
4,13
4,4
4,4
4,12
4,12
4,12
4,13
4,4
4,13
4,0
4,13
4,4
4,4
4,4
4,12
4,4
4,13
4,13
4,4
4,13
4,13
4,13
4,13
4,13
4,11
4,4
4,12
4,12
4,4
4,4
4,13
4,4
4,11
4,11
4,11
5,5
5,5
5,5
5,13
5,5
5,5
5,28
5,5
5,5
5,10
5,26
5,13
5,13
5,13
5,10
5,10
5,5
5,5
5,5
5,5
5,5
5,26
5,5
5,5
5,5
5,5
5,5
5,5
5,26
5,26
5,5
5,26
5,26
5,5
5,5
5,13
5,5
5,5
5,5
5,5
5,5
5,5
5,5
5,2
5,26
6,6
6,6
6,6
6,6
6,6
6,6
6,6
6,6
6,6
6,6
6,6
6,6
6,6
6,6
6,6
7,7
7,7
7,7
7,7
7,7
7,7
7,7
7,7
7,7
7,7
7,7
7,7
7,7
7,7
7,7
8,8
8,8
8,8
8,8
8,8
8,8
8,22
8,8
8,8
8,8
8,8
8,8
8,8
9,9
9,9
9,9
9,9
9,9
9,9
9,9
9,9
9,9
9,9
9,9
9,9
9,9
9,9
9,9
9,9
9,9
9,9
9,9
9,9
9,9
9,9
9,9
9,20
9,9
9,9
9,9
9,9
9,9
9,9
9,9
9,9
9,9
9,13
9,20
9,9
9,20
9,9
9,9
9,9
9,9
9,9
9,20
10,10
10,10
10,10
10,10
10,10
10,10
10,5
10,10
10,10
10,10
10,10
10,10
10,10
10,10
10,10
10,10
10,10
10,10
10,5
10,10
10,10
10,10
10,10
10,10
10,10
10,10
10,10
10,10
10,10
10,10
10,10
11,11
11,11
11,11
11,11
11,24
11,11
11,11
11,11
11,11
11,11
11,4
11,11
11,11
11,11
11,10
11,11
11,11
11,11
11,11
11,11
11,11
11,11
11,11
11,11
11,11
11,11
11,11
11,11
11,11
11,11
11,11
11,11
11,11
11,11
11,11
11,11
11,11
11,11
11,11
11,11
11,11
11,11
11,11
11,11
11,11
11,11
11,11
11,11
11,11
12,10
12,10
12,10
12,10
12,12
12,12
12,12
12,18
12,12
12,12
12,12
12,12
12,12
12,12
12,12
12,12
12,10
12,12
12,12
12,10
12,10
12,12
12,12
12,12
12,12
12,12
12,12
12,12
12,12
12,12
12,10
12,10
12,12
12,12
12,12
12,12
12,12
12,18
12,12
12,12
12,12
12,12
12,12
12,12
12,12
12,12
12,12
12,12
12,12
12,12
12,12
12,12
12,10
12,12
12,12
13,5
13,5
13,13
13,4
13,13
13,13
13,4
13,4
13,13
13,13
13,13
13,5
13,5
13,10
13,10
13,13
13,13
13,13
13,13
13,10
13,10
13,13
13,10
13,13
13,13
13,13
13,10
13,5
13,10
14,10
14,10
14,10
14,10
14,7
14,14
14,14
14,17
14,17
14,14
14,17
14,14
14,24
15,22
15,9
15,9
15,25
16,7
16,24
16,7
16,7
16,2
17,3
17,18
17,17
17,17
17,17
17,17
17,17
17,17
17,17
17,17
17,17
17,17
17,17
17,17
17,17
17,3
18,26
18,13
18,18
18,18
18,18
18,18
18,18
18,13
18,18
18,13
18,26
19,13
19,13
19,1
19,17
19,19
19,17
19,20
20,20
20,2
20,20
20,20
20,20
20,20
20,22
20,20
20,20
20,9
20,20
20,20
20,20
21,20
21,2
21,20
21,27
21,9
21,9
21,9
21,20
21,24
21,20
21,20
21,6
21,0
22,2
22,2
22,13
22,2
22,22
22,2
22,20
22,13
22,25
22,22
22,22
22,2
22,2
22,22
22,2
22,22
22,22
22,2
22,22
22,22
22,22
22,2
22,2
22,22
22,22
23,23
23,23
23,23
24,7
24,7
24,7
24,1
24,24
24,24
24,0
24,24
24,24
24,12
24,1
24,24
24,1
24,24
24,24
24,24
24,24
25,25
25,25
25,25
25,8
25,25
25,9
25,25
25,22
25,2
26,11
26,26
26,26
26,26
26,5
26,5
26,5
26,5
26,26
26,26
26,13
26,27
26,27
26,11
26,11
26,26
26,26
26,26
26,26
26,26
26,3
26,26
26,26
26,24
26,27
26,27
26,26
26,24
26,26
26,26
26,26
27,12
27,12
27,5
27,5
27,26
27,13
27,5
27,12
27,12
27,5
27,13
27,13
27,1
27,26
27,13
27,7
27,13
27,13
27,13
27,26
27,26
27,20
27,20
28,28
28,28
28,28
28,28
28,28
28,28
28,28
28,28
28,28
28,2
28,28
0,0
0,0
0,0
0,0
0,0
0,0
0,0
0,0
0,0
0,7
0,0
0,0
0,0
0,0
0,0
0,0
0,0
0,0
0,0
0,0
0,0
0,0
0,0
0,0
0,0
0,0
0,0
0,19
0,1
0,1
0,0
0,0
0,0
0,0
0,0
0,0
0,0
0,0
0,0
0,0
0,0
0,0
0,0
0,0
0,0
0,0
0,0
0,0
0,0
0,0
0,0
0,0
0,0
0,0
0,0
0,0
0,0
0,0
0,0
0,0
0,0
0,0
0,7
0,7
0,0
0,0
0,19
0,0
0,0
0,0
0,0
0,0
0,0
0,0
0,0
0,0
0,0
0,0
0,0
0,0
0,0
0,0
0,0
0,0
0,0
0,0
0,0
0,0
0,0
0,0
0,0
0,0
0,0
0,0
0,0
0,0
0,0
0,0
0,0
0,0
0,0
0,0
0,0
0,0
0,0
2,0
2,0
2,2
2,2
2,2
2,2
2,2
2,2
2,2
2,0
2,2
2,2
2,2
2,2
2,2
2,2
2,0
3,18
3,3
3,3
3,11
3,3
3,12
3,3
3,1
3,14
3,3
3,3
3,3
3,18
3,18
3,18
3,10
3,3
3,13
3,3
3,4
3,3
3,3
3,3
3,12
3,3
3,3
3,3
3,5
3,3
3,3
3,3
3,3
3,3
3,3
3,3
3,3
3,17
3,3
3,3
3,3
3,12
3,3
3,3
3,3
3,3
3,24
3,3
3,3
3,3
3,3
3,3
4,4
4,4
4,13
4,13
4,13
4,3
4,14
4,7
4,13
4,24
4,13
4,13
4,13
4,18
4,18
4,5
4,5
4,5
4,4
4,4
4,5
4,13
4,13
6,6
6,6
6,6
6,6
6,6
6,6
6,6
6,6
6,6
6,6
6,6
6,6
6,6
6,23
6,6
6,6
6,6
6,6
6,6
6,6
6,6
6,6
6,6
6,9
6,6
6,6
6,6
6,6
6,6
6,6
6,6
6,6
6,9
6,6
6,6
6,6
6,6
7,7
7,7
7,7
7,7
7,7
7,7
7,7
7,9
7,7
7,7
7,7
7,7
7,7
7,7
7,7
7,7
7,7
7,7
7,7
7,7
7,7
7,7
7,7
7,7
7,7
7,7
7,7
7,7
7,7
7,7
7,9
7,7
7,7
7,7
7,9
7,7
7,7
7,7
7,7
7,7
7,9
7,7
7,7
7,7
7,7
7,7
7,7
7,7
7,7
7,7
7,7
7,7
7,7
7,20
7,2
7,7
7,7
7,7
7,7
8,9
8,8
8,8
8,8
8,8
8,8
8,8
8,8
8,8
8,8
8,8
8,8
8,8
8,8
8,8
8,8
8,8
8,8
8,19
8,8
8,8
8,8
8,8
8,8
8,9
8,8
8,8
8,8
8,8
8,8
8,8
8,8
8,8
8,8
8,8
8,8
8,8
8,8
8,8
8,8
8,8
8,8
8,8
8,13
8,8
8,8
8,8
9,9
9,9
9,9
9,9
9,9
9,9
9,9
9,9
9,9
9,9
9,9
9,9
9,9
9,9
9,9
9,9
9,9
9,9
9,9
9,7
9,7
9,7
9,9
9,9
9,9
9,9
9,9
9,9
9,9
9,9
9,9
9,9
9,9
9,9
9,9
9,9
9,27
9,9
9,9
9,9
9,9
9,20
9,20
9,9
9,9
9,9
9,20
9,9
9,9
10,10
10,10
10,10
10,10
10,5
10,5
10,26
10,10
10,10
10,10
10,10
10,10
10,10
10,10
10,5
10,26
10,26
10,10
10,10
10,10
10,10
10,10
10,10
10,10
10,10
10,10
10,10
10,10
10,10
10,10
10,5
10,10
10,10
10,3
10,3
10,10
10,10
10,10
10,10
10,10
10,10
10,10
10,10
10,10
10,10
10,5
10,26
10,10
10,26
10,5
10,26
10,10
10,10
10,10
10,10
10,10
10,10
10,5
10,10
10,10
10,10
10,10
10,10
10,10
10,10
10,10
10,10
10,10
10,10
11,12
11,1
11,1
11,24
11,11
11,12
11,5
11,26
11,1
11,11
11,11
11,11
11,4
11,11
11,11
11,18
11,11
11,13
11,1
11,12
11,1
11,1
11,11
11,11
11,11
11,11
11,4
11,11
11,11
11,11
11,11
11,12
11,11
11,1
11,11
11,24
11,12
11,11
11,11
11,11
11,11
11,11
11,4
11,13
11,11
11,14
11,17
11,11
11,11
11,4
11,4
11,12
11,11
11,26
11,4
11,4
11,11
11,12
11,4
11,12
11,11
11,11
11,26
11,4
11,12
11,12
11,12
11,12
11,5
11,5
11,4
11,5
11,5
11,5
11,5
11,4
11,4
11,14
11,12
11,4
11,4
11,4
11,26
12,11
12,12
12,12
12,12
12,12
12,12
12,12
12,12
12,12
12,12
12,12
12,11
12,12
12,12
12,12
12,12
12,12
12,10
12,11
12,11
12,12
12,12
12,11
12,12
12,11
12,12
12,12
12,12
12,12
12,12
12,12
12,3
12,12
12,12
12,11
12,11
12,11
12,11
12,12
12,12
12,12
12,12
12,27
12,21
12,12
12,3
12,3
12,3
12,1
13,12
13,4
13,18
13,7
13,28
13,13
13,13
13,13
13,13
13,13
13,12
13,12
13,12
13,26
13,4
13,13
13,7
13,7
13,13
13,13
13,2
13,2
13,23
13,13
13,10
13,13
13,13
13,7
13,7
13,13
13,13
13,13
13,13
13,13
13,13
13,0
13,13
13,13
13,13
13,13
13,13
13,13
13,13
13,13
13,13
13,5
13,7
13,13
13,0
14,3
14,14
14,17
14,14
14,12
14,3
14,3
14,3
14,3
14,17
14,14
14,12
14,17
14,1
14,19
14,14
14,24
15,25
15,21
15,21
15,25
16,20
16,13
16,13
16,13
16,13
16,10
16,28
17,17
17,17
17,3
17,17
17,17
17,12
17,17
17,17
17,17
17,17
17,17
17,17
17,17
17,17
17,17
17,17
17,1
18,13
18,13
18,18
18,18
18,18
18,18
18,18
18,18
18,18
18,18
18,18
18,18
18,18
18,18
18,18
18,18
18,17
18,3
18,19
18,1
18,0
19,14
19,9
19,19
19,3
19,3
19,1
19,3
19,3
19,3
19,20
20,21
20,25
20,22
20,20
20,20
20,20
20,23
20,13
20,13
20,13
20,9
20,9
20,9
20,20
20,9
20,20
20,20
20,20
20,23
20,20
20,20
21,9
21,21
21,9
21,9
21,9
21,20
21,21
21,6
21,9
21,21
21,27
21,9
21,20
22,22
22,22
22,27
22,26
22,22
22,21
22,21
22,22
22,22
22,22
22,22
22,22
22,22
22,21
22,20
22,21
22,20
22,22
22,2
22,2
22,21
23,23
23,23
23,23
23,23
23,23
23,23
23,23
23,23
23,23
23,23
23,23
24,24
24,20
24,14
24,3
24,3
24,3
24,3
24,1
24,1
24,11
24,26
24,18
24,26
24,24
24,3
24,14
24,17
24,3
24,3
24,24
24,9
25,13
25,2
25,5
25,2
25,5
25,25
25,25
25,25
25,25
25,25
25,25
25,25
25,2
25,13
25,20
26,2
26,9
26,7
26,7
26,13
26,7
26,7
26,13
26,13
26,5
26,5
26,13
26,13
26,13
26,13
26,13
26,10
26,13
26,7
26,26
26,5
26,5
26,26
26,26
26,13
26,13
26,26
26,5
26,3
26,26
26,13
26,13
26,13
26,13
26,5
26,10
26,13
26,13
26,3
27,9
27,21
27,27
27,22
27,25
27,21
27,15
27,25
27,2
27,17
27,19
27,19
27,3
27,7
27,27
27,9
27,20
28,10
28,10
28,10
28,4
28,5
28,5
28,10
28,5
28,5
28,5
28,28
28,28
28,28
28,28
28,5
28,28
28,28
28,5
28,13
0,0
0,0
0,7
0,0
0,7
0,0
0,0
0,0
0,0
0,0
0,0
0,0
0,0
0,0
0,0
0,0
0,0
0,0
0,0
0,0
0,0
0,0
0,0
0,0
0,0
0,0
0,0
0,0
0,0
0,7
0,0
0,0
0,0
0,0
0,0
0,0
0,0
0,0
0,0
0,0
0,0
0,0
0,0
0,26
0,0
0,0
0,0
0,0
0,0
0,0
0,7
0,13
0,28
0,7
0,0
0,7
0,7
0,0
0,7
2,24
2,13
2,2
2,2
2,2
2,2
2,2
2,2
2,2
2,0
2,8
2,0
2,0
2,0
2,0
2,7
2,13
2,23
2,2
2,20
2,13
2,7
2,2
2,13
2,2
2,2
2,13
2,13
2,13
2,2
2,2
2,2
2,2
2,28
2,13
2,13
2,2
2,2
2,27
2,2
2,0
3,3
3,3
3,3
3,3
3,18
3,3
3,3
3,3
3,3
3,18
3,18
3,18
3,18
3,3
3,3
3,17
3,3
3,3
3,3
3,3
3,3
3,18
3,3
3,3
3,3
3,3
3,3
3,3
3,3
3,18
3,3
3,18
3,3
3,3
3,18
3,3
3,3
3,3
3,3
3,3
3,3
3,18
3,3
3,3
3,25
3,3
3,25
3,3
3,3
4,4
4,4
4,4
4,4
4,4
4,5
4,4
4,4
4,4
4,4
4,4
4,4
4,10
4,10
4,10
4,11
4,4
4,10
4,10
4,4
4,19
4,18
4,4
4,10
4,10
4,10
4,4
4,4
4,4
4,10
4,4
4,13
4,4
4,4
4,4
4,11
4,11
4,1
4,4
4,4
4,4
4,4
4,11
4,18
4,4
4,4
4,4
4,4
4,10
4,4
4,4
4,4
4,4
4,4
4,13
4,4
4,4
4,10
4,4
6,6
6,7
6,6
6,9
6,6
6,6
6,6
6,6
6,9
6,6
6,6
6,2
6,6
6,8
6,6
6,6
6,4
6,6
6,9
6,6
6,6
6,6
6,6
6,6
6,6
6,6
6,6
6,6
6,6
6,6
6,6
6,6
6,6
6,6
6,6
6,6
6,6
6,6
6,6
7,9
7,9
7,7
7,20
7,7
7,7
7,7
7,7
7,7
7,7
7,9
7,7
7,20
7,13
7,9
7,20
7,7
7,7
7,20
8,8
8,8
8,8
8,8
8,8
8,9
8,8
8,8
8,8
8,8
8,8
8,8
8,8
8,9
8,8
8,8
8,8
8,8
8,8
8,8
8,8
8,8
8,8
8,9
8,19
8,15
8,8
8,8
8,8
8,8
8,23
8,8
8,8
9,9
9,9
9,9
9,20
9,9
9,9
9,9
9,8
9,9
9,9
9,9
9,21
9,9
9,9
9,9
9,9
9,9
9,9
9,9
9,9
9,9
9,8
9,9
9,8
9,9
9,9
9,8
9,9
9,8
9,9
9,9
9,9
9,9
9,8
9,9
9,9
9,9
9,9
9,9
9,9
9,9
9,9
9,9
9,9
9,9
9,9
9,9
9,9
9,8
9,9
9,9
9,9
9,9
10,10
10,10
10,10
10,10
10,10
10,10
10,10
10,10
10,5
10,28
10,10
10,10
10,10
10,10
10,10
10,10
10,10
10,10
10,10
10,10
10,28
10,10
10,10
10,10
10,10
10,10
10,10
10,10
10,10
10,10
10,10
10,10
10,10
10,10
10,10
10,10
10,10
10,10
10,10
10,10
10,10
10,10
10,5
10,28
10,10
10,10
10,10
10,10
10,10
10,10
10,10
10,10
10,10
10,10
10,10
10,10
10,10
10,13
10,5
10,10
10,10
11,11
11,11
11,11
11,11
11,11
11,11
11,11
11,11
11,11
11,11
11,17
11,17
11,11
11,11
11,11
11,11
11,11
11,11
11,11
11,11
11,11
11,11
11,11
11,11
11,11
11,11
11,11
11,11
11,11
11,11
11,11
11,11
11,11
11,11
11,11
11,17
11,17
11,11
11,11
11,11
11,11
11,11
11,11
11,11
11,11
11,11
11,11
11,11
11,11
11,11
11,11
12,12
12,12
12,12
12,10
12,18
12,18
12,12
12,12
12,12
12,18
12,12
12,10
12,12
12,12
12,12
12,12
12,12
12,12
12,12
12,11
12,18
12,18
12,10
12,10
12,12
12,18
12,12
12,12
12,12
13,13
13,13
13,25
13,25
13,25
13,25
13,13
13,13
13,13
13,2
13,13
13,25
13,18
13,25
13,2
13,4
13,25
13,13
13,28
13,13
13,13
13,4
13,13
13,13
13,13
13,25
13,25
13,25
13,5
13,5
13,25
13,25
13,25
13,4
13,25
13,13
13,5
13,4
13,5
13,13
13,5
13,13
13,13
14,18
14,28
14,4
14,5
14,4
14,17
14,17
14,1
14,17
14,17
14,17
14,17
14,17
14,17
14,17
14,17
14,17
14,17
14,19
14,18
14,25
15,25
15,22
15,25
15,25
15,8
16,13
16,8
16,5
16,20
16,9
16,8
16,22
17,25
17,25
17,25
17,25
17,17
17,17
17,18
17,4
17,11
17,11
17,11
17,11
17,10
17,11
17,17
17,10
17,18
17,18
17,18
17,18
17,18
17,18
17,18
17,18
17,10
17,10
17,18
17,19
17,18
17,25
17,25
17,3
17,25
18,25
18,18
18,18
18,25
18,18
18,18
18,18
18,18
18,18
18,25
18,18
18,18
18,25
18,25
18,25
18,17
18,18
18,25
18,3
18,18
19,25
19,25
19,17
19,17
19,17
19,10
19,17
19,25
19,20
19,25
19,25
19,8
19,13
19,4
19,25
20,9
20,9
20,7
20,20
20,20
20,20
20,9
20,9
20,9
20,21
20,8
20,9
20,25
21,22
21,22
21,25
21,22
21,25
21,22
21,22
21,22
21,22
21,25
21,25
21,25
21,25
21,20
21,21
21,9
21,20
21,21
21,20
21,22
21,20
22,22
22,22
22,22
22,22
22,22
22,22
22,22
22,22
22,22
22,22
22,22
22,22
22,22
22,22
22,22
22,22
22,22
22,22
22,10
23,23
23,23
23,23
23,23
23,23
23,23
23,23
23,23
23,23
23,23
23,23
23,23
23,23
23,23
23,23
24,7
24,7
24,7
24,13
24,18
24,1
24,1
24,1
24,1
24,1
24,1
24,1
24,11
24,1
24,1
24,11
24,1
24,0
24,11
24,10
24,1
24,24
24,13
24,24
24,24
24,7
24,7
24,13
24,7
24,7
24,24
24,7
24,11
24,7
24,7
24,7
24,13
24,13
24,13
25,11
25,25
25,18
25,25
25,13
25,25
25,3
25,25
25,25
25,25
25,25
25,26
25,26
25,13
25,3
25,17
25,19
25,3
25,4
25,4
25,4
26,13
26,26
26,25
26,25
26,25
26,8
26,22
26,25
26,25
26,25
26,22
26,25
26,22
26,25
26,25
26,25
26,25
27,22
27,22
27,22
27,22
27,20
27,9
27,26
27,26
27,3
27,3
27,3
27,3
27,26
27,26
27,26
27,26
27,9
27,27
27,9
27,21
28,28
28,28
28,28
28,5
28,28
28,10
28,28
28,28
28,11
28,10
28,28
28,10
28,28
28,5
28,5
28,5
28,28
28,10
28,28
28,10
28,11
28,28
28,11
28,11
28,4
28,10
28,10
28,11
28,11
28,28
28,11
28,11
28,11
28,28
28,28
28,4
28,28
28,28
28,28
28,28
28,28
28,13
28,28
28,28
28,5
0,0
0,0
0,0
0,0
0,0
0,0
0,0
0,0
0,0
0,0
0,0
0,0
0,0
0,0
0,0
0,0
0,0
0,0
0,0
0,0
0,0
0,0
0,0
0,0
0,0
0,0
0,0
0,0
0,0
0,0
0,0
0,0
0,0
0,0
0,0
0,0
0,0
0,0
0,0
0,0
0,0
0,0
0,0
0,0
0,0
0,0
0,0
0,0
0,0
0,0
0,0
0,0
0,0
0,0
0,0
0,0
0,0
0,0
0,0
0,0
0,0
0,0
0,0
0,0
0,0
0,0
0,0
0,0
0,0
0,0
0,0
0,0
0,0
0,0
0,0
0,0
0,0
0,0
0,0
0,0
0,0
0,0
0,0
0,0
0,0
0,1
0,0
0,0
0,0
0,0
0,0
0,0
0,0
0,0
0,0
0,0
0,0
0,0
0,0
0,0
0,0
0,0
0,0
0,0
0,0
0,0
0,0
0,0
0,0
0,0
0,0
0,0
0,0
0,0
0,0
0,0
0,0
0,0
0,0
0,0
0,0
0,0
0,0
0,0
0,0
0,0
0,0
0,0
0,0
0,0
0,0
0,1
0,0
0,0
0,0
0,0
0,0
0,0
0,0
0,0
0,0
0,0
0,0
0,0
0,0
0,0
0,0
0,0
0,0
0,0
0,0
0,0
0,0
0,0
0,0
0,0
0,0
0,0
0,0
0,0
0,0
0,0
0,0
0,0
0,0
0,2
0,0
0,0
0,0
0,0
0,0
0,0
0,0
0,0
0,0
0,0
0,0
0,0
0,0
0,0
0,0
0,0
0,0
0,0
0,0
0,0
2,2
2,2
2,2
2,2
2,2
2,2
2,22
2,2
2,13
2,2
2,2
2,2
2,2
2,2
2,2
2,2
2,13
2,2
2,2
2,2
2,2
2,2
2,2
2,2
2,2
2,2
2,2
2,22
2,25
2,22
2,2
2,2
2,27
2,2
2,27
2,26
2,27
2,27
2,2
2,2
2,25
2,2
2,2
2,2
2,2
2,2
2,28
2,2
2,2
2,2
2,2
2,2
2,13
2,13
2,2
2,13
2,25
2,25
2,2
2,13
2,5
2,10
2,10
2,10
2,10
2,10
2,5
2,2
2,2
2,2
2,2
2,13
2,2
7,7
7,7
7,7
7,7
7,7
7,13
7,13
7,7
7,20
7,7
7,7
7,19
7,7
7,7
7,7
7,7
7,7
7,7
7,7
7,7
7,7
7,7
7,7
7,7
7,7
7,7
7,7
7,7
7,7
7,7
7,7
7,7
7,7
7,7
7,7
7,7
7,7
7,13
7,7
7,7
7,7
7,7
7,7
7,7
7,7
7,7
7,7
7,7
7,7
7,7
7,7
7,7
7,7
7,7
7,7
7,7
7,1
7,7
7,7
7,9
7,7
7,7
7,7
7,7
7,9
7,7
7,7
7,9
7,7
7,7
7,7
7,7
7,7
7,7
7,7
7,20
7,20
7,7
7,7
10,10
10,10
10,10
10,10
10,10
10,10
10,10
10,10
10,10
10,10
10,10
10,10
10,10
10,10
10,10
10,10
10,10
10,10
10,10
10,10
10,10
10,10
10,10
10,10
10,10
10,10
10,10
10,10
10,10
10,10
10,26
10,26
10,3
10,26
10,26
10,26
10,10
10,10
10,10
10,10
10,10
10,10
10,10
10,10
10,10
10,10
10,10
10,10
10,10
10,10
10,10
10,10
10,10
10,10
10,10
10,10
10,10
10,10
10,10
10,10
10,10
10,10
10,10
10,10
10,10
10,10
10,10
10,10
10,10
10,10
10,10
10,10
10,10
10,10
10,10
10,10
10,10
10,10
10,10
10,10
10,10
10,10
10,10
10,10
10,10
10,10
10,10
10,10
10,10
10,10
10,10
10,10
10,10
10,10
10,26
10,26
10,10
10,10
10,10
10,10
10,10
10,10
10,10
10,10
10,10
10,10
10,10
10,10
10,10
10,10
10,10
10,10
10,10
10,10
10,10
10,10
10,10
10,10
10,10
10,10
10,10
10,10
10,10
10,10
10,10
10,10
10,10
10,10
10,10
10,10
10,10
10,10
10,10
10,10
10,10
10,10
10,10
10,10
10,10
10,10
10,10
10,10
10,10
10,10
10,10
10,10
10,10
10,10
10,10
10,10
11,25
11,25
11,25
11,25
11,25
11,13
11,25
11,19
11,4
11,13
11,13
11,11
11,3
11,17
11,22
12,12
12,12
12,14
12,12
12,20
12,12
12,19
12,4
12,10
12,13
12,7
12,12
12,20
12,12
12,12
12,24
12,20
12,12
12,20
12,14
12,12
12,23
12,12
13,20
13,20
13,21
13,22
13,22
13,22
13,20
13,25
13,25
13,13
13,13
14,13
14,20
14,20
14,20
14,20
14,20
14,20
14,17
14,14
14,20
14,9
14,7
14,7
15,17
15,3
15,17
15,19
15,17
15,14
15,3
15,3
15,19
15,27
17,13
17,25
17,5
17,13
17,25
19,25
19,25
19,25
19,25
19,5
19,25
19,25
20,17
20,17
20,17
20,17
20,17
20,17
20,17
20,17
20,17
20,17
20,17
20,17
20,17
20,17
20,17
20,17
20,17
20,17
20,17
20,17
20,17
20,17
20,17
20,17
20,17
20,17
20,17
20,17
20,17
20,17
20,17
20,17
20,17
20,17
20,17
20,17
20,17
20,17
20,17
20,17
20,17
20,17
20,17
20,17
20,17
20,17
20,17
20,17
20,17
20,17
20,17
20,17
20,17
20,17
20,17
20,17
20,17
20,17
20,17
20,17
20,17
20,17
20,17
20,17
20,17
20,17
20,17
20,17
20,17
20,14
20,20
20,12
20,12
20,12
20,17
20,14
20,17
21,21
21,22
21,21
21,22
21,22
21,21
21,21
21,21
21,21
21,21
21,22
21,22
21,22
21,21
21,12
21,11
21,26
21,26
21,13
21,21
21,21
21,21
21,22
21,21
21,21
21,21
21,21
21,21
21,21
21,22
21,22
21,22
21,22
21,22
21,22
21,26
21,24
21,11
21,21
21,21
21,21
21,21
21,21
21,21
21,22
21,22
21,21
21,21
21,21
21,21
21,24
21,21
21,22
21,22
21,21
21,12
21,21
21,21
21,21
21,21
21,12
21,26
21,21
21,21
21,21
21,21
21,21
21,22
21,21
22,22
22,22
22,22
22,22
22,22
22,22
22,22
22,22
22,22
22,22
22,22
22,22
22,22
22,22
22,22
22,22
22,22
22,22
22,22
22,22
22,22
22,22
22,22
22,22
22,22
22,22
22,22
22,22
22,22
22,22
22,22
22,22
22,22
22,22
22,22
22,22
22,22
22,22
22,22
22,22
22,22
22,22
22,22
22,22
22,22
22,22
22,22
22,22
22,22
23,23
23,23
23,23
23,23
23,23
23,23
23,10
23,23
23,23
23,23
23,23
23,23
23,23
23,23
23,23
23,23
23,23
23,23
23,23
23,23
23,23
23,23
23,23
23,23
23,23
23,10
23,23
23,23
23,23
23,23
23,23
23,23
23,23
23,23
23,23
23,10
23,23
23,10
23,23
23,10
23,23
23,23
23,23
23,23
23,23
23,12
23,12
23,23
23,23
23,23
23,23
23,23
23,23
23,23
23,23
23,23
23,23
23,23
23,23
23,23
23,23
23,23
23,23
23,23
23,23
23,23
23,23
23,23
23,23
23,23
23,23
23,23
23,23
23,23
23,23
23,23
23,23
23,23
23,23
23,23
23,23
23,23
23,23
23,23
23,23
23,23
23,23
23,23
23,23
6,6
6,6
6,6
6,6
6,6
6,6
6,6
6,6
6,6
6,6
6,6
6,6
6,6
6,6
6,6
6,6
6,6
6,6
6,6
6,6
6,6
6,6
6,6
6,6
6,6
6,6
6,6
0,0
0,0
0,0
0,0
0,0
0,0
0,0
0,0
0,0
0,0
0,0
0,0
0,0
0,0
0,0
0,0
0,0
0,0
0,0
0,0
0,0
0,0
0,0
0,0
0,0
0,0
0,0
0,0
0,0
0,0
0,0
0,0
0,0
0,0
0,0
0,0
0,0
0,0
0,0
0,0
0,0
0,0
0,0
0,0
0,0
0,0
0,0
0,0
0,0
0,0
0,0
0,0
0,0
0,0
0,0
0,0
0,0
0,0
0,0
0,0
0,0
0,0
0,0
0,0
0,0
0,0
0,0
0,0
0,0
0,0
0,0
0,0
0,0
0,0
0,0
0,0
0,0
0,0
0,0
0,0
0,0
0,0
0,0
0,0
0,0
0,0
0,0
0,0
0,0
0,0
0,0
0,0
0,0
0,0
0,0
0,0
0,0
0,0
0,0
0,0
0,0
0,0
0,0
0,0
0,0
0,0
0,0
0,0
0,0
0,0
0,0
0,21
0,3
0,24
0,24
0,0
0,0
0,0
0,0
0,0
0,0
0,0
0,0
0,0
0,0
0,0
0,0
0,0
0,0
0,0
0,0
0,0
0,0
0,0
0,0
0,0
0,0
0,0
0,0
0,0
0,0
0,0
0,0
0,0
0,0
0,0
0,0
0,0
0,0
0,0
0,0
0,0
0,0
0,0
0,0
0,0
0,0
0,0
0,0
0,0
0,0
0,0
0,0
0,7
1,1
1,1
1,1
1,1
1,1
1,1
1,1
1,1
1,10
1,1
1,10
1,10
1,1
1,1
1,1
1,1
1,1
1,1
1,1
1,1
1,1
1,1
1,3
1,3
1,1
1,1
1,1
1,1
1,1
1,1
1,10
1,10
1,3
1,12
1,1
1,1
1,1
1,1
1,1
1,1
1,1
1,1
1,1
1,1
1,1
1,1
1,1
1,1
1,1
1,1
1,1
1,1
1,1
1,12
1,12
1,1
1,1
1,1
1,1
1,1
1,1
1,1
1,1
1,1
1,1
1,1
1,1
1,1
1,1
1,1
1,1
1,1
1,1
1,1
1,1
1,1
1,1
1,1
1,1
1,1
1,1
1,1
1,1
1,1
1,1
1,1
1,1
1,1
1,1
1,1
1,1
1,1
1,1
1,1
1,0
1,1
1,1
1,1
1,10
1,10
1,10
1,10
1,10
1,3
1,3
1,1
1,1
1,1
1,1
1,1
1,1
1,1
1,1
1,1
1,1
1,1
1,1
1,1
1,1
1,1
1,1
1,1
1,11
1,11
1,1
1,1
1,10
1,3
1,10
1,1
1,1
1,0
1,1
1,24
1,1
1,1
1,1
1,1
1,1
1,1
1,1
1,1
1,1
1,1
1,1
1,1
1,0
1,1
1,1
1,1
1,1
1,1
1,1
1,1
1,1
1,1
1,1
1,1
1,1
1,1
1,1
1,1
1,1
1,1
1,0
1,1
1,1
1,1
1,1
1,1
1,1
1,1
1,1
1,1
1,1
1,1
1,1
1,1
1,1
1,1
1,1
1,1
1,0
1,1
1,1
1,1
1,1
1,1
1,1
1,1
1,1
1,1
1,1
1,1
1,1
1,1
1,1
1,1
1,1
1,1
1,1
1,1
1,1
1,0
1,0
1,3
1,1
1,1
1,1
1,1
1,1
1,1
1,1
1,12
1,1
1,1
1,1
1,1
1,1
1,1
1,1
1,1
1,1
1,1
1,1
1,1
1,1
1,1
1,1
1,1
1,1
1,1
1,1
1,1
1,1
1,1
1,1
1,1
1,1
1,1
1,1
1,1
1,1
1,1
1,1
1,1
1,1
1,1
1,1
1,1
1,1
1,1
1,1
1,1
1,0
1,0
2,2
2,2
2,2
2,2
2,2
2,2
2,2
2,2
2,2
2,22
2,2
2,2
2,2
2,13
2,2
2,27
2,2
2,2
2,2
2,2
2,2
2,2
2,2
2,2
2,2
2,2
2,2
2,2
2,2
2,2
2,2
2,26
2,2
2,2
2,2
2,2
2,22
2,2
2,23
2,2
2,2
2,22
2,2
2,2
2,6
2,6
2,2
2,2
2,2
2,2
2,22
2,2
2,22
2,23
2,6
2,22
2,2
2,2
2,2
2,2
2,2
2,2
2,22
2,2
2,22
2,2
2,22
2,2
2,2
2,21
2,2
2,2
2,2
2,2
2,2
2,2
2,2
2,2
2,2
2,2
2,2
2,2
2,2
2,2
2,2
2,22
3,3
3,3
3,3
3,17
3,17
3,3
3,11
3,3
3,3
3,3
3,17
3,17
3,3
3,11
3,3
3,3
3,3
3,12
3,3
3,11
3,12
3,12
3,3
3,1
3,3
3,3
3,3
3,3
3,3
3,3
3,3
3,3
3,1
3,1
3,3
3,3
3,3
3,17
3,3
3,3
3,1
3,1
3,1
3,3
3,3
3,3
3,17
3,3
3,3
3,3
3,3
3,3
3,3
3,3
3,10
3,25
3,3
3,3
3,3
3,3
3,25
3,3
3,3
3,3
3,18
3,3
3,3
3,3
3,10
3,3
3,3
3,3
3,18
3,3
3,25
3,3
3,3
3,3
3,18
3,18
3,3
3,3
3,3
3,10
3,3
3,3
3,3
3,18
3,3
3,3
3,3
3,22
3,10
3,25
3,3
3,3
3,18
3,18
3,10
3,3
3,3
3,25
3,25
3,3
3,3
3,18
3,18
3,3
3,3
3,3
3,25
3,25
4,4
4,4
4,4
4,18
4,18
4,5
4,5
4,5
4,5
4,18
4,12
4,4
4,4
4,4
4,4
4,18
4,12
4,12
4,12
4,5
4,5
4,18
4,18
4,13
4,4
4,4
4,24
4,13
4,4
4,5
4,12
4,13
4,4
4,11
4,4
4,4
4,4
4,4
4,13
4,13
4,4
4,4
4,4
4,5
4,12
4,12
4,12
4,18
4,4
4,13
4,4
4,4
4,5
4,13
4,13
4,4
4,4
4,4
4,4
4,4
4,25
4,22
4,25
4,4
4,4
4,4
4,25
4,4
4,4
4,5
4,22
4,28
4,4
4,4
4,4
4,4
4,4
4,25
4,4
4,4
4,4
4,4
4,4
4,4
4,4
4,4
4,4
4,4
4,4
4,4
4,4
4,4
4,4
4,25
4,4
4,4
4,4
4,4
4,4
4,4
4,4
4,4
4,4
4,4
4,25
4,25
5,5
5,10
5,5
5,10
5,5
5,5
5,10
5,5
5,5
5,5
5,5
5,5
5,5
5,10
5,5
5,5
5,5
5,5
5,5
5,5
5,5
5,5
5,5
5,5
5,5
5,5
5,5
5,5
5,13
5,5
5,5
5,18
5,5
5,5
5,5
5,5
5,13
6,6
6,6
6,6
6,6
6,6
6,6
6,6
6,6
6,6
6,6
6,6
6,7
6,6
6,6
6,6
6,6
6,6
6,6
6,6
6,6
6,6
6,6
6,6
6,6
6,6
6,6
6,6
6,6
6,6
6,6
6,6
6,6
6,6
6,6
6,6
6,6
6,6
6,6
6,6
6,6
6,6
6,6
6,6
6,6
6,6
6,6
6,6
6,6
6,6
6,6
6,6
6,6
6,6
6,6
6,6
6,6
6,6
6,6
6,6
6,6
6,6
6,7
6,6
6,6
6,6
6,6
7,20
7,7
7,7
7,20
7,23
7,7
7,20
7,7
7,7
7,7
7,20
7,7
7,7
7,7
7,7
7,7
7,7
7,7
7,7
7,7
7,7
7,7
7,7
7,7
7,7
7,7
7,7
7,7
7,7
7,7
7,7
7,7
7,7
7,7
7,7
7,7
7,7
7,7
7,7
7,7
7,7
7,7
7,7
7,7
7,7
7,7
7,7
7,7
7,7
7,7
7,7
7,7
7,7
7,7
7,7
7,7
7,7
7,13
7,7
7,7
7,7
7,7
7,7
7,7
7,7
7,7
7,7
7,7
7,7
7,7
7,7
7,7
7,7
7,7
7,7
7,7
7,7
7,7
7,7
7,7
7,7
7,7
7,7
7,7
7,7
7,7
7,7
7,7
7,7
7,7
7,7
7,7
7,7
7,7
7,7
7,7
7,7
7,7
7,7
7,7
7,7
7,7
7,7
7,7
7,7
7,7
7,7
7,7
7,7
7,7
7,7
7,7
7,7
7,7
7,7
7,7
7,7
7,7
7,7
7,7
7,7
7,7
8,8
8,8
8,8
8,8
8,8
8,8
8,8
8,8
8,8
8,8
8,8
8,8
8,8
8,8
8,8
8,8
8,8
8,8
8,8
8,8
8,8
8,8
8,8
8,8
8,8
8,8
8,4
8,8
8,8
8,8
8,8
8,8
8,9
8,8
8,9
8,8
8,8
8,8
8,8
8,8
8,8
8,8
8,8
8,8
8,8
8,8
8,8
8,8
8,8
8,8
8,8
8,8
8,8
8,8
8,8
8,8
8,8
8,8
8,8
8,8
8,8
8,8
8,8
8,8
8,8
8,8
8,8
8,8
8,8
8,8
8,8
8,8
8,8
8,8
8,8
8,8
8,8
8,8
8,8
8,8
9,9
9,9
9,9
9,9
9,9
9,9
9,9
9,9
9,9
9,9
9,9
9,9
9,9
9,9
9,9
9,7
9,9
9,9
9,9
9,9
9,9
9,9
9,9
9,9
9,9
9,9
9,9
9,9
9,9
9,9
9,9
9,9
9,9
9,9
9,9
9,9
9,9
9,9
9,9
9,9
9,9
9,9
9,9
9,9
9,9
9,15
9,8
9,8
9,9
9,8
9,9
9,9
9,9
9,9
9,25
9,22
9,9
9,9
9,9
9,9
9,9
9,9
9,9
9,9
9,9
9,9
9,9
9,7
9,9
9,9
9,9
9,9
9,7
9,9
9,7
9,9
9,9
9,7
9,9
9,9
9,9
9,9
9,7
9,9
9,9
9,8
9,9
9,9
9,9
9,9
9,7
9,9
9,9
9,9
9,7
9,9
9,9
9,9
9,9
9,7
9,9
9,9
9,9
9,9
9,9
9,9
9,9
9,9
9,9
9,9
9,9
9,8
9,17
9,9
9,9
9,9
9,7
9,9
9,14
9,7
9,9
9,9
9,9
9,9
9,9
9,9
9,9
9,9
9,9
9,9
9,9
9,9
9,8
9,8
9,9
9,8
9,8
9,8
10,10
10,10
10,10
10,10
10,10
10,10
10,10
10,10
10,10
10,10
10,10
10,10
10,10
10,10
10,10
10,10
10,10
10,10
10,10
10,10
10,10
10,10
10,10
10,10
10,10
10,25
10,26
10,10
10,10
10,10
10,10
10,10
10,10
10,10
10,10
10,10
10,10
10,10
10,10
10,10
10,10
10,10
10,10
10,10
10,10
10,10
10,10
10,10
10,10
10,10
10,10
10,10
10,25
10,10
10,10
10,10
10,10
10,10
10,10
10,10
10,10
10,10
10,10
10,10
10,10
10,10
10,10
10,10
10,10
10,10
10,10
10,10
10,10
10,10
10,10
10,10
10,10
10,10
10,10
10,10
10,10
10,10
10,10
10,10
10,10
10,10
10,10
10,10
10,10
10,10
10,10
10,10
10,10
10,25
10,25
10,25
10,10
10,10
10,10
10,10
10,10
10,10
10,10
10,10
10,10
10,10
10,10
10,10
10,25
10,10
10,10
10,10
10,10
10,10
10,10
10,10
10,10
10,10
10,10
10,10
10,10
10,10
10,10
10,10
10,10
10,10
10,10
10,10
10,25
10,4
10,10
10,10
10,10
10,10
10,10
10,10
10,10
10,10
10,10
10,10
10,10
10,10
10,10
10,10
10,25
10,10
10,10
10,10
10,10
10,10
10,10
10,10
10,10
10,10
10,10
10,10
10,10
10,10
10,10
10,10
10,25
10,10
10,25
10,10
10,10
10,10
10,10
10,10
10,10
10,10
10,10
10,10
10,10
10,10
10,10
10,10
10,10
10,10
10,10
10,10
10,10
10,10
10,10
10,10
10,10
10,22
10,22
10,10
10,10
10,10
10,10
10,10
10,10
10,10
10,10
10,10
10,10
10,10
10,10
10,10
10,10
10,10
10,10
10,10
10,10
10,10
10,10
10,10
10,10
10,10
10,10
10,10
10,10
10,10
10,10
10,10
10,27
10,4
10,0
11,11
11,11
11,11
11,11
11,11
11,11
11,10
11,11
11,10
11,11
11,11
11,11
11,11
11,10
11,11
11,11
11,11
11,11
11,11
11,11
11,11
11,11
11,11
11,10
11,11
11,11
11,11
11,10
11,11
11,10
11,10
11,10
11,3
11,11
11,3
11,3
11,11
11,12
11,10
11,10
11,10
11,12
11,11
11,11
11,11
11,10
11,11
11,11
11,10
11,11
11,11
11,11
11,11
11,11
11,18
11,18
11,11
11,11
11,11
11,11
11,11
11,11
11,11
11,18
11,11
11,11
11,11
11,11
11,11
11,11
11,11
11,11
11,1
11,11
11,11
11,11
11,11
11,11
11,11
11,11
11,11
11,11
11,11
11,11
11,11
11,11
11,11
11,11
11,11
11,11
11,10
11,11
11,11
11,11
11,11
11,11
11,11
11,17
11,11
11,3
11,11
11,11
11,11
11,11
11,11
11,10
11,11
11,11
11,17
11,11
11,11
11,18
11,11
11,11
11,11
11,4
11,11
11,11
11,11
11,11
11,11
11,11
11,11
11,11
11,11
11,1
11,1
11,11
12,12
12,12
12,12
12,12
12,12
12,12
12,12
12,12
12,12
12,12
12,12
12,12
12,12
12,12
12,12
12,12
12,12
12,12
12,12
12,12
12,12
12,12
12,12
12,12
12,12
12,12
12,12
12,12
12,12
12,12
12,12
12,12
12,12
12,12
12,12
12,12
12,12
12,12
12,12
12,12
12,12
12,12
12,12
12,12
12,12
12,12
12,12
12,12
12,12
12,12
12,12
12,12
12,12
12,12
12,12
12,12
12,12
12,12
12,12
12,17
12,11
12,12
12,12
12,12
12,11
12,12
12,12
12,12
12,12
12,12
12,17
12,12
12,11
12,12
12,17
12,17
12,12
12,12
12,12
12,12
12,12
12,12
12,17
12,12
12,17
12,17
12,17
12,12
12,11
12,17
12,11
12,11
12,3
12,20
12,27
12,4
12,12
12,12
12,11
12,12
13,7
13,13
13,26
13,26
13,26
13,11
13,11
13,13
13,13
13,13
13,13
13,5
13,5
13,26
13,26
13,11
13,11
13,11
13,18
13,13
13,13
13,13
13,13
13,13
13,5
13,26
13,26
13,5
13,10
13,5
13,5
13,26
13,27
13,13
13,13
13,13
13,5
13,26
13,13
13,13
13,13
13,13
13,13
13,13
13,13
13,13
13,13
13,13
13,13
13,13
13,13
13,13
13,13
13,10
13,5
13,25
13,18
13,13
13,7
13,13
13,13
13,13
13,13
13,13
13,13
13,13
13,26
13,13
13,13
13,4
13,18
13,13
13,13
13,13
13,18
13,13
13,13
13,13
13,13
13,13
13,26
13,26
13,11
13,1
13,4
13,4
13,4
13,11
13,18
13,3
13,13
13,13
13,4
13,13
13,13
13,10
13,10
13,13
13,13
13,13
13,4
13,4
13,13
13,4
13,13
13,13
13,13
13,13
13,13
13,13
13,26
13,13
13,26
13,13
13,13
13,13
13,13
13,5
13,5
13,13
13,13
13,11
13,4
13,13
13,13
13,13
13,13
13,4
13,11
13,1
13,13
13,13
13,26
13,13
13,13
13,13
13,13
13,4
13,11
13,11
13,13
13,13
14,11
14,10
14,11
14,10
14,10
14,10
14,11
14,11
14,11
14,10
14,10
14,17
14,17
14,1
14,12
14,12
15,25
15,22
15,25
15,22
15,9
15,22
15,25
15,25
15,25
15,25
15,25
15,3
15,3
15,25
15,25
15,25
15,25
15,3
15,25
15,25
15,3
15,25
15,25
15,4
16,25
16,4
16,25
16,5
16,2
16,13
16,13
16,25
16,26
16,18
16,13
16,8
16,22
16,27
16,25
16,5
16,28
16,4
17,3
17,3
17,17
17,17
17,17
17,17
17,17
17,17
17,17
17,17
17,17
17,17
17,17
17,17
17,17
17,17
17,17
17,17
17,17
17,17
17,17
17,17
17,17
17,17
17,17
17,17
17,17
17,17
17,17
17,17
17,17
17,17
17,17
17,17
17,17
17,17
17,17
17,17
17,17
17,17
17,17
17,17
17,17
17,17
17,17
17,17
17,17
17,17
17,17
17,3
17,1
17,17
17,17
17,17
17,17
17,17
17,17
17,17
17,3
17,17
17,17
17,17
17,17
17,17
17,17
17,17
17,17
17,17
17,17
17,17
17,17
17,17
17,17
17,1
17,1
17,11
17,3
17,3
17,3
17,17
17,17
17,17
17,3
17,17
17,3
17,3
17,18
17,17
17,17
17,17
17,17
17,17
17,17
17,17
17,17
17,17
17,17
17,17
17,17
17,17
17,1
17,14
17,18
17,3
18,26
18,3
18,18
18,18
18,17
18,18
18,18
18,18
18,18
18,18
18,18
18,18
18,18
18,18
18,18
18,18
18,18
18,18
18,18
18,18
18,18
18,18
18,3
18,18
18,3
18,3
18,3
18,3
18,25
18,18
18,18
18,18
18,18
18,18
18,18
18,18
18,18
18,18
18,18
18,10
18,3
18,25
19,24
19,21
19,14
19,14
19,17
19,17
19,18
19,17
19,17
19,17
19,17
19,17
19,17
19,14
19,7
19,25
19,25
19,25
19,25
19,17
19,17
19,17
19,1
19,17
19,11
19,9
19,20
19,9
20,9
20,9
20,20
20,21
20,20
20,20
20,20
20,20
20,20
20,20
20,9
20,9
20,8
20,22
20,20
20,8
20,20
20,20
20,23
20,9
20,9
20,20
20,20
20,20
20,20
20,9
20,9
20,9
20,20
20,9
20,9
20,20
21,21
21,9
21,9
21,9
21,21
21,21
21,20
21,13
21,22
21,22
21,22
21,22
21,20
21,9
21,8
21,13
21,9
21,9
21,20
21,21
21,9
21,9
21,27
21,20
21,20
21,9
21,20
21,21
21,6
21,2
21,2
21,20
21,20
21,8
22,2
22,10
22,13
22,2
22,22
22,13
22,2
22,2
22,26
22,27
22,22
22,22
22,27
22,22
22,22
22,22
22,22
22,22
22,22
22,2
22,27
22,22
22,22
22,22
22,22
22,22
22,22
22,22
22,22
22,22
22,22
22,25
22,22
22,25
22,25
22,25
22,22
22,22
22,22
22,22
22,22
22,22
22,22
22,22
22,22
22,22
22,22
22,22
22,22
22,22
22,22
22,2
22,22
22,22
22,22
22,22
22,22
22,22
22,22
22,22
23,23
23,23
23,23
23,23
23,23
23,23
23,23
23,23
23,23
23,23
23,23
23,23
23,23
23,23
23,23
23,23
23,23
23,20
23,20
23,8
23,23
23,23
23,23
23,23
23,23
23,23
23,23
23,23
23,23
23,23
23,23
23,23
23,23
23,23
23,23
23,23
23,23
23,23
24,3
24,24
24,12
24,10
24,10
24,10
24,11
24,3
24,12
24,24
24,26
24,24
24,21
24,12
24,11
24,24
24,12
24,24
24,11
24,3
24,12
24,12
24,21
24,2
24,2
24,27
24,7
24,0
24,7
24,24
24,1
24,1
24,0
24,0
24,24
24,12
24,24
24,24
24,24
24,24
24,24
24,24
24,24
24,26
24,20
24,20
25,25
25,25
25,25
25,2
25,3
25,25
25,25
25,25
25,25
25,3
25,3
25,25
25,17
25,25
25,3
25,10
25,4
25,25
25,4
25,13
25,3
25,3
25,19
25,8
25,13
25,25
25,18
25,3
25,3
25,25
25,3
25,25
25,13
25,18
25,18
25,25
25,25
26,27
26,27
26,27
26,26
26,26
26,26
26,10
26,26
26,18
26,13
26,13
26,26
26,11
26,13
26,26
26,25
26,22
26,22
26,13
26,13
26,11
26,10
26,27
26,3
26,26
26,26
26,26
26,26
26,3
26,27
26,27
26,22
26,26
26,26
26,26
26,26
26,13
26,26
26,26
26,13
26,13
26,3
26,25
26,13
26,26
26,26
26,13
26,18
26,25
26,26
26,22
26,22
26,26
26,26
26,13
26,5
26,2
26,13
27,22
27,22
27,27
27,22
27,22
27,22
27,22
27,27
27,27
27,17
27,9
27,21
27,21
27,27
27,21
27,21
27,21
27,27
27,3
27,27
27,27
27,21
27,9
27,22
27,27
27,21
27,22
27,22
27,22
27,22
27,22
27,27
27,26
27,25
27,25
27,22
27,25
27,22
27,25
27,27
27,3
27,2
27,13
27,25
27,27
27,9
27,13
27,27
27,14
27,7
27,13
27,3
27,19
27,25
27,20
27,27
27,7
27,27
27,27
27,27
27,26
27,27
27,26
27,22
27,22
27,27
28,22
28,28
28,28
28,28
28,28
28,28
28,28
28,28
28,28
28,28
28,28
28,28
28,28
28,28
28,22
28,28
28,28
28,28
28,28
28,28
28,28
28,28
28,28
28,28
28,28
28,28
28,28
28,28
28,5
28,4
28,28
28,28
28,4
28,5
28,4
28,28
28,4
28,4
28,28
28,4
28,4
28,28
28,28
28,5
28,28
28,4
28,10
28,4
28,4
28,4
28,4
28,4
1,1
1,1
1,1
1,1
1,1
1,1
1,1
1,1
1,1
1,1
1,1
1,1
1,1
1,1
1,1
1,1
1,1
1,1
1,1
1,1
1,1
1,1
1,1
1,1
1,1
1,1
1,1
1,1
1,1
1,1
1,1
1,1
1,1
1,1
1,1
1,24
1,1
1,1
1,1
1,1
1,1
1,1
1,1
1,1
1,1
1,1
1,1
1,1
1,1
1,1
1,1
1,1
1,1
1,1
1,1
1,1
1,1
1,1
1,1
1,1
1,1
1,1
1,1
1,1
1,1
1,1
1,1
1,1
1,1
1,1
1,1
1,1
1,1
1,1
1,1
1,1
1,1
1,1
1,1
1,1
1,1
1,1
1,1
1,1
1,1
1,1
1,1
1,1
1,1
1,0
1,1
1,1
1,1
1,1
1,1
2,2
2,2
2,2
2,2
2,2
2,2
2,2
2,2
2,6
2,2
2,0
2,2
2,2
2,2
2,2
2,2
2,2
2,22
2,2
2,2
2,2
2,2
2,22
2,2
2,26
2,2
2,2
2,2
2,0
2,0
2,2
2,2
2,22
3,3
3,3
3,3
3,3
3,3
3,11
3,3
3,3
3,3
3,3
3,3
3,3
3,3
3,3
3,3
3,3
3,3
3,3
3,3
3,3
3,3
3,3
3,3
3,3
3,3
3,3
3,3
3,3
3,3
3,3
3,3
3,3
3,3
3,3
3,3
3,3
3,3
3,3
3,3
3,3
3,3
3,3
3,3
3,3
3,3
3,3
3,3
3,17
3,11
3,3
3,3
3,3
3,3
3,3
3,3
3,11
3,3
3,3
3,3
3,3
3,3
3,3
3,3
3,3
3,3
3,3
3,3
3,3
3,11
3,3
3,3
3,3
3,3
3,3
3,3
3,3
3,3
3,3
3,3
3,3
3,3
3,3
3,18
3,3
3,3
3,3
3,3
3,3
3,3
3,3
4,5
4,13
4,5
4,5
4,5
4,13
4,13
4,12
4,5
4,4
4,4
4,12
4,10
4,4
4,10
4,10
4,5
4,5
4,5
4,28
4,4
4,5
4,5
4,4
4,10
4,5
4,26
4,5
4,4
4,4
4,18
4,12
4,4
4,5
4,12
4,12
4,13
4,5
4,5
4,5
4,13
4,13
4,4
4,4
4,5
4,4
4,10
4,4
4,5
4,26
4,13
4,4
4,4
4,4
4,4
4,4
4,4
4,12
4,5
4,5
4,13
4,5
4,10
5,10
5,10
5,10
5,18
5,18
5,18
5,18
5,10
5,10
5,10
5,5
5,10
5,10
5,10
5,10
5,5
5,10
5,3
5,3
5,3
5,5
5,10
5,5
5,5
5,18
5,18
5,5
5,3
5,3
5,26
5,18
5,12
5,12
5,12
5,12
5,12
5,13
5,5
5,5
5,26
5,12
5,5
5,5
5,13
5,13
5,5
5,5
5,5
5,18
6,6
6,6
6,6
6,6
6,6
6,6
6,6
6,6
6,6
6,6
6,6
6,6
6,6
6,6
6,6
6,6
6,6
6,6
6,6
6,6
6,6
7,7
7,7
7,7
7,7
7,7
7,7
7,7
7,7
7,7
7,7
7,7
7,7
7,7
7,7
7,7
7,7
7,7
7,7
7,7
7,7
7,7
7,7
7,7
7,7
7,7
7,7
7,7
7,7
7,7
7,7
7,7
7,7
7,7
7,7
7,7
7,7
7,7
8,8
8,8
8,8
8,8
8,8
8,8
8,8
8,8
8,8
8,8
8,8
8,8
8,8
8,8
8,8
8,8
8,8
8,8
8,8
8,8
8,8
9,8
9,9
9,9
9,9
9,9
9,9
9,9
9,9
9,9
9,9
9,9
9,9
9,9
9,9
9,9
9,9
9,9
9,9
9,8
9,9
9,9
9,9
9,9
9,9
9,9
9,9
9,9
9,9
9,20
9,9
9,9
9,9
9,9
9,9
9,9
9,9
9,9
9,9
9,9
9,9
9,9
9,9
9,9
9,9
9,9
9,9
9,7
9,8
9,7
9,9
9,9
9,7
9,9
9,9
9,9
9,9
9,9
9,9
9,9
10,10
10,5
10,18
10,10
10,10
10,10
10,10
10,10
10,10
10,10
10,10
10,10
10,10
10,10
10,10
10,10
10,10
10,10
10,10
10,10
10,10
10,1
10,10
10,10
10,10
10,26
10,10
10,10
10,10
10,10
10,10
10,10
10,10
10,10
10,10
10,10
10,10
10,10
10,10
10,10
10,10
10,10
10,10
10,10
10,10
10,10
10,10
10,11
10,12
10,11
10,10
10,26
10,5
10,10
10,10
10,10
10,10
10,10
10,10
10,10
10,10
10,10
10,10
10,10
10,10
10,10
10,10
10,10
10,10
10,10
10,10
10,10
10,10
10,10
10,11
10,11
10,11
10,26
10,26
10,5
10,18
10,12
10,10
10,10
10,10
10,10
10,12
10,10
10,10
10,10
10,10
10,10
10,10
10,10
10,10
10,10
10,10
10,10
10,10
11,10
11,11
11,1
11,1
11,17
11,17
11,11
11,11
11,17
11,17
11,10
11,12
11,11
11,11
11,17
11,17
11,17
11,17
11,11
11,11
11,11
11,11
11,1
11,11
11,11
11,11
11,11
11,11
11,11
11,11
11,11
11,11
11,3
11,12
11,12
11,1
11,11
11,10
11,1
11,10
11,1
11,3
11,17
11,12
11,3
11,3
11,11
11,11
11,11
11,3
11,11
11,11
11,11
11,3
11,1
11,3
11,12
11,12
11,1
11,11
11,3
11,11
11,11
11,11
11,11
11,11
11,11
11,11
11,11
11,11
11,11
11,11
11,11
11,11
11,11
11,11
11,11
11,3
11,11
11,11
11,11
11,11
11,11
11,11
11,12
11,11
11,12
11,12
11,12
11,12
11,12
11,12
11,12
11,12
11,11
11,11
11,12
11,12
11,11
11,11
11,11
11,11
11,11
11,11
11,11
11,11
11,11
11,11
11,11
11,11
11,11
11,11
11,11
11,11
11,12
11,12
11,11
11,12
11,12
11,1
11,11
11,11
11,11
11,17
11,11
11,11
11,11
11,11
11,11
11,1
12,12
12,12
12,12
12,12
12,12
12,12
12,12
12,12
12,12
12,12
12,12
12,12
12,12
12,12
12,12
12,12
12,12
12,12
12,12
12,12
12,12
12,12
12,12
12,12
12,12
12,12
12,12
12,12
12,12
12,12
12,12
12,12
12,12
12,12
12,12
12,12
12,12
12,12
12,12
12,12
12,12
12,12
12,12
12,12
12,12
12,12
12,12
12,12
12,12
12,12
12,12
12,12
12,12
12,12
12,12
12,12
12,12
12,12
12,12
12,12
12,12
12,12
12,12
12,12
12,12
12,12
12,12
12,12
12,12
12,12
12,12
12,12
12,12
12,12
12,12
12,12
12,12
12,12
12,12
13,13
13,13
13,13
13,13
13,26
13,10
13,13
13,8
13,13
13,13
13,13
13,13
13,13
13,12
13,12
13,12
13,12
13,12
13,13
13,13
13,23
13,18
13,13
13,5
13,13
13,13
13,13
13,7
13,13
13,13
13,5
13,13
13,4
13,13
13,13
13,13
13,13
13,13
13,5
13,13
13,13
13,3
13,5
13,3
13,21
13,26
13,13
13,5
13,26
13,18
13,18
13,13
13,5
13,5
13,5
13,5
13,5
13,13
13,5
13,13
13,13
13,3
13,12
13,13
13,13
13,13
13,13
13,13
13,5
13,13
13,13
13,13
13,13
13,13
13,13
13,13
13,13
13,13
13,5
13,12
13,5
13,13
13,13
13,13
13,13
13,13
13,13
13,12
13,5
13,13
13,13
13,13
13,13
13,18
13,13
13,13
13,13
13,4
13,5
14,7
14,14
14,17
14,17
14,14
14,17
14,17
14,1
14,14
15,1
15,3
15,11
15,3
15,3
16,14
16,11
16,11
16,11
16,11
16,11
16,11
16,24
16,20
17,17
17,17
17,17
17,17
17,17
17,17
17,17
17,17
17,17
17,17
17,17
17,17
17,17
17,17
17,17
17,17
17,17
17,17
17,17
17,17
17,17
17,17
17,17
17,17
17,17
18,12
18,3
18,18
18,18
18,18
18,18
18,18
18,18
18,17
18,17
18,18
18,3
18,3
19,1
19,3
19,17
19,17
19,17
19,14
19,17
19,17
19,17
20,19
20,7
20,7
20,9
20,9
20,20
20,20
20,20
20,9
20,20
20,9
20,20
20,9
20,9
20,9
20,20
20,9
20,21
20,24
21,27
21,17
21,9
21,21
21,9
21,20
21,21
21,3
21,17
23,9
23,20
23,7
23,20
23,20
23,20
23,9
23,20
23,21
23,20
23,20
23,20
23,7
24,6
24,24
24,6
24,6
24,6
24,23
24,6
24,24
24,20
24,13
24,6
25,11
25,19
25,7
25,1
25,24
25,1
25,3
25,1
25,24
25,0
25,19
25,7
25,14
26,22
26,11
26,13
26,3
26,26
26,3
26,11
26,10
26,26
27,11
27,24
27,24
27,24
27,17
27,24
27,14
27,20
27,20
28,13
28,5
28,25
28,14
28,7
28,13
28,13
28,19
28,13
28,24
28,26
0,0
0,7
0,0
0,0
0,0
0,0
0,0
0,0
0,0
0,0
0,0
0,0
0,0
0,0
0,0
0,0
0,0
0,24
0,0
0,0
0,0
0,0
0,0
0,0
0,0
0,0
0,0
0,0
0,0
0,0
0,0
0,0
0,0
0,0
0,0
0,0
0,0
0,0
0,0
0,2
0,3
0,10
0,0
0,0
0,0
0,0
0,0
0,0
0,0
0,0
0,0
0,0
0,0
0,5
0,24
0,0
0,0
0,0
0,0
0,0
0,0
0,0
0,0
0,0
0,0
0,0
0,0
0,0
0,0
0,0
0,0
0,0
0,0
0,0
0,0
0,0
0,0
0,13
0,0
0,0
0,0
0,0
0,0
0,0
0,0
0,0
0,0
0,0
0,0
0,0
0,0
0,0
0,0
0,0
0,0
0,19
0,0
0,0
0,0
2,2
2,2
2,2
2,20
2,2
2,2
2,2
2,2
2,2
2,2
2,2
2,0
2,2
2,2
2,13
2,13
2,13
2,20
2,5
2,13
2,2
2,2
2,2
2,2
2,2
2,13
2,21
2,2
2,2
3,3
3,3
3,3
3,3
3,3
3,3
3,3
3,3
3,3
3,3
3,3
3,3
3,3
3,3
3,3
3,10
3,3
3,3
3,3
3,3
3,3
3,3
3,3
3,3
3,3
3,3
3,3
3,3
3,3
3,26
3,3
3,3
3,3
3,3
3,3
3,3
3,10
3,3
3,3
3,3
3,3
3,3
3,3
3,3
3,3
3,3
3,3
3,3
3,3
3,3
3,3
4,25
4,4
4,4
4,13
4,5
4,13
4,13
4,5
4,4
4,10
4,13
4,13
4,2
4,5
4,4
4,10
4,4
4,13
4,4
4,4
4,4
4,13
4,13
4,4
4,4
4,4
4,4
4,10
4,5
4,4
4,10
4,10
4,4
4,10
4,10
4,10
4,10
4,10
4,10
4,10
4,10
4,10
4,11
4,10
4,5
4,10
4,5
4,5
4,4
4,4
4,18
4,4
4,10
4,10
4,10
4,10
4,4
4,4
4,4
4,11
4,4
4,4
4,4
4,13
4,13
6,6
6,6
6,6
6,6
6,6
6,6
6,6
6,6
6,6
6,0
6,6
6,6
6,6
6,6
6,6
6,6
6,6
6,6
6,6
6,6
6,6
6,6
6,6
6,6
6,6
6,6
6,6
6,6
6,6
6,6
6,6
6,6
6,6
6,6
6,6
6,6
6,9
6,6
6,6
6,6
6,6
7,7
7,4
7,13
7,7
7,7
7,7
7,7
7,7
7,7
7,7
7,7
7,7
7,7
7,7
7,7
7,7
7,13
7,7
7,7
7,7
7,7
7,7
7,7
7,7
7,7
7,7
7,7
7,7
7,7
7,7
7,7
7,7
7,7
7,20
7,20
7,7
7,7
7,7
7,7
8,8
8,8
8,8
8,8
8,8
8,8
8,8
8,8
8,8
8,8
8,8
8,8
8,8
8,8
8,8
8,8
8,8
8,8
8,10
8,25
8,8
8,8
8,8
8,8
8,8
8,8
8,8
8,8
8,8
8,8
8,8
8,8
8,8
8,8
8,8
8,8
8,8
8,17
8,8
9,9
9,9
9,9
9,9
9,9
9,9
9,9
9,9
9,9
9,9
9,9
9,9
9,9
9,9
9,9
9,9
9,9
9,9
9,9
9,9
9,9
9,9
9,9
9,9
9,9
9,9
9,9
9,9
9,9
9,9
9,9
9,9
9,9
9,9
9,9
9,9
9,9
9,7
9,9
9,9
9,9
9,9
9,9
9,9
9,9
10,10
10,10
10,10
10,10
10,10
10,10
10,10
10,10
10,10
10,10
10,10
10,10
10,10
10,10
10,10
10,10
10,10
10,10
10,2
10,10
10,10
10,10
10,10
10,26
10,27
10,27
10,10
10,10
10,10
10,12
10,12
10,10
10,10
10,10
10,10
11,10
11,10
11,11
11,12
11,11
11,11
11,11
11,11
11,10
11,10
11,10
11,10
11,3
11,26
11,3
11,3
11,26
11,26
11,3
11,11
11,10
11,10
11,10
11,11
11,11
11,11
11,11
11,11
11,11
11,11
11,3
11,3
11,11
11,26
11,11
11,11
11,3
11,11
11,10
11,10
11,10
11,11
11,11
11,11
11,11
11,22
11,22
11,11
11,11
11,11
11,11
11,11
11,22
11,22
11,22
11,22
11,22
11,11
11,3
11,10
11,11
11,11
11,12
11,11
11,11
11,12
11,11
11,11
11,11
11,11
11,11
11,11
11,11
11,11
11,3
11,10
11,10
11,10
11,10
11,10
11,11
11,3
11,11
11,3
11,26
11,3
11,12
11,11
11,11
11,12
11,11
11,11
11,11
11,11
11,11
11,11
11,11
11,11
11,12
11,11
11,12
11,11
11,26
11,27
11,11
11,11
11,12
11,11
11,3
11,10
11,10
11,26
11,10
12,12
12,12
12,12
12,12
12,12
12,11
12,12
12,12
12,11
12,12
12,12
12,12
12,11
12,12
12,11
12,11
12,11
12,11
12,11
12,21
12,12
12,12
12,12
12,12
12,12
13,22
13,26
13,5
13,13
13,13
13,13
13,13
13,5
13,13
13,3
13,13
13,27
13,26
13,26
13,26
13,26
13,22
13,27
13,22
13,27
13,13
13,13
13,13
13,13
13,3
13,13
13,13
13,5
13,13
13,3
13,26
13,27
13,26
13,13
13,13
13,2
13,26
13,13
13,2
13,20
13,13
13,13
13,13
13,13
13,26
13,13
13,22
13,26
13,26
13,26
13,26
13,2
13,13
13,13
13,13
13,13
13,13
13,13
13,20
13,21
13,13
13,21
13,20
13,2
13,13
13,13
13,13
13,26
13,26
13,13
13,13
13,26
13,13
13,26
13,13
13,26
13,13
13,5
13,10
13,3
13,2
13,27
13,13
13,13
13,13
13,26
13,13
13,26
13,27
13,13
13,26
13,13
13,18
14,12
14,12
14,12
14,12
14,12
14,10
14,10
14,11
14,27
14,12
14,20
14,21
14,27
15,25
15,22
15,22
15,22
15,15
15,8
15,17
16,13
16,13
16,18
16,13
16,13
16,13
17,12
17,17
17,17
17,3
17,17
17,17
17,17
17,17
17,17
17,17
17,17
17,17
17,3
17,3
17,3
17,12
17,3
18,11
18,18
18,18
18,18
18,18
18,18
18,18
18,19
18,18
19,17
19,14
19,3
19,14
19,19
19,27
20,20
20,13
20,20
20,20
20,24
20,20
20,9
20,20
20,20
20,20
20,8
20,22
20,13
20,9
20,22
21,9
21,9
21,9
21,9
21,20
21,21
21,13
21,22
21,6
21,9
21,21
22,22
22,20
22,22
22,22
22,22
22,22
22,22
22,22
22,22
22,22
22,22
22,28
22,22
22,22
22,22
23,23
23,23
23,23
23,20
23,8
23,23
23,23
23,23
23,23
23,23
24,2
24,3
24,26
24,11
24,10
24,10
24,10
24,10
24,10
24,10
24,10
24,5
24,5
24,13
24,20
24,3
25,20
25,13
25,13
25,13
25,19
25,7
25,20
25,7
25,11
25,17
25,1
25,19
25,19
26,26
26,26
26,26
26,26
26,26
26,27
26,22
26,26
26,26
26,26
26,26
26,26
26,13
26,10
26,10
26,10
26,10
27,21
27,22
27,22
27,27
27,27
27,21
27,27
27,27
27,22
27,22
27,27
27,22
27,21
27,21
27,9
28,13
28,5
28,28
28,5
28,5
28,5
28,28
28,28
28,28
0,0
0,0
0,0
0,0
0,0
0,0
0,0
0,0
0,0
0,0
0,0
0,0
0,0
0,0
0,0
0,0
0,0
0,0
0,0
0,0
0,0
0,0
0,0
0,0
0,0
0,0
0,0
0,0
0,0
0,0
0,0
0,0
0,0
0,0
0,0
0,0
0,0
0,0
0,0
0,0
0,0
0,0
0,0
0,0
0,0
0,0
0,0
0,0
0,0
0,0
0,0
0,0
0,0
0,0
0,0
0,0
0,0
0,0
0,0
0,0
0,0
0,0
0,0
0,0
0,0
0,0
0,0
0,0
0,0
0,0
0,0
0,0
0,0
0,0
0,0
0,0
0,0
0,0
0,0
0,0
0,0
0,0
0,0
0,0
0,0
0,0
0,0
0,0
0,0
0,0
0,0
0,0
0,0
0,0
0,0
0,1
0,1
0,0
0,0
0,0
0,0
0,0
0,0
0,1
0,0
0,0
0,0
0,0
0,0
0,0
0,0
0,0
0,0
0,0
0,0
0,0
0,0
0,0
0,0
0,0
0,0
0,0
0,0
0,0
0,0
0,0
0,0
0,0
0,0
0,0
0,0
0,0
0,0
0,0
2,26
2,26
2,26
2,3
2,26
2,2
2,2
2,2
2,2
2,2
2,2
2,2
2,2
2,2
2,2
2,2
2,2
2,2
2,2
2,22
2,26
2,26
2,27
2,26
2,3
2,3
2,2
2,22
2,27
2,26
2,25
2,27
2,26
2,27
2,22
2,26
2,26
2,26
2,3
2,26
2,22
2,27
2,27
2,27
2,2
2,2
2,2
2,2
2,27
2,2
2,27
3,3
3,3
3,3
3,3
3,3
3,3
3,3
3,3
3,3
3,3
3,3
3,3
3,3
3,3
3,3
3,3
3,3
3,3
3,3
3,3
3,3
3,3
3,3
3,3
3,3
3,3
3,3
3,3
3,3
3,3
3,3
3,3
3,3
3,3
3,3
3,3
3,3
3,3
3,3
3,3
3,3
3,3
3,3
3,11
3,3
3,3
3,3
3,3
3,3
3,3
3,3
3,3
3,3
3,3
3,3
3,3
3,3
3,3
3,3
3,3
3,3
3,3
3,3
3,3
3,3
3,3
3,3
3,3
3,3
3,3
3,3
3,3
3,3
3,3
3,3
4,4
4,4
4,13
4,22
4,25
4,4
4,4
4,10
4,10
4,10
4,4
4,4
4,10
4,4
4,4
4,4
4,4
4,4
4,4
4,4
4,4
4,4
4,4
4,11
4,4
4,4
4,4
4,4
4,18
4,10
4,10
4,4
4,4
4,4
4,4
4,3
4,11
4,4
4,4
4,4
4,4
4,4
4,10
4,10
4,5
4,4
4,4
4,4
4,4
4,4
4,4
5,13
5,10
5,5
5,5
5,5
5,5
5,5
5,5
5,5
5,5
5,10
5,5
5,10
5,10
5,10
5,10
5,5
5,5
5,5
5,5
5,5
5,10
5,10
5,5
5,5
5,5
5,13
5,13
5,25
5,25
5,5
5,5
5,5
5,10
5,5
5,10
5,10
5,10
5,5
5,5
5,5
5,5
5,5
5,5
5,5
5,5
5,5
5,5
5,13
5,5
5,10
5,5
5,5
5,5
5,5
5,5
5,5
5,5
5,5
5,5
5,5
5,5
5,5
5,10
5,5
5,5
5,5
5,5
5,5
6,6
6,6
6,6
6,6
6,6
6,6
6,6
6,6
6,6
6,6
6,6
6,6
6,6
6,2
6,18
6,0
6,6
6,6
6,6
6,6
6,6
6,6
6,6
6,6
6,6
6,6
6,6
7,7
7,7
7,7
7,7
7,7
7,7
7,7
7,7
7,7
7,7
7,7
7,7
7,7
7,7
7,7
7,7
7,7
7,7
7,7
7,7
7,7
7,7
7,7
7,7
7,7
8,8
8,8
8,8
8,8
8,9
8,8
8,8
8,8
8,8
8,8
8,8
8,22
8,8
8,8
8,8
8,8
8,8
8,9
8,8
8,9
8,8
8,15
8,8
8,8
8,8
8,8
8,8
9,9
9,9
9,9
9,9
9,9
9,9
9,9
9,9
9,9
9,9
9,9
9,9
9,9
9,9
9,9
9,9
9,9
9,9
9,9
9,9
9,9
9,9
9,9
9,9
9,9
9,9
9,9
9,9
9,9
9,9
9,9
9,12
9,9
9,9
9,9
9,9
9,9
9,23
9,20
9,9
9,9
9,9
9,9
9,9
9,9
9,9
9,20
9,9
9,9
9,9
9,9
9,9
9,9
9,27
9,9
9,9
9,9
9,9
9,9
9,9
9,9
9,9
9,9
9,9
9,9
9,9
9,9
9,9
9,9
9,9
9,9
9,9
9,9
9,9
9,9
9,9
9,9
10,10
10,10
10,10
10,10
10,10
10,10
10,10
10,10
10,10
10,10
10,10
10,10
10,10
10,10
10,10
10,10
10,4
10,10
10,10
10,10
10,10
10,10
10,10
10,10
10,10
10,10
10,10
10,10
10,10
10,10
10,10
10,10
10,10
10,10
10,10
10,10
10,10
10,10
10,10
10,10
10,10
10,10
10,10
10,10
10,10
10,10
10,10
10,10
10,10
10,10
10,12
10,10
10,10
10,10
10,10
10,10
10,10
10,10
10,10
10,10
10,10
10,10
10,10
10,10
10,10
10,10
10,10
10,10
10,10
11,10
11,10
11,10
11,10
11,10
11,11
11,11
11,10
11,10
11,10
11,10
11,10
11,4
11,4
11,10
11,11
11,11
11,10
11,10
11,10
11,11
11,10
11,11
11,11
11,11
11,10
11,10
11,11
11,10
11,10
11,10
11,11
11,10
11,10
11,11
11,11
11,11
11,11
11,10
11,10
11,10
11,11
11,11
12,10
12,10
12,10
12,10
12,10
12,10
12,10
12,10
12,10
12,10
12,10
12,10
12,4
12,25
12,25
12,26
12,22
12,26
12,26
13,25
13,25
13,2
13,13
13,25
13,4
13,25
13,25
13,13
13,13
13,5
13,13
13,25
13,13
13,4
13,4
13,10
13,4
13,13
13,13
13,5
13,13
13,25
13,25
13,5
13,13
13,25
13,25
13,25
13,25
13,13
13,4
13,5
13,5
13,13
13,25
13,4
13,5
13,4
13,10
13,10
13,10
13,13
13,4
13,4
13,4
13,13
13,13
13,13
13,25
13,13
13,13
13,13
13,13
13,13
13,4
13,4
13,13
13,13
13,4
13,4
14,10
14,10
14,10
14,10
14,3
14,27
14,19
14,14
14,17
14,17
14,17
14,17
14,17
14,17
14,11
15,25
15,25
15,18
15,4
15,3
15,17
15,19
16,8
16,28
16,8
16,13
16,13
16,5
16,5
17,3
17,3
17,3
17,3
17,3
17,3
17,3
17,3
17,25
17,3
17,17
17,3
17,3
17,3
17,3
17,3
17,3
17,25
17,25
18,18
18,18
18,18
18,18
18,18
18,18
18,18
18,18
18,18
18,18
18,18
18,18
18,18
18,18
18,18
18,18
18,18
18,18
18,18
18,25
18,3
19,9
19,19
19,17
19,3
19,19
19,17
19,17
19,19
19,17
19,17
19,18
20,27
20,9
20,20
20,27
20,20
20,22
20,9
20,20
20,21
20,20
20,20
20,20
20,13
20,20
20,26
20,20
20,20
20,8
20,13
20,19
20,7
20,7
20,20
20,23
20,20
20,20
20,23
21,9
21,20
21,27
21,20
21,22
21,22
21,22
21,20
21,21
21,27
21,20
21,9
21,21
22,25
22,22
22,22
22,25
22,22
22,27
22,3
22,3
22,25
22,22
22,13
22,22
22,22
22,25
22,22
22,22
22,13
22,22
22,2
22,22
22,22
22,22
22,22
23,23
23,23
23,7
23,23
23,20
23,20
23,7
23,23
23,7
23,23
23,23
23,23
23,20
23,23
23,23
24,12
24,12
24,11
24,26
24,26
24,11
24,0
24,26
24,2
24,24
24,26
24,11
24,10
24,12
24,12
24,12
24,12
24,12
24,12
24,12
24,11
24,24
24,26
25,25
25,25
25,25
25,25
25,25
25,18
25,25
25,25
25,25
25,25
25,25
25,25
25,25
25,25
26,26
26,25
26,25
26,18
26,18
26,5
26,10
26,22
26,22
26,2
26,22
26,22
26,26
26,27
26,27
26,27
26,3
26,3
26,26
26,26
26,26
26,25
26,26
26,3
26,3
26,3
26,27
26,25
26,22
26,22
26,25
26,27
26,25
26,25
26,25
26,26
26,26
26,25
26,26
27,22
27,22
27,25
27,22
27,27
27,27
27,27
27,27
27,27
27,27
27,22
27,25
27,22
28,28
28,5
28,5
28,5
28,5
28,5
28,28
28,5
28,5
28,5
28,28
28,28
28,28
28,10
28,10
28,28
28,5
0,0
0,0
0,0
0,0
0,0
0,0
0,0
0,0
0,0
0,0
0,0
0,0
0,0
0,0
0,0
0,0
0,0
0,0
0,0
0,0
0,0
0,0
0,0
0,0
0,0
0,0
0,0
0,0
0,0
0,0
0,0
0,0
0,0
0,0
0,0
0,0
0,0
0,0
0,0
0,0
0,0
0,0
0,0
0,0
0,0
0,0
0,0
0,0
0,0
0,0
0,0
0,0
0,0
0,0
0,0
0,0
0,0
0,0
0,0
0,0
0,0
0,0
0,0
0,0
0,0
0,0
0,0
0,0
0,0
0,0
0,0
0,0
0,0
0,0
0,0
0,0
0,0
0,0
0,0
0,0
0,0
0,0
0,0
0,0
0,0
0,0
0,0
0,0
0,0
0,0
0,2
0,0
0,0
0,0
0,0
0,0
0,0
0,0
0,0
0,0
0,0
0,0
0,0
0,0
0,0
0,0
0,0
0,0
0,0
0,0
0,0
0,0
0,0
0,0
0,0
0,0
0,0
0,0
0,0
0,0
0,0
0,0
0,0
0,0
0,0
0,0
0,0
0,0
0,0
0,0
0,0
0,0
0,0
0,0
0,0
0,0
0,0
0,0
0,0
0,0
0,0
0,0
0,0
0,0
0,0
0,0
0,0
0,0
0,0
0,0
0,0
0,0
0,0
0,0
0,0
0,0
0,0
0,0
0,0
0,0
0,0
0,0
0,0
0,0
0,0
0,0
0,0
0,0
0,0
0,0
0,0
0,0
0,0
0,0
0,0
0,0
0,0
0,0
0,0
0,0
0,0
0,0
0,0
0,0
0,0
0,0
0,0
0,0
0,0
0,0
0,0
0,0
0,0
0,0
0,0
0,0
0,0
0,0
0,0
0,0
0,0
0,0
0,0
0,0
2,28
2,2
2,2
2,2
2,2
2,2
2,2
2,2
2,0
2,2
2,22
2,22
2,2
2,2
2,2
2,2
2,2
2,2
2,2
2,10
2,10
2,2
2,28
2,2
2,2
2,2
2,2
2,2
2,2
2,2
2,2
2,2
2,2
2,2
2,2
2,2
2,2
2,2
2,2
2,2
2,2
2,2
2,2
2,2
2,2
2,2
2,2
2,2
2,2
2,2
2,2
2,2
2,2
2,2
2,2
2,2
2,2
2,20
2,2
2,2
2,20
3,3
3,3
3,3
3,3
3,3
3,11
3,3
3,3
3,3
3,10
3,10
3,3
3,3
3,17
3,3
3,3
3,3
3,3
3,3
3,3
3,3
3,3
3,3
3,3
3,3
3,3
3,3
3,3
3,3
3,3
3,3
3,3
3,17
3,3
3,3
3,3
3,3
3,3
3,3
3,3
3,3
3,3
3,3
3,3
3,3
3,3
3,3
3,3
3,3
3,5
3,5
3,4
3,4
3,4
3,11
3,3
3,3
3,3
3,3
3,3
3,3
3,3
3,3
3,3
3,3
3,3
3,3
4,13
4,5
4,4
4,4
4,4
4,4
4,4
4,13
4,2
4,18
4,13
4,4
4,4
4,5
4,5
4,5
4,10
4,10
4,10
4,4
4,4
4,4
4,4
4,4
4,10
4,4
4,4
4,4
4,4
4,4
4,4
4,3
4,18
4,18
4,18
4,18
4,18
4,18
4,11
4,4
4,4
4,4
4,4
4,4
4,4
4,4
4,10
4,4
4,4
5,10
5,10
5,5
5,10
5,10
5,28
5,10
5,10
5,10
5,10
5,10
5,10
5,10
5,28
5,10
5,10
5,10
5,10
5,10
5,10
5,10
5,5
5,10
5,10
5,10
5,10
5,10
5,10
5,5
5,10
5,18
5,10
5,10
5,10
5,10
5,10
5,28
5,10
5,10
5,10
5,10
5,10
5,5
5,5
5,10
5,10
5,5
5,5
5,5
5,5
5,5
5,10
5,10
5,5
5,5
5,5
5,5
5,5
5,5
6,6
6,6
6,6
6,6
6,6
6,6
6,6
6,6
6,6
6,6
6,6
6,6
6,6
6,6
6,6
6,6
6,6
6,6
6,6
6,2
6,6
6,6
6,6
6,6
6,6
7,7
7,7
7,7
7,7
7,7
7,7
7,7
7,7
7,7
7,7
7,7
7,7
7,7
7,7
7,7
7,7
7,7
7,7
7,7
7,7
7,7
7,7
7,7
7,9
7,7
7,7
7,7
7,7
7,7
7,7
7,7
7,7
7,7
7,7
7,7
8,8
8,8
8,8
8,8
8,8
8,8
8,8
8,8
8,8
8,8
8,8
8,8
8,9
8,8
8,8
8,8
8,8
8,8
8,8
8,8
8,8
8,8
8,8
8,8
8,8
8,8
8,8
8,8
8,8
8,8
8,8
8,8
8,8
8,8
8,8
8,8
8,8
8,8
8,8
8,8
8,8
8,8
8,8
8,25
8,25
8,8
8,8
9,9
9,9
9,9
9,9
9,9
9,9
9,9
9,9
9,9
9,9
9,9
9,9
9,9
9,9
9,9
9,9
9,9
9,9
9,9
9,9
9,9
9,9
9,9
9,9
9,9
9,9
9,9
9,9
9,9
9,9
9,9
9,9
9,9
9,9
9,9
9,9
9,9
9,9
9,9
9,6
9,9
9,9
9,9
9,9
9,9
9,9
9,9
9,9
9,9
9,9
9,9
9,9
9,7
9,9
9,7
9,9
9,9
9,9
9,9
9,9
9,9
9,7
9,9
9,7
9,19
9,20
9,17
9,17
9,18
9,4
9,25
9,25
9,22
9,9
9,9
9,8
9,8
9,8
9,9
9,9
9,9
9,9
9,8
9,9
9,9
9,13
9,13
9,25
9,8
10,10
10,10
10,10
10,10
10,10
10,10
10,10
10,10
10,10
10,10
10,10
10,10
10,10
10,10
10,5
10,5
10,10
10,10
10,10
10,10
10,10
10,10
10,18
10,10
10,10
10,10
10,10
10,10
10,10
10,10
10,10
10,10
10,10
10,4
10,10
10,10
10,10
10,10
10,10
10,10
10,10
10,10
10,10
10,10
10,10
10,10
10,10
10,10
10,10
10,10
10,10
10,10
10,10
10,10
10,10
10,10
10,10
10,10
10,10
10,10
10,10
10,10
10,10
10,10
10,10
10,10
10,10
10,10
10,10
10,10
10,10
10,10
10,10
10,10
10,10
10,10
10,11
10,4
10,4
10,10
10,10
10,10
10,10
10,10
10,10
10,10
10,10
10,10
10,10
10,10
10,10
10,10
10,10
10,10
10,10
10,10
10,10
10,10
10,11
10,4
10,11
10,10
10,10
10,10
10,4
10,5
10,10
10,10
10,10
10,10
10,10
10,10
10,10
10,10
10,10
10,10
10,10
10,10
10,10
10,0
11,11
11,11
11,11
11,11
11,10
11,11
11,11
11,11
11,11
11,11
11,11
11,11
11,11
11,11
11,11
11,11
11,11
11,11
11,11
11,11
11,11
11,11
11,11
11,11
11,11
11,11
11,11
11,11
11,11
11,11
11,11
11,11
11,11
11,11
11,11
11,11
11,11
11,11
11,11
11,11
11,11
11,11
11,11
11,11
11,11
11,11
11,11
11,11
11,11
11,11
11,11
11,11
11,11
11,17
11,11
11,11
11,11
11,11
11,11
11,11
11,11
11,11
11,11
11,11
11,11
11,11
11,11
11,11
11,11
12,4
12,5
12,10
12,5
12,10
12,10
12,10
12,10
12,4
12,10
12,10
12,18
12,18
12,18
12,10
12,10
13,20
13,13
13,13
13,13
13,5
13,4
13,11
13,11
13,11
13,4
13,8
13,13
13,13
13,13
13,13
13,13
13,13
13,4
13,18
13,17
13,17
13,4
13,4
13,4
13,13
14,10
14,11
14,10
14,10
14,18
14,11
14,10
14,10
14,3
14,19
14,17
14,19
14,14
14,17
14,3
15,8
15,25
15,25
15,25
15,25
16,13
16,13
16,25
16,8
16,13
16,13
17,17
17,3
17,17
17,17
17,3
17,17
17,17
17,17
17,17
17,17
17,17
17,3
17,17
17,17
17,17
17,3
17,17
17,17
18,4
18,18
18,18
18,18
18,18
18,18
18,18
18,18
18,13
18,18
18,13
19,11
19,28
19,4
19,4
19,25
19,17
19,19
19,1
19,19
19,13
19,19
19,17
19,18
19,19
19,19
19,19
19,0
20,20
20,20
20,20
20,19
20,7
20,20
20,2
20,20
20,20
20,9
20,8
20,9
20,9
20,20
20,9
21,8
21,21
21,22
21,20
21,20
21,22
21,21
21,21
21,15
21,25
21,13
21,27
21,9
21,9
21,20
22,22
22,22
22,2
22,2
22,22
22,5
22,5
22,5
22,5
22,26
22,10
22,5
22,26
22,22
22,25
22,5
22,10
22,10
22,10
22,12
22,10
22,10
22,25
22,25
22,25
22,25
22,27
22,22
22,22
22,22
22,26
22,22
22,2
22,22
22,22
22,26
22,25
23,23
23,23
23,23
23,23
23,23
23,23
23,23
23,23
23,28
23,23
23,7
24,26
24,3
24,24
24,26
24,24
24,24
24,12
24,1
24,12
24,1
24,11
24,1
24,1
24,12
24,10
24,1
24,1
25,1
25,1
25,13
25,13
25,3
25,3
25,3
25,18
25,18
25,4
25,13
25,19
26,10
26,5
26,5
26,4
26,4
26,5
26,5
26,10
26,10
26,4
26,13
26,4
26,10
26,10
26,10
26,5
26,5
26,18
26,25
26,5
26,25
26,10
26,10
27,25
27,13
27,13
27,25
27,25
27,25
27,25
27,19
27,9
27,25
27,15
27,21
27,13
27,13
27,21
28,10
28,28
28,28
28,28
28,11
28,10
28,28
28,28
28,28
1,1
1,1
1,1
1,1
1,1
1,1
1,1
1,1
1,1
1,1
1,1
1,1
1,1
1,1
1,1
1,1
1,1
1,1
1,1
1,1
1,1
1,1
1,1
1,1
1,1
1,1
1,1
1,1
1,1
1,1
1,1
1,1
1,1
1,1
1,1
1,1
1,0
1,1
1,1
1,1
1,1
1,1
1,14
1,1
1,1
1,0
1,1
1,1
1,1
1,1
1,1
1,1
1,1
1,1
1,1
1,1
1,1
1,1
1,1
1,1
1,1
1,1
1,1
1,1
1,1
1,1
1,1
1,1
1,1
1,1
1,1
1,1
1,1
1,1
1,1
1,1
1,1
1,1
1,1
1,1
1,1
1,1
1,1
1,1
1,1
1,1
1,1
1,1
1,1
2,2
2,2
2,13
2,2
2,25
2,25
2,13
2,4
2,4
2,13
2,2
2,4
2,8
2,8
2,2
2,2
2,2
2,2
2,28
2,2
2,2
2,2
2,28
2,13
2,4
2,11
2,11
2,2
2,22
2,2
2,2
2,2
2,2
2,2
2,2
2,2
2,2
2,2
2,2
2,2
2,5
2,13
2,2
3,3
3,3
3,3
3,3
3,3
3,3
3,3
3,3
3,3
3,3
3,3
3,3
3,3
3,3
3,3
3,26
3,3
3,3
3,3
3,3
3,3
3,3
3,3
3,3
3,3
3,3
3,3
3,3
3,3
3,3
3,3
3,3
3,3
3,3
3,3
3,3
3,3
3,3
3,3
4,11
4,11
4,4
4,4
4,13
4,13
4,1
4,1
4,13
4,27
4,13
4,4
4,13
4,4
4,11
4,11
4,11
4,11
4,11
4,11
4,1
4,11
4,4
4,11
4,11
4,13
4,20
4,24
4,3
4,13
4,7
6,6
6,6
6,6
6,6
6,6
6,7
6,6
6,6
6,6
6,6
6,23
6,6
6,6
6,6
6,0
6,6
6,6
6,6
6,6
6,6
6,6
6,6
6,0
6,6
6,6
7,7
7,7
7,7
7,7
7,7
7,7
7,7
7,7
7,7
7,7
7,7
7,7
7,7
7,7
7,7
7,24
7,7
7,7
7,7
7,7
7,7
7,24
7,7
7,7
7,7
7,14
7,7
7,24
7,1
7,24
7,26
7,24
7,7
8,8
8,9
8,8
8,8
8,8
8,8
8,8
8,8
8,8
8,8
8,8
8,8
8,8
8,9
8,8
8,8
8,8
8,8
8,8
8,8
8,8
8,8
8,8
8,8
8,8
8,9
8,9
8,8
8,7
8,9
8,8
8,8
8,8
9,9
9,9
9,9
9,9
9,9
9,9
9,9
9,9
9,9
9,9
9,20
9,9
9,7
9,7
9,9
9,9
9,7
9,9
9,9
9,9
9,9
9,9
9,7
9,9
9,9
9,9
9,7
9,9
9,7
9,9
9,9
9,9
9,8
9,9
9,9
9,9
9,9
9,19
9,7
9,7
9,7
9,9
9,8
9,9
9,9
9,8
9,9
9,9
9,9
9,9
9,9
10,1
10,12
10,10
10,12
10,1
10,10
10,10
10,12
10,12
10,10
10,12
10,1
10,10
10,12
10,12
10,10
10,11
10,1
10,12
10,10
10,11
10,24
10,24
10,12
10,10
10,1
10,12
10,10
10,10
10,1
10,1
10,7
10,7
10,12
10,10
10,10
10,10
10,12
10,1
10,1
10,10
10,1
10,12
10,1
10,12
10,12
10,12
10,12
10,10
10,10
10,10
10,10
10,10
10,10
10,12
10,12
10,11
10,10
10,11
10,1
10,12
11,11
11,11
11,11
11,11
11,1
11,0
11,1
11,1
11,11
11,11
11,11
11,11
11,11
11,11
11,11
11,11
11,11
11,11
11,12
11,17
11,11
11,11
11,1
11,11
11,11
11,11
11,11
11,1
11,1
11,11
11,11
11,11
11,11
11,11
11,11
11,11
11,11
11,11
11,11
11,11
11,11
11,11
11,11
11,11
11,1
11,11
11,17
11,11
11,11
11,11
11,1
11,1
11,1
11,1
11,1
11,10
11,11
11,11
11,11
11,11
11,11
11,11
11,11
11,1
11,11
11,1
11,11
11,11
11,11
12,12
12,12
12,12
12,12
12,12
12,12
12,12
12,12
12,17
12,12
12,12
12,10
12,12
12,12
12,12
12,12
12,12
12,12
12,12
12,12
12,12
12,12
12,12
12,12
12,12
12,12
12,17
12,17
12,12
12,12
12,12
12,12
12,12
12,12
12,12
12,12
12,10
12,12
12,17
12,12
12,10
12,12
12,11
12,12
12,10
12,1
12,12
12,12
12,17
12,17
12,12
12,12
12,17
12,17
12,11
12,12
12,17
12,10
12,10
13,24
13,24
13,1
13,1
13,24
13,24
13,26
13,24
13,24
13,24
13,26
13,24
13,26
13,24
13,24
13,7
13,1
13,24
13,3
13,11
13,24
13,24
13,24
13,1
13,0
13,24
13,24
13,1
13,24
13,26
13,26
14,12
14,17
14,12
14,12
14,12
14,12
14,12
14,26
14,26
14,14
14,20
14,17
14,0
14,17
14,17
15,25
15,9
15,13
15,27
15,9
16,0
16,7
16,13
16,3
16,24
16,0
16,26
16,24
17,19
17,19
17,17
17,18
17,12
17,12
17,12
17,12
17,12
17,12
17,12
17,12
17,12
17,23
17,12
17,3
17,3
17,3
17,11
17,10
17,10
17,10
17,10
17,10
17,11
17,11
17,11
18,11
18,3
18,18
18,18
18,18
18,18
18,18
18,18
18,18
18,11
18,17
18,19
18,13
19,0
19,20
19,17
19,17
19,3
19,3
19,3
19,1
20,20
20,20
20,20
20,13
20,20
20,24
20,20
20,20
20,7
20,20
20,7
20,7
20,20
20,20
20,20
21,20
21,20
21,9
21,20
21,2
21,20
21,20
21,20
21,20
21,20
21,19
21,9
22,5
22,22
22,22
22,22
22,22
22,22
22,22
22,22
22,22
22,22
22,22
22,22
22,22
22,25
22,13
22,22
22,22
22,22
22,22
22,28
22,22
22,2
22,22
22,22
22,22
22,22
22,22
22,22
22,25
22,25
22,22
22,22
22,22
22,22
22,22
22,22
22,25
22,22
22,22
22,22
22,22
22,22
22,22
22,22
22,22
22,25
22,25
22,25
22,25
22,22
22,5
22,22
22,22
22,5
22,22
22,25
22,25
22,22
22,25
23,23
23,23
23,23
23,23
23,23
23,23
23,23
23,23
23,23
24,14
24,20
24,1
24,24
24,13
24,3
24,24
24,24
24,24
24,1
24,24
24,7
24,7
24,24
24,24
24,1
24,1
24,1
24,10
24,10
24,1
24,7
24,7
24,24
24,1
24,24
24,24
24,1
24,11
25,22
25,25
25,25
25,25
25,25
25,25
25,3
25,3
25,25
25,25
25,25
26,1
26,0
26,1
26,1
26,1
26,24
26,1
26,12
26,0
26,1
26,12
26,17
26,0
26,0
26,26
26,11
26,1
26,0
26,3
26,19
26,24
26,3
26,3
26,26
26,24
26,1
26,24
26,24
26,7
28,1
28,1
28,1
28,1
28,1
28,1
28,24
28,1
28,1
0,0
0,0
0,0
0,0
0,0
0,0
0,0
0,0
0,0
0,0
0,0
0,0
0,0
0,0
0,0
0,0
0,0
0,0
0,0
0,0
0,0
0,0
0,0
0,0
0,0
0,0
0,0
0,4
0,0
0,0
0,0
0,0
0,0
0,0
0,0
0,0
0,2
0,0
0,0
0,0
0,0
0,0
0,2
0,0
0,0
0,0
0,0
0,0
0,0
0,0
0,0
0,0
0,0
0,0
0,0
0,0
0,0
0,0
0,0
0,0
0,0
0,0
0,0
0,0
0,0
0,0
0,0
0,0
0,0
0,0
0,0
0,0
0,0
0,0
0,0
0,0
0,0
0,0
0,0
0,0
0,0
0,0
0,0
0,0
0,0
0,0
0,0
0,0
0,0
0,0
0,0
0,0
0,0
0,0
0,2
0,0
0,0
0,0
0,0
0,0
0,0
0,0
0,0
0,0
0,0
0,0
0,0
0,0
0,0
0,0
0,0
0,0
0,0
0,0
0,0
0,0
0,0
0,0
0,0
0,0
0,0
0,0
0,0
0,0
0,0
0,0
0,0
0,0
0,0
0,0
0,0
0,0
0,0
0,0
0,0
0,0
0,0
0,0
0,0
0,0
0,0
0,0
0,0
0,0
0,0
0,0
0,0
0,0
2,2
2,2
2,2
2,2
2,2
2,2
2,22
2,28
2,2
2,22
2,2
2,2
2,2
2,2
2,22
2,22
2,2
2,2
2,2
2,22
2,2
2,2
2,2
2,22
2,2
2,2
2,2
2,2
2,22
2,22
2,2
2,2
2,2
2,2
2,2
2,22
2,22
2,2
2,25
2,25
2,5
2,22
2,2
3,3
3,3
3,3
3,3
3,3
3,3
3,3
3,3
3,3
3,3
3,3
3,3
3,3
3,18
3,3
3,3
3,2
3,3
3,3
3,3
3,3
3,3
3,3
3,3
3,13
3,22
3,18
3,3
3,3
3,3
3,3
3,5
3,4
3,25
3,3
3,3
3,3
3,11
3,3
3,3
3,3
3,3
3,3
4,4
4,13
4,5
4,4
4,4
4,4
4,4
4,4
4,11
4,11
4,11
4,11
4,18
4,18
4,10
4,4
4,4
4,4
4,4
4,4
4,4
4,8
4,4
4,11
4,11
4,11
4,11
4,11
4,11
4,11
4,4
4,4
4,4
4,4
4,4
4,2
4,8
4,4
4,4
4,4
4,4
4,4
4,4
5,10
5,10
5,10
5,10
5,5
5,5
5,5
5,10
5,10
5,10
5,5
5,4
5,5
5,13
5,5
5,5
5,13
5,5
5,13
5,13
5,2
5,28
5,4
5,5
5,13
5,5
5,13
5,5
5,5
5,10
5,10
5,10
5,10
5,5
5,5
5,5
5,5
5,5
5,5
6,6
6,6
6,6
6,6
6,6
6,6
6,6
6,6
6,6
6,6
6,2
6,6
6,6
6,6
6,6
6,6
6,6
6,6
6,6
6,6
6,6
6,6
6,6
6,6
6,6
6,6
6,6
6,6
6,6
6,6
6,6
7,7
7,7
7,7
7,7
7,7
7,7
7,7
7,7
7,7
7,20
7,7
7,13
7,7
7,9
7,9
7,7
7,20
7,7
7,20
7,7
7,20
7,7
7,7
7,7
7,7
7,7
7,7
7,7
7,7
7,7
7,7
7,20
7,7
7,9
7,7
8,8
8,8
8,8
8,8
8,8
8,8
8,8
8,8
8,8
8,8
8,8
8,8
8,8
8,8
8,8
8,8
8,8
8,8
8,8
8,8
8,8
8,8
8,8
8,8
8,8
9,9
9,9
9,9
9,9
9,9
9,9
9,9
9,9
9,9
9,9
9,9
9,9
9,9
9,9
9,9
9,9
9,9
9,9
9,9
9,9
9,9
9,9
9,9
9,9
9,9
9,9
9,9
9,9
9,20
9,9
9,9
9,8
9,9
9,8
9,9
9,9
9,9
9,9
9,9
9,9
9,9
9,9
9,9
9,9
9,9
9,9
9,9
9,9
9,9
9,9
9,9
9,9
9,9
9,9
9,9
9,9
9,9
9,9
9,9
10,10
10,10
10,10
10,10
10,10
10,10
10,10
10,10
10,10
10,10
10,10
10,10
10,10
10,10
10,10
10,10
10,10
10,10
10,10
10,10
10,10
10,10
10,10
10,10
10,10
10,10
10,10
10,10
10,10
10,10
10,10
10,10
10,10
10,10
10,10
10,10
10,10
10,10
10,10
10,10
10,10
10,10
10,10
10,10
10,10
10,10
10,10
10,10
10,10
10,4
10,4
10,10
10,10
10,10
10,10
10,10
10,10
10,10
10,10
10,10
10,10
10,10
10,10
10,10
10,10
10,10
10,10
10,10
10,10
10,10
10,10
10,10
10,10
10,10
10,10
10,10
10,10
10,10
10,10
10,10
10,10
10,10
10,10
10,10
10,10
10,10
10,10
10,10
10,10
11,4
11,4
11,11
11,11
11,11
11,4
11,11
11,11
11,11
11,11
11,11
11,4
11,11
11,11
11,11
11,11
11,11
11,11
11,11
11,4
11,11
11,11
11,11
11,11
11,11
11,11
11,11
11,11
11,4
11,11
11,11
11,11
11,11
12,10
12,10
12,10
12,10
12,10
12,10
12,10
12,10
12,10
12,12
12,12
12,10
12,10
12,12
12,12
12,12
12,12
12,12
12,12
12,10
12,10
12,10
12,12
12,12
12,10
12,12
12,12
12,10
12,10
12,10
12,10
12,10
12,12
12,10
12,10
12,12
12,10
12,10
12,12
13,2
13,9
13,13
13,13
13,4
13,13
13,4
13,13
13,5
13,28
13,13
13,13
13,5
13,13
13,4
13,13
13,13
13,13
13,5
13,13
13,5
13,2
13,5
13,5
13,5
13,13
13,13
13,5
13,5
14,12
14,10
14,10
14,10
14,12
14,10
14,3
14,17
14,17
14,11
14,18
14,18
14,18
14,18
14,11
14,3
14,11
14,3
14,11
14,11
14,11
15,25
15,25
15,25
15,22
15,8
15,8
15,21
15,25
15,25
15,25
16,13
16,4
16,13
16,13
16,28
16,4
16,13
16,13
16,8
17,3
17,25
17,17
17,17
17,18
17,17
17,17
17,17
17,17
17,17
17,17
17,17
17,17
17,17
17,17
17,25
17,25
18,3
18,18
18,18
18,18
18,18
18,18
18,25
18,18
18,25
18,25
18,25
19,25
19,27
19,19
19,17
19,17
19,19
19,17
19,17
19,8
19,25
23,23
23,23
23,23
23,23
23,23
23,23
23,23
23,23
23,23
23,23
23,23
24,11
24,11
24,12
24,21
24,11
24,9
24,27
24,3
24,25
24,25
24,13
25,13
25,13
25,13
25,13
25,13
25,13
25,13
25,18
25,19
25,13
25,13
25,13
28,28
28,28
28,8
28,22
28,4
28,4
28,28
28,28
28,28
28,28
28,28
28,28
28,28
0,19
0,0
0,0
0,0
0,0
0,0
0,0
0,1
0,0
0,0
0,0
0,0
0,0
0,0
0,0
0,0
0,0
0,7
0,7
0,7
0,1
0,19
0,8
0,0
0,0
0,0
0,0
0,0
0,0
0,0
0,0
0,0
0,0
0,0
0,0
0,0
0,7
0,7
0,19
0,3
0,19
0,2
0,6
0,0
0,0
0,0
0,7
0,1
0,7
2,20
2,2
2,2
2,2
2,2
2,2
2,2
2,13
2,2
2,13
2,2
2,0
2,2
2,2
2,2
2,2
2,2
2,2
2,4
2,10
2,10
2,5
2,5
2,10
2,10
2,10
2,10
2,22
2,4
2,4
2,13
2,5
2,5
2,13
2,25
2,5
2,5
2,13
2,2
2,13
2,13
2,13
2,2
2,2
2,13
2,25
2,13
2,2
2,6
2,2
2,2
3,3
3,3
3,3
3,3
3,3
3,3
3,3
3,3
3,3
3,3
3,3
3,3
3,3
3,3
3,3
3,3
3,3
3,3
3,3
3,3
3,3
3,3
3,3
3,3
3,3
3,3
3,3
3,3
3,3
3,3
3,10
3,3
3,3
3,3
3,3
3,3
3,3
3,3
3,3
3,3
3,3
3,3
3,3
3,3
3,3
3,11
3,3
3,3
3,3
3,3
3,3
3,3
3,3
3,3
3,3
3,3
3,3
3,3
3,3
3,3
3,3
3,3
3,3
3,3
3,3
3,3
3,3
3,25
3,3
3,3
3,3
3,3
3,3
3,3
3,3
3,3
3,3
3,3
3,3
3,4
3,3
3,3
3,3
3,3
3,3
3,3
3,18
3,3
3,3
3,3
3,3
3,3
3,3
4,13
4,2
4,28
4,4
4,8
4,0
4,8
4,4
4,11
4,11
4,11
4,4
4,4
4,4
4,4
4,4
4,4
4,10
4,4
4,4
4,4
4,4
4,4
4,4
4,8
4,11
4,4
4,4
4,4
4,4
4,4
4,4
4,13
4,13
4,4
4,11
4,4
6,0
6,0
6,0
6,0
6,6
6,6
6,0
6,6
6,0
6,6
6,0
6,6
6,0
6,0
6,0
6,0
6,0
6,2
6,2
6,6
6,2
6,6
6,2
6,6
6,6
6,0
6,0
6,0
6,0
7,7
7,7
7,7
7,7
7,9
7,7
7,7
7,9
7,7
7,9
7,7
7,7
7,7
7,7
7,7
7,7
7,7
7,7
7,7
7,7
7,7
7,9
7,9
7,7
7,7
7,7
7,7
7,7
7,7
8,8
8,8
8,8
8,8
8,8
8,8
8,8
8,8
8,8
8,8
8,8
9,9
9,9
9,9
9,9
9,9
9,9
9,9
9,9
9,9
9,9
9,9
9,9
9,9
9,9
9,9
9,9
9,8
9,9
9,9
9,9
9,9
9,9
9,9
9,9
9,25
9,9
9,9
9,9
9,9
9,25
9,25
9,9
9,9
9,9
9,25
9,25
9,25
9,25
9,25
9,25
9,25
9,9
9,9
9,9
9,9
9,9
9,9
9,9
9,9
9,9
9,9
9,9
9,20
9,25
9,9
9,9
9,9
9,9
9,9
9,25
9,25
9,9
9,19
10,10
10,10
10,2
10,4
10,13
10,10
10,10
10,10
10,10
10,10
10,10
10,10
10,10
10,10
10,10
10,10
10,10
10,10
10,4
10,2
10,2
10,25
10,10
10,10
10,10
10,10
10,10
10,10
10,4
10,10
10,10
10,10
10,4
10,10
10,10
10,10
10,10
10,10
10,10
10,10
10,10
10,10
10,10
10,10
10,10
10,10
10,2
10,13
10,4
10,10
10,10
10,10
10,10
10,10
10,13
10,2
10,11
10,4
10,2
10,4
10,10
10,10
10,10
10,10
10,10
10,10
10,4
10,10
10,10
11,11
11,17
11,11
11,11
11,11
11,11
11,11
11,11
11,11
11,11
11,11
11,11
11,11
11,11
11,4
11,11
11,11
11,11
11,11
11,11
11,11
11,11
11,4
11,4
11,4
11,11
11,11
11,10
11,4
11,4
11,11
11,17
11,11
11,11
11,11
11,11
11,4
11,11
11,11
11,4
11,11
11,11
11,11
11,11
11,11
11,11
11,11
11,11
11,11
11,1
11,11
11,11
11,11
11,11
11,11
11,11
11,11
11,11
11,11
11,11
11,11
11,11
11,11
11,11
11,11
11,11
11,11
11,11
11,11
11,4
11,11
11,11
11,11
11,11
11,3
11,11
11,11
11,11
11,11
11,11
11,11
11,11
11,11
11,11
11,11
11,11
11,4
11,11
11,4
11,11
11,11
11,4
11,11
11,11
11,11
11,11
11,11
11,11
11,11
12,10
12,10
12,18
12,12
12,12
12,12
12,12
12,12
12,12
12,12
12,12
12,12
12,12
12,12
12,12
12,12
12,12
12,12
12,12
12,10
12,12
12,12
12,12
12,12
12,12
12,11
12,18
12,18
12,18
12,12
12,12
12,12
12,18
12,12
12,12
12,12
12,12
12,12
12,12
12,12
12,12
12,12
12,12
12,12
12,12
12,12
12,12
12,12
12,12
12,12
12,12
12,12
12,10
12,12
12,12
12,12
12,12
12,12
12,12
13,4
13,13
13,4
13,13
13,13
13,25
13,13
13,25
13,4
13,4
13,4
13,25
13,4
13,25
13,13
13,25
13,4
13,4
13,4
13,13
13,2
13,13
13,13
13,4
13,4
13,13
13,13
13,13
13,25
13,4
13,13
13,13
13,13
13,25
13,11
13,11
13,4
13,4
13,4
13,9
13,4
13,13
13,13
13,4
13,4
13,2
13,4
13,4
13,4
13,9
13,7
13,13
13,4
13,4
13,4
14,18
14,18
14,10
14,10
14,10
14,12
14,3
14,0
14,4
14,11
14,11
15,27
15,8
15,9
15,8
15,22
15,9
15,27
15,27
15,26
16,13
16,13
16,5
16,13
16,0
17,3
17,18
17,18
17,18
17,17
17,17
17,17
17,17
17,17
17,17
17,17
17,17
17,17
17,17
17,17
17,17
17,17
17,17
17,17
17,17
17,17
17,17
17,17
17,17
17,11
17,3
18,11
18,17
18,18
18,18
18,18
18,18
18,3
18,4
18,4
18,4
18,4
18,4
18,4
18,8
18,0
18,8
18,4
18,18
18,18
18,18
18,17
18,17
18,11
18,18
18,18
19,3
19,1
19,19
19,20
19,20
19,20
19,3
20,20
20,20
20,20
20,7
20,20
20,20
20,20
20,20
20,9
20,20
20,9
20,9
20,9
21,21
21,9
21,9
21,9
21,20
21,25
21,9
21,9
21,20
21,20
22,22
22,2
22,22
22,22
22,22
22,22
22,22
22,22
22,2
22,6
22,22
22,22
22,27
22,22
22,22
22,10
22,27
22,21
22,22
22,22
22,22
22,26
22,27
22,27
22,27
22,2
22,20
22,22
22,22
23,23
23,23
23,23
23,23
23,23
23,23
23,23
23,23
23,23
23,23
23,23
23,23
23,0
23,23
23,23
23,23
23,23
24,24
24,24
24,24
24,24
24,20
24,20
24,7
24,24
24,23
24,24
24,24
24,24
24,27
24,24
24,26
24,24
24,24
25,13
25,20
25,9
25,2
25,3
25,18
25,4
25,3
25,5
25,26
25,13
25,9
26,26
26,13
26,26
26,26
26,26
26,11
26,13
26,13
26,13
26,24
26,4
26,26
26,5
26,12
26,26
26,4
26,14
26,4
26,4
26,11
26,3
26,11
26,24
26,13
26,7
26,13
26,26
26,5
26,4
26,13
26,13
26,13
26,13
26,13
26,5
26,13
26,5
26,13
26,5
26,26
26,13
26,5
26,3
26,13
26,13
26,13
26,10
26,13
26,13
26,13
26,5
26,5
26,5
26,10
26,5
26,5
26,5
26,13
26,13
27,27
27,27
27,27
27,9
27,27
27,22
27,26
27,27
27,9
27,27
27,13
27,13
27,26
27,13
27,2
27,13
27,26
27,2
27,27
27,3
27,22
27,9
27,20
27,20
27,2
27,21
27,25
27,25
27,22
28,13
28,5
28,10
28,5
28,5
28,5
28,5
28,5
28,5
28,5
28,5
28,5
28,5
28,5
28,5
28,13
28,13
28,13
28,5
28,13
28,13
28,13
28,13
28,4
28,4
28,13
28,28
28,13
28,13
28,5
28,5
28,5
28,5
0,0
0,0
0,0
0,0
0,0
0,0
0,0
0,0
0,0
0,0
0,0
0,0
0,0
0,0
0,0
0,0
0,0
2,22
2,2
2,2
2,2
2,2
2,2
2,0
2,2
2,2
2,2
2,2
2,2
2,2
2,2
2,21
2,2
2,27
2,27
2,2
2,2
2,2
2,2
2,2
2,2
2,2
2,2
2,2
2,22
2,2
2,2
3,3
3,3
3,3
3,3
3,3
3,3
3,3
3,3
3,3
3,3
3,3
3,3
3,3
3,3
3,3
3,3
3,3
3,11
3,3
3,3
3,3
3,3
3,11
3,3
3,3
3,3
3,3
3,3
3,3
3,3
3,3
4,28
4,13
4,11
4,4
4,7
4,4
4,4
4,11
4,4
4,7
4,7
4,4
4,11
4,4
4,13
4,4
4,4
4,4
4,4
4,4
4,13
4,4
4,4
4,13
4,13
6,6
6,6
6,6
6,6
6,6
6,6
6,6
6,6
6,6
6,6
6,6
6,6
6,0
7,7
7,7
7,7
7,7
7,7
7,7
7,8
7,20
7,7
7,7
7,7
7,7
7,7
7,7
7,7
7,7
7,7
7,7
7,7
7,7
7,7
7,7
7,7
7,7
7,7
8,8
8,13
8,8
8,8
8,8
8,8
8,8
8,8
8,9
8,8
8,8
8,8
8,8
8,8
8,8
8,8
8,8
8,8
8,8
8,8
8,8
9,9
9,9
9,20
9,14
9,24
9,9
9,9
9,20
9,9
9,9
9,9
9,9
9,9
9,9
9,9
9,9
9,9
9,9
9,9
9,9
9,9
9,17
9,20
9,9
9,9
9,9
9,9
9,9
9,9
9,9
9,9
9,9
9,9
9,9
9,9
9,9
9,9
9,9
9,9
10,10
10,10
10,10
10,10
10,10
10,10
10,10
10,10
10,10
10,10
10,10
10,10
10,10
10,10
10,10
10,10
10,10
10,10
10,10
10,10
10,10
10,10
10,10
11,11
11,11
11,11
11,11
11,11
11,11
11,11
11,11
11,11
11,11
11,11
11,11
11,11
11,11
11,11
11,11
11,11
11,11
11,11
11,11
11,11
11,11
11,11
11,11
11,11
11,11
11,4
11,11
11,11
11,11
11,11
11,11
11,11
11,11
11,11
11,11
11,11
11,1
11,11
11,11
11,11
11,11
11,11
11,11
11,11
11,11
11,11
11,11
11,11
11,11
11,11
11,11
11,11
11,11
11,11
11,11
11,11
11,11
11,11
11,11
11,11
11,11
11,11
12,12
12,12
12,12
12,12
12,12
12,12
12,12
12,12
12,12
12,12
12,12
12,12
12,12
12,12
12,12
12,12
12,12
12,12
12,12
12,12
12,12
12,12
12,12
12,12
12,12
12,12
12,12
12,12
12,12
13,10
13,13
13,13
13,5
13,5
13,13
13,10
13,13
13,13
13,13
13,13
13,13
13,13
13,13
13,13
13,10
13,10
13,13
13,13
13,10
13,13
13,13
13,13
13,13
13,13
13,13
13,13
13,28
13,13
13,13
13,13
13,13
13,4
13,28
13,28
13,5
13,5
13,5
13,28
14,3
14,17
14,17
14,7
14,17
14,17
15,13
15,25
15,25
15,25
15,25
15,19
15,17
15,3
16,11
16,7
16,13
16,13
16,13
16,7
17,3
17,25
17,5
17,3
17,17
17,17
17,17
17,17
17,1
17,1
17,3
17,3
17,25
17,3
17,3
17,25
17,13
18,3
18,3
18,17
18,18
18,18
18,18
18,18
18,18
18,3
18,13
18,3
18,3
18,18
19,19
19,17
19,17
19,19
19,17
19,1
19,1
19,12
19,17
19,14
19,19
19,13
20,9
20,15
20,13
20,20
20,20
20,20
20,21
20,20
20,19
20,19
20,20
20,7
20,20
20,20
20,20
20,9
20,13
21,20
21,21
21,9
21,22
21,2
21,25
21,8
21,22
21,3
21,13
21,13
21,22
21,8
22,8
22,13
22,25
22,22
22,5
22,22
22,22
22,22
22,22
22,22
22,22
22,22
22,22
22,22
22,2
22,27
22,26
22,22
22,22
22,22
22,22
22,27
22,22
23,23
23,23
23,23
23,21
24,19
24,1
24,0
24,24
24,7
24,24
24,24
24,1
24,0
24,14
24,14
24,0
24,1
24,24
24,1
25,25
25,25
25,25
25,25
25,25
25,25
25,25
25,25
25,25
25,25
25,25
25,25
25,25
25,25
25,27
26,13
26,13
26,13
26,3
26,26
26,3
26,13
26,3
26,13
26,11
26,11
26,10
26,4
26,11
26,4
26,11
26,11
26,2
26,11
27,10
27,5
27,5
27,5
27,5
27,13
27,9
27,9
27,25
27,27
27,24
27,13
27,13
27,13
27,2
27,13
27,13
27,0
27,0
27,20
27,27
27,3
27,13
28,28
28,5
28,2
28,28
28,5
28,10
28,10
28,10
28,13
28,13
28,13
28,13
28,10
28,10
28,5
28,28
28,28
0,1
0,1
0,1
0,1
0,1
0,7
0,1
0,0
0,1
0,13
0,1
0,1
0,1
0,1
0,1
0,1
0,0
0,1
0,1
0,0
0,24
0,24
0,1
0,1
0,1
0,0
0,1
0,0
0,1
0,1
0,1
0,0
0,1
0,1
0,1
0,1
0,1
0,1
0,0
0,0
0,1
0,1
0,1
0,1
0,1
0,1
0,1
0,1
0,1
0,1
0,24
0,0
0,24
0,1
0,0
0,1
0,1
0,1
0,1
0,1
0,1
0,1
0,1
0,1
0,1
0,0
0,1
0,1
0,0
0,1
0,1
0,0
0,1
0,1
0,1
0,0
0,1
0,0
0,1
0,1
0,1
0,26
0,0
0,0
0,1
0,1
0,1
0,0
0,1
0,1
0,0
0,0
0,12
0,0
0,0
0,0
0,0
0,0
0,1
0,0
0,0
0,0
0,1
0,0
0,0
0,24
0,1
0,1
0,1
0,1
0,1
0,1
0,1
0,1
0,1
0,1
0,1
0,1
0,0
0,1
0,24
0,1
0,1
0,1
0,1
0,19
0,1
0,1
0,1
0,1
0,1
0,1
0,1
0,1
0,1
0,1
0,1
0,1
0,1
0,1
0,1
0,0
2,2
2,2
2,2
2,2
2,2
2,22
2,26
2,27
2,22
2,2
2,2
2,2
2,2
2,2
2,2
2,2
2,2
2,2
2,2
2,0
2,2
2,2
2,2
2,22
2,2
2,2
2,2
2,2
2,2
2,2
2,2
2,2
2,2
2,2
2,2
2,2
2,2
2,2
2,2
2,2
2,2
2,2
2,2
2,2
2,2
2,2
2,22
2,2
2,2
2,2
2,22
2,25
2,25
2,2
2,6
2,6
2,2
2,2
2,13
3,3
3,3
3,3
3,3
3,3
3,3
3,3
3,3
3,3
3,3
3,3
3,25
3,25
3,25
3,25
3,25
3,3
3,3
3,3
3,3
3,3
3,3
3,3
3,3
3,25
3,25
3,3
3,3
3,3
3,3
3,3
3,3
3,3
3,3
3,25
3,25
3,25
3,25
3,3
3,3
3,3
3,3
3,3
3,3
3,3
4,13
4,4
4,4
4,4
4,25
4,4
4,4
4,4
4,4
4,4
4,4
4,4
4,4
4,4
4,4
4,28
4,4
4,4
4,4
4,4
4,4
4,4
4,4
4,4
4,4
4,4
4,4
4,26
5,5
5,5
5,28
5,28
5,28
5,28
5,10
5,5
5,28
5,5
5,5
5,5
5,5
5,5
5,5
5,10
5,5
5,28
5,5
5,28
5,13
5,25
5,5
5,4
5,5
5,28
5,5
5,5
5,5
5,5
5,5
5,5
5,28
5,5
5,5
5,5
5,5
5,5
5,5
5,5
5,4
6,6
6,6
6,6
6,6
6,6
6,6
6,6
6,6
6,6
6,6
6,6
6,6
6,6
6,6
6,6
6,6
6,6
6,6
6,6
6,6
6,6
7,7
7,7
7,7
7,7
7,7
7,7
7,7
7,7
7,7
7,7
7,7
7,7
7,7
7,7
7,7
7,7
7,7
7,7
7,7
7,7
7,7
7,7
7,7
7,7
7,7
7,7
7,7
7,7
7,7
7,7
7,7
7,7
7,8
7,7
7,7
7,7
7,7
8,8
8,8
8,8
8,8
8,8
8,8
8,8
8,8
8,8
8,8
8,8
8,8
8,8
8,8
8,8
8,8
8,8
8,8
8,8
8,8
8,8
8,8
8,8
8,8
8,8
8,8
8,8
8,8
8,8
8,8
8,8
8,8
8,8
8,8
8,8
8,8
8,8
8,8
8,8
8,8
8,8
9,9
9,9
9,9
9,9
9,9
9,9
9,9
9,9
9,9
9,9
9,9
9,9
9,9
9,9
9,8
9,9
9,9
9,9
9,9
9,9
9,9
9,9
9,9
9,9
9,9
9,20
9,9
9,9
9,9
9,7
9,7
9,9
9,9
9,23
9,9
10,10
10,10
10,10
10,10
10,10
10,10
10,10
10,10
10,10
10,10
10,10
10,10
10,5
10,22
10,10
10,10
10,10
10,10
10,10
10,10
10,10
10,10
10,10
10,10
10,4
10,22
10,10
10,10
10,10
10,10
10,10
10,10
10,10
10,10
10,10
11,11
11,11
11,11
11,11
11,10
11,12
11,12
11,10
11,11
11,11
11,11
11,11
11,11
11,11
11,11
11,11
11,11
11,11
11,11
11,11
11,11
11,11
11,11
11,11
11,11
11,17
11,11
11,11
11,11
11,11
11,11
11,11
11,11
12,12
12,12
12,12
12,12
12,12
12,12
12,12
12,12
12,12
12,12
12,12
12,12
12,12
12,12
12,12
12,12
12,12
12,12
12,12
12,12
12,12
12,12
12,12
12,12
12,12
12,12
12,12
13,4
13,4
13,13
13,13
13,13
13,13
13,28
13,28
13,13
13,13
13,13
13,5
13,5
13,13
13,13
13,9
13,8
13,4
13,20
13,13
13,13
13,4
13,4
13,13
13,13
13,13
13,5
13,13
13,13
14,12
14,26
14,26
14,14
14,14
14,19
14,1
14,17
14,17
14,17
14,17
14,14
14,20
15,22
15,22
15,8
15,25
15,15
15,25
16,8
16,25
16,25
16,19
16,22
16,22
16,25
16,8
17,3
17,17
17,17
17,17
17,17
17,17
17,17
17,17
17,17
17,17
17,17
17,17
17,17
17,17
17,17
17,17
17,17
17,17
17,17
17,17
17,3
18,18
18,3
18,18
18,4
18,18
18,3
18,18
18,17
18,18
18,18
18,18
18,18
18,3
18,18
18,13
19,17
19,17
19,17
19,3
19,17
19,19
19,13
20,2
20,20
20,21
20,25
20,20
20,27
20,20
20,13
20,25
20,8
20,20
20,20
20,21
20,20
20,26
21,20
21,20
21,20
21,20
21,9
21,25
22,22
22,22
22,22
22,22
22,28
22,28
22,22
22,22
22,22
22,28
22,23
22,22
22,8
22,21
22,21
22,28
22,28
22,28
22,28
22,5
22,22
22,22
22,22
23,23
23,23
23,23
23,23
23,23
23,23
23,23
23,23
23,23
23,23
24,7
24,20
24,24
24,7
24,7
24,1
24,1
24,24
24,24
24,26
24,1
24,1
24,1
24,1
24,1
25,25
25,25
25,18
25,4
25,18
25,25
25,25
25,25
25,8
25,25
25,25
26,26
26,27
26,24
26,5
26,26
26,24
26,24
26,24
26,26
26,26
26,26
26,26
26,26
26,26
26,26
26,5
26,5
26,26
26,26
26,13
26,5
26,5
26,5
26,26
26,5
26,5
26,5
26,26
26,26
27,22
27,2
27,7
27,9
27,7
27,3
27,3
27,13
27,13
27,13
28,28
28,23
28,28
28,28
28,28
28,28
28,28
28,28
28,28
28,7
28,13
28,28
28,4
28,8
28,8
28,8
28,28
0,0
0,0
0,0
0,0
0,0
0,0
0,0
0,0
0,0
0,0
0,0
0,0
0,0
0,0
0,0
0,0
0,0
0,0
0,0
0,0
0,0
0,0
0,0
0,0
0,0
0,0
0,0
0,0
0,0
0,0
0,0
0,0
0,0
0,0
0,0
0,0
0,0
0,0
0,0
0,0
0,0
0,0
0,0
0,0
0,0
0,0
0,0
0,0
0,0
0,24
0,24
0,0
0,0
0,0
0,0
0,0
0,0
0,0
0,0
0,0
0,0
0,0
0,0
0,0
0,0
0,0
0,0
0,0
0,24
0,0
0,0
0,0
0,0
0,0
0,0
0,0
0,0
0,0
0,0
0,0
0,0
0,0
0,0
0,0
0,0
0,0
0,0
0,0
0,0
0,0
0,0
0,0
0,0
0,0
0,0
0,0
0,0
0,0
0,0
0,0
0,0
0,0
0,0
0,0
0,0
0,0
0,0
0,0
0,0
0,0
0,0
0,0
0,2
0,0
0,0
0,0
0,0
0,0
0,0
0,0
0,24
0,0
0,0
0,0
0,0
0,0
0,0
0,0
0,0
0,0
0,0
0,0
0,0
0,0
0,0
0,0
0,0
0,0
0,0
0,0
0,0
0,0
0,0
0,0
0,0
0,0
0,0
0,0
0,0
0,0
0,0
0,0
0,0
0,0
0,0
0,0
0,0
0,0
0,0
0,0
0,0
0,0
0,0
0,0
0,0
0,0
0,0
0,0
0,0
0,0
0,0
0,0
0,0
0,0
0,0
0,0
0,0
0,0
0,0
0,0
0,0
0,0
0,0
0,0
0,0
0,0
0,0
0,0
0,0
0,0
0,0
0,0
0,0
0,0
0,0
0,0
0,0
0,0
0,0
0,0
0,0
0,0
0,0
0,0
0,0
0,0
0,0
0,0
0,0
0,0
0,0
0,0
0,0
0,0
2,6
2,22
2,2
2,2
2,2
2,2
2,2
2,2
2,2
2,2
2,2
2,2
2,2
2,2
2,2
2,2
2,2
2,2
2,2
2,22
2,2
2,5
2,2
2,2
2,22
2,28
2,2
2,22
2,23
2,2
2,2
2,22
2,22
2,2
2,2
2,20
2,2
2,2
2,2
2,2
2,2
2,2
2,2
2,2
2,2
2,2
2,2
2,2
2,2
2,2
2,2
2,2
2,2
2,2
2,22
2,2
2,2
2,2
2,2
2,2
2,2
2,22
2,2
2,2
2,2
2,2
2,2
2,22
2,2
2,2
2,2
2,2
2,2
2,2
2,2
2,2
2,2
2,2
2,2
2,2
2,2
2,2
2,2
2,2
2,2
2,2
2,2
2,2
2,2
2,22
2,22
2,2
2,2
2,27
2,19
2,3
2,2
2,6
2,2
3,3
3,3
3,3
3,3
3,3
3,3
3,3
3,3
3,3
3,3
3,3
3,3
3,3
3,3
3,3
3,3
3,3
3,3
3,3
3,3
3,17
3,3
3,3
3,3
3,3
3,3
3,3
3,3
3,3
3,3
3,3
3,3
3,3
3,3
3,26
3,13
3,13
3,3
3,3
3,3
3,3
3,3
3,3
3,3
3,3
3,3
3,3
3,13
3,3
3,3
3,3
4,4
4,4
4,1
4,4
4,4
4,4
4,13
4,13
4,27
4,13
4,13
4,4
4,13
4,13
4,0
4,13
4,13
4,4
4,2
4,2
4,13
4,13
4,11
4,0
4,4
4,13
4,13
4,25
4,4
4,10
5,5
5,5
5,28
5,28
5,5
5,5
5,5
5,13
5,5
5,5
5,28
5,5
5,5
5,5
5,5
5,13
5,13
5,20
5,5
5,5
5,28
5,5
5,5
5,5
5,5
6,6
6,6
6,6
6,6
6,6
6,6
6,6
6,6
6,6
6,6
6,6
6,6
6,6
6,2
6,6
6,6
6,6
6,6
6,6
6,6
6,6
7,7
7,7
7,7
7,7
7,7
7,7
7,7
7,7
7,7
7,7
7,7
7,7
7,7
7,7
7,7
7,7
7,7
7,7
7,7
7,7
7,7
7,7
7,7
7,7
7,7
7,7
7,7
7,7
7,7
7,7
7,7
7,7
7,7
7,7
7,23
7,7
7,7
7,7
7,7
7,7
7,23
7,7
7,7
7,7
7,7
7,7
7,7
8,8
8,8
8,8
8,8
8,8
8,8
8,8
8,8
8,8
8,8
8,8
8,8
8,8
8,8
8,8
8,8
8,8
8,8
8,8
8,8
8,23
9,9
9,9
9,9
9,9
9,8
9,9
9,9
9,9
9,9
9,9
9,9
9,9
9,9
9,9
9,9
9,9
9,9
9,9
9,9
9,9
9,9
9,9
9,9
9,9
9,9
9,9
9,9
9,9
9,9
9,9
9,9
9,9
9,9
9,9
9,9
9,9
9,7
9,9
9,9
10,10
10,10
10,10
10,10
10,10
10,10
10,10
10,10
10,10
10,10
10,10
10,10
10,10
10,10
10,10
10,10
10,10
10,10
10,10
10,13
10,13
10,10
10,10
10,10
10,10
10,10
10,10
10,10
10,10
10,10
10,10
10,10
10,10
10,10
10,10
10,10
10,10
10,10
10,10
10,10
10,10
11,11
11,11
11,1
11,11
11,11
11,1
11,11
11,11
11,4
11,24
11,11
11,11
11,11
11,4
11,11
11,11
11,11
11,11
11,11
11,1
11,4
11,1
11,4
11,11
11,1
11,11
11,11
11,11
11,1
11,1
11,11
11,11
11,11
11,1
11,1
11,1
11,11
12,12
12,12
12,12
12,12
12,12
12,12
12,12
12,12
12,12
12,12
12,12
12,12
12,12
12,12
12,17
12,12
12,12
12,12
12,12
12,12
12,12
12,12
12,12
12,12
12,12
13,13
13,13
13,13
13,13
13,13
13,26
13,13
13,7
13,27
13,13
13,2
13,13
13,13
13,13
13,13
13,13
13,13
13,13
13,13
13,13
13,13
13,13
13,26
13,13
14,10
14,10
14,10
14,24
14,20
14,14
14,14
14,1
14,1
14,17
14,17
14,17
14,17
14,14
14,14
15,18
15,25
15,25
15,9
16,18
16,19
16,7
16,7
16,8
16,7
16,19
16,18
17,17
17,17
17,17
17,17
17,17
17,17
17,17
17,17
17,17
17,17
17,17
17,17
17,17
17,17
17,17
17,25
18,27
18,22
18,25
18,18
18,18
18,18
18,18
18,18
18,18
18,25
18,13
18,18
18,25
19,27
19,25
19,19
19,19
19,3
19,19
19,20
19,25
20,8
20,20
20,20
20,20
20,18
20,8
20,20
20,20
20,9
20,9
20,20
21,20
21,20
21,20
21,9
21,21
21,20
21,20
22,22
22,22
22,20
22,8
22,20
22,21
22,22
22,22
22,8
22,22
22,22
22,22
22,22
22,22
22,22
22,22
22,22
22,22
22,22
23,23
23,23
23,23
23,23
23,23
23,23
23,23
23,23
23,23
24,24
24,24
24,10
24,24
24,23
24,24
24,27
24,9
24,20
24,2
24,2
24,26
24,27
24,0
24,9
24,2
24,28
25,3
25,13
25,3
25,13
25,13
25,13
25,3
25,3
25,7
25,20
26,14
26,13
26,26
26,13
26,26
26,26
26,28
26,20
26,3
26,26
26,26
26,5
26,26
26,13
26,5
26,5
26,26
26,26
26,26
26,26
26,26
27,22
27,22
27,27
27,17
27,14
27,24
27,3
27,3
27,22
27,6
27,2
28,28
28,28
28,13
28,28
28,28
28,28
28,28
28,28
28,28
28,28
28,28
28,28
28,28
