true_label,predicted_label
0,9
0,9
0,0
0,0
0,7
0,7
0,7
0,0
0,0
0,20
0,20
0,0
0,0
0,0
0,0
0,0
0,0
0,0
0,0
0,0
0,0
0,0
0,0
0,0
0,0
0,0
0,0
0,0
0,0
0,0
0,0
0,0
0,0
0,0
0,0
0,0
0,0
0,0
0,0
0,0
0,0
0,0
0,0
0,0
0,0
0,0
0,0
0,0
0,0
0,0
0,0
0,0
0,0
0,0
0,0
0,0
0,0
0,0
0,0
0,0
0,0
0,0
0,0
0,0
0,0
0,0
0,0
0,7
0,24
0,24
0,0
0,0
0,0
0,0
0,0
0,0
0,0
0,0
0,0
0,0
0,0
0,0
0,0
0,24
0,0
0,1
0,0
0,24
0,24
0,24
0,0
0,0
0,0
0,0
0,0
0,0
0,24
0,24
0,24
0,1
0,1
0,1
0,1
0,1
0,1
0,24
0,12
0,1
0,24
0,0
0,0
0,0
0,27
0,24
0,27
0,0
0,0
0,0
0,0
0,24
0,0
0,0
0,24
0,0
0,0
0,24
0,0
0,0
0,0
0,0
0,0
0,0
0,0
0,0
0,0
0,0
0,0
0,0
0,0
0,0
0,0
0,24
0,24
0,24
0,0
0,0
0,0
0,0
0,0
0,0
0,0
0,0
0,0
0,0
0,0
0,0
0,24
0,24
0,0
0,0
0,0
0,0
0,0
0,0
0,0
0,0
0,0
0,0
0,0
0,0
0,24
0,24
0,0
0,1
0,24
0,1
0,24
0,19
0,24
0,24
0,0
0,1
0,24
0,0
0,0
0,0
0,0
0,0
0,0
0,24
0,24
0,0
0,27
0,26
0,12
0,27
0,27
0,0
0,0
0,24
0,24
0,0
0,0
0,0
0,0
0,0
0,0
0,0
0,0
0,0
0,0
0,0
0,0
0,0
0,0
0,0
0,0
0,0
0,0
0,0
0,0
0,0
0,0
0,24
0,0
0,0
0,24
0,0
0,0
0,0
0,0
0,0
0,24
0,0
0,24
0,24
0,1
0,1
0,24
0,27
0,0
0,0
0,0
0,0
0,0
0,7
0,24
0,0
0,0
0,0
0,0
0,0
0,7
0,24
0,7
0,7
0,7
0,24
0,0
0,0
0,6
0,2
0,0
0,0
0,0
0,0
0,24
0,24
0,1
0,0
0,0
0,0
0,7
0,7
0,0
0,0
0,0
0,0
0,0
0,0
0,0
0,0
0,0
0,0
0,0
0,0
0,0
0,0
0,0
0,2
0,0
0,0
0,0
0,0
0,24
0,24
0,0
0,0
0,0
0,0
0,0
0,0
0,0
0,0
0,0
0,0
0,0
0,0
0,0
0,24
0,0
0,0
0,0
0,0
0,0
0,0
0,2
0,2
0,0
0,0
0,0
0,0
0,0
0,0
0,0
0,0
0,0
0,7
0,24
0,24
0,0
0,0
0,0
0,0
0,0
0,0
0,0
0,0
0,0
0,0
0,0
0,0
0,0
0,0
0,0
0,0
0,0
0,0
0,0
0,7
0,27
0,3
0,3
0,3
0,15
0,27
0,0
0,0
0,0
0,0
0,0
0,0
0,0
0,27
0,2
0,5
0,5
0,18
0,18
0,25
0,27
0,0
0,2
0,2
0,26
0,24
0,24
0,24
0,24
0,0
0,0
0,0
0,1
0,1
0,0
0,0
0,0
0,0
0,0
0,0
0,0
0,0
0,0
0,0
0,0
0,0
0,0
0,0
0,0
0,0
0,0
0,0
0,0
0,6
0,0
0,0
0,0
0,0
0,0
0,0
0,0
0,0
0,0
0,7
0,6
0,0
0,0
0,0
0,0
0,0
0,0
0,0
0,0
0,0
0,0
0,0
0,0
0,2
0,6
0,6
0,2
0,0
0,0
0,0
0,2
0,0
0,6
0,16
0,0
0,0
0,0
0,0
0,0
0,0
0,0
0,2
0,0
0,0
0,2
0,2
0,0
0,0
0,2
0,6
0,6
0,0
0,0
0,0
0,0
0,0
0,0
0,0
0,0
0,0
0,6
0,0
0,0
0,6
0,0
0,0
0,0
0,6
0,6
0,6
0,6
0,2
0,2
0,16
0,0
0,0
0,0
0,0
0,8
0,6
0,0
0,0
0,0
0,0
0,0
0,7
0,27
0,25
0,5
0,27
0,15
0,27
0,27
0,15
0,15
0,2
0,22
0,22
0,21
0,22
0,22
0,15
0,15
0,21
0,22
0,21
0,22
0,27
0,2
0,22
0,25
0,9
0,0
0,0
0,16
0,2
0,0
0,0
0,2
0,25
0,22
0,2
1,1
1,19
1,1
1,14
1,1
1,1
1,1
1,1
1,11
1,1
1,24
1,24
1,1
1,1
1,1
1,19
1,1
1,19
1,1
1,1
1,1
1,1
1,1
1,1
1,1
1,1
1,1
1,3
1,1
1,24
1,24
1,1
1,1
1,1
1,1
1,1
1,1
1,24
1,1
1,1
1,1
1,1
1,1
1,1
1,1
1,1
1,3
1,1
1,14
1,24
1,12
1,1
1,14
1,14
1,12
1,12
1,12
1,1
1,14
1,17
1,14
1,12
1,1
1,1
1,1
1,1
1,1
1,1
1,1
1,24
1,24
1,1
1,19
1,1
1,1
1,1
1,1
1,1
1,1
1,1
1,1
1,1
1,1
1,1
1,1
1,1
1,1
1,1
1,17
1,1
1,1
1,1
1,24
1,1
1,1
1,1
1,12
1,1
1,1
1,12
1,1
1,1
1,1
1,12
1,1
1,1
1,1
1,1
1,1
1,1
1,1
1,1
1,1
1,12
1,12
1,1
1,12
1,1
1,12
1,12
1,12
1,1
1,1
1,24
1,24
1,24
1,1
1,1
1,1
1,1
1,1
1,1
1,1
1,1
1,1
1,12
1,3
1,1
1,1
1,1
1,1
1,1
1,1
1,12
1,17
1,12
1,14
1,12
1,24
1,1
1,1
1,1
1,1
1,1
1,1
1,1
1,24
1,24
1,1
1,1
1,1
1,24
1,24
1,11
1,1
1,1
1,3
1,12
1,1
1,3
1,1
1,1
1,24
1,1
1,24
1,1
1,24
1,1
1,24
1,24
1,24
1,1
1,24
1,3
1,1
1,26
1,12
1,14
1,14
1,1
1,1
1,1
1,1
1,1
1,1
1,1
1,1
1,1
1,1
1,1
1,1
1,19
1,19
1,1
1,1
1,1
1,24
1,24
1,24
1,1
1,24
1,7
1,24
1,24
1,1
1,19
1,7
1,1
1,1
1,3
1,1
1,19
1,1
1,24
1,1
1,1
1,1
1,1
1,24
1,1
1,1
1,1
1,1
1,12
1,12
1,1
1,1
1,1
1,1
1,24
1,24
1,24
1,24
1,1
1,19
1,1
1,1
1,19
1,19
1,7
1,1
1,19
1,1
1,1
1,1
1,1
1,12
1,1
1,1
1,1
1,11
1,1
1,14
1,3
1,1
1,1
1,1
1,24
1,1
1,11
1,16
1,1
1,16
1,1
1,1
1,24
1,11
1,24
1,1
1,24
1,11
1,1
1,24
1,12
1,1
1,1
1,1
1,1
1,1
1,1
1,1
1,1
1,24
1,1
1,1
1,12
1,12
1,12
1,12
1,12
1,12
1,12
1,1
1,24
1,24
1,24
1,14
1,14
1,1
1,19
1,24
1,1
1,24
1,24
1,24
1,1
1,1
1,1
1,1
1,24
1,24
1,24
1,1
1,1
1,19
1,1
1,3
1,3
1,3
1,3
1,14
1,1
1,24
1,3
1,3
1,1
1,1
1,12
1,1
1,19
1,19
1,19
1,10
1,10
1,4
1,25
1,16
1,19
1,3
1,26
1,1
1,1
1,1
1,24
1,24
1,1
1,14
1,1
1,26
1,16
1,1
1,11
1,1
1,1
1,1
1,11
1,7
1,19
1,3
1,7
1,1
1,1
1,1
1,12
1,1
1,12
1,1
1,24
1,1
1,1
1,11
1,11
1,1
1,24
1,1
1,1
1,24
1,24
1,24
1,14
1,19
1,24
1,14
1,1
1,14
1,14
1,12
1,12
1,3
1,3
1,1
1,26
1,24
1,13
1,1
1,10
1,24
1,1
1,26
1,1
1,26
1,10
1,24
1,24
1,16
1,10
1,24
1,1
1,1
1,26
1,14
1,1
1,26
1,26
1,3
1,26
1,24
1,26
1,26
1,16
1,11
1,16
1,16
1,14
1,11
1,11
1,11
1,28
1,16
1,11
1,1
1,11
1,11
1,11
1,11
1,1
1,1
1,1
1,1
1,11
1,11
1,11
1,1
1,10
1,12
1,11
1,11
1,1
1,16
1,11
1,11
1,11
1,11
1,11
1,11
1,11
1,11
1,11
1,11
1,11
1,1
1,10
1,11
1,10
1,10
1,11
1,26
1,11
1,12
1,12
1,1
1,12
1,10
1,26
1,26
1,26
1,24
1,26
1,24
1,11
1,7
1,7
1,11
1,16
1,1
1,19
1,1
1,1
1,24
1,24
1,1
1,7
1,24
1,1
1,11
1,11
1,1
1,3
1,11
1,11
1,11
1,10
1,10
1,10
1,1
1,1
1,26
1,1
1,1
1,26
1,26
1,1
1,1
1,10
1,11
1,10
1,12
1,24
1,26
1,24
1,24
1,1
1,24
1,26
1,24
1,24
1,24
1,7
1,19
1,19
1,3
1,3
1,1
1,1
1,1
1,24
1,26
1,10
1,25
1,0
1,24
1,26
1,1
1,27
1,2
1,25
1,5
1,19
1,3
1,1
1,0
1,0
1,13
1,10
1,11
1,1
1,13
1,11
1,11
1,24
1,13
1,0
1,11
1,16
1,24
1,1
1,11
1,11
1,11
1,11
1,11
1,11
1,19
1,25
1,19
1,25
1,26
1,26
2,2
2,2
2,2
2,2
2,27
2,27
2,22
2,2
2,27
2,2
2,2
2,2
2,22
2,27
2,22
2,2
2,22
2,2
2,2
2,2
2,2
2,2
2,2
2,2
2,2
2,2
2,22
2,22
2,28
2,22
2,22
2,22
2,22
2,22
2,22
2,2
2,22
2,2
2,27
2,27
2,21
2,22
2,22
2,22
2,22
2,2
2,22
2,2
2,22
2,22
2,22
2,2
2,22
2,22
2,22
2,2
2,22
2,22
2,22
2,22
2,22
2,22
2,22
2,2
2,22
2,22
2,22
2,22
2,22
2,22
2,2
2,2
2,2
2,18
2,25
2,2
2,2
2,2
2,2
2,25
2,2
2,2
2,2
2,27
2,2
2,2
2,2
2,2
2,2
2,2
2,2
2,22
2,2
2,2
2,15
2,15
2,15
2,22
2,22
2,22
2,25
2,22
2,2
2,22
2,2
2,22
2,2
2,22
2,2
2,2
2,2
2,2
2,22
2,22
2,22
2,2
2,22
2,2
2,22
2,2
2,22
2,22
2,22
2,22
2,22
2,22
2,2
2,2
2,2
2,2
2,2
2,2
2,22
2,25
2,22
2,2
2,27
2,27
2,26
2,26
2,2
2,27
2,27
2,2
2,22
2,22
2,22
2,2
2,22
2,22
2,27
2,2
2,22
2,2
2,15
2,2
2,2
2,22
2,2
2,22
2,22
2,22
2,2
2,22
2,2
2,2
2,2
2,22
2,22
2,2
2,22
2,22
2,22
2,22
2,2
2,2
2,6
2,22
2,27
2,2
2,22
2,6
2,6
2,6
2,6
2,6
2,21
2,2
2,2
2,27
2,22
2,2
2,22
2,22
2,22
2,2
2,2
2,22
2,22
2,2
2,2
2,22
2,22
2,21
2,22
2,22
2,22
2,22
2,2
2,2
2,22
2,2
2,2
2,25
2,27
2,22
2,22
2,2
2,2
3,3
3,3
3,3
3,3
3,3
3,12
3,12
3,3
3,3
3,12
3,12
3,12
3,3
3,3
3,3
3,3
3,3
3,3
3,3
3,3
3,3
3,3
3,3
3,3
3,3
3,3
3,17
3,17
3,3
3,3
3,3
3,3
3,3
3,3
3,24
3,24
3,26
3,3
3,3
3,3
3,3
3,17
3,17
3,1
3,3
3,3
3,3
3,17
3,3
3,3
3,12
3,12
3,3
3,3
3,3
3,3
3,3
3,3
3,3
3,3
3,3
3,3
3,3
3,3
3,3
3,3
3,3
3,17
3,3
3,14
3,1
3,3
3,3
3,3
3,3
3,3
3,3
3,17
3,25
3,25
3,25
3,25
3,15
3,15
3,18
3,18
3,3
3,3
3,3
3,15
3,3
3,14
3,3
3,3
3,3
3,3
3,3
3,27
3,15
3,27
3,3
3,24
3,17
3,3
3,26
3,26
3,3
3,3
3,3
3,3
3,3
3,3
3,17
3,3
3,26
3,26
3,3
3,3
3,3
3,14
3,3
3,3
3,17
3,17
3,17
3,3
3,3
3,3
3,27
3,3
3,3
3,3
3,15
3,27
3,27
3,27
3,27
3,27
3,27
3,25
3,3
3,3
3,3
3,3
3,25
3,27
3,27
3,2
3,3
3,3
3,26
3,26
3,3
3,14
3,3
3,3
3,3
3,19
3,26
3,26
3,3
3,3
3,3
3,3
3,3
3,3
3,26
3,26
3,3
3,3
3,3
3,3
3,19
3,3
3,24
3,3
3,19
3,3
3,3
3,3
3,18
3,3
3,26
3,26
3,26
3,14
3,18
3,3
3,3
3,3
3,3
3,3
3,17
3,17
3,3
3,3
3,3
3,3
3,13
3,26
3,14
3,14
3,3
3,24
3,3
3,3
3,26
3,3
3,3
3,3
3,17
4,16
4,16
4,13
4,4
4,4
4,4
4,8
4,16
4,4
4,4
4,25
4,4
4,4
4,4
4,4
4,16
4,4
4,25
4,4
4,4
4,4
4,4
4,4
4,4
4,25
4,25
4,18
4,13
4,4
4,4
4,25
4,25
4,25
4,4
4,25
4,4
4,9
4,20
4,8
4,4
4,4
4,4
4,22
4,16
4,4
4,25
4,25
4,18
4,25
4,11
4,18
4,4
4,4
4,4
4,5
4,25
4,4
4,4
4,4
4,4
4,4
4,11
4,4
4,4
4,25
4,8
4,4
4,4
4,4
4,4
4,4
4,4
4,16
4,11
4,8
4,4
4,16
4,4
4,16
4,4
4,4
4,4
4,4
4,13
4,13
4,4
4,25
4,4
4,16
4,28
4,4
4,8
4,4
4,4
4,25
4,25
4,28
4,28
4,4
4,4
4,4
4,16
4,16
4,16
4,19
4,4
4,8
4,4
4,4
4,8
4,4
4,4
4,4
4,4
4,4
4,4
4,8
4,27
4,4
4,4
4,4
4,4
4,4
4,8
4,8
4,4
4,4
4,4
4,25
4,4
4,4
4,4
4,25
4,4
4,4
4,25
4,4
4,25
4,4
4,25
4,28
4,28
4,8
5,5
5,5
5,5
5,5
5,5
5,5
5,5
5,5
5,5
5,5
5,5
5,5
5,5
5,5
5,5
5,5
5,5
5,5
5,5
5,5
5,5
5,5
5,5
5,5
5,5
5,5
5,5
5,5
5,5
5,5
5,5
5,5
5,5
5,5
5,5
5,5
5,5
5,5
5,5
5,5
5,5
5,5
5,5
5,5
5,5
5,5
5,5
5,5
5,5
5,5
5,5
5,5
5,5
5,5
5,16
5,5
5,5
5,28
5,5
5,5
5,5
5,5
5,16
5,5
5,5
5,5
5,5
5,5
5,28
5,28
5,5
5,22
5,2
5,5
5,5
5,5
5,5
5,5
5,13
5,5
5,5
5,5
5,5
5,5
5,28
5,5
5,28
5,5
5,5
5,28
5,28
5,28
5,5
5,28
6,6
6,6
6,6
6,6
6,6
6,6
6,8
6,22
6,9
6,6
6,6
6,6
6,6
6,6
6,6
6,6
6,6
6,7
6,9
6,9
6,2
6,2
6,21
6,6
6,6
6,9
6,6
6,6
6,6
6,6
6,6
6,6
6,22
6,2
6,6
6,22
6,6
6,6
6,6
6,6
6,6
6,6
6,6
6,6
6,6
6,6
6,6
6,6
6,6
6,6
6,6
6,6
6,6
6,6
6,6
6,6
6,6
6,6
6,6
6,6
6,6
6,6
6,6
6,6
6,6
6,6
6,6
6,6
6,6
6,6
6,21
6,6
6,6
6,6
6,6
7,7
7,7
7,7
7,7
7,9
7,7
7,7
7,7
7,7
7,7
7,20
7,7
7,7
7,7
7,7
7,7
7,23
7,7
7,7
7,7
7,7
7,9
7,7
7,7
7,7
7,7
7,7
7,7
7,7
7,7
7,7
7,7
7,7
7,7
7,7
7,6
7,7
7,9
7,7
7,7
7,7
7,7
7,19
7,7
7,7
7,7
7,7
7,7
7,7
7,7
7,7
7,7
7,7
7,7
7,7
7,7
7,7
7,7
7,7
7,7
7,7
7,7
7,7
7,7
7,7
7,6
7,7
7,7
7,7
7,7
7,7
7,7
7,7
7,7
7,7
7,9
7,7
7,7
7,7
7,7
7,7
7,7
7,7
7,7
7,7
7,7
7,7
7,7
7,7
7,7
7,7
7,7
7,9
7,7
7,7
7,7
7,7
7,7
7,7
7,20
7,7
7,7
7,7
7,7
7,7
7,7
7,7
7,7
7,7
7,7
7,7
7,7
7,7
7,7
7,7
7,7
7,7
7,7
7,7
7,7
7,7
7,7
7,7
7,7
7,7
7,7
7,7
7,7
7,7
7,7
7,7
7,7
7,7
7,7
7,7
7,7
7,7
7,7
7,7
7,7
7,7
7,7
7,7
7,7
7,7
7,7
7,7
7,7
7,7
7,7
7,7
7,7
7,7
7,7
7,7
7,7
7,7
7,7
7,7
7,7
7,7
7,7
7,7
7,7
7,7
7,9
7,7
7,7
7,7
7,7
7,7
7,7
7,7
7,7
7,7
7,7
7,7
7,7
7,7
7,7
7,7
7,7
7,7
7,7
7,7
7,7
7,7
7,7
7,7
7,7
7,7
7,7
7,7
7,7
7,23
7,7
7,7
7,7
7,7
7,7
7,7
7,7
7,7
7,7
7,7
7,7
7,2
7,7
7,7
7,7
7,7
7,7
7,7
7,7
7,7
7,7
7,7
7,7
7,7
7,7
7,7
7,7
7,7
7,7
7,7
7,7
7,7
7,7
7,7
7,7
7,7
7,7
7,7
7,7
7,7
7,7
7,7
7,7
7,7
7,7
7,20
7,27
7,1
7,24
7,20
7,7
7,7
7,7
7,7
7,7
7,7
7,7
7,7
7,7
7,7
7,7
7,7
7,7
7,7
7,7
7,7
7,7
7,7
7,23
7,23
7,20
7,7
7,7
7,7
7,7
7,7
7,7
7,7
7,7
7,7
7,7
7,7
7,7
7,7
7,7
8,8
8,8
8,8
8,8
8,8
8,8
8,8
8,8
8,8
8,22
8,22
8,8
8,22
8,8
8,8
8,8
8,8
8,8
8,8
8,8
8,8
8,8
8,8
8,22
8,8
8,8
8,8
8,8
8,8
8,8
8,22
8,8
8,8
8,8
8,20
8,9
8,8
8,8
8,8
8,6
8,8
8,8
8,8
8,8
8,9
8,8
8,8
8,6
8,9
8,8
8,9
8,6
8,8
8,9
8,16
8,8
8,8
8,8
8,8
8,8
8,8
8,8
8,8
8,8
8,8
8,9
8,6
8,8
8,8
8,8
8,20
8,7
8,7
8,7
8,8
8,8
8,8
8,8
8,8
8,8
8,8
8,8
8,8
8,8
8,8
8,8
8,8
8,8
8,8
8,8
8,8
8,8
8,8
8,8
8,8
8,8
8,8
8,8
8,4
8,8
8,4
8,4
8,25
8,8
8,8
8,8
8,8
8,8
8,8
8,8
8,8
8,4
8,8
8,8
8,8
8,8
8,8
8,8
8,8
8,8
8,8
9,8
9,9
9,9
9,9
9,21
9,9
9,21
9,9
9,9
9,9
9,21
9,9
9,9
9,9
9,9
9,9
9,9
9,9
9,9
9,9
9,9
9,9
9,9
9,9
9,9
9,9
9,9
9,9
9,9
9,9
9,9
9,9
9,9
9,9
9,9
9,8
9,9
9,20
9,20
9,8
9,25
9,20
9,25
9,15
9,25
9,8
9,25
9,9
9,9
9,9
9,9
9,8
9,9
9,21
9,21
9,22
9,21
9,25
9,25
9,15
9,25
9,21
9,21
9,21
9,9
9,19
9,21
9,9
9,21
9,9
9,8
9,9
9,9
9,9
9,9
9,23
9,9
9,9
9,9
9,9
9,9
9,9
9,9
9,9
9,7
9,9
9,9
9,9
9,9
9,9
9,9
9,9
9,9
9,9
9,9
9,9
9,9
9,9
9,9
9,20
9,9
9,9
9,9
9,9
9,9
9,21
9,9
9,21
9,9
9,9
9,9
9,9
9,9
9,8
9,9
9,9
9,9
9,9
9,9
9,9
9,9
9,7
9,9
9,7
9,8
9,9
9,9
9,9
9,9
9,9
9,9
9,9
9,7
9,20
9,9
9,9
9,9
9,9
9,9
9,9
9,9
9,9
9,9
9,7
9,7
9,9
9,7
9,7
9,7
9,9
9,9
9,9
9,9
9,7
9,15
9,9
9,9
9,8
9,9
9,9
9,9
9,9
9,9
9,9
9,9
9,9
9,9
9,8
9,9
9,9
9,9
9,9
9,9
9,9
9,9
10,10
10,10
10,10
10,10
10,10
10,10
10,10
10,10
10,10
10,10
10,10
10,28
10,28
10,5
10,10
10,10
10,10
10,10
10,10
10,10
10,10
10,10
10,10
10,5
10,10
10,13
10,10
10,10
10,10
10,10
10,10
10,10
10,10
10,10
10,10
10,10
10,10
10,10
10,10
10,14
10,13
10,10
10,28
10,10
10,10
10,11
10,10
10,10
10,10
10,10
10,10
10,10
10,7
10,7
10,7
10,7
10,10
10,10
10,28
10,10
10,10
10,10
10,28
10,10
10,10
10,10
10,10
10,10
10,10
10,10
10,10
10,10
10,10
10,10
10,10
10,10
10,10
10,10
10,10
10,10
10,10
10,10
10,10
10,10
10,10
10,10
10,10
10,10
10,11
10,10
10,10
10,10
10,11
10,10
10,10
10,10
10,10
10,10
10,10
10,10
10,10
10,10
10,10
10,10
10,10
10,10
10,10
10,10
10,10
10,10
10,10
10,10
10,10
10,3
10,10
10,10
10,10
10,10
10,10
10,10
10,10
10,10
10,10
10,10
10,10
10,10
10,10
10,26
10,26
10,10
10,10
10,10
10,10
10,10
10,3
10,10
10,10
10,10
10,10
10,10
10,10
10,10
10,10
10,10
10,10
10,10
10,26
10,10
10,10
10,10
10,10
10,10
10,10
10,10
10,10
10,10
10,10
10,10
10,10
10,10
10,10
10,10
10,10
10,10
10,10
10,10
10,10
10,10
10,10
10,10
10,10
10,10
10,10
10,10
10,28
10,10
10,10
10,10
10,10
10,10
10,10
10,10
10,10
10,10
10,10
10,10
10,10
10,10
10,10
10,10
10,10
10,10
10,10
10,10
10,10
10,10
10,10
10,10
10,10
10,27
10,13
10,10
10,10
10,10
10,10
10,10
10,26
10,5
10,10
10,10
10,10
10,10
10,10
10,5
10,10
10,10
10,10
10,10
10,10
10,10
10,10
10,10
10,10
10,10
10,10
10,10
10,13
10,5
10,10
10,10
10,10
10,10
10,10
10,10
10,28
10,10
11,4
11,11
11,11
11,11
11,5
11,11
11,11
11,11
11,4
11,3
11,14
11,3
11,11
11,4
11,11
11,16
11,4
11,11
11,11
11,28
11,11
11,11
11,11
11,5
11,16
11,11
11,4
11,4
11,11
11,11
11,11
11,11
11,11
11,11
11,11
11,11
11,11
11,11
11,11
11,11
11,11
11,11
11,11
11,11
11,11
11,11
11,11
11,11
11,11
11,11
11,11
11,11
11,11
11,11
11,11
11,16
11,11
11,11
11,11
11,11
11,11
11,11
11,11
11,14
11,11
11,11
11,11
11,11
11,11
11,11
11,11
11,11
11,11
11,11
11,11
11,11
11,17
11,14
11,14
11,11
11,11
11,11
11,11
11,11
11,11
11,11
11,3
11,11
11,11
11,11
11,11
11,11
11,11
11,11
11,11
11,11
11,11
11,11
11,11
11,11
11,11
11,14
11,11
11,10
11,11
11,11
11,11
11,11
11,11
11,11
11,11
11,11
11,11
11,11
11,11
11,11
11,11
11,11
11,11
11,11
11,11
11,11
11,14
11,11
11,11
11,11
11,11
11,11
11,11
11,11
11,11
11,11
11,11
11,11
11,11
11,11
11,11
11,11
11,4
11,11
11,11
11,11
11,11
11,11
11,11
11,11
11,11
11,11
11,11
11,11
11,14
11,14
11,14
11,11
11,11
11,11
11,11
11,11
11,11
11,14
11,11
11,11
11,11
11,11
11,11
11,11
11,11
11,28
11,11
11,11
11,4
11,11
11,11
11,11
11,11
11,11
11,11
11,11
11,11
11,11
11,11
11,11
11,11
11,11
11,11
11,11
11,11
11,11
11,11
11,11
11,11
11,11
11,11
11,11
11,11
11,11
11,11
11,11
11,11
11,11
11,11
11,11
11,11
11,11
11,11
11,11
11,11
11,11
11,11
11,11
11,11
11,11
11,11
11,11
11,11
11,11
11,11
11,11
11,11
11,11
11,11
11,14
11,14
11,11
11,11
11,11
11,12
11,11
11,7
11,11
11,11
11,11
11,11
11,11
11,11
11,11
11,11
11,11
11,11
11,11
11,16
11,16
11,11
11,11
11,11
11,11
11,7
11,11
11,11
12,12
12,12
12,12
12,12
12,12
12,12
12,12
12,12
12,12
12,12
12,12
12,12
12,12
12,12
12,12
12,12
12,12
12,12
12,12
12,12
12,12
12,12
12,12
12,12
12,12
12,12
12,12
12,12
12,12
12,12
12,12
12,12
12,12
12,12
12,12
12,12
12,12
12,12
12,12
12,12
12,12
12,12
12,12
12,12
12,12
12,12
12,12
12,12
12,12
12,12
12,12
12,12
12,12
12,12
12,12
12,12
12,12
12,12
12,12
12,10
12,12
12,12
12,12
12,12
12,12
12,12
12,12
12,12
12,12
12,12
12,12
12,12
12,12
12,12
12,12
12,12
12,12
12,12
12,12
12,12
12,12
12,12
12,12
12,12
12,12
12,12
12,12
12,12
12,12
12,12
12,12
12,12
12,12
12,12
12,12
12,12
12,12
12,12
12,12
12,12
12,12
12,12
12,12
12,12
12,12
12,12
12,12
12,12
12,12
12,12
12,12
12,12
12,12
12,12
12,12
12,12
12,12
12,12
12,12
12,12
12,3
12,12
12,12
12,12
12,12
12,12
12,12
12,12
12,12
12,12
12,12
12,12
12,12
12,12
12,12
12,12
12,12
12,12
12,12
12,12
12,12
12,12
12,12
12,12
12,12
12,12
12,12
12,12
12,14
12,12
12,12
12,12
12,14
12,17
12,12
12,12
12,12
12,12
12,12
12,12
12,12
12,12
12,12
12,12
12,12
12,12
12,12
12,12
12,12
12,12
12,12
12,12
12,12
12,12
12,14
12,14
12,12
12,12
12,12
12,12
12,12
12,17
12,12
12,12
12,12
12,12
12,12
12,12
12,12
12,12
12,12
12,12
12,12
12,12
12,12
12,12
12,12
12,12
12,12
12,12
12,12
12,12
12,14
12,12
12,12
12,12
12,14
12,12
12,12
12,12
12,12
13,26
13,10
13,16
13,16
13,16
13,16
13,13
13,26
13,26
13,26
13,12
13,13
13,26
13,11
13,11
13,13
13,2
13,13
13,26
13,2
13,2
13,13
13,5
13,5
13,28
13,16
13,13
13,2
13,13
13,13
13,16
13,2
13,16
13,13
13,13
13,16
13,16
13,5
13,18
13,16
13,13
13,13
13,5
13,13
13,18
13,21
13,16
13,28
13,13
13,5
13,28
13,5
13,16
13,5
13,16
13,2
13,5
13,28
13,5
13,16
13,16
13,16
13,13
13,26
13,2
13,26
13,13
13,2
13,5
13,2
13,2
13,16
13,16
13,8
13,16
13,2
13,2
13,2
13,28
13,22
13,16
13,28
13,22
13,2
13,2
13,22
13,5
13,5
13,28
13,16
13,25
13,2
13,13
13,13
13,2
13,2
13,5
13,2
13,13
13,2
13,20
13,13
13,8
13,20
13,18
13,22
13,7
13,16
13,16
13,16
13,22
13,16
13,28
13,20
13,16
13,28
13,2
13,28
13,25
13,20
13,16
13,22
13,20
13,16
13,8
13,28
13,28
14,12
14,12
14,12
14,12
14,3
14,14
14,14
14,19
14,17
14,14
14,24
14,12
14,12
14,12
14,14
14,14
14,14
14,14
14,24
14,14
14,7
14,14
14,12
14,12
14,12
14,24
14,14
14,14
14,19
14,14
14,17
14,17
14,17
14,17
14,19
14,14
14,14
15,15
15,15
15,15
15,15
15,15
15,15
15,25
15,15
15,25
15,25
15,15
15,15
15,15
15,15
15,25
15,25
15,15
15,15
15,15
15,15
15,15
16,16
16,16
16,16
16,16
16,16
16,16
16,16
16,16
16,16
16,16
16,16
16,16
16,16
16,16
16,26
16,16
16,16
16,16
16,16
16,16
16,16
16,16
16,16
16,16
17,19
17,19
17,18
17,18
17,18
17,18
17,18
17,18
17,18
17,18
17,18
17,18
17,18
17,18
17,18
17,18
17,18
17,18
17,18
17,18
17,17
17,18
17,18
17,18
17,17
17,17
17,19
17,19
17,19
17,19
17,17
17,17
17,17
17,17
17,17
17,17
17,17
17,17
17,17
17,17
17,17
17,17
17,17
17,17
17,14
17,17
17,17
17,17
17,17
17,17
17,17
17,17
17,17
17,17
17,17
17,17
17,17
17,19
17,15
17,17
17,19
17,17
17,17
17,17
17,17
17,18
17,17
17,17
17,17
17,17
17,17
17,17
17,17
17,17
17,17
17,17
17,17
17,18
17,20
18,26
18,25
18,3
18,18
18,18
18,18
18,18
18,18
18,18
18,18
18,18
18,18
18,18
18,18
18,17
18,18
18,18
18,18
18,25
18,25
18,25
18,18
18,18
18,18
18,18
18,18
18,18
18,25
18,25
18,18
18,18
18,18
18,18
18,18
18,18
18,18
18,18
18,18
18,18
18,18
18,18
18,18
18,11
18,18
18,18
18,18
18,18
18,18
18,19
18,27
18,27
18,18
18,18
18,18
18,18
18,18
18,18
18,18
18,18
18,18
18,18
18,18
18,18
18,18
18,4
19,19
19,19
19,20
19,19
19,19
19,19
19,19
19,19
19,19
19,19
19,19
19,19
19,19
19,19
19,19
19,19
19,19
19,19
19,20
19,19
19,19
19,19
19,27
20,20
20,23
20,21
20,20
20,20
20,20
20,21
20,20
20,20
20,20
20,9
20,20
20,20
20,20
20,20
20,20
20,20
20,27
20,9
20,21
20,20
20,20
20,20
20,20
20,7
20,20
20,20
20,20
20,20
20,21
20,20
20,21
20,20
20,21
20,21
20,20
20,20
20,20
20,4
20,16
20,20
20,25
20,20
20,20
20,20
20,20
20,20
20,20
20,21
20,20
20,20
21,21
21,21
21,21
21,21
21,21
21,21
21,21
21,8
21,21
21,21
21,21
21,20
21,21
21,21
21,2
21,21
21,22
21,21
21,21
21,21
21,22
21,21
21,21
21,21
21,21
21,21
21,8
21,20
21,21
21,22
21,22
22,15
22,25
22,25
22,22
22,22
22,22
22,27
22,21
22,21
22,22
22,22
22,22
22,22
22,22
22,22
22,2
22,22
22,22
22,8
22,22
22,22
22,22
22,22
22,2
22,22
22,2
22,22
22,21
22,21
22,22
22,22
22,22
22,22
22,22
22,22
22,22
22,22
22,22
22,22
22,22
22,22
22,22
22,22
22,22
22,22
22,22
22,22
22,21
22,15
22,11
22,5
22,2
22,25
22,21
22,22
22,25
22,22
22,22
22,22
22,22
22,22
22,22
22,22
22,22
22,27
23,23
23,23
23,23
23,23
23,23
23,23
23,23
23,23
23,23
23,23
23,23
23,23
23,23
23,23
23,23
23,23
23,23
23,23
23,23
23,23
23,23
23,23
23,23
23,23
23,23
23,23
23,23
23,23
23,23
23,23
23,23
23,23
23,23
23,23
23,23
23,23
23,23
23,23
23,23
23,23
23,23
23,23
23,23
23,23
23,23
23,23
23,23
23,23
23,23
24,24
24,7
24,24
24,24
24,24
24,24
24,24
24,7
24,24
24,24
24,24
24,24
24,24
24,24
24,24
24,24
24,24
24,24
24,24
24,24
24,24
24,24
24,24
24,1
24,7
24,24
24,7
24,7
24,24
24,24
24,24
24,7
24,24
24,24
24,24
24,24
24,24
24,24
24,24
24,24
24,24
24,24
24,24
24,24
24,24
24,24
24,24
24,24
24,24
24,24
24,24
24,24
24,24
24,24
24,24
24,24
24,24
24,24
24,24
24,24
24,24
24,24
24,24
24,24
24,24
24,24
24,24
25,20
25,18
25,18
25,25
25,25
25,25
25,25
25,25
25,15
25,25
25,25
25,25
25,25
25,20
25,19
25,25
25,25
25,25
25,16
25,25
25,25
25,25
25,22
25,4
25,25
25,25
25,25
25,25
25,4
25,25
25,25
25,25
25,25
25,25
25,15
25,25
25,16
25,25
25,25
25,25
25,25
25,25
25,25
25,25
25,25
25,13
25,25
26,24
26,26
26,1
26,24
26,12
26,24
26,1
26,24
26,13
26,20
26,20
26,26
26,26
26,12
26,26
26,5
26,26
26,26
26,2
26,27
26,27
26,27
26,27
26,3
26,3
26,12
26,12
26,12
26,3
26,12
26,26
26,27
26,26
26,2
26,27
26,24
26,27
26,27
26,26
26,26
26,26
26,26
26,26
26,14
26,12
26,24
26,24
26,13
26,2
26,27
26,3
26,26
26,26
26,26
26,13
26,27
26,26
26,12
26,12
26,26
26,26
26,26
26,10
26,5
26,5
26,10
26,10
26,26
26,26
26,26
26,26
26,26
26,26
26,10
26,24
26,26
26,2
26,27
26,18
26,27
26,26
26,26
26,26
26,26
26,26
26,26
26,5
26,5
26,5
26,24
26,26
26,2
26,13
26,18
26,13
26,26
26,5
26,24
26,24
26,12
26,24
26,26
26,26
26,13
26,2
26,26
26,10
26,10
26,10
26,10
26,18
26,26
26,26
26,24
26,16
26,24
26,13
26,5
26,10
26,26
26,18
26,10
26,10
26,13
26,26
26,10
26,10
26,5
26,26
26,26
26,26
26,5
26,26
26,5
26,5
27,27
27,27
27,27
27,26
27,3
27,27
27,2
27,2
27,27
27,2
27,20
27,2
27,21
27,20
27,7
27,7
27,7
27,20
27,27
27,21
27,2
27,27
27,21
27,27
27,22
27,27
27,27
27,2
27,2
27,2
27,13
27,19
27,27
27,9
27,7
27,27
27,27
27,27
27,27
27,21
27,22
27,22
27,2
27,25
27,21
27,7
27,7
27,27
27,27
27,2
27,2
27,15
28,28
28,28
28,16
28,28
28,24
28,28
28,28
28,28
28,28
28,28
28,28
28,28
28,28
28,13
28,4
28,28
28,28
28,28
28,28
28,28
28,28
28,16
28,28
28,28
28,28
28,28
28,28
28,28
28,28
28,28
28,28
28,28
28,28
28,16
28,16
28,28
28,28
28,16
28,28
28,28
28,28
28,28
28,28
28,28
28,28
28,28
28,28
28,28
28,5
28,28
28,28
28,28
28,16
28,28
28,28
28,28
0,0
0,0
0,2
0,0
0,7
0,0
0,11
0,28
0,0
0,24
0,0
0,0
0,0
0,0
0,0
0,0
0,24
0,0
0,24
0,19
0,24
0,1
0,24
0,0
0,2
0,0
0,2
0,2
0,2
0,0
0,2
0,6
0,6
0,6
0,9
0,2
0,2
0,0
0,0
0,6
0,2
0,27
0,22
0,21
0,27
0,26
0,22
0,9
0,0
0,0
0,0
0,0
0,7
0,24
0,0
0,0
0,0
0,6
0,0
2,2
2,22
2,2
2,2
2,2
2,22
2,22
2,22
2,22
2,22
2,22
2,22
2,2
2,22
2,2
2,22
2,22
2,22
2,22
2,22
2,22
2,22
2,2
2,22
2,22
2,22
2,22
2,22
2,22
3,25
3,12
3,14
3,26
3,2
3,22
3,27
3,3
3,3
3,12
3,3
3,27
3,25
3,3
3,3
3,3
3,3
3,14
3,3
3,27
3,3
3,3
3,3
3,17
3,15
3,27
3,18
3,27
3,3
3,3
3,3
3,14
3,15
3,27
3,27
3,22
3,3
3,3
3,15
3,27
3,26
3,3
3,3
3,3
3,27
3,27
3,27
3,3
3,3
4,13
4,5
4,5
4,5
4,13
4,13
4,25
4,13
4,13
4,13
4,26
4,18
4,12
4,12
4,12
4,12
4,25
4,26
4,18
4,5
4,5
4,13
4,13
4,25
4,13
4,5
4,25
4,18
4,10
4,25
4,13
4,13
4,13
4,25
4,25
4,18
4,18
4,12
4,12
4,12
4,18
4,18
4,25
4,25
4,13
4,5
4,25
5,27
5,22
5,26
5,5
5,5
5,10
5,26
5,26
5,5
5,5
5,26
5,5
5,5
5,22
5,27
5,2
5,5
5,5
5,10
5,26
5,26
5,5
5,5
5,5
5,26
5,5
5,5
5,5
5,14
5,5
5,26
5,26
5,10
5,5
5,26
5,5
5,5
5,10
5,5
5,5
5,5
5,5
5,5
5,5
5,5
5,5
5,2
5,19
5,9
5,27
5,27
5,26
5,26
5,5
5,5
5,14
5,5
5,5
5,14
6,6
6,6
6,6
6,6
6,6
6,2
6,2
6,3
6,2
6,2
6,18
6,2
6,13
6,26
6,13
6,9
6,6
6,6
6,6
6,6
6,6
6,6
6,6
6,6
6,6
6,9
6,6
6,6
6,6
6,6
6,6
6,6
6,6
6,9
6,27
6,16
6,15
6,21
6,6
6,6
6,6
6,6
7,27
7,16
7,2
7,20
7,20
7,2
7,20
7,20
7,13
7,16
7,20
7,20
7,20
7,20
7,20
7,13
7,20
7,20
7,20
7,7
7,20
7,20
7,2
7,5
7,7
7,23
7,20
7,20
7,7
7,9
7,9
7,7
7,2
7,7
7,7
7,16
7,7
7,20
7,24
7,24
7,2
7,20
7,2
8,8
8,8
8,8
8,8
8,8
8,8
8,8
8,8
8,0
8,2
8,9
8,8
8,8
8,8
8,8
8,8
8,8
8,8
8,8
8,8
8,8
8,8
8,4
8,9
8,8
8,8
8,8
8,8
8,8
9,9
9,9
9,9
9,20
9,9
9,9
9,9
9,20
9,9
9,9
9,9
9,9
9,9
9,9
9,9
9,3
9,9
9,9
9,9
9,9
9,9
9,21
9,9
9,9
9,9
9,9
9,9
9,7
9,9
9,19
9,21
9,21
9,21
9,21
9,9
9,9
9,9
9,9
9,9
9,9
9,9
9,9
9,27
9,15
9,27
9,20
9,21
9,9
9,9
9,9
9,9
9,7
9,9
9,9
9,9
9,9
9,9
9,9
9,9
10,10
10,10
10,10
10,5
10,26
10,26
10,10
10,10
10,10
10,10
10,10
10,10
10,26
10,10
10,3
10,10
10,10
10,26
10,26
10,10
10,10
10,10
10,10
10,10
10,10
10,10
10,10
10,10
10,26
10,5
10,10
10,12
10,10
10,12
10,10
10,10
10,10
10,10
10,10
10,10
10,10
10,10
10,10
10,10
10,10
10,10
10,10
10,10
10,10
10,12
10,10
10,10
10,10
10,10
10,10
10,5
10,5
10,26
10,12
10,26
10,5
10,26
10,10
10,10
10,10
10,10
10,12
10,10
10,5
10,22
10,26
10,10
10,26
10,10
10,26
10,26
10,10
10,10
10,10
10,10
10,10
10,10
10,10
10,10
10,10
10,10
10,10
10,10
10,10
10,10
10,10
10,10
10,10
10,10
10,10
10,26
10,10
10,10
10,26
10,10
10,10
10,10
10,10
10,10
10,10
10,10
10,10
10,10
10,26
10,5
10,26
10,3
10,10
10,10
10,10
10,10
10,10
10,10
10,10
10,10
10,10
10,10
10,10
10,10
10,10
10,10
10,10
10,10
10,26
10,26
10,26
10,3
10,10
10,10
10,3
10,26
10,26
10,10
10,10
10,10
10,10
10,10
10,10
10,10
10,10
10,5
10,2
10,2
10,3
10,18
11,5
11,13
11,26
11,14
11,14
11,5
11,5
11,14
11,5
11,5
11,5
11,26
11,14
11,14
11,14
11,14
11,5
11,14
11,14
11,14
11,5
11,5
11,26
11,14
11,14
11,14
11,14
11,14
11,14
11,14
11,14
11,18
11,14
11,14
11,14
11,14
11,14
11,14
11,14
11,18
11,14
11,14
11,14
11,14
11,14
11,14
11,26
11,14
11,14
11,14
11,14
11,10
11,14
11,14
11,14
11,14
11,5
11,4
11,14
11,14
11,14
11,14
11,14
11,14
11,14
11,14
11,18
11,14
11,26
11,14
11,18
11,14
11,14
11,14
11,14
11,14
11,14
11,14
11,14
11,14
11,14
11,14
11,14
11,14
11,14
11,14
11,14
11,5
11,14
12,12
12,12
12,12
12,12
12,12
12,12
12,12
12,12
12,12
12,12
12,12
12,12
12,12
12,12
12,12
12,12
12,12
12,12
12,12
12,12
12,12
12,12
12,3
12,18
12,25
12,25
12,26
12,27
12,2
12,12
12,27
12,12
12,12
12,12
12,12
12,12
12,12
12,12
12,12
12,12
12,12
12,12
12,12
12,12
12,12
12,12
12,12
12,12
12,12
12,12
12,12
12,12
12,12
12,12
12,12
12,12
12,12
12,12
12,12
12,12
12,12
12,12
12,12
12,12
12,12
13,13
13,13
13,16
13,2
13,18
13,2
13,25
13,2
13,27
13,5
13,5
13,5
13,5
13,18
13,25
13,25
13,16
13,26
13,13
13,5
13,12
13,12
13,18
13,26
13,25
13,16
13,25
13,13
13,5
13,5
13,5
13,5
13,5
13,16
13,13
13,5
13,2
13,5
13,5
13,13
13,25
13,25
13,2
13,16
13,25
13,13
13,5
13,5
13,13
13,13
13,5
13,5
13,5
13,5
13,5
13,16
13,2
13,5
13,5
13,16
13,16
13,28
13,13
13,5
13,13
13,5
13,16
13,16
13,16
14,12
14,12
14,12
14,14
14,12
14,19
14,14
14,20
14,5
14,18
14,18
14,12
14,17
14,17
14,24
15,15
15,15
15,15
15,15
15,15
16,16
16,16
16,16
16,16
16,16
17,25
17,17
17,17
17,19
17,17
17,17
17,17
17,17
17,17
17,17
17,17
17,17
17,17
18,26
18,18
18,18
18,18
18,18
18,18
18,18
18,18
18,18
18,18
18,18
18,18
18,16
19,19
19,22
19,15
19,19
19,19
19,19
19,19
20,21
20,21
20,20
20,21
20,20
20,21
20,22
20,21
20,20
20,20
20,20
20,9
20,20
20,20
20,21
20,21
20,20
20,20
20,21
21,8
21,4
21,2
21,20
21,21
21,21
21,21
21,21
21,21
21,21
21,21
21,21
21,21
21,21
21,22
22,21
22,22
22,22
22,2
22,2
22,22
22,22
22,22
22,22
22,2
22,22
22,2
22,2
22,22
22,22
22,27
22,27
22,22
22,22
22,22
22,22
22,22
22,22
22,22
22,22
23,7
23,7
23,6
23,23
23,23
23,23
24,24
24,24
24,24
24,24
24,24
24,24
24,24
24,24
24,2
24,24
24,24
24,24
24,24
24,24
24,14
25,25
25,25
25,25
25,25
25,25
25,25
25,25
25,25
25,25
25,25
25,15
25,25
25,25
25,25
25,25
25,25
25,25
25,25
25,25
25,25
25,25
25,25
25,25
25,25
25,25
25,25
25,25
25,15
25,25
25,25
25,25
25,25
25,16
25,25
25,25
25,25
25,25
25,25
25,2
25,21
25,25
26,26
26,3
26,26
26,10
26,26
26,10
26,3
26,3
26,10
26,5
26,26
26,26
26,23
26,10
26,26
26,5
26,26
26,26
26,10
26,26
26,26
26,26
26,5
26,26
26,26
26,26
26,10
26,26
26,10
26,5
26,26
26,17
26,5
26,26
26,26
26,14
26,24
26,24
26,12
26,21
26,21
27,27
27,3
27,3
27,3
27,27
27,3
27,3
27,3
27,27
27,27
27,2
27,26
27,27
27,2
27,3
27,27
27,11
27,27
27,24
27,27
27,27
28,28
28,28
28,28
28,28
28,28
28,28
28,28
28,28
28,28
28,10
28,28
28,28
28,28
28,28
28,28
28,28
28,28
28,28
28,10
1,4
1,8
1,4
1,0
1,7
1,16
1,16
1,19
1,4
1,13
1,4
1,4
1,4
1,4
1,4
1,16
1,3
1,19
1,13
1,28
1,4
1,4
1,8
1,4
1,4
1,11
1,11
1,4
1,28
1,11
1,11
1,11
1,11
1,11
1,11
1,11
1,11
1,11
1,11
1,11
1,11
1,11
1,18
1,11
1,11
1,11
1,11
1,11
1,28
1,28
1,28
1,16
1,11
1,11
1,17
1,14
1,5
1,28
1,11
1,11
1,14
1,14
1,3
1,19
1,11
1,11
1,11
1,11
1,11
1,19
1,3
1,26
1,13
1,3
1,19
1,13
1,28
1,11
1,10
1,11
1,26
1,13
1,4
1,4
1,11
1,4
1,10
1,10
1,10
1,28
1,10
1,10
1,5
1,18
1,18
1,4
1,11
1,11
1,3
1,17
1,18
1,4
1,11
1,11
1,17
1,1
1,0
1,2
1,2
1,25
2,2
2,2
2,2
2,16
2,2
2,16
2,20
2,16
2,5
2,20
2,16
2,16
2,28
2,0
2,8
2,28
2,2
2,2
2,2
2,2
2,2
2,2
2,2
2,2
2,2
2,2
2,5
2,13
2,2
2,16
2,2
2,2
2,2
2,16
2,2
2,13
2,2
2,13
2,26
2,2
2,2
2,2
2,2
2,2
2,2
2,13
2,26
2,2
2,13
2,28
2,13
2,2
2,2
2,5
2,5
2,13
2,13
2,2
2,2
2,2
2,2
2,2
2,2
2,2
2,28
2,16
2,16
2,2
2,2
2,13
2,5
2,26
2,13
2,26
2,2
2,16
2,16
2,5
2,18
2,18
2,14
2,27
2,27
2,2
2,2
2,2
2,25
2,2
2,16
2,2
2,28
2,13
2,2
2,2
2,25
2,27
2,20
2,9
2,9
2,27
2,2
2,13
2,13
2,2
2,16
2,22
2,2
2,2
2,22
2,5
2,2
2,22
2,22
2,2
2,22
2,2
2,22
2,5
2,22
2,25
4,4
4,18
4,12
4,4
4,4
4,5
4,13
4,26
4,4
4,26
4,10
4,4
4,4
4,26
4,20
4,25
4,5
4,23
4,23
4,23
4,17
4,23
4,23
4,23
4,23
4,5
4,5
4,23
4,23
4,12
4,12
4,23
4,23
4,23
4,23
4,23
4,23
4,23
4,23
4,23
4,23
4,12
4,12
4,23
4,12
4,12
4,23
4,23
4,23
4,23
4,23
4,12
4,5
4,5
4,5
4,13
4,16
4,18
4,4
4,4
4,4
4,18
4,4
6,6
6,6
6,6
6,6
6,6
6,6
6,6
6,6
6,9
6,6
6,6
6,6
6,6
6,6
6,6
6,6
6,6
6,6
6,6
6,6
6,6
6,6
6,6
6,6
6,6
6,6
6,6
6,6
6,6
6,6
6,6
6,6
6,6
6,6
6,6
6,6
6,6
6,6
6,6
6,6
6,6
6,7
6,6
6,6
6,6
6,6
6,6
6,6
6,6
6,6
6,6
6,6
6,6
6,6
6,6
6,6
6,6
8,8
8,8
8,8
8,8
8,8
8,8
8,8
8,21
8,8
8,8
8,8
8,17
8,8
8,8
8,8
8,8
8,8
8,8
8,8
8,8
8,8
8,8
8,8
8,8
8,8
8,8
8,8
8,8
8,8
8,8
8,8
8,8
8,8
8,8
8,8
8,8
8,8
8,8
8,8
8,8
8,8
8,8
8,8
8,8
8,8
8,8
8,8
8,8
8,8
8,8
8,8
8,8
8,8
8,8
8,8
9,9
9,9
9,20
9,9
9,9
9,9
9,8
9,8
9,8
9,21
9,21
9,21
9,21
9,8
9,9
9,9
9,21
9,8
9,8
9,8
9,21
9,8
9,15
9,21
9,21
9,8
9,9
9,15
9,20
9,9
9,9
9,9
9,9
9,20
9,9
9,8
9,9
9,9
9,9
9,8
9,9
9,9
9,9
9,9
9,9
9,9
9,9
9,9
9,9
9,9
9,9
9,9
9,9
9,9
9,9
9,8
9,9
9,9
9,9
9,9
9,8
9,8
9,9
10,10
10,10
10,10
10,10
10,10
10,10
10,10
10,28
10,10
10,10
10,10
10,10
10,10
10,10
10,10
10,13
10,28
10,10
10,10
10,10
10,10
10,10
10,10
10,10
10,24
10,10
10,10
10,10
10,10
10,10
10,10
10,10
10,10
10,10
10,10
10,10
10,10
10,10
10,28
10,10
10,10
10,10
10,10
10,10
10,10
10,10
10,10
10,28
10,28
10,28
10,10
10,10
10,10
10,10
10,10
10,10
10,4
11,24
11,11
11,24
11,1
11,11
11,14
11,14
11,24
11,11
11,24
11,16
11,14
11,14
11,24
11,24
11,24
11,24
11,24
11,24
11,24
11,24
11,24
11,1
11,24
11,24
11,24
11,24
11,24
11,24
11,24
11,24
11,24
11,24
11,1
11,24
11,14
11,17
11,1
11,24
11,19
11,24
11,24
11,24
11,19
11,24
11,24
11,1
11,24
11,24
12,4
12,4
12,14
12,11
12,11
12,11
12,11
12,11
12,7
12,11
12,11
12,11
12,11
12,11
12,10
12,11
12,11
12,11
12,11
12,11
12,11
12,11
12,11
12,12
12,14
12,11
12,11
12,14
12,14
12,12
12,11
12,11
12,11
12,11
12,11
12,11
12,11
12,11
12,12
12,11
12,11
12,11
12,11
12,11
12,12
12,11
12,11
12,11
12,11
12,11
12,11
12,11
12,11
13,20
13,20
13,16
13,5
13,4
13,11
13,4
13,13
13,7
13,7
13,7
13,7
13,7
13,25
13,5
13,5
13,4
13,5
13,5
13,5
13,4
13,4
13,7
13,7
13,7
13,7
13,14
13,13
13,5
13,5
13,4
13,28
13,28
13,10
13,11
13,28
13,28
13,13
13,13
14,18
14,4
14,11
14,18
14,14
14,11
14,18
14,18
14,11
14,11
14,11
14,11
14,11
14,18
14,18
14,18
14,14
14,14
14,14
14,11
14,11
14,11
14,11
14,11
14,11
15,15
15,15
15,15
16,16
16,7
16,16
16,16
16,16
18,25
18,27
18,5
18,4
18,12
18,12
18,12
18,17
18,17
18,17
18,17
18,17
18,17
18,17
18,17
18,17
18,17
18,17
18,17
18,17
18,17
18,17
18,14
18,18
18,18
18,16
18,25
19,19
19,19
19,19
19,19
19,19
19,19
19,19
20,20
20,20
20,20
20,20
20,20
20,21
20,21
20,21
20,20
20,20
20,20
20,27
21,21
21,21
21,21
21,21
21,21
21,21
21,20
21,21
22,22
22,22
22,22
22,21
22,27
22,22
22,22
22,22
22,22
22,22
22,22
22,22
22,22
22,22
22,22
22,22
23,23
23,23
23,6
23,23
23,23
23,23
23,23
23,23
23,23
23,23
23,23
23,23
23,23
23,23
23,23
23,23
23,23
23,23
25,21
25,25
25,25
25,25
25,25
25,25
25,15
25,25
25,25
25,25
25,27
25,15
25,20
27,22
27,27
27,21
27,27
27,27
27,27
27,27
27,27
27,27
27,12
27,12
27,12
27,27
27,27
27,27
27,22
27,27
27,2
27,22
27,22
27,25
27,13
27,2
27,22
27,2
27,22
27,27
27,27
27,27
27,26
27,27
27,27
27,2
27,2
27,27
28,28
28,4
28,28
28,28
28,28
28,28
28,28
28,28
28,28
28,28
28,28
28,28
28,28
28,28
28,22
28,28
28,28
28,28
28,28
28,28
28,28
28,28
28,28
2,6
2,22
2,22
2,22
2,22
2,22
2,22
2,22
2,22
2,22
2,22
2,22
2,22
2,22
2,22
2,22
2,22
2,22
2,22
2,22
2,25
2,25
2,22
2,22
2,22
2,22
2,22
2,22
2,22
2,22
2,22
2,22
2,22
3,16
3,26
3,18
3,18
3,18
3,18
3,18
3,18
3,18
3,3
3,16
3,4
3,3
3,19
3,17
3,18
3,18
3,18
3,18
3,3
3,3
3,18
3,12
3,18
3,18
3,18
3,23
3,23
3,18
3,18
3,26
3,18
3,18
3,18
3,18
3,18
3,18
3,18
3,18
3,18
3,26
3,3
3,12
3,18
3,18
3,18
3,18
3,3
3,18
3,18
3,18
3,18
3,18
3,18
3,3
3,18
3,4
3,4
3,18
3,12
3,10
3,13
3,26
3,4
3,3
3,3
3,18
4,11
4,11
4,11
4,11
4,14
4,5
4,13
4,11
4,4
4,14
4,11
4,11
4,11
4,25
4,4
4,18
4,4
4,4
4,13
4,18
4,11
4,11
4,11
4,28
4,16
4,12
4,18
4,4
4,11
5,28
5,28
5,28
5,28
5,28
5,28
5,5
5,5
5,5
5,5
5,5
5,5
5,28
5,5
5,28
5,28
5,28
5,5
5,5
5,28
5,28
5,23
5,28
5,16
5,5
5,28
5,28
5,28
5,23
6,9
6,6
6,6
6,6
6,6
6,6
6,6
6,21
6,6
6,6
6,6
6,6
6,6
6,6
6,6
6,6
6,9
6,9
6,6
6,6
6,9
6,6
6,22
6,6
6,6
6,6
6,6
6,2
6,21
6,6
6,6
6,6
6,6
6,6
6,6
6,6
6,6
6,6
6,6
7,28
7,7
7,7
7,7
7,7
7,4
7,7
7,7
7,19
7,11
7,19
7,7
7,7
7,13
7,7
7,7
7,7
7,7
7,20
7,24
7,20
7,19
7,7
7,19
7,19
7,19
7,7
7,7
7,7
8,18
8,15
8,8
8,15
8,15
8,8
8,8
8,8
8,8
8,8
8,8
8,8
8,8
8,8
8,8
8,8
8,8
8,8
8,8
8,8
8,15
8,15
8,8
8,8
8,8
8,4
8,8
8,15
8,8
8,8
8,25
8,8
8,25
8,8
8,8
8,8
8,4
8,8
8,8
8,8
8,25
8,8
8,8
8,8
8,8
8,8
8,8
8,8
8,8
9,21
9,24
9,27
9,21
9,20
9,20
9,9
9,7
9,7
9,7
9,9
9,19
9,9
9,19
9,19
9,19
9,19
9,9
9,9
9,9
9,9
9,9
9,19
9,9
9,19
9,9
9,9
9,27
9,14
9,21
9,27
9,27
9,27
9,9
9,9
9,9
9,9
9,27
9,12
9,11
9,9
9,27
9,9
9,9
9,9
9,9
9,9
9,9
9,9
10,12
10,11
10,12
10,12
10,10
10,10
10,14
10,12
10,10
10,12
10,12
10,18
10,10
10,10
10,18
10,12
10,10
10,12
10,18
10,18
10,18
10,18
10,18
10,10
10,10
10,12
10,12
10,10
10,10
10,10
10,10
10,12
10,12
10,18
10,12
10,12
10,10
10,10
10,12
10,10
10,18
10,12
10,18
10,12
10,18
10,18
10,18
10,18
10,18
10,18
10,12
10,18
10,4
10,28
10,11
10,12
10,12
10,10
10,12
10,18
10,12
10,12
10,10
10,12
10,10
10,12
10,18
10,12
10,12
10,10
10,10
10,10
10,12
11,14
11,14
11,14
11,11
11,14
11,11
11,11
11,12
11,11
11,11
11,11
11,14
11,14
11,14
11,14
11,14
11,11
11,11
11,11
11,11
11,11
11,11
11,11
11,11
11,11
11,11
11,14
11,14
11,14
11,11
11,11
11,11
11,12
11,14
11,11
11,24
11,11
11,11
11,11
11,11
11,24
11,11
11,11
11,17
11,14
11,14
11,14
11,14
11,11
11,11
11,28
11,11
11,11
11,11
11,11
11,14
11,14
11,11
11,11
11,7
11,24
11,11
11,11
11,11
11,12
11,19
11,11
11,11
11,14
12,18
12,18
12,18
12,18
12,18
12,18
12,18
12,18
12,18
12,18
12,18
12,18
12,12
12,18
12,18
12,18
12,18
12,18
12,18
12,18
12,18
13,11
13,14
13,19
13,17
13,28
13,16
13,28
13,28
13,28
13,18
13,16
13,7
13,7
13,7
13,11
13,11
13,11
13,11
13,14
13,5
13,4
13,11
13,14
13,14
13,11
13,14
13,14
13,17
13,19
14,18
14,18
14,12
14,18
14,18
14,19
14,19
14,7
14,11
14,14
14,14
14,14
14,14
14,14
14,14
14,14
14,14
14,18
14,14
14,14
14,14
14,14
14,14
14,14
14,14
14,14
14,14
14,14
14,14
14,7
14,14
14,17
14,14
15,15
15,15
15,15
15,15
15,15
16,7
16,16
16,16
16,16
17,16
17,19
17,14
17,19
17,19
17,19
17,17
17,17
17,17
17,17
17,17
17,17
17,17
18,19
18,19
18,19
18,19
18,17
18,17
18,17
18,17
18,17
18,17
18,17
18,17
18,18
19,7
19,19
19,7
19,20
19,19
19,19
19,19
19,14
19,14
19,19
19,15
20,20
20,20
20,20
20,20
20,20
20,22
20,21
20,22
20,15
20,19
20,27
20,27
20,20
20,20
20,9
20,9
20,27
20,26
20,20
20,20
20,23
20,9
20,16
20,8
20,13
20,9
20,21
20,21
20,20
21,21
21,21
21,21
21,21
21,20
21,21
21,21
21,21
21,21
21,21
21,21
21,9
21,21
21,21
21,21
21,21
21,21
21,21
21,20
23,23
23,23
23,23
23,23
23,23
23,23
23,23
23,23
23,20
23,23
23,23
23,23
24,23
24,5
24,26
24,20
24,19
24,26
24,28
24,11
24,11
24,11
24,11
24,11
24,11
24,17
24,14
24,14
24,18
24,14
24,24
24,14
24,14
24,11
24,11
24,19
24,7
25,25
25,25
25,25
25,25
25,25
25,25
25,25
25,18
25,25
25,25
25,25
25,25
25,25
25,22
25,25
26,5
26,28
26,16
26,16
26,10
26,10
26,10
26,5
26,18
26,18
26,5
26,28
26,22
26,5
26,28
26,28
26,28
26,10
26,18
26,4
26,28
26,16
26,4
27,22
27,27
27,13
27,25
27,2
27,2
27,25
27,20
27,27
27,2
28,4
28,4
28,28
28,25
28,28
28,28
28,28
28,28
28,28
28,28
28,28
28,28
28,28
0,0
0,0
0,0
0,0
0,0
0,0
0,0
0,0
0,0
0,0
0,0
0,0
0,6
0,2
0,6
0,2
0,6
0,6
0,6
0,6
0,6
0,6
0,6
0,2
0,2
0,6
0,6
0,6
0,6
0,6
0,6
0,6
0,6
0,16
0,6
0,0
0,0
0,0
0,0
0,6
0,0
0,6
0,6
0,0
0,6
0,6
0,6
0,6
0,6
0,6
0,0
0,0
0,0
0,0
0,8
0,0
0,6
0,0
0,6
0,6
0,0
0,6
0,6
0,6
0,6
0,6
0,0
0,0
0,0
0,6
0,0
0,0
0,6
0,0
0,0
0,0
0,0
0,0
0,7
0,0
0,0
0,13
0,20
0,0
0,0
0,6
0,6
0,6
0,0
0,6
0,6
0,6
0,0
0,0
0,6
0,2
0,0
0,0
0,0
0,0
0,0
0,0
0,8
0,0
0,6
0,0
0,0
0,0
0,0
0,0
0,7
0,9
0,8
0,0
0,6
0,0
0,0
0,0
0,0
0,0
0,6
0,6
0,6
0,0
0,6
0,6
0,0
0,0
0,0
0,27
2,2
2,2
2,6
2,2
2,2
2,2
2,2
2,2
2,2
2,2
2,2
2,2
2,6
2,2
2,2
2,8
2,2
2,2
2,2
2,2
2,2
2,2
2,2
2,2
2,6
2,2
2,2
2,2
2,2
2,6
2,2
2,2
2,13
2,2
2,2
2,22
2,2
2,22
2,22
2,2
2,25
2,25
2,16
2,16
2,2
2,13
2,27
2,5
2,20
2,20
2,25
2,16
2,16
2,28
2,16
2,9
2,8
2,8
2,6
3,3
3,3
3,3
3,3
3,3
3,3
3,3
3,11
3,3
3,3
3,3
3,3
3,3
3,3
3,3
3,3
3,3
3,3
3,3
3,3
3,3
3,26
3,3
3,3
3,3
3,3
3,3
3,15
3,3
3,3
3,3
3,3
3,3
3,3
3,3
3,3
3,3
3,3
3,3
3,3
3,3
3,3
3,3
3,3
3,3
4,4
4,4
4,27
4,5
4,4
4,5
4,11
4,28
4,4
4,4
4,4
4,13
4,26
4,5
4,5
4,5
4,5
4,5
4,4
4,4
4,4
4,5
4,5
4,13
4,4
4,5
4,5
4,5
4,24
4,24
4,26
4,27
4,20
4,3
4,3
4,5
4,27
4,19
4,3
4,26
4,4
4,25
4,20
5,5
5,5
5,5
5,5
5,5
5,5
5,5
5,5
5,5
5,5
5,5
5,5
5,5
5,5
5,5
5,5
5,5
5,5
5,5
5,5
5,5
5,5
5,5
5,5
5,5
5,5
5,5
5,5
5,5
6,6
6,6
6,6
6,6
6,6
6,6
6,6
6,6
6,6
6,6
6,6
6,6
6,6
6,6
6,6
6,6
6,6
6,6
6,6
6,6
6,6
6,6
6,6
6,6
6,6
6,6
6,6
6,6
6,6
6,6
6,6
6,6
6,6
7,7
7,20
7,7
7,7
7,7
7,7
7,7
7,7
7,9
7,7
7,7
7,7
7,7
7,9
7,20
7,7
7,7
7,23
7,7
7,7
7,7
7,7
7,9
7,9
7,7
7,7
7,7
7,7
7,7
7,7
7,7
7,7
7,7
7,9
7,7
7,7
7,7
7,7
7,7
7,7
7,16
7,16
7,20
7,7
7,7
7,7
7,9
7,7
7,7
7,7
7,7
7,7
7,7
7,19
7,7
7,20
7,7
7,7
7,7
7,13
7,12
7,16
7,7
7,7
7,7
7,7
7,7
7,7
7,7
7,7
7,7
8,8
8,8
8,0
8,0
8,0
8,0
8,0
8,0
8,0
8,0
8,0
8,0
8,0
8,0
8,8
8,8
8,8
8,8
8,8
8,8
8,8
8,13
8,8
8,8
8,8
8,8
8,8
8,7
8,9
8,8
8,8
8,8
8,16
8,8
8,8
8,0
8,8
8,8
8,8
8,8
8,8
8,8
8,11
8,4
8,0
9,9
9,20
9,9
9,9
9,6
9,8
9,20
9,21
9,21
9,20
9,9
9,9
9,20
9,9
9,9
9,9
9,21
9,9
9,20
9,9
9,20
9,9
9,9
9,9
9,9
9,9
9,9
9,9
9,9
9,9
9,9
9,9
9,7
9,9
9,9
9,9
9,9
9,20
9,23
9,9
9,9
9,9
9,9
9,9
9,9
10,23
10,5
10,5
10,12
10,10
10,10
10,23
10,10
10,10
10,5
10,23
10,5
10,5
10,5
10,5
10,23
10,10
10,5
10,5
10,12
10,23
10,10
10,5
10,12
10,5
10,23
10,5
10,5
10,10
10,5
10,5
10,10
10,5
10,23
10,23
10,5
10,10
10,23
10,10
10,10
10,10
10,5
10,10
10,10
10,10
10,13
10,13
10,26
10,5
10,10
10,10
10,10
10,5
10,23
10,5
10,5
10,23
10,23
10,23
10,23
10,23
10,23
10,23
10,5
10,23
10,23
10,23
10,23
10,5
10,23
10,10
10,10
10,10
10,5
10,10
10,5
10,10
10,10
10,10
11,11
11,4
11,11
11,11
11,4
11,4
11,18
11,4
11,11
11,11
11,4
11,4
11,11
11,11
11,11
11,11
11,11
11,10
11,11
11,11
11,11
11,11
11,11
11,11
11,11
11,28
11,11
11,11
11,4
11,11
11,11
11,11
11,11
11,11
11,4
11,5
11,4
11,11
11,4
12,5
12,5
12,5
12,5
12,5
12,5
12,12
12,12
12,5
12,5
12,5
12,5
12,5
12,5
12,5
12,5
12,5
12,5
12,5
12,5
12,5
12,5
12,12
12,12
12,12
12,5
12,12
12,5
12,5
12,5
12,5
12,5
12,5
12,5
12,5
12,5
12,5
12,5
12,5
12,5
12,5
12,5
12,5
12,5
12,12
12,12
12,12
12,5
12,5
13,5
13,28
13,4
13,26
13,4
13,11
13,16
13,25
13,7
13,13
13,13
13,4
13,12
13,4
13,26
13,16
13,8
13,16
13,5
13,4
13,4
13,4
13,16
13,8
13,7
13,13
13,13
13,4
13,4
13,16
13,13
13,5
13,5
14,18
14,18
14,18
14,18
14,5
14,26
14,26
14,14
14,14
14,14
14,14
14,24
14,20
14,17
14,14
14,17
14,14
14,14
14,3
15,15
15,19
15,15
15,15
15,15
16,16
16,16
16,16
16,13
16,16
16,18
16,13
16,25
17,20
17,19
17,19
17,17
17,17
17,17
17,17
17,17
17,17
17,17
17,17
17,17
17,17
17,3
17,17
17,3
18,19
18,5
18,12
18,18
18,18
18,18
18,18
18,18
18,18
18,18
18,18
18,18
18,18
18,18
18,18
18,18
18,18
18,18
18,18
18,18
18,18
18,18
18,3
19,19
19,19
19,19
19,14
19,14
19,14
19,17
19,19
20,20
20,20
20,20
20,21
20,20
20,20
20,20
20,20
20,20
20,20
20,20
20,20
20,20
20,20
20,9
20,9
20,7
21,9
21,27
21,21
21,21
21,21
21,21
21,21
21,21
21,21
21,13
22,16
22,2
22,16
22,13
22,25
22,22
22,25
22,15
22,27
22,22
22,22
22,22
22,22
22,22
22,22
22,22
22,21
22,22
22,22
22,22
22,22
22,22
22,22
22,27
22,22
22,22
22,22
22,22
22,27
22,22
22,27
22,22
22,22
22,22
22,27
23,23
23,23
23,23
23,23
23,23
23,23
23,23
23,23
23,23
23,23
23,23
23,23
23,23
24,5
24,26
24,24
24,26
24,24
24,24
24,24
24,24
24,14
24,12
24,14
24,14
24,14
24,14
24,14
24,14
24,3
24,14
24,24
24,24
24,19
24,24
24,24
25,25
25,25
25,25
25,25
25,25
25,25
25,25
25,15
25,13
25,25
25,25
25,16
25,25
25,25
25,16
25,25
25,25
26,13
26,5
26,5
26,26
26,5
26,5
26,13
26,26
26,5
26,26
26,26
26,5
26,5
26,23
26,5
26,5
26,5
26,26
26,26
26,26
26,2
26,13
26,2
26,5
26,26
26,3
26,5
26,26
26,23
26,23
26,14
26,5
26,23
26,14
26,26
27,21
27,5
27,2
27,27
27,9
27,7
27,11
27,27
27,7
27,24
27,24
27,24
27,19
27,19
27,19
27,13
27,27
28,5
28,5
28,5
28,5
28,5
28,5
28,5
28,5
28,5
28,5
28,5
28,5
28,5
28,5
28,26
2,22
2,26
2,22
2,2
2,22
2,22
2,22
2,2
2,22
2,22
2,22
2,22
2,22
2,22
2,2
2,2
2,2
2,2
2,2
2,2
2,21
2,22
2,25
2,22
2,22
2,22
2,2
2,22
2,22
3,5
3,5
3,18
3,18
3,5
3,23
3,23
3,12
3,12
3,5
3,26
3,3
3,5
3,5
3,5
3,5
3,3
3,18
3,5
3,5
3,26
3,3
3,10
3,26
3,21
3,21
3,21
3,21
3,21
3,21
3,21
3,21
3,11
3,21
3,5
3,3
3,11
3,26
3,14
3,21
3,5
4,28
4,7
4,4
4,4
4,4
4,12
4,12
4,12
4,4
4,11
4,28
4,11
4,14
4,11
4,4
4,4
4,12
4,4
4,4
4,4
4,4
4,4
4,28
4,28
4,28
4,11
4,5
4,5
4,4
4,12
4,4
4,28
4,4
4,11
4,10
4,4
4,4
5,5
5,5
5,5
5,5
5,5
5,5
5,5
5,5
5,5
5,5
5,5
5,13
5,13
5,13
5,5
5,5
5,5
5,26
5,2
5,26
5,5
5,5
5,5
5,5
5,5
5,5
5,5
5,5
5,5
5,5
5,5
5,5
5,5
5,5
5,28
5,5
5,28
5,5
5,5
5,5
5,5
5,5
5,5
5,2
5,5
6,6
6,6
6,6
6,6
6,6
6,6
6,6
6,6
6,6
6,6
6,6
6,6
6,6
6,6
6,6
7,7
7,7
7,7
7,9
7,7
7,7
7,7
7,7
7,9
7,7
7,7
7,7
7,7
7,7
7,7
8,9
8,21
8,21
8,21
8,21
8,8
8,20
8,8
8,8
8,9
8,8
8,22
8,8
9,9
9,9
9,9
9,9
9,9
9,9
9,9
9,9
9,9
9,9
9,9
9,9
9,9
9,21
9,9
9,9
9,9
9,9
9,21
9,9
9,9
9,9
9,9
9,20
9,9
9,9
9,9
9,9
9,9
9,20
9,9
9,20
9,20
9,2
9,20
9,27
9,9
9,9
9,20
9,9
9,9
9,9
9,25
10,5
10,28
10,28
10,28
10,28
10,5
10,5
10,10
10,5
10,5
10,10
10,28
10,10
10,5
10,5
10,5
10,28
10,28
10,5
10,10
10,28
10,28
10,5
10,5
10,5
10,28
10,10
10,5
10,5
10,28
10,28
11,4
11,4
11,11
11,11
11,11
11,4
11,11
11,4
11,14
11,5
11,5
11,11
11,11
11,11
11,4
11,5
11,4
11,4
11,4
11,4
11,4
11,4
11,5
11,4
11,4
11,4
11,4
11,4
11,4
11,4
11,4
11,4
11,4
11,4
11,11
11,11
11,11
11,4
11,4
11,4
11,4
11,4
11,5
11,4
11,4
11,4
11,4
11,4
11,4
12,5
12,5
12,5
12,5
12,12
12,12
12,12
12,12
12,17
12,12
12,12
12,12
12,23
12,12
12,12
12,12
12,12
12,12
12,12
12,12
12,12
12,12
12,12
12,23
12,12
12,12
12,12
12,5
12,12
12,12
12,12
12,12
12,12
12,12
12,23
12,12
12,12
12,12
12,12
12,12
12,12
12,23
12,23
12,12
12,5
12,23
12,23
12,23
12,12
12,12
12,12
12,12
12,12
12,12
12,23
13,5
13,5
13,18
13,4
13,4
13,4
13,10
13,11
13,28
13,4
13,5
13,5
13,28
13,5
13,5
13,4
13,4
13,4
13,5
13,28
13,5
13,28
13,28
13,28
13,28
13,28
13,28
13,5
13,5
14,5
14,18
14,18
14,18
14,14
14,14
14,14
14,14
14,14
14,14
14,14
14,19
14,7
15,15
15,15
15,15
15,15
16,16
16,28
16,16
16,16
16,13
17,18
17,19
17,19
17,19
17,17
17,17
17,17
17,17
17,17
17,17
17,17
17,17
17,17
17,17
17,19
17,25
18,5
18,18
18,18
18,18
18,18
18,18
18,18
18,18
18,25
18,3
18,21
19,19
19,19
19,25
19,19
19,19
19,19
19,19
20,20
20,21
20,22
20,20
20,22
20,20
20,20
20,20
20,20
20,20
20,20
20,20
20,20
21,20
21,20
21,21
21,20
21,21
21,21
21,20
21,20
21,21
21,21
21,20
21,21
21,21
22,22
22,22
22,22
22,2
22,22
22,22
22,22
22,21
22,27
22,21
22,2
22,22
22,22
22,22
22,22
22,22
22,22
22,22
22,22
22,22
22,22
22,22
22,22
22,22
22,21
23,23
23,23
23,23
24,24
24,24
24,24
24,24
24,12
24,11
24,14
24,14
24,14
24,11
24,24
24,24
24,24
24,24
24,24
24,7
24,24
25,25
25,25
25,25
25,25
25,25
25,25
25,25
25,25
25,27
26,3
26,26
26,26
26,26
26,2
26,5
26,5
26,5
26,26
26,26
26,22
26,27
26,26
26,11
26,10
26,26
26,5
26,26
26,26
26,26
26,10
26,21
26,22
26,2
26,27
26,9
26,21
26,24
26,26
26,24
26,26
27,5
27,5
27,5
27,5
27,5
27,13
27,13
27,23
27,23
27,5
27,27
27,27
27,12
27,19
27,7
27,16
27,27
27,25
27,13
27,5
27,27
27,7
27,20
28,28
28,28
28,28
28,28
28,28
28,28
28,28
28,28
28,28
28,2
28,22
0,0
0,0
0,0
0,0
0,0
0,0
0,0
0,28
0,0
0,16
0,7
0,0
0,0
0,0
0,0
0,0
0,0
0,0
0,0
0,0
0,0
0,0
0,0
0,0
0,0
0,0
0,7
0,19
0,1
0,1
0,0
0,0
0,0
0,0
0,0
0,7
0,7
0,0
0,0
0,7
0,7
0,0
0,0
0,0
0,0
0,0
0,0
0,0
0,0
0,0
0,0
0,0
0,0
0,0
0,0
0,0
0,0
0,0
0,0
0,0
0,0
0,0
0,7
0,7
0,0
0,19
0,7
0,7
0,0
0,0
0,0
0,0
0,0
0,11
0,0
0,0
0,11
0,7
0,0
0,0
0,0
0,0
0,0
0,0
0,0
0,0
0,7
0,7
0,0
0,0
0,0
0,0
0,0
0,0
0,0
0,16
0,0
0,0
0,0
0,7
0,0
0,0
0,0
0,0
0,0
2,2
2,6
2,2
2,2
2,6
2,6
2,6
2,6
2,2
2,2
2,2
2,2
2,2
2,16
2,22
2,2
2,2
3,18
3,12
3,5
3,4
3,5
3,5
3,11
3,14
3,14
3,3
3,5
3,18
3,18
3,18
3,12
3,18
3,26
3,5
3,4
3,4
3,25
3,15
3,5
3,5
3,12
3,3
3,4
3,5
3,4
3,26
3,12
3,12
3,12
3,12
3,3
3,18
3,17
3,11
3,12
3,12
3,12
3,3
3,3
3,3
3,14
3,26
3,3
3,3
3,3
3,3
3,3
4,13
4,13
4,27
4,13
4,3
4,5
4,19
4,20
4,24
4,13
4,4
4,7
4,13
4,4
4,4
4,5
4,5
4,5
4,5
4,5
4,5
4,13
4,9
6,6
6,6
6,6
6,6
6,6
6,6
6,6
6,6
6,6
6,6
6,6
6,6
6,6
6,6
6,6
6,6
6,6
6,6
6,6
6,6
6,6
6,6
6,6
6,7
6,6
6,9
6,6
6,6
6,6
6,6
6,6
6,6
6,6
6,6
6,6
6,6
6,6
7,27
7,9
7,7
7,9
7,7
7,7
7,7
7,7
7,7
7,7
7,7
7,7
7,7
7,7
7,7
7,7
7,20
7,7
7,7
7,7
7,7
7,7
7,7
7,28
7,7
7,7
7,7
7,7
7,7
7,7
7,9
7,7
7,7
7,7
7,9
7,9
7,7
7,7
7,7
7,7
7,9
7,7
7,7
7,7
7,7
7,7
7,7
7,7
7,7
7,16
7,7
7,7
7,7
7,20
7,23
7,7
7,20
7,7
7,9
8,8
8,8
8,8
8,8
8,8
8,8
8,8
8,8
8,8
8,8
8,8
8,8
8,8
8,8
8,8
8,8
8,8
8,8
8,8
8,8
8,9
8,8
8,8
8,8
8,9
8,8
8,8
8,9
8,9
8,16
8,8
8,2
8,6
8,8
8,6
8,8
8,9
8,6
8,8
8,8
8,8
8,8
8,9
8,8
8,8
8,8
8,8
9,9
9,20
9,9
9,9
9,9
9,9
9,9
9,20
9,9
9,20
9,9
9,21
9,21
9,9
9,9
9,21
9,9
9,9
9,9
9,9
9,20
9,9
9,20
9,21
9,9
9,9
9,9
9,9
9,9
9,9
9,9
9,21
9,9
9,9
9,9
9,9
9,9
9,9
9,9
9,9
9,9
9,7
9,7
9,9
9,9
9,9
9,9
9,9
9,9
10,10
10,5
10,10
10,23
10,2
10,2
10,26
10,26
10,10
10,10
10,10
10,26
10,10
10,10
10,10
10,5
10,26
10,10
10,10
10,5
10,5
10,5
10,5
10,5
10,5
10,10
10,10
10,10
10,5
10,5
10,5
10,5
10,10
10,18
10,18
10,3
10,26
10,10
10,10
10,10
10,5
10,10
10,5
10,10
10,5
10,26
10,26
10,10
10,22
10,2
10,5
10,5
10,10
10,10
10,5
10,10
10,5
10,2
10,10
10,10
10,5
10,5
10,10
10,5
10,5
10,2
10,10
10,5
10,5
11,11
11,5
11,4
11,11
11,11
11,5
11,5
11,5
11,5
11,5
11,5
11,4
11,5
11,5
11,4
11,4
11,11
11,5
11,11
11,5
11,5
11,5
11,5
11,11
11,11
11,4
11,5
11,4
11,4
11,4
11,4
11,4
11,5
11,4
11,4
11,4
11,4
11,5
11,4
11,5
11,4
11,4
11,7
11,7
11,4
11,5
11,12
11,4
11,5
11,5
11,4
11,11
11,11
11,4
11,4
11,4
11,4
11,5
11,5
11,4
11,5
11,4
11,5
11,4
11,4
11,12
11,12
11,12
11,4
11,4
11,5
11,4
11,5
11,5
11,5
11,5
11,5
11,4
11,4
11,4
11,5
11,5
11,5
12,12
12,12
12,12
12,12
12,12
12,12
12,12
12,12
12,12
12,12
12,12
12,12
12,12
12,12
12,12
12,12
12,12
12,12
12,12
12,12
12,12
12,12
12,11
12,11
12,11
12,11
12,12
12,12
12,14
12,14
12,12
12,12
12,24
12,11
12,12
12,12
12,12
12,12
12,12
12,12
12,12
12,12
12,15
12,3
12,26
12,12
12,12
12,12
12,12
13,12
13,4
13,5
13,16
13,16
13,3
13,4
13,13
13,7
13,18
13,12
13,12
13,12
13,4
13,10
13,16
13,16
13,13
13,16
13,28
13,2
13,6
13,2
13,13
13,26
13,13
13,16
13,20
13,7
13,2
13,2
13,7
13,13
13,5
13,2
13,9
13,16
13,13
13,5
13,2
13,13
13,7
13,20
13,2
13,2
13,5
13,7
13,16
13,28
14,12
14,14
14,14
14,14
14,12
14,11
14,17
14,12
14,17
14,17
14,3
14,11
14,17
14,14
14,14
14,14
14,24
15,15
15,15
15,15
15,15
16,20
16,27
16,16
16,16
16,13
16,28
16,2
17,19
17,19
17,3
17,17
17,18
17,18
17,18
17,18
17,18
17,17
17,17
17,17
17,17
17,17
17,17
17,17
17,18
18,27
18,18
18,18
18,18
18,18
18,12
18,12
18,18
18,18
18,18
18,18
18,18
18,18
18,18
18,18
18,18
18,18
18,19
18,19
18,11
18,10
19,19
19,19
19,19
19,3
19,3
19,3
19,3
19,3
19,3
19,19
20,21
20,21
20,21
20,20
20,21
20,21
20,20
20,20
20,20
20,13
20,9
20,21
20,20
20,20
20,7
20,20
20,20
20,20
20,20
20,21
20,21
21,21
21,21
21,21
21,21
21,21
21,21
21,21
21,21
21,21
21,21
21,21
21,21
21,21
22,22
22,22
22,27
22,27
22,21
22,22
22,21
22,22
22,22
22,22
22,21
22,22
22,22
22,21
22,22
22,22
22,22
22,22
22,22
22,22
22,22
23,23
23,23
23,23
23,23
23,23
23,23
23,23
23,23
23,23
23,23
23,23
24,20
24,24
24,11
24,11
24,26
24,24
24,14
24,3
24,12
24,12
24,14
24,14
24,26
24,19
24,19
24,3
24,12
24,12
24,11
24,24
24,27
25,22
25,2
25,16
25,2
25,26
25,25
25,25
25,25
25,25
25,25
25,25
25,2
25,2
25,25
25,27
26,2
26,20
26,27
26,13
26,27
26,24
26,7
26,28
26,26
26,4
26,4
26,5
26,4
26,4
26,4
26,4
26,5
26,14
26,13
26,26
26,5
26,5
26,5
26,5
26,26
26,26
26,10
26,14
26,26
26,5
26,26
26,26
26,13
26,13
26,26
26,23
26,18
26,3
26,25
27,27
27,27
27,27
27,25
27,27
27,21
27,15
27,21
27,16
27,19
27,19
27,19
27,25
27,7
27,27
27,27
27,21
28,10
28,10
28,10
28,28
28,28
28,28
28,5
28,5
28,16
28,28
28,28
28,28
28,28
28,28
28,28
28,28
28,28
28,28
28,5
0,6
0,0
0,0
0,7
0,7
0,0
0,0
0,0
0,0
0,0
0,2
0,0
0,0
0,0
0,0
0,0
0,7
0,0
0,0
0,0
0,0
0,0
0,0
0,0
0,8
0,0
0,0
0,0
0,0
0,0
0,0
0,0
0,0
0,0
0,0
0,0
0,0
0,0
0,0
0,0
0,0
0,0
0,24
0,4
0,28
0,0
0,6
0,2
0,0
0,13
0,5
0,22
0,28
0,28
0,7
0,20
0,7
0,7
0,0
2,20
2,16
2,2
2,20
2,24
2,20
2,20
2,2
2,2
2,6
2,0
2,0
2,0
2,0
2,0
2,28
2,9
2,13
2,22
2,20
2,20
2,7
2,20
2,13
2,22
2,2
2,22
2,21
2,2
2,22
2,27
2,2
2,2
2,16
2,27
2,22
2,2
2,16
2,27
2,27
2,27
3,18
3,18
3,18
3,18
3,18
3,18
3,25
3,25
3,25
3,18
3,18
3,18
3,18
3,18
3,18
3,18
3,18
3,25
3,15
3,18
3,18
3,18
3,18
3,18
3,18
3,18
3,18
3,18
3,19
3,25
3,25
3,18
3,18
3,25
3,25
3,18
3,18
3,18
3,18
3,18
3,18
3,18
3,18
3,25
3,15
3,25
3,18
3,18
3,25
4,4
4,4
4,4
4,4
4,4
4,4
4,5
4,25
4,25
4,4
4,28
4,28
4,18
4,18
4,4
4,4
4,25
4,18
4,18
4,19
4,19
4,20
4,4
4,5
4,5
4,28
4,4
4,4
4,5
4,4
4,4
4,16
4,16
4,25
4,18
4,18
4,3
4,11
4,4
4,11
4,4
4,25
4,18
4,18
4,4
4,4
4,4
4,4
4,4
4,28
4,4
4,4
4,4
4,4
4,25
4,4
4,28
4,5
4,4
6,6
6,9
6,9
6,9
6,6
6,9
6,8
6,6
6,21
6,9
6,6
6,9
6,6
6,9
6,6
6,6
6,6
6,9
6,9
6,6
6,6
6,16
6,6
6,6
6,9
6,6
6,6
6,9
6,6
6,9
6,9
6,6
6,8
6,6
6,8
6,6
6,28
6,2
6,6
7,20
7,9
7,20
7,9
7,9
7,9
7,9
7,8
7,9
7,8
7,20
7,20
7,9
7,16
7,9
7,20
7,20
7,9
7,20
8,8
8,8
8,8
8,8
8,8
8,8
8,8
8,9
8,8
8,8
8,8
8,8
8,8
8,8
8,8
8,8
8,8
8,8
8,9
8,8
8,8
8,8
8,8
8,8
8,8
8,19
8,8
8,8
8,8
8,8
8,8
8,8
8,8
9,8
9,8
9,27
9,16
9,22
9,9
9,8
9,9
9,8
9,8
9,21
9,9
9,9
9,9
9,8
9,9
9,9
9,9
9,9
9,9
9,8
9,9
9,8
9,8
9,8
9,8
9,9
9,8
9,22
9,9
9,21
9,9
9,9
9,8
9,8
9,9
9,8
9,21
9,20
9,20
9,9
9,9
9,9
9,9
9,9
9,20
9,9
9,9
9,9
9,9
9,20
9,9
9,9
10,10
10,10
10,10
10,10
10,10
10,10
10,10
10,28
10,28
10,5
10,10
10,5
10,5
10,10
10,5
10,10
10,10
10,10
10,10
10,10
10,28
10,10
10,10
10,10
10,10
10,10
10,10
10,28
10,10
10,10
10,10
10,10
10,10
10,10
10,10
10,10
10,10
10,10
10,10
10,10
10,10
10,5
10,28
10,28
10,5
10,10
10,5
10,10
10,10
10,10
10,10
10,10
10,10
10,10
10,10
10,10
10,10
10,13
10,13
10,5
10,10
11,11
11,11
11,11
11,17
11,17
11,11
11,11
11,11
11,11
11,11
11,17
11,17
11,11
11,7
11,4
11,11
11,14
11,11
11,11
11,11
11,11
11,11
11,11
11,11
11,11
11,11
11,11
11,11
11,11
11,11
11,11
11,11
11,11
11,11
11,11
11,17
11,17
11,17
11,11
11,11
11,11
11,11
11,11
11,28
11,11
11,17
11,11
11,11
11,11
11,11
11,11
12,11
12,5
12,5
12,11
12,18
12,18
12,11
12,11
12,11
12,18
12,5
12,10
12,11
12,11
12,5
12,5
12,5
12,11
12,11
12,5
12,11
12,18
12,5
12,5
12,18
12,18
12,18
12,5
12,5
13,2
13,16
13,16
13,25
13,5
13,25
13,25
13,8
13,20
13,22
13,25
13,5
13,18
13,16
13,16
13,25
13,25
13,16
13,13
13,16
13,16
13,4
13,25
13,5
13,25
13,25
13,25
13,25
13,5
13,13
13,25
13,25
13,25
13,16
13,16
13,13
13,22
13,5
13,5
13,16
13,2
13,22
13,22
14,5
14,5
14,5
14,5
14,5
14,25
14,19
14,19
14,17
14,17
14,17
14,17
14,17
14,17
14,17
14,17
14,17
14,17
14,14
14,19
14,18
15,15
15,15
15,15
15,15
15,8
16,16
16,16
16,16
16,16
16,16
16,16
16,16
17,25
17,18
17,17
17,25
17,18
17,19
17,18
17,18
17,18
17,18
17,18
17,18
17,18
17,18
17,18
17,18
17,18
17,18
17,18
17,18
17,18
17,18
17,18
17,18
17,18
17,18
17,18
17,19
17,19
17,17
17,25
17,18
17,18
18,19
18,25
18,18
18,18
18,18
18,18
18,18
18,18
18,18
18,18
18,18
18,18
18,18
18,25
18,19
18,17
18,17
18,25
18,18
18,25
19,25
19,25
19,17
19,17
19,18
19,4
19,19
19,19
19,19
19,25
19,25
19,25
19,8
19,25
19,25
20,21
20,20
20,20
20,20
20,20
20,20
20,20
20,9
20,21
20,21
20,21
20,22
20,21
21,21
21,21
21,25
21,25
21,25
21,22
21,21
21,22
21,22
21,25
21,25
21,25
21,21
21,21
21,20
21,21
21,21
21,21
21,21
21,21
21,21
22,22
22,22
22,22
22,22
22,22
22,22
22,22
22,22
22,22
22,22
22,22
22,21
22,22
22,22
22,22
22,22
22,22
22,22
22,25
23,23
23,23
23,23
23,23
23,23
23,23
23,23
23,23
23,23
23,23
23,23
23,23
23,23
23,23
23,23
24,16
24,7
24,7
24,28
24,18
24,11
24,14
24,11
24,14
24,11
24,11
24,11
24,11
24,11
24,14
24,11
24,11
24,10
24,11
24,11
24,11
24,7
24,24
24,19
24,24
24,13
24,16
24,26
24,24
24,24
24,24
24,24
24,28
24,7
24,7
24,14
24,28
24,4
24,7
25,25
25,19
25,16
25,16
25,25
25,25
25,15
25,25
25,25
25,25
25,15
25,25
25,25
25,25
25,25
25,15
25,19
25,3
25,3
25,16
25,11
26,27
26,25
26,25
26,4
26,4
26,22
26,25
26,22
26,25
26,25
26,22
26,22
26,22
26,25
26,4
26,25
26,4
27,22
27,21
27,27
27,25
27,21
27,19
27,27
27,27
27,3
27,12
27,12
27,12
27,12
27,26
27,27
27,27
27,27
27,27
27,22
27,21
28,28
28,28
28,28
28,28
28,28
28,5
28,28
28,28
28,4
28,5
28,28
28,28
28,28
28,28
28,28
28,28
28,28
28,28
28,5
28,28
28,10
28,28
28,28
28,5
28,28
28,28
28,5
28,28
28,5
28,28
28,10
28,5
28,5
28,28
28,28
28,28
28,5
28,28
28,28
28,28
28,28
28,13
28,28
28,28
28,28
0,0
0,0
0,0
0,0
0,0
0,0
0,0
0,0
0,0
0,0
0,0
0,0
0,0
0,0
0,0
0,0
0,0
0,0
0,0
0,0
0,0
0,0
0,0
0,0
0,0
0,0
0,0
0,0
0,0
0,0
0,0
0,0
0,0
0,0
0,0
0,0
0,0
0,0
0,0
0,0
0,0
0,0
0,0
0,0
0,0
0,0
0,0
0,0
0,0
0,2
0,0
0,0
0,0
0,0
0,0
0,0
0,0
0,0
0,0
0,10
0,0
0,0
0,0
0,0
0,0
0,0
0,0
0,0
0,0
0,0
0,0
0,0
0,0
0,0
0,0
0,0
0,0
0,0
0,0
0,0
0,0
0,0
0,0
0,0
0,0
0,24
0,1
0,0
0,0
0,0
0,0
0,0
0,0
0,0
0,0
0,0
0,0
0,0
0,0
0,0
0,0
0,0
0,0
0,0
0,0
0,0
0,0
0,0
0,0
0,0
0,0
0,0
0,0
0,0
0,0
0,0
0,0
0,0
0,0
0,0
0,0
0,0
0,0
0,0
0,0
0,0
0,0
0,0
0,0
0,0
0,0
0,19
0,0
0,0
0,0
0,0
0,0
0,0
0,0
0,0
0,0
0,0
0,0
0,0
0,0
0,0
0,0
0,0
0,0
0,0
0,0
0,0
0,0
0,0
0,0
0,0
0,0
0,0
0,0
0,0
0,0
0,0
0,0
0,0
0,6
0,2
0,13
0,0
0,0
0,0
0,0
0,0
0,0
0,0
0,0
0,0
0,16
0,0
0,0
0,0
0,0
0,0
0,0
0,0
0,0
0,1
2,2
2,28
2,2
2,22
2,2
2,22
2,2
2,2
2,25
2,2
2,22
2,2
2,2
2,2
2,22
2,2
2,2
2,13
2,2
2,2
2,2
2,2
2,2
2,22
2,2
2,2
2,13
2,22
2,27
2,27
2,15
2,2
2,16
2,21
2,25
2,27
2,27
2,22
2,2
2,2
2,15
2,9
2,27
2,2
2,2
2,2
2,22
2,2
2,4
2,2
2,2
2,22
2,13
2,16
2,2
2,25
2,25
2,25
2,2
2,5
2,13
2,5
2,5
2,10
2,10
2,10
2,5
2,2
2,22
2,22
2,2
2,16
2,6
7,7
7,16
7,20
7,7
7,7
7,14
7,7
7,7
7,7
7,7
7,7
7,7
7,7
7,7
7,7
7,7
7,7
7,7
7,7
7,7
7,7
7,7
7,7
7,7
7,7
7,7
7,7
7,7
7,7
7,7
7,7
7,7
7,7
7,7
7,19
7,20
7,7
7,7
7,19
7,7
7,7
7,7
7,7
7,7
7,7
7,9
7,7
7,7
7,7
7,7
7,7
7,7
7,7
7,7
7,7
7,7
7,11
7,9
7,7
7,7
7,7
7,7
7,7
7,7
7,7
7,7
7,20
7,7
7,7
7,7
7,23
7,7
7,7
7,7
7,7
7,7
7,20
7,7
7,7
10,10
10,5
10,5
10,10
10,10
10,10
10,10
10,10
10,10
10,10
10,10
10,10
10,10
10,10
10,10
10,10
10,10
10,10
10,10
10,10
10,10
10,10
10,10
10,10
10,10
10,10
10,10
10,10
10,10
10,26
10,21
10,24
10,3
10,3
10,27
10,22
10,10
10,10
10,10
10,10
10,23
10,23
10,23
10,23
10,10
10,10
10,10
10,10
10,10
10,10
10,10
10,10
10,10
10,10
10,10
10,10
10,10
10,10
10,10
10,23
10,10
10,10
10,10
10,23
10,10
10,10
10,10
10,10
10,26
10,10
10,10
10,10
10,23
10,10
10,10
10,10
10,10
10,10
10,10
10,10
10,10
10,10
10,10
10,10
10,5
10,10
10,23
10,23
10,10
10,10
10,10
10,10
10,10
10,26
10,27
10,21
10,10
10,10
10,10
10,10
10,10
10,26
10,10
10,10
10,10
10,10
10,10
10,10
10,10
10,10
10,10
10,10
10,10
10,10
10,10
10,10
10,5
10,10
10,10
10,10
10,10
10,10
10,23
10,23
10,23
10,23
10,23
10,23
10,10
10,10
10,23
10,10
10,10
10,10
10,10
10,10
10,10
10,10
10,26
10,10
10,10
10,10
10,10
10,10
10,10
10,10
10,10
10,10
10,10
10,26
11,25
11,18
11,5
11,5
11,5
11,25
11,20
11,19
11,25
11,5
11,26
11,18
11,25
11,25
11,27
12,23
12,23
12,20
12,20
12,23
12,20
12,27
12,4
12,18
12,15
12,25
12,23
12,23
12,23
12,20
12,20
12,23
12,20
12,23
12,23
12,20
12,23
12,20
13,20
13,21
13,27
13,25
13,22
13,21
13,22
13,20
13,25
13,16
13,13
14,20
14,20
14,7
14,14
14,20
14,7
14,7
14,17
14,14
14,19
14,14
14,7
14,14
15,25
15,25
15,15
15,15
15,19
15,15
15,11
15,15
15,15
15,15
17,25
17,25
17,13
17,18
17,25
19,18
19,25
19,25
19,25
19,25
19,5
19,18
20,20
20,17
20,20
20,20
20,20
20,20
20,20
20,20
20,20
20,20
20,20
20,20
20,20
20,20
20,20
20,20
20,20
20,20
20,20
20,20
20,20
20,20
20,20
20,20
20,20
20,20
20,20
20,20
20,20
20,20
20,20
20,20
20,20
20,20
20,20
20,20
20,20
20,20
20,20
20,20
20,20
20,20
20,20
20,20
20,20
20,20
20,20
20,20
20,20
20,20
20,20
20,20
20,20
20,20
20,20
20,20
20,20
20,20
20,20
20,20
20,20
20,20
20,20
20,20
20,20
20,20
20,20
20,20
20,20
20,17
20,20
20,12
20,12
20,12
20,20
20,20
20,17
21,21
21,21
21,21
21,21
21,21
21,21
21,21
21,21
21,21
21,21
21,21
21,21
21,21
21,21
21,21
21,21
21,21
21,21
21,21
21,21
21,21
21,21
21,21
21,21
21,21
21,21
21,21
21,21
21,21
21,21
21,21
21,21
21,21
21,21
21,21
21,21
21,22
21,21
21,21
21,21
21,21
21,21
21,21
21,21
21,21
21,21
21,21
21,21
21,21
21,21
21,14
21,21
21,21
21,21
21,21
21,21
21,21
21,21
21,21
21,21
21,21
21,21
21,21
21,21
21,21
21,21
21,21
21,21
21,21
22,21
22,21
22,21
22,21
22,21
22,21
22,21
22,21
22,21
22,21
22,21
22,21
22,21
22,21
22,21
22,21
22,21
22,21
22,21
22,21
22,21
22,21
22,21
22,21
22,21
22,21
22,21
22,21
22,21
22,21
22,21
22,21
22,21
22,21
22,21
22,21
22,21
22,21
22,21
22,21
22,21
22,21
22,21
22,21
22,21
22,21
22,21
22,21
22,21
23,23
23,23
23,23
23,23
23,23
23,23
23,23
23,23
23,23
23,23
23,23
23,23
23,23
23,23
23,23
23,23
23,23
23,23
23,23
23,23
23,23
23,23
23,23
23,23
23,23
23,23
23,23
23,23
23,23
23,23
23,23
23,23
23,23
23,23
23,23
23,23
23,23
23,23
23,23
23,23
23,23
23,23
23,23
23,23
23,23
23,23
23,23
23,23
23,23
23,23
23,23
23,23
23,23
23,23
23,23
23,23
23,23
23,23
23,23
23,23
23,23
23,23
23,23
23,23
23,23
23,23
23,23
23,23
23,23
23,23
23,23
23,23
23,23
23,23
23,23
23,23
23,23
23,23
23,23
23,23
23,23
23,23
23,23
23,23
23,23
23,23
23,23
23,23
23,23
6,6
6,2
6,6
6,6
6,6
6,6
6,6
6,6
6,9
6,6
6,6
6,6
6,6
6,6
6,6
6,6
6,6
6,6
6,6
6,6
6,6
6,6
6,6
6,6
6,6
6,6
6,6
0,0
0,0
0,0
0,0
0,0
0,6
0,6
0,0
0,5
0,2
0,0
0,0
0,0
0,0
0,0
0,0
0,6
0,0
0,0
0,0
0,24
0,24
0,24
0,0
0,0
0,0
0,0
0,0
0,0
0,0
0,0
0,0
0,0
0,16
0,0
0,0
0,0
0,0
0,0
0,0
0,0
0,6
0,0
0,0
0,0
0,0
0,0
0,0
0,0
0,0
0,0
0,0
0,0
0,0
0,0
0,0
0,0
0,6
0,0
0,0
0,0
0,0
0,0
0,6
0,0
0,0
0,0
0,0
0,0
0,0
0,0
0,6
0,0
0,20
0,2
0,2
0,0
0,0
0,0
0,0
0,0
0,0
0,0
0,0
0,0
0,6
0,24
0,0
0,0
0,0
0,0
0,0
0,0
0,0
0,6
0,0
0,0
0,6
0,0
0,6
0,0
0,0
0,6
0,0
0,6
0,0
0,2
0,0
0,0
0,24
0,21
0,19
0,14
0,24
0,20
0,6
0,0
0,0
0,6
0,0
0,0
0,6
0,0
0,0
0,0
0,0
0,0
0,0
0,0
0,0
0,0
0,0
0,0
0,0
0,0
0,0
0,0
0,0
0,0
0,0
0,0
0,0
0,0
0,0
0,0
0,0
0,0
0,0
0,0
0,0
0,6
0,0
0,0
0,0
0,24
0,24
0,0
0,0
0,0
0,0
0,0
0,0
0,0
0,27
1,1
1,11
1,11
1,11
1,5
1,3
1,5
1,5
1,5
1,5
1,5
1,5
1,11
1,10
1,11
1,1
1,19
1,20
1,3
1,11
1,11
1,24
1,14
1,3
1,17
1,11
1,11
1,11
1,12
1,12
1,12
1,12
1,5
1,12
1,11
1,11
1,1
1,20
1,3
1,5
1,5
1,11
1,1
1,11
1,5
1,21
1,1
1,11
1,11
1,15
1,11
1,3
1,12
1,12
1,12
1,11
1,11
1,11
1,1
1,1
1,11
1,11
1,1
1,1
1,1
1,1
1,11
1,11
1,24
1,11
1,11
1,11
1,11
1,1
1,1
1,10
1,1
1,11
1,11
1,1
1,1
1,1
1,1
1,1
1,1
1,15
1,11
1,1
1,15
1,15
1,11
1,26
1,5
1,4
1,5
1,10
1,10
1,11
1,5
1,12
1,5
1,5
1,5
1,5
1,5
1,1
1,27
1,1
1,11
1,11
1,11
1,1
1,1
1,11
1,5
1,5
1,5
1,10
1,1
1,0
1,1
1,4
1,11
1,11
1,5
1,11
1,5
1,5
1,5
1,1
1,12
1,3
1,24
1,24
1,1
1,1
1,12
1,12
1,1
1,1
1,1
1,1
1,1
1,3
1,1
1,1
1,3
1,1
1,1
1,3
1,26
1,11
1,1
1,1
1,1
1,12
1,1
1,12
1,12
1,1
1,12
1,12
1,12
1,12
1,12
1,14
1,24
1,24
1,1
1,1
1,12
1,12
1,1
1,1
1,1
1,1
1,1
1,1
1,24
1,1
1,1
1,1
1,3
1,24
1,1
1,1
1,1
1,1
1,1
1,3
1,1
1,24
1,1
1,1
1,12
1,1
1,12
1,12
1,3
1,1
1,1
1,1
1,12
1,12
1,12
1,3
1,1
1,1
1,1
1,12
1,12
1,12
1,12
1,12
1,3
1,1
1,1
1,1
1,1
1,14
1,1
1,24
1,1
1,1
1,1
1,3
1,3
1,26
1,1
1,1
1,1
1,1
1,1
1,1
1,0
1,1
1,1
1,1
1,12
1,1
1,1
1,12
1,1
1,1
1,1
1,1
1,1
1,1
1,10
1,1
1,1
1,1
1,1
1,1
1,26
1,26
2,2
2,22
2,5
2,2
2,2
2,2
2,2
2,2
2,2
2,2
2,2
2,2
2,2
2,16
2,27
2,27
2,21
2,26
2,2
2,2
2,2
2,2
2,2
2,2
2,2
2,22
2,22
2,2
2,2
2,2
2,2
2,5
2,2
2,2
2,2
2,22
2,22
2,6
2,2
2,2
2,2
2,22
2,2
2,2
2,8
2,6
2,2
2,2
2,2
2,27
2,27
2,22
2,22
2,22
2,22
2,22
2,22
2,9
2,2
2,22
2,22
2,22
2,22
2,22
2,27
2,2
2,2
2,22
2,22
2,22
2,2
2,27
2,15
2,27
2,2
2,27
2,21
2,22
2,21
2,2
2,22
2,2
2,2
2,22
2,2
2,22
3,3
3,3
3,3
3,17
3,17
3,11
3,11
3,3
3,3
3,17
3,17
3,17
3,11
3,11
3,12
3,12
3,11
3,12
3,12
3,12
3,12
3,12
3,12
3,12
3,5
3,12
3,11
3,3
3,3
3,3
3,21
3,5
3,12
3,11
3,3
3,3
3,3
3,17
3,14
3,5
3,5
3,5
3,26
3,17
3,3
3,15
3,17
3,19
3,3
3,18
3,3
3,3
3,25
3,25
3,4
3,18
3,3
3,3
3,25
3,15
3,26
3,18
3,3
3,3
3,18
3,25
3,18
3,25
3,4
3,18
3,25
3,3
3,5
3,25
3,25
3,25
3,17
3,3
3,25
3,5
3,25
3,18
3,18
3,25
3,3
3,3
3,3
3,18
3,25
3,25
3,25
3,4
3,25
3,25
3,3
3,3
3,18
3,18
3,18
3,25
3,25
3,25
3,25
3,3
3,3
3,25
3,18
3,25
3,25
3,25
3,25
3,18
4,5
4,4
4,4
4,4
4,5
4,4
4,5
4,4
4,5
4,4
4,4
4,4
4,11
4,5
4,5
4,5
4,23
4,23
4,12
4,5
4,5
4,12
4,12
4,4
4,5
4,11
4,4
4,19
4,4
4,5
4,5
4,4
4,4
4,4
4,4
4,5
4,5
4,5
4,5
4,5
4,4
4,5
4,5
4,4
4,23
4,23
4,23
4,12
4,4
4,5
4,5
4,5
4,5
4,5
4,5
4,4
4,4
4,4
4,4
4,4
4,25
4,16
4,25
4,4
4,4
4,4
4,25
4,4
4,4
4,22
4,28
4,25
4,4
4,25
4,25
4,4
4,25
4,4
4,4
4,4
4,4
4,4
4,4
4,4
4,18
4,18
4,18
4,18
4,4
4,4
4,18
4,4
4,4
4,25
4,4
4,4
4,4
4,4
4,4
4,4
4,25
4,25
4,4
4,18
4,25
4,4
5,5
5,5
5,5
5,5
5,5
5,5
5,5
5,5
5,5
5,28
5,5
5,28
5,5
5,28
5,28
5,28
5,5
5,5
5,5
5,5
5,5
5,5
5,5
5,5
5,28
5,5
5,5
5,5
5,5
5,5
5,5
5,20
5,5
5,5
5,5
5,5
5,28
6,6
6,6
6,6
6,6
6,6
6,6
6,6
6,6
6,6
6,6
6,6
6,6
6,6
6,6
6,2
6,6
6,6
6,6
6,6
6,6
6,6
6,6
6,6
6,6
6,6
6,6
6,6
6,6
6,6
6,6
6,6
6,6
6,6
6,6
6,6
6,6
6,6
6,6
6,6
6,6
6,6
6,6
6,6
6,6
6,6
6,6
6,6
6,6
6,6
6,6
6,6
6,6
6,6
6,6
6,6
6,6
6,6
6,6
6,6
6,6
6,6
6,6
6,6
6,6
6,6
6,6
7,20
7,9
7,14
7,20
7,23
7,20
7,20
7,21
7,20
7,20
7,14
7,7
7,20
7,7
7,20
7,7
7,7
7,20
7,20
7,20
7,7
7,7
7,7
7,7
7,7
7,7
7,7
7,7
7,20
7,23
7,7
7,7
7,23
7,20
7,7
7,16
7,7
7,24
7,19
7,7
7,7
7,7
7,16
7,7
7,7
7,7
7,23
7,7
7,7
7,7
7,7
7,20
7,7
7,28
7,7
7,7
7,7
7,5
7,28
7,7
7,20
7,24
7,7
7,7
7,7
7,7
7,7
7,7
7,7
7,7
7,7
7,7
7,7
7,7
7,7
7,7
7,7
7,7
7,7
7,7
7,7
7,7
7,7
7,7
7,7
7,7
7,7
7,7
7,7
7,7
7,7
7,7
7,7
7,7
7,7
7,7
7,7
7,7
7,7
7,7
7,7
7,7
7,7
7,7
7,7
7,7
7,7
7,7
7,7
7,7
7,7
7,7
7,7
7,7
7,7
7,7
7,7
7,7
7,7
7,7
7,7
7,7
8,8
8,8
8,8
8,8
8,8
8,8
8,8
8,8
8,8
8,8
8,8
8,8
8,8
8,8
8,8
8,8
8,8
8,8
8,22
8,8
8,8
8,8
8,8
8,8
8,8
8,8
8,8
8,8
8,8
8,8
8,8
8,9
8,8
8,21
8,8
8,8
8,8
8,8
8,8
8,8
8,8
8,8
8,8
8,8
8,8
8,8
8,8
8,8
8,8
8,8
8,8
8,8
8,8
8,8
8,8
8,8
8,8
8,8
8,8
8,8
8,8
8,8
8,8
8,8
8,8
8,8
8,8
8,8
8,8
8,8
8,8
8,8
8,8
8,8
8,8
8,8
8,8
8,8
8,8
8,8
9,9
9,9
9,9
9,9
9,9
9,9
9,9
9,9
9,9
9,9
9,9
9,9
9,20
9,9
9,9
9,7
9,20
9,9
9,9
9,9
9,20
9,9
9,9
9,9
9,7
9,7
9,9
9,9
9,9
9,9
9,9
9,9
9,7
9,9
9,9
9,9
9,9
9,9
9,9
9,20
9,9
9,9
9,9
9,20
9,8
9,19
9,9
9,19
9,9
9,9
9,8
9,9
9,16
9,9
9,3
9,13
9,9
9,9
9,8
9,9
9,9
9,9
9,8
9,8
9,9
9,9
9,9
9,9
9,9
9,7
9,9
9,9
9,9
9,9
9,9
9,7
9,9
9,7
9,9
9,9
9,7
9,9
9,9
9,8
9,7
9,9
9,7
9,9
9,9
9,9
9,9
9,9
9,9
9,9
9,9
9,9
9,7
9,9
9,9
9,7
9,9
9,9
9,8
9,8
9,9
9,9
9,9
9,8
9,9
9,20
9,9
9,9
9,14
9,7
9,9
9,9
9,9
9,21
9,14
9,9
9,0
9,9
9,9
9,9
9,9
9,9
9,9
9,15
9,15
9,8
9,9
9,9
9,8
9,9
9,9
9,9
9,8
9,8
10,10
10,10
10,10
10,10
10,10
10,10
10,10
10,10
10,10
10,10
10,5
10,10
10,10
10,10
10,10
10,10
10,10
10,10
10,10
10,10
10,10
10,10
10,10
10,10
10,10
10,16
10,26
10,10
10,10
10,10
10,10
10,10
10,10
10,10
10,10
10,10
10,10
10,10
10,12
10,10
10,10
10,10
10,10
10,10
10,10
10,10
10,10
10,10
10,10
10,10
10,5
10,2
10,26
10,12
10,10
10,10
10,10
10,12
10,12
10,10
10,10
10,10
10,10
10,10
10,10
10,10
10,10
10,10
10,10
10,10
10,10
10,10
10,10
10,10
10,10
10,10
10,12
10,12
10,10
10,25
10,4
10,4
10,25
10,25
10,5
10,10
10,25
10,18
10,4
10,18
10,4
10,10
10,26
10,25
10,22
10,25
10,25
10,4
10,10
10,25
10,25
10,10
10,25
10,25
10,10
10,26
10,26
10,22
10,25
10,26
10,4
10,25
10,10
10,25
10,4
10,10
10,10
10,25
10,10
10,10
10,10
10,10
10,10
10,10
10,25
10,4
10,10
10,10
10,15
10,15
10,26
10,10
10,10
10,4
10,10
10,5
10,10
10,10
10,10
10,10
10,18
10,10
10,10
10,4
10,25
10,4
10,26
10,25
10,18
10,18
10,18
10,10
10,10
10,25
10,18
10,25
10,10
10,25
10,5
10,10
10,25
10,22
10,26
10,10
10,10
10,10
10,4
10,10
10,10
10,10
10,10
10,10
10,25
10,10
10,10
10,25
10,10
10,10
10,10
10,10
10,10
10,10
10,10
10,25
10,22
10,25
10,22
10,22
10,4
10,10
10,10
10,26
10,26
10,10
10,10
10,25
10,10
10,10
10,4
10,10
10,25
10,25
10,10
10,10
10,26
10,22
10,10
10,25
10,22
10,10
10,10
10,10
10,10
10,10
10,25
10,26
10,25
10,25
10,3
11,23
11,23
11,14
11,23
11,23
11,23
11,23
11,23
11,23
11,14
11,5
11,23
11,23
11,23
11,23
11,23
11,23
11,23
11,23
11,23
11,23
11,23
11,23
11,23
11,23
11,23
11,23
11,23
11,23
11,23
11,23
11,23
11,14
11,18
11,18
11,18
11,23
11,23
11,23
11,23
11,23
11,23
11,17
11,23
11,23
11,23
11,14
11,14
11,23
11,4
11,4
11,11
11,10
11,18
11,18
11,18
11,18
11,10
11,11
11,11
11,11
11,11
11,18
11,18
11,18
11,11
11,11
11,4
11,11
11,10
11,4
11,11
11,4
11,11
11,3
11,11
11,11
11,11
11,18
11,18
11,11
11,10
11,11
11,11
11,11
11,11
11,11
11,11
11,4
11,11
11,11
11,11
11,10
11,10
11,11
11,10
11,12
11,18
11,11
11,3
11,12
11,11
11,11
11,11
11,11
11,18
11,11
11,18
11,18
11,11
11,11
11,18
11,18
11,11
11,10
11,28
11,11
11,10
11,11
11,18
11,11
11,11
11,11
11,11
11,11
11,10
11,11
11,11
12,23
12,23
12,23
12,23
12,23
12,23
12,23
12,23
12,23
12,23
12,12
12,23
12,23
12,23
12,23
12,23
12,23
12,23
12,23
12,23
12,23
12,23
12,23
12,23
12,23
12,23
12,23
12,23
12,23
12,23
12,23
12,23
12,23
12,23
12,23
12,23
12,23
12,23
12,23
12,23
12,23
12,23
12,12
12,23
12,12
12,23
12,23
12,23
12,23
12,23
12,23
12,12
12,12
12,12
12,23
12,23
12,23
12,23
12,23
12,17
12,14
12,17
12,17
12,17
12,14
12,14
12,14
12,14
12,14
12,14
12,17
12,17
12,11
12,17
12,17
12,17
12,17
12,14
12,17
12,14
12,18
12,17
12,17
12,14
12,17
12,17
12,17
12,17
12,17
12,17
12,14
12,12
12,9
12,9
12,27
12,11
12,14
12,14
12,14
12,12
13,22
13,22
13,2
13,21
13,26
13,10
13,3
13,5
13,2
13,13
13,13
13,5
13,5
13,5
13,5
13,17
13,17
13,17
13,16
13,13
13,13
13,13
13,5
13,5
13,13
13,26
13,5
13,23
13,5
13,26
13,2
13,2
13,2
13,2
13,2
13,26
13,5
13,26
13,2
13,13
13,13
13,5
13,5
13,26
13,13
13,5
13,2
13,13
13,2
13,5
13,13
13,16
13,16
13,26
13,26
13,18
13,18
13,18
13,16
13,13
13,13
13,13
13,13
13,16
13,16
13,13
13,26
13,26
13,16
13,18
13,18
13,18
13,2
13,13
13,3
13,18
13,16
13,25
13,13
13,26
13,26
13,26
13,10
13,10
13,4
13,28
13,4
13,11
13,18
13,18
13,4
13,16
13,4
13,5
13,13
13,10
13,13
13,5
13,5
13,13
13,10
13,4
13,18
13,18
13,5
13,13
13,16
13,16
13,16
13,25
13,3
13,27
13,16
13,26
13,16
13,26
13,5
13,5
13,13
13,5
13,5
13,11
13,11
13,16
13,16
13,18
13,13
13,5
13,4
13,11
13,25
13,2
13,2
13,26
13,16
13,16
13,11
13,11
13,11
13,11
13,5
13,26
14,14
14,14
14,14
14,23
14,14
14,14
14,23
14,23
14,23
14,14
14,10
14,14
14,14
14,14
14,12
14,14
15,15
15,15
15,15
15,27
15,15
15,15
15,15
15,15
15,25
15,15
15,15
15,15
15,15
15,15
15,15
15,15
15,15
15,18
15,18
15,15
15,15
15,15
15,15
15,25
16,16
16,16
16,16
16,16
16,16
16,16
16,16
16,25
16,26
16,18
16,16
16,16
16,16
16,22
16,25
16,16
16,16
16,16
17,19
17,5
17,17
17,17
17,17
17,17
17,17
17,17
17,17
17,20
17,20
17,20
17,17
17,17
17,17
17,17
17,17
17,17
17,17
17,17
17,17
17,17
17,17
17,17
17,20
17,17
17,17
17,20
17,17
17,17
17,17
17,17
17,17
17,17
17,17
17,17
17,17
17,17
17,17
17,17
17,17
17,20
17,20
17,17
17,17
17,17
17,17
17,17
17,17
17,11
17,17
17,17
17,17
17,17
17,17
17,17
17,17
17,17
17,17
17,17
17,19
17,17
17,17
17,17
17,17
17,17
17,17
17,17
17,17
17,17
17,17
17,17
17,17
17,3
17,3
17,11
17,3
17,3
17,3
17,17
17,17
17,17
17,17
17,17
17,18
17,17
17,14
17,17
17,17
17,17
17,17
17,17
17,17
17,17
17,17
17,17
17,17
17,17
17,17
17,17
17,3
17,18
17,18
17,18
18,3
18,3
18,18
18,18
18,18
18,18
18,18
18,18
18,18
18,18
18,18
18,18
18,18
18,18
18,18
18,18
18,18
18,18
18,18
18,18
18,18
18,18
18,18
18,18
18,18
18,18
18,18
18,18
18,18
18,18
18,18
18,18
18,18
18,18
18,18
18,18
18,18
18,18
18,18
18,18
18,18
18,18
19,3
19,19
19,3
19,15
19,19
19,19
19,19
19,25
19,25
19,4
19,4
19,5
19,17
19,19
19,25
19,19
19,25
19,19
19,19
19,19
19,19
19,19
19,17
19,19
19,14
19,19
19,19
19,19
20,9
20,20
20,20
20,20
20,20
20,21
20,20
20,20
20,20
20,20
20,20
20,27
20,20
20,21
20,21
20,21
20,21
20,21
20,20
20,21
20,9
20,21
20,21
20,20
20,20
20,20
20,20
20,21
20,20
20,21
20,20
20,21
21,21
21,21
21,21
21,21
21,21
21,21
21,21
21,22
21,22
21,22
21,22
21,22
21,22
21,20
21,25
21,21
21,21
21,20
21,27
21,21
21,21
21,21
21,21
21,21
21,21
21,20
21,21
21,21
21,22
21,27
21,27
21,21
21,21
21,21
22,26
22,26
22,5
22,22
22,2
22,2
22,22
22,22
22,22
22,27
22,26
22,2
22,27
22,15
22,22
22,22
22,22
22,22
22,22
22,22
22,21
22,15
22,27
22,2
22,22
22,22
22,22
22,22
22,22
22,22
22,22
22,5
22,22
22,22
22,25
22,25
22,22
22,21
22,22
22,22
22,21
22,22
22,22
22,22
22,27
22,22
22,22
22,22
22,22
22,15
22,22
22,22
22,22
22,22
22,22
22,21
22,22
22,15
22,15
22,22
23,23
23,23
23,23
23,23
23,23
23,23
23,23
23,23
23,23
23,23
23,23
23,23
23,23
23,23
23,23
23,23
23,23
23,23
23,23
23,23
23,23
23,23
23,23
23,23
23,23
23,23
23,23
23,23
23,23
23,23
23,23
23,23
23,23
23,23
23,23
23,23
23,23
23,23
24,27
24,5
24,12
24,12
24,12
24,18
24,11
24,12
24,24
24,24
24,24
24,24
24,24
24,21
24,21
24,24
24,20
24,21
24,11
24,21
24,21
24,21
24,14
24,2
24,27
24,27
24,27
24,24
24,24
24,24
24,12
24,10
24,10
24,10
24,10
24,12
24,10
24,24
24,24
24,24
24,24
24,27
24,14
24,24
24,21
24,20
25,15
25,25
25,25
25,25
25,25
25,25
25,25
25,25
25,25
25,19
25,3
25,25
25,19
25,25
25,25
25,25
25,25
25,27
25,11
25,4
25,17
25,17
25,25
25,25
25,25
25,25
25,25
25,25
25,25
25,18
25,18
25,25
25,4
25,18
25,18
25,18
25,25
26,21
26,21
26,22
26,27
26,26
26,26
26,26
26,3
26,18
26,18
26,3
26,26
26,5
26,13
26,25
26,5
26,22
26,22
26,26
26,5
26,14
26,14
26,5
26,27
26,27
26,22
26,26
26,26
26,27
26,26
26,5
26,27
26,18
26,2
26,27
26,27
26,26
26,11
26,26
26,13
26,3
26,25
26,16
26,26
26,27
26,26
26,13
26,18
26,16
26,26
26,27
26,2
26,26
26,2
26,25
26,5
26,2
26,27
27,27
27,26
27,27
27,27
27,22
27,2
27,27
27,27
27,21
27,19
27,21
27,21
27,21
27,21
27,21
27,21
27,21
27,21
27,27
27,27
27,22
27,21
27,15
27,22
27,21
27,21
27,27
27,27
27,15
27,22
27,22
27,22
27,25
27,25
27,15
27,27
27,2
27,2
27,25
27,27
27,26
27,2
27,27
27,25
27,27
27,27
27,27
27,21
27,19
27,27
27,24
27,27
27,19
27,25
27,21
27,21
27,7
27,15
27,27
27,22
27,27
27,22
27,27
27,22
27,2
27,21
28,22
28,28
28,28
28,28
28,28
28,28
28,28
28,28
28,28
28,28
28,28
28,28
28,22
28,28
28,28
28,28
28,28
28,28
28,28
28,28
28,28
28,28
28,22
28,28
28,28
28,28
28,28
28,28
28,28
28,28
28,16
28,28
28,28
28,28
28,28
28,28
28,28
28,28
28,28
28,28
28,28
28,4
28,28
28,28
28,28
28,28
28,4
28,4
28,5
28,4
28,4
28,4
1,1
1,1
1,1
1,1
1,1
1,1
1,1
1,1
1,1
1,1
1,24
1,24
1,1
1,1
1,1
1,1
1,1
1,1
1,1
1,1
1,24
1,1
1,1
1,1
1,1
1,1
1,1
1,1
1,24
1,24
1,1
1,24
1,24
1,24
1,24
1,24
1,0
1,24
1,24
1,24
1,24
1,24
1,0
1,24
1,1
1,24
1,1
1,1
1,1
1,1
1,1
1,1
1,1
1,1
1,24
1,24
1,1
1,24
1,1
1,1
1,1
1,1
1,1
1,1
1,1
1,24
1,1
1,24
1,1
1,1
1,24
1,1
1,24
1,1
1,1
1,1
1,24
1,1
1,1
1,24
1,1
1,1
1,24
1,1
1,24
1,1
1,1
1,1
1,1
1,24
1,1
1,24
1,24
1,24
1,24
2,2
2,2
2,2
2,2
2,2
2,2
2,2
2,2
2,6
2,6
2,2
2,2
2,2
2,22
2,2
2,2
2,2
2,2
2,2
2,2
2,2
2,2
2,27
2,27
2,2
2,2
2,2
2,2
2,2
2,2
2,2
2,2
2,22
3,12
3,15
3,3
3,3
3,3
3,12
3,12
3,17
3,3
3,3
3,11
3,3
3,3
3,12
3,17
3,3
3,3
3,3
3,3
3,3
3,17
3,12
3,15
3,3
3,3
3,3
3,3
3,17
3,17
3,15
3,3
3,19
3,3
3,3
3,17
3,3
3,3
3,11
3,3
3,3
3,17
3,17
3,12
3,3
3,15
3,3
3,3
3,17
3,12
3,3
3,18
3,18
3,25
3,25
3,18
3,11
3,11
3,4
3,3
3,3
3,3
3,18
3,3
3,3
3,3
3,3
3,18
3,18
3,18
3,26
3,4
3,3
3,3
3,3
3,18
3,18
3,3
3,3
3,19
3,3
3,3
3,18
3,18
3,3
3,3
3,3
3,3
3,18
3,18
3,18
4,5
4,13
4,5
4,5
4,5
4,5
4,5
4,5
4,5
4,4
4,5
4,5
4,5
4,4
4,5
4,4
4,5
4,5
4,5
4,5
4,13
4,5
4,5
4,5
4,5
4,4
4,5
4,5
4,5
4,5
4,12
4,4
4,5
4,5
4,5
4,5
4,5
4,4
4,5
4,28
4,5
4,4
4,4
4,5
4,4
4,5
4,5
4,5
4,5
4,22
4,5
4,5
4,5
4,5
4,13
4,5
4,5
4,4
4,4
4,5
4,5
4,5
4,5
5,5
5,12
5,12
5,12
5,12
5,12
5,12
5,12
5,5
5,5
5,5
5,5
5,5
5,12
5,5
5,5
5,5
5,21
5,3
5,21
5,5
5,5
5,5
5,5
5,17
5,17
5,12
5,5
5,5
5,13
5,17
5,23
5,23
5,23
5,23
5,23
5,5
5,5
5,13
5,5
5,23
5,5
5,5
5,13
5,21
5,5
5,12
5,5
5,5
6,6
6,6
6,6
6,6
6,6
6,6
6,6
6,6
6,6
6,6
6,6
6,6
6,6
6,6
6,6
6,6
6,6
6,6
6,6
6,6
6,6
7,7
7,7
7,7
7,7
7,7
7,7
7,7
7,7
7,7
7,7
7,7
7,7
7,7
7,7
7,7
7,7
7,7
7,7
7,7
7,7
7,7
7,7
7,9
7,7
7,7
7,7
7,7
7,7
7,7
7,7
7,7
7,7
7,7
7,7
7,9
7,20
7,7
8,8
8,8
8,8
8,8
8,8
8,8
8,8
8,8
8,20
8,8
8,8
8,8
8,8
8,8
8,8
8,8
8,8
8,8
8,8
8,8
8,8
9,9
9,8
9,9
9,9
9,8
9,9
9,9
9,9
9,9
9,9
9,8
9,9
9,21
9,9
9,9
9,9
9,8
9,8
9,9
9,20
9,9
9,9
9,9
9,20
9,20
9,20
9,21
9,21
9,9
9,21
9,9
9,9
9,9
9,9
9,9
9,21
9,8
9,20
9,9
9,9
9,9
9,9
9,9
9,20
9,9
9,0
9,0
9,6
9,7
9,9
9,7
9,9
9,9
9,9
9,6
9,9
9,9
9,9
9,9
10,12
10,5
10,5
10,12
10,5
10,5
10,5
10,5
10,5
10,5
10,5
10,5
10,5
10,5
10,5
10,5
10,5
10,12
10,10
10,10
10,10
10,12
10,12
10,10
10,27
10,5
10,12
10,5
10,12
10,5
10,5
10,5
10,5
10,12
10,12
10,10
10,10
10,5
10,10
10,12
10,10
10,5
10,5
10,12
10,12
10,10
10,10
10,10
10,12
10,12
10,10
10,26
10,5
10,12
10,12
10,5
10,5
10,5
10,5
10,5
10,5
10,12
10,12
10,5
10,5
10,12
10,12
10,10
10,12
10,12
10,10
10,12
10,10
10,10
10,10
10,10
10,10
10,10
10,26
10,5
10,17
10,12
10,5
10,5
10,5
10,5
10,12
10,12
10,12
10,12
10,5
10,5
10,5
10,10
10,10
10,10
10,10
10,26
10,10
11,12
11,5
11,12
11,11
11,11
11,17
11,5
11,5
11,17
11,12
11,5
11,5
11,5
11,5
11,17
11,17
11,17
11,12
11,12
11,12
11,5
11,12
11,12
11,12
11,12
11,12
11,12
11,12
11,11
11,12
11,12
11,3
11,12
11,12
11,12
11,11
11,5
11,5
11,5
11,12
11,12
11,18
11,12
11,5
11,12
11,12
11,11
11,22
11,12
11,12
11,11
11,21
11,21
11,12
11,12
11,12
11,12
11,12
11,12
11,12
11,11
11,21
11,21
11,11
11,11
11,12
11,11
11,12
11,12
11,12
11,17
11,17
11,11
11,12
11,12
11,11
11,11
11,11
11,11
11,11
11,11
11,11
11,12
11,12
11,12
11,12
11,12
11,12
11,12
11,12
11,12
11,12
11,12
11,12
11,12
11,12
11,12
11,12
11,17
11,12
11,11
11,12
11,11
11,11
11,11
11,11
11,11
11,11
11,12
11,11
11,11
11,12
11,12
11,12
11,12
11,12
11,12
11,12
11,12
11,11
11,12
11,11
11,5
11,12
11,17
11,17
11,11
11,11
11,17
11,26
12,12
12,12
12,12
12,12
12,12
12,12
12,12
12,12
12,12
12,12
12,12
12,12
12,12
12,12
12,12
12,12
12,12
12,12
12,12
12,12
12,12
12,12
12,12
12,12
12,12
12,12
12,12
12,12
12,12
12,12
12,12
12,12
12,12
12,12
12,12
12,12
12,12
12,12
12,12
12,12
12,12
12,12
12,12
12,12
12,12
12,12
12,12
12,12
12,12
12,12
12,12
12,12
12,12
12,12
12,12
12,12
12,12
12,12
12,12
12,12
12,12
12,12
12,12
12,12
12,12
12,12
12,12
12,12
12,12
12,12
12,12
12,12
12,12
12,12
12,12
12,12
12,12
12,12
12,12
13,13
13,18
13,13
13,13
13,5
13,23
13,13
13,2
13,13
13,16
13,13
13,13
13,5
13,23
13,23
13,23
13,23
13,23
13,5
13,28
13,23
13,17
13,4
13,5
13,5
13,13
13,20
13,13
13,20
13,13
13,5
13,5
13,5
13,5
13,5
13,28
13,5
13,28
13,28
13,13
13,13
13,20
13,5
13,5
13,21
13,5
13,5
13,5
13,5
13,5
13,17
13,5
13,13
13,5
13,5
13,5
13,5
13,5
13,5
13,5
13,5
13,18
13,18
13,5
13,13
13,26
13,13
13,13
13,13
13,13
13,13
13,5
13,13
13,5
13,5
13,5
13,13
13,28
13,4
13,23
13,5
13,4
13,13
13,13
13,20
13,25
13,5
13,23
13,5
13,5
13,5
13,5
13,4
13,13
13,21
13,5
13,5
13,23
13,23
14,7
14,14
14,14
14,14
14,14
14,14
14,17
14,14
14,14
15,15
15,15
15,15
15,11
15,11
16,4
16,4
16,4
16,4
16,28
16,11
16,4
16,16
16,11
17,17
17,17
17,17
17,20
17,20
17,20
17,20
17,17
17,17
17,17
17,17
17,17
17,20
17,17
17,17
17,17
17,17
17,17
17,17
17,17
17,17
17,17
17,17
17,17
17,17
18,12
18,12
18,18
18,18
18,18
18,12
18,12
18,12
18,18
18,18
18,4
18,18
18,5
19,15
19,15
19,19
19,19
19,19
19,19
19,17
19,17
19,17
20,7
20,7
20,20
20,7
20,7
20,20
20,21
20,20
20,20
20,20
20,21
20,20
20,21
20,9
20,20
20,21
20,9
20,21
20,21
21,21
21,15
21,21
21,21
21,15
21,22
21,21
21,15
21,21
23,20
23,20
23,20
23,20
23,20
23,21
23,20
23,20
23,20
23,21
23,20
23,20
23,7
24,6
24,24
24,24
24,6
24,6
24,7
24,7
24,24
24,24
24,20
24,20
25,19
25,19
25,7
25,19
25,19
25,19
25,19
25,14
25,19
25,14
25,19
25,24
25,19
26,2
26,26
26,13
26,27
26,25
26,18
26,18
26,10
26,14
27,27
27,11
27,11
27,11
27,19
27,14
27,19
27,19
27,20
28,27
28,26
28,14
28,19
28,7
28,7
28,7
28,19
28,13
28,5
28,14
0,0
0,7
0,8
0,0
0,0
0,0
0,0
0,0
0,0
0,0
0,0
0,0
0,0
0,0
0,0
0,0
0,0
0,11
0,24
0,6
0,0
0,0
0,0
0,0
0,0
0,0
0,0
0,0
0,0
0,0
0,0
0,0
0,0
0,0
0,0
0,0
0,7
0,0
0,7
0,13
0,23
0,23
0,27
0,2
0,0
0,0
0,0
0,0
0,0
0,0
0,0
0,7
0,27
0,23
0,27
0,0
0,0
0,0
0,0
0,0
0,2
0,0
0,0
0,7
0,0
0,6
0,0
0,0
0,0
0,0
0,0
0,0
0,7
0,0
0,0
0,9
0,9
0,13
0,0
0,0
0,0
0,0
0,0
0,0
0,0
0,0
0,0
0,0
0,7
0,0
0,21
0,6
0,6
0,6
0,7
0,25
0,13
0,0
0,0
2,22
2,2
2,2
2,2
2,2
2,22
2,22
2,2
2,2
2,27
2,6
2,2
2,6
2,2
2,2
2,5
2,14
2,22
2,22
2,2
2,27
2,2
2,2
2,27
2,22
2,2
2,2
2,22
2,22
3,14
3,14
3,3
3,3
3,3
3,3
3,17
3,3
3,3
3,17
3,3
3,26
3,3
3,17
3,14
3,14
3,17
3,3
3,3
3,3
3,3
3,18
3,14
3,14
3,18
3,3
3,18
3,18
3,5
3,26
3,17
3,17
3,3
3,3
3,3
3,3
3,14
3,14
3,3
3,3
3,3
3,3
3,3
3,3
3,10
3,14
3,17
3,3
3,3
3,3
3,27
4,13
4,13
4,5
4,18
4,13
4,13
4,26
4,5
4,26
4,5
4,5
4,16
4,16
4,5
4,5
4,5
4,25
4,16
4,13
4,5
4,5
4,5
4,16
4,16
4,13
4,13
4,25
4,5
4,5
4,5
4,5
4,5
4,5
4,5
4,5
4,10
4,10
4,10
4,5
4,5
4,10
4,10
4,10
4,4
4,5
4,5
4,5
4,5
4,5
4,5
4,18
4,18
4,18
4,4
4,4
4,10
4,4
4,5
4,4
4,4
4,11
4,16
4,4
4,16
4,28
6,6
6,6
6,6
6,6
6,6
6,6
6,6
6,6
6,6
6,6
6,6
6,6
6,6
6,6
6,6
6,6
6,6
6,6
6,6
6,6
6,6
6,6
6,6
6,6
6,6
6,6
6,6
6,6
6,6
6,6
6,9
6,6
6,6
6,6
6,6
6,6
6,9
6,6
6,6
6,6
6,9
7,7
7,4
7,7
7,7
7,7
7,7
7,7
7,7
7,7
7,7
7,16
7,20
7,7
7,7
7,7
7,13
7,11
7,7
7,7
7,7
7,7
7,16
7,16
7,7
7,7
7,9
7,7
7,7
7,7
7,7
7,20
7,20
7,20
7,13
7,20
7,7
7,7
7,7
7,7
8,8
8,8
8,8
8,8
8,8
8,8
8,8
8,8
8,8
8,8
8,8
8,8
8,8
8,8
8,8
8,8
8,8
8,15
8,18
8,25
8,8
8,8
8,8
8,8
8,8
8,8
8,8
8,8
8,8
8,8
8,8
8,8
8,8
8,8
8,8
8,21
8,8
8,8
8,8
9,9
9,9
9,9
9,9
9,6
9,9
9,9
9,9
9,9
9,20
9,9
9,23
9,20
9,9
9,9
9,9
9,9
9,9
9,9
9,9
9,21
9,6
9,9
9,20
9,23
9,9
9,9
9,9
9,21
9,21
9,9
9,9
9,7
9,9
9,9
9,8
9,7
9,9
9,7
9,9
9,9
9,9
9,7
9,20
9,9
10,12
10,12
10,12
10,12
10,12
10,11
10,12
10,12
10,14
10,12
10,12
10,12
10,27
10,27
10,27
10,27
10,27
10,27
10,27
10,27
10,27
10,27
10,3
10,26
10,27
10,27
10,12
10,12
10,12
10,12
10,12
10,12
10,12
10,12
10,12
11,26
11,26
11,11
11,11
11,11
11,11
11,3
11,3
11,10
11,10
11,10
11,10
11,3
11,26
11,5
11,26
11,26
11,26
11,3
11,3
11,10
11,10
11,10
11,3
11,26
11,3
11,3
11,12
11,12
11,3
11,3
11,3
11,3
11,14
11,21
11,27
11,3
11,27
11,12
11,12
11,12
11,12
11,12
11,12
11,11
11,21
11,21
11,11
11,11
11,11
11,12
11,12
11,12
11,21
11,21
11,21
11,21
11,14
11,3
11,12
11,24
11,11
11,21
11,12
11,12
11,12
11,12
11,26
11,12
11,14
11,12
11,24
11,12
11,12
11,3
11,3
11,26
11,3
11,3
11,3
11,3
11,3
11,3
11,3
11,3
11,26
11,11
11,12
11,11
11,11
11,12
11,12
11,12
11,12
11,12
11,12
11,12
11,12
11,11
11,21
11,12
11,27
11,10
11,27
11,27
11,21
11,11
11,14
11,3
11,3
11,26
11,26
11,26
12,11
12,12
12,12
12,12
12,14
12,11
12,12
12,11
12,12
12,12
12,12
12,12
12,12
12,21
12,12
12,12
12,12
12,12
12,14
12,21
12,24
12,12
12,21
12,12
12,12
13,2
13,5
13,5
13,2
13,2
13,13
13,13
13,5
13,2
13,19
13,13
13,21
13,27
13,5
13,5
13,22
13,22
13,22
13,27
13,27
13,14
13,2
13,2
13,26
13,22
13,22
13,27
13,2
13,2
13,27
13,26
13,27
13,21
13,2
13,2
13,26
13,13
13,2
13,22
13,22
13,2
13,20
13,13
13,13
13,2
13,2
13,22
13,2
13,13
13,5
13,26
13,2
13,13
13,27
13,13
13,13
13,13
13,27
13,22
13,21
13,2
13,2
13,22
13,22
13,27
13,27
13,2
13,2
13,2
13,13
13,26
13,13
13,28
13,5
13,14
13,5
13,26
13,5
13,10
13,26
13,27
13,6
13,2
13,2
13,13
13,26
13,5
13,26
13,26
13,13
13,2
13,13
13,25
14,12
14,12
14,12
14,12
14,12
14,12
14,12
14,11
14,14
14,21
14,14
14,27
14,14
15,25
15,15
15,22
15,15
15,15
15,15
15,15
16,16
16,13
16,16
16,16
16,13
16,13
17,21
17,15
17,3
17,17
17,18
17,18
17,18
17,18
17,17
17,17
17,17
17,17
17,17
17,17
17,17
17,21
17,3
18,21
18,3
18,18
18,17
18,23
18,17
18,17
18,18
18,18
19,19
19,19
19,19
19,19
19,19
19,21
20,20
20,20
20,20
20,20
20,24
20,20
20,20
20,20
20,20
20,20
20,20
20,20
20,22
20,21
20,2
21,20
21,20
21,8
21,9
21,21
21,21
21,2
21,22
21,22
21,21
21,21
22,22
22,22
22,22
22,22
22,22
22,22
22,22
22,22
22,21
22,2
22,22
22,22
22,22
22,22
22,25
23,23
23,23
23,23
23,20
23,20
23,23
23,23
23,23
23,23
23,23
24,27
24,27
24,5
24,5
24,3
24,5
24,5
24,5
24,5
24,5
24,5
24,18
24,5
24,5
24,20
24,27
25,25
25,20
25,16
25,25
25,16
25,16
25,25
25,19
25,19
25,11
25,14
25,20
25,16
26,26
26,26
26,26
26,26
26,5
26,22
26,5
26,5
26,26
26,26
26,5
26,27
26,22
26,26
26,26
26,10
26,5
27,21
27,21
27,27
27,25
27,21
27,21
27,3
27,26
27,2
27,22
27,2
27,21
27,20
27,22
27,27
28,5
28,5
28,5
28,28
28,28
28,2
28,28
28,28
28,28
0,0
0,0
0,0
0,6
0,0
0,0
0,0
0,0
0,0
0,0
0,0
0,0
0,7
0,0
0,0
0,0
0,0
0,16
0,0
0,28
0,28
0,28
0,28
0,4
0,0
0,0
0,0
0,0
0,0
0,0
0,0
0,0
0,0
0,0
0,0
0,0
0,0
0,0
0,0
0,0
0,0
0,0
0,0
0,0
0,0
0,0
0,10
0,0
0,0
0,0
0,0
0,0
0,0
0,0
0,28
0,0
0,0
0,0
0,4
0,11
0,11
0,28
0,11
0,0
0,0
0,0
0,0
0,0
0,0
0,0
0,0
0,0
0,0
0,0
0,0
0,28
0,4
0,0
0,0
0,0
0,0
0,0
0,28
0,0
0,0
0,0
0,4
0,0
0,0
0,0
0,0
0,0
0,0
0,0
0,0
0,3
0,19
0,0
0,2
0,0
0,0
0,0
0,0
0,13
0,16
0,25
0,0
0,0
0,0
0,0
0,0
0,0
0,0
0,0
0,0
0,0
0,0
0,0
0,0
0,0
0,0
0,0
0,0
0,4
0,0
0,0
0,0
0,0
0,0
0,0
0,9
0,0
0,0
0,0
2,5
2,26
2,26
2,3
2,2
2,2
2,2
2,2
2,2
2,0
2,2
2,2
2,6
2,2
2,2
2,2
2,2
2,2
2,2
2,2
2,5
2,27
2,26
2,26
2,27
2,3
2,26
2,27
2,26
2,26
2,27
2,27
2,26
2,26
2,27
2,26
2,5
2,27
2,26
2,3
2,25
2,27
2,27
2,22
2,2
2,2
2,6
2,26
2,25
2,21
2,21
3,3
3,3
3,17
3,3
3,3
3,3
3,3
3,3
3,3
3,18
3,3
3,3
3,3
3,18
3,3
3,3
3,3
3,26
3,3
3,3
3,3
3,3
3,3
3,3
3,3
3,3
3,3
3,3
3,3
3,3
3,3
3,3
3,3
3,3
3,3
3,3
3,3
3,3
3,3
3,3
3,18
3,3
3,3
3,17
3,18
3,3
3,3
3,18
3,3
3,18
3,3
3,3
3,3
3,3
3,3
3,3
3,3
3,3
3,3
3,3
3,3
3,3
3,3
3,3
3,3
3,3
3,18
3,18
3,18
3,17
3,18
3,3
3,3
3,3
3,14
4,28
4,4
4,18
4,13
4,25
4,5
4,13
4,5
4,5
4,28
4,4
4,4
4,10
4,4
4,2
4,4
4,4
4,16
4,5
4,4
4,28
4,4
4,4
4,4
4,5
4,4
4,4
4,4
4,3
4,5
4,5
4,28
4,4
4,4
4,4
4,3
4,3
4,4
4,4
4,4
4,4
4,16
4,5
4,5
4,5
4,4
4,28
4,4
4,4
4,4
4,4
5,18
5,5
5,5
5,5
5,5
5,5
5,5
5,5
5,5
5,5
5,5
5,5
5,5
5,5
5,5
5,5
5,5
5,5
5,5
5,5
5,5
5,5
5,5
5,5
5,5
5,5
5,13
5,18
5,16
5,16
5,5
5,5
5,5
5,5
5,5
5,5
5,5
5,5
5,5
5,5
5,5
5,5
5,5
5,5
5,5
5,5
5,5
5,5
5,5
5,5
5,5
5,5
5,5
5,5
5,5
5,5
5,5
5,5
5,5
5,5
5,5
5,5
5,5
5,5
5,5
5,5
5,5
5,5
5,5
6,6
6,6
6,6
6,6
6,6
6,6
6,6
6,6
6,6
6,6
6,6
6,6
6,6
6,28
6,18
6,10
6,6
6,6
6,6
6,6
6,6
6,6
6,6
6,6
6,6
6,6
6,6
7,7
7,7
7,7
7,23
7,7
7,7
7,7
7,7
7,16
7,7
7,16
7,7
7,7
7,9
7,7
7,7
7,7
7,7
7,7
7,7
7,7
7,7
7,7
7,16
7,7
8,15
8,25
8,8
8,8
8,8
8,20
8,8
8,15
8,22
8,22
8,22
8,28
8,22
8,9
8,8
8,8
8,8
8,15
8,8
8,9
8,8
8,25
8,25
8,8
8,8
8,8
8,8
9,20
9,9
9,20
9,9
9,21
9,9
9,9
9,9
9,9
9,9
9,9
9,9
9,9
9,9
9,9
9,9
9,21
9,9
9,9
9,9
9,9
9,9
9,9
9,9
9,21
9,22
9,21
9,27
9,21
9,21
9,9
9,20
9,9
9,24
9,9
9,27
9,9
9,21
9,21
9,9
9,9
9,9
9,9
9,9
9,9
9,9
9,21
9,8
9,9
9,21
9,21
9,21
9,21
9,21
9,9
9,9
9,9
9,9
9,21
9,9
9,9
9,9
9,21
9,9
9,9
9,9
9,21
9,20
9,20
9,9
9,9
9,9
9,20
9,9
9,9
9,20
9,7
10,12
10,12
10,12
10,12
10,12
10,10
10,12
10,12
10,10
10,12
10,12
10,5
10,5
10,5
10,5
10,12
10,16
10,5
10,12
10,12
10,12
10,12
10,12
10,12
10,12
10,12
10,12
10,12
10,12
10,12
10,5
10,12
10,5
10,5
10,12
10,12
10,12
10,5
10,5
10,5
10,5
10,12
10,12
10,14
10,12
10,12
10,12
10,12
10,12
10,12
10,12
10,12
10,23
10,23
10,23
10,23
10,12
10,12
10,12
10,23
10,23
10,23
10,12
10,12
10,14
10,12
10,12
10,12
10,12
11,10
11,10
11,28
11,5
11,5
11,4
11,5
11,18
11,18
11,5
11,10
11,5
11,4
11,28
11,10
11,5
11,10
11,5
11,18
11,18
11,18
11,18
11,5
11,5
11,5
11,5
11,18
11,18
11,10
11,28
11,18
11,10
11,10
11,10
11,18
11,5
11,4
11,10
11,18
11,18
11,18
11,5
11,28
12,23
12,23
12,23
12,23
12,23
12,23
12,23
12,23
12,23
12,23
12,23
12,23
12,5
12,13
12,25
12,2
12,5
12,26
12,5
13,16
13,25
13,22
13,13
13,13
13,5
13,13
13,25
13,25
13,5
13,16
13,16
13,25
13,16
13,16
13,25
13,5
13,16
13,16
13,5
13,25
13,25
13,13
13,25
13,13
13,18
13,25
13,13
13,13
13,25
13,16
13,4
13,5
13,13
13,13
13,16
13,25
13,5
13,25
13,18
13,5
13,5
13,13
13,25
13,25
13,5
13,25
13,2
13,13
13,16
13,13
13,5
13,16
13,2
13,13
13,25
13,5
13,13
13,13
13,13
13,13
14,12
14,12
14,12
14,12
14,14
14,19
14,14
14,14
14,17
14,17
14,17
14,17
14,17
14,17
14,14
15,15
15,15
15,15
15,4
15,15
15,15
15,15
16,16
16,16
16,16
16,16
16,16
16,16
16,16
17,3
17,3
17,18
17,17
17,17
17,17
17,18
17,18
17,18
17,17
17,17
17,18
17,17
17,17
17,18
17,17
17,18
17,18
17,25
18,18
18,18
18,18
18,18
18,18
18,18
18,18
18,18
18,18
18,18
18,18
18,18
18,18
18,18
18,18
18,18
18,18
18,18
18,18
18,18
18,3
19,19
19,19
19,19
19,3
19,19
19,19
19,17
19,19
19,19
19,19
19,18
20,20
20,21
20,2
20,20
20,20
20,27
20,27
20,21
20,21
20,20
20,21
20,20
20,27
20,20
20,21
20,27
20,20
20,7
20,7
20,16
20,4
20,7
20,20
20,20
20,20
20,20
20,20
21,21
21,21
21,27
21,20
21,21
21,27
21,22
21,21
21,21
21,21
21,21
21,21
21,21
22,15
22,27
22,22
22,25
22,22
22,25
22,25
22,25
22,25
22,22
22,22
22,22
22,22
22,13
22,22
22,22
22,22
22,22
22,22
22,22
22,22
22,22
22,22
23,23
23,23
23,23
23,23
23,23
23,23
23,23
23,23
23,23
23,23
23,23
23,23
23,23
23,23
23,23
24,12
24,12
24,12
24,24
24,12
24,11
24,24
24,26
24,2
24,27
24,26
24,12
24,12
24,12
24,12
24,12
24,12
24,12
24,12
24,12
24,12
24,12
24,5
25,25
25,25
25,25
25,25
25,25
25,25
25,25
25,18
25,25
25,25
25,25
25,25
25,25
25,25
26,26
26,26
26,5
26,14
26,14
26,5
26,14
26,25
26,22
26,27
26,22
26,22
26,22
26,22
26,27
26,26
26,27
26,25
26,18
26,26
26,26
26,18
26,18
26,18
26,18
26,18
26,26
26,27
26,22
26,25
26,25
26,27
26,25
26,25
26,25
26,25
26,26
26,18
26,26
27,22
27,25
27,25
27,22
27,25
27,21
27,3
27,21
27,27
27,27
27,22
27,27
27,25
28,5
28,5
28,5
28,5
28,5
28,5
28,5
28,5
28,28
28,5
28,5
28,28
28,28
28,5
28,5
28,5
28,5
0,6
0,0
0,0
0,0
0,0
0,6
0,0
0,0
0,6
0,0
0,6
0,0
0,0
0,0
0,2
0,0
0,0
0,0
0,0
0,0
0,0
0,0
0,0
0,0
0,0
0,0
0,0
0,0
0,0
0,0
0,0
0,0
0,0
0,0
0,0
0,0
0,0
0,0
0,0
0,0
0,0
0,0
0,0
0,2
0,0
0,0
0,0
0,2
0,0
0,0
0,0
0,0
0,0
0,0
0,6
0,0
0,0
0,0
0,0
0,0
0,0
0,0
0,0
0,0
0,0
0,0
0,0
0,0
0,0
0,0
0,0
0,0
0,0
0,0
0,25
0,0
0,0
0,0
0,2
0,0
0,0
0,2
0,0
0,0
0,0
0,6
0,0
0,0
0,0
0,0
0,0
0,0
0,0
0,0
0,0
0,0
0,0
0,2
0,0
0,0
0,0
0,0
0,0
0,0
0,0
0,0
0,0
0,0
0,0
0,6
0,0
0,0
0,0
0,2
0,2
0,0
0,0
0,0
0,0
0,0
0,0
0,0
0,0
0,0
0,2
0,0
0,0
0,0
0,0
0,0
0,0
0,20
0,2
0,0
0,0
0,0
0,0
0,6
0,0
0,6
0,0
0,2
0,0
0,0
0,0
0,0
0,2
0,0
0,0
0,0
0,0
0,0
0,0
0,0
0,0
0,0
0,0
0,2
0,0
0,0
0,0
0,0
0,0
0,0
0,0
0,0
0,0
0,0
0,0
0,0
0,0
0,0
0,0
0,0
0,0
0,0
0,0
0,27
0,0
0,0
0,0
0,0
0,0
0,0
0,6
0,0
0,2
0,0
0,0
0,0
0,0
0,0
0,0
0,2
0,0
0,0
0,0
0,0
0,0
0,0
0,0
0,0
0,0
0,27
2,22
2,22
2,2
2,6
2,6
2,22
2,2
2,22
2,2
2,2
2,22
2,22
2,22
2,22
2,2
2,2
2,22
2,25
2,13
2,5
2,2
2,22
2,2
2,2
2,2
2,22
2,22
2,6
2,2
2,2
2,22
2,2
2,2
2,2
2,2
2,6
2,6
2,2
2,2
2,22
2,22
2,22
2,2
2,2
2,2
2,2
2,2
2,2
2,2
2,6
2,2
2,2
2,2
2,2
2,22
2,22
2,22
2,9
2,9
2,21
2,6
3,18
3,18
3,18
3,18
3,18
3,18
3,17
3,18
3,3
3,5
3,5
3,18
3,17
3,17
3,17
3,18
3,18
3,18
3,18
3,18
3,18
3,18
3,18
3,18
3,18
3,18
3,18
3,18
3,3
3,13
3,14
3,17
3,17
3,17
3,18
3,18
3,18
3,18
3,18
3,18
3,18
3,18
3,18
3,18
3,18
3,18
3,18
3,18
3,18
3,5
3,5
3,13
3,5
3,3
3,5
3,18
3,17
3,17
3,18
3,18
3,18
3,18
3,18
3,18
3,18
3,18
3,18
4,13
4,16
4,5
4,28
4,25
4,25
4,28
4,18
4,16
4,25
4,25
4,4
4,26
4,5
4,5
4,5
4,5
4,5
4,5
4,5
4,18
4,18
4,5
4,5
4,28
4,28
4,28
4,25
4,16
4,18
4,25
4,17
4,18
4,18
4,18
4,18
4,18
4,18
4,18
4,18
4,16
4,5
4,13
4,18
4,16
4,4
4,5
4,4
4,18
5,5
5,10
5,5
5,5
5,10
5,5
5,10
5,5
5,5
5,10
5,18
5,10
5,5
5,10
5,10
5,5
5,5
5,5
5,5
5,10
5,5
5,5
5,10
5,10
5,10
5,5
5,10
5,5
5,5
5,5
5,5
5,5
5,5
5,5
5,10
5,5
5,10
5,5
5,5
5,5
5,10
5,5
5,5
5,5
5,5
5,5
5,5
5,5
5,5
5,5
5,18
5,5
5,18
5,28
5,5
5,28
5,5
5,5
5,28
6,6
6,6
6,6
6,6
6,6
6,6
6,6
6,6
6,6
6,6
6,6
6,6
6,6
6,6
6,6
6,6
6,6
6,6
6,6
6,6
6,6
6,6
6,6
6,6
6,6
7,7
7,7
7,7
7,7
7,7
7,7
7,20
7,7
7,7
7,7
7,7
7,24
7,5
7,7
7,7
7,7
7,20
7,7
7,7
7,7
7,7
7,7
7,7
7,9
7,7
7,7
7,9
7,7
7,7
7,7
7,7
7,7
7,7
7,7
7,7
8,8
8,8
8,9
8,22
8,8
8,8
8,8
8,9
8,8
8,8
8,8
8,8
8,8
8,8
8,8
8,8
8,8
8,8
8,8
8,8
8,8
8,8
8,8
8,8
8,8
8,8
8,8
8,20
8,8
8,8
8,8
8,8
8,8
8,8
8,8
8,21
8,8
8,8
8,8
8,23
8,8
8,8
8,8
8,17
8,25
8,8
8,2
9,9
9,9
9,9
9,9
9,9
9,9
9,9
9,9
9,9
9,9
9,9
9,9
9,9
9,9
9,9
9,9
9,9
9,9
9,9
9,9
9,9
9,9
9,9
9,9
9,9
9,9
9,9
9,9
9,9
9,9
9,9
9,9
9,8
9,9
9,9
9,9
9,21
9,9
9,9
9,9
9,9
9,9
9,9
9,9
9,9
9,9
9,9
9,9
9,9
9,8
9,6
9,9
9,7
9,7
9,9
9,9
9,9
9,9
9,7
9,9
9,9
9,7
9,7
9,7
9,9
9,9
9,23
9,19
9,25
9,4
9,4
9,25
9,22
9,9
9,9
9,8
9,8
9,22
9,21
9,22
9,20
9,9
9,9
9,9
9,9
9,9
9,16
9,13
9,8
10,10
10,10
10,10
10,10
10,10
10,10
10,10
10,10
10,10
10,10
10,10
10,10
10,10
10,10
10,5
10,5
10,18
10,18
10,18
10,18
10,10
10,5
10,4
10,10
10,10
10,10
10,10
10,10
10,10
10,10
10,10
10,5
10,5
10,4
10,18
10,10
10,5
10,10
10,10
10,10
10,10
10,10
10,10
10,18
10,18
10,18
10,4
10,18
10,18
10,5
10,10
10,10
10,10
10,5
10,10
10,10
10,10
10,10
10,10
10,10
10,5
10,18
10,18
10,18
10,18
10,18
10,18
10,18
10,18
10,18
10,18
10,18
10,18
10,18
10,18
10,18
10,11
10,28
10,28
10,10
10,10
10,10
10,10
10,28
10,4
10,10
10,5
10,10
10,10
10,10
10,10
10,10
10,10
10,10
10,10
10,10
10,10
10,5
10,18
10,4
10,4
10,10
10,5
10,4
10,28
10,5
10,10
10,10
10,10
10,10
10,10
10,10
10,10
10,10
10,10
10,10
10,10
10,10
10,10
10,26
11,4
11,18
11,18
11,18
11,10
11,10
11,4
11,4
11,11
11,11
11,18
11,11
11,18
11,11
11,18
11,11
11,4
11,4
11,4
11,18
11,18
11,18
11,4
11,4
11,4
11,18
11,4
11,4
11,11
11,18
11,18
11,4
11,18
11,18
11,18
11,18
11,18
11,5
11,11
11,18
11,18
11,18
11,18
11,11
11,11
11,11
11,10
11,4
11,4
11,4
11,17
11,18
11,18
11,18
11,18
11,17
11,11
11,11
11,11
11,11
11,4
11,4
11,4
11,4
11,4
11,18
11,18
11,18
11,11
12,14
12,14
12,10
12,5
12,5
12,5
12,14
12,14
12,14
12,14
12,5
12,26
12,18
12,5
12,18
12,18
13,9
13,8
13,4
13,19
13,5
13,5
13,18
13,17
13,11
13,25
13,9
13,8
13,8
13,7
13,13
13,2
13,16
13,18
13,18
13,18
13,18
13,4
13,8
13,13
13,16
14,18
14,12
14,18
14,12
14,18
14,10
14,10
14,11
14,18
14,19
14,14
14,14
14,14
14,18
14,3
15,15
15,15
15,15
15,15
15,15
16,16
16,16
16,16
16,16
16,16
16,16
17,17
17,19
17,17
17,17
17,17
17,18
17,18
17,17
17,17
17,17
17,17
17,17
17,17
17,17
17,17
17,17
17,17
17,17
18,18
18,18
18,18
18,18
18,18
18,18
18,18
18,18
18,18
18,18
18,18
19,25
19,25
19,16
19,19
19,19
19,19
19,19
19,19
19,19
19,19
19,19
19,19
19,19
19,19
19,9
19,19
19,19
20,20
20,20
20,20
20,7
20,20
20,21
20,20
20,20
20,20
20,20
20,19
20,9
20,20
20,20
20,27
21,20
21,20
21,9
21,21
21,21
21,25
21,21
21,21
21,21
21,21
21,22
21,22
21,22
21,21
21,21
22,25
22,22
22,22
22,25
22,13
22,13
22,5
22,5
22,5
22,5
22,14
22,5
22,5
22,25
22,25
22,5
22,12
22,12
22,12
22,12
22,12
22,12
22,25
22,25
22,25
22,25
22,22
22,21
22,22
22,2
22,22
22,22
22,22
22,2
22,22
22,5
22,5
23,23
23,23
23,20
23,23
23,23
23,23
23,23
23,23
23,20
23,23
23,23
24,5
24,21
24,27
24,14
24,24
24,5
24,5
24,12
24,5
24,5
24,5
24,11
24,4
24,5
24,11
24,5
24,5
25,16
25,19
25,16
25,13
25,25
25,18
25,25
25,18
25,18
25,18
25,25
25,19
26,5
26,5
26,5
26,13
26,13
26,5
26,5
26,10
26,5
26,18
26,13
26,5
26,10
26,5
26,5
26,18
26,5
26,5
26,25
26,5
26,5
26,5
26,5
27,25
27,25
27,13
27,13
27,22
27,25
27,15
27,15
27,19
27,15
27,20
27,27
27,27
27,25
27,21
28,28
28,28
28,28
28,10
28,5
28,28
28,28
28,28
28,28
1,1
1,11
1,19
1,11
1,11
1,1
1,28
1,11
1,1
1,1
1,11
1,11
1,11
1,1
1,11
1,1
1,11
1,11
1,11
1,11
1,11
1,11
1,11
1,1
1,11
1,11
1,1
1,1
1,24
1,11
1,11
1,11
1,11
1,11
1,11
1,11
1,4
1,4
1,12
1,11
1,1
1,11
1,14
1,11
1,11
1,1
1,1
1,1
1,11
1,1
1,11
1,11
1,24
1,11
1,1
1,1
1,11
1,1
1,1
1,1
1,11
1,11
1,11
1,11
1,1
1,1
1,1
1,1
1,16
1,11
1,11
1,1
1,1
1,1
1,24
1,1
1,1
1,1
1,1
1,24
1,1
1,1
1,1
1,1
1,24
1,1
1,1
1,1
1,1
2,2
2,13
2,2
2,2
2,22
2,16
2,16
2,4
2,28
2,28
2,4
2,0
2,2
2,2
2,28
2,2
2,2
2,2
2,28
2,5
2,28
2,28
2,28
2,22
2,4
2,11
2,18
2,25
2,25
2,2
2,2
2,2
2,2
2,2
2,2
2,2
2,2
2,2
2,2
2,2
2,2
2,26
2,2
3,14
3,3
3,3
3,3
3,12
3,3
3,3
3,3
3,3
3,14
3,14
3,3
3,3
3,3
3,3
3,24
3,3
3,3
3,3
3,3
3,3
3,24
3,3
3,3
3,14
3,3
3,3
3,3
3,3
3,14
3,3
3,3
3,3
3,3
3,14
3,14
3,14
3,3
3,3
4,11
4,11
4,11
4,4
4,4
4,19
4,11
4,19
4,7
4,20
4,7
4,7
4,11
4,11
4,11
4,11
4,14
4,14
4,11
4,11
4,11
4,11
4,11
4,11
4,11
4,7
4,24
4,24
4,14
4,19
4,7
6,6
6,6
6,6
6,9
6,6
6,6
6,6
6,6
6,6
6,6
6,6
6,6
6,6
6,6
6,0
6,6
6,6
6,6
6,6
6,6
6,2
6,6
6,6
6,6
6,6
7,7
7,7
7,7
7,7
7,24
7,7
7,7
7,14
7,7
7,7
7,7
7,24
7,7
7,7
7,7
7,7
7,7
7,7
7,7
7,7
7,7
7,7
7,14
7,7
7,7
7,14
7,7
7,14
7,24
7,24
7,28
7,5
7,20
8,8
8,9
8,20
8,8
8,8
8,8
8,8
8,8
8,8
8,8
8,8
8,8
8,8
8,8
8,8
8,8
8,8
8,8
8,8
8,8
8,8
8,8
8,8
8,8
8,8
8,8
8,8
8,8
8,8
8,9
8,8
8,8
8,8
9,22
9,9
9,9
9,9
9,8
9,27
9,9
9,22
9,22
9,9
9,24
9,9
9,7
9,7
9,9
9,9
9,7
9,9
9,9
9,9
9,8
9,20
9,20
9,8
9,8
9,9
9,20
9,9
9,27
9,8
9,8
9,7
9,8
9,25
9,7
9,8
9,8
9,9
9,7
9,9
9,7
9,7
9,8
9,25
9,9
9,9
9,20
9,7
9,9
9,20
9,7
10,12
10,12
10,24
10,12
10,24
10,12
10,10
10,12
10,12
10,24
10,12
10,12
10,12
10,12
10,12
10,24
10,24
10,24
10,12
10,12
10,24
10,28
10,24
10,11
10,12
10,12
10,11
10,12
10,24
10,24
10,7
10,7
10,7
10,12
10,12
10,10
10,10
10,12
10,24
10,1
10,12
10,12
10,12
10,12
10,12
10,12
10,14
10,12
10,24
10,12
10,24
10,10
10,24
10,10
10,11
10,12
10,12
10,24
10,16
10,24
10,12
11,11
11,14
11,12
11,11
11,24
11,24
11,24
11,7
11,11
11,11
11,12
11,11
11,24
11,12
11,11
11,11
11,12
11,12
11,12
11,14
11,12
11,12
11,24
11,24
11,12
11,24
11,1
11,12
11,24
11,12
11,14
11,14
11,14
11,14
11,14
11,14
11,14
11,14
11,14
11,12
11,12
11,14
11,14
11,14
11,12
11,11
11,17
11,14
11,12
11,24
11,24
11,24
11,14
11,11
11,11
11,10
11,24
11,12
11,14
11,11
11,19
11,11
11,24
11,24
11,14
11,14
11,12
11,12
11,24
12,12
12,14
12,12
12,12
12,12
12,12
12,12
12,12
12,14
12,12
12,11
12,12
12,12
12,12
12,12
12,12
12,12
12,12
12,14
12,14
12,14
12,12
12,12
12,14
12,14
12,14
12,17
12,17
12,14
12,12
12,12
12,14
12,12
12,12
12,11
12,12
12,12
12,12
12,17
12,14
12,12
12,12
12,14
12,12
12,12
12,14
12,12
12,12
12,17
12,17
12,12
12,12
12,17
12,17
12,14
12,12
12,17
12,12
12,12
13,5
13,24
13,24
13,24
13,24
13,24
13,24
13,24
13,24
13,24
13,24
13,7
13,24
13,24
13,14
13,26
13,24
13,24
13,14
13,12
13,14
13,14
13,5
13,24
13,24
13,24
13,24
13,24
13,12
13,24
13,26
14,12
14,14
14,14
14,12
14,12
14,12
14,12
14,24
14,24
14,3
14,14
14,14
14,14
14,17
14,14
15,25
15,15
15,15
15,15
15,15
16,16
16,7
16,16
16,16
16,16
16,16
16,26
16,24
17,19
17,17
17,19
17,18
17,23
17,23
17,23
17,23
17,23
17,23
17,23
17,23
17,23
17,23
17,23
17,23
17,23
17,17
17,14
17,14
17,12
17,12
17,23
17,23
17,23
17,17
17,23
18,11
18,3
18,17
18,17
18,18
18,18
18,18
18,18
18,18
18,14
18,17
18,19
18,11
19,16
19,19
19,19
19,17
19,18
19,3
19,5
19,25
20,20
20,20
20,20
20,20
20,20
20,20
20,20
20,20
20,14
20,20
20,20
20,20
20,20
20,20
20,20
21,20
21,21
21,21
21,21
21,21
21,21
21,21
21,20
21,9
21,9
21,19
21,20
22,2
22,22
22,15
22,22
22,22
22,22
22,22
22,22
22,22
22,22
22,22
22,22
22,25
22,25
22,22
22,22
22,22
22,16
22,22
22,28
22,22
22,22
22,22
22,22
22,22
22,22
22,15
22,22
22,22
22,22
22,22
22,22
22,22
22,22
22,22
22,22
22,22
22,22
22,22
22,22
22,22
22,22
22,25
22,22
22,22
22,25
22,25
22,25
22,25
22,22
22,22
22,2
22,22
22,22
22,22
22,25
22,25
22,22
22,25
23,23
23,23
23,23
23,23
23,23
23,23
23,23
23,23
23,23
24,24
24,24
24,3
24,24
24,24
24,26
24,24
24,24
24,24
24,11
24,24
24,24
24,24
24,26
24,26
24,1
24,10
24,11
24,24
24,10
24,24
24,24
24,27
24,24
24,1
24,24
24,26
24,4
24,11
25,25
25,25
25,25
25,25
25,25
25,25
25,25
25,15
25,27
25,25
25,25
26,24
26,12
26,3
26,24
26,24
26,24
26,24
26,12
26,3
26,1
26,12
26,12
26,12
26,24
26,24
26,24
26,3
26,24
26,24
26,27
26,19
26,27
26,3
26,3
26,12
26,12
26,2
26,27
26,24
28,11
28,11
28,10
28,11
28,1
28,1
28,26
28,1
28,1
0,0
0,0
0,0
0,0
0,0
0,0
0,0
0,0
0,0
0,0
0,0
0,0
0,0
0,0
0,0
0,0
0,0
0,0
0,0
0,0
0,0
0,0
0,0
0,0
0,0
0,0
0,2
0,2
0,0
0,4
0,0
0,0
0,0
0,0
0,2
0,2
0,2
0,0
0,0
0,0
0,2
0,22
0,13
0,0
0,0
0,0
0,0
0,0
0,0
0,0
0,0
0,0
0,0
0,0
0,0
0,0
0,0
0,0
0,0
0,0
0,0
0,2
0,6
0,0
0,0
0,0
0,0
0,0
0,0
0,0
0,0
0,0
0,0
0,2
0,0
0,2
0,2
0,2
0,0
0,0
0,0
0,0
0,0
0,0
0,0
0,0
0,2
0,0
0,0
0,0
0,6
0,7
0,27
0,2
0,0
0,0
0,0
0,0
0,0
0,0
0,0
0,0
0,2
0,0
0,6
0,0
0,0
0,0
0,0
0,0
0,0
0,0
0,2
0,2
0,0
0,0
0,0
0,0
0,0
0,0
0,0
0,0
0,2
0,0
0,0
0,0
0,0
0,0
0,0
0,0
0,2
0,2
0,0
0,0
0,0
0,0
0,0
0,0
0,2
0,0
0,0
0,2
0,0
0,0
0,0
0,0
0,0
0,0
2,6
2,2
2,2
2,22
2,2
2,22
2,28
2,22
2,22
2,22
2,22
2,22
2,2
2,25
2,22
2,2
2,22
2,22
2,22
2,22
2,2
2,2
2,22
2,22
2,22
2,22
2,22
2,22
2,22
2,22
2,22
2,21
2,2
2,22
2,4
2,22
2,16
2,25
2,25
2,2
2,22
2,22
2,22
3,25
3,18
3,17
3,3
3,18
3,16
3,18
3,3
3,3
3,3
3,3
3,25
3,3
3,18
3,26
3,27
3,25
3,19
3,3
3,3
3,25
3,25
3,18
3,3
3,3
3,13
3,3
3,3
3,3
3,25
3,16
3,13
3,18
3,18
3,3
3,18
3,14
3,3
3,13
3,13
3,25
3,3
3,3
4,3
4,11
4,5
4,13
4,5
4,28
4,28
4,4
4,11
4,11
4,11
4,11
4,18
4,18
4,14
4,28
4,28
4,4
4,4
4,4
4,4
4,0
4,11
4,11
4,14
4,14
4,14
4,11
4,4
4,11
4,4
4,4
4,4
4,4
4,4
4,4
4,0
4,9
4,4
4,16
4,16
4,28
4,4
5,5
5,5
5,5
5,5
5,5
5,5
5,5
5,5
5,5
5,5
5,5
5,5
5,5
5,5
5,5
5,5
5,2
5,22
5,5
5,13
5,2
5,5
5,5
5,13
5,2
5,22
5,5
5,5
5,5
5,5
5,5
5,5
5,5
5,5
5,5
5,5
5,5
5,5
5,5
6,6
6,6
6,6
6,6
6,6
6,6
6,6
6,6
6,6
6,6
6,6
6,6
6,6
6,6
6,6
6,6
6,6
6,6
6,6
6,6
6,6
6,6
6,6
6,6
6,6
6,6
6,6
6,6
6,6
6,6
6,6
7,9
7,9
7,7
7,7
7,7
7,7
7,20
7,9
7,9
7,9
7,20
7,20
7,20
7,9
7,9
7,9
7,9
7,7
7,20
7,20
7,20
7,9
7,7
7,7
7,7
7,7
7,7
7,7
7,7
7,7
7,7
7,7
7,9
7,9
7,7
8,8
8,8
8,8
8,8
8,8
8,8
8,8
8,8
8,8
8,8
8,8
8,8
8,8
8,8
8,8
8,8
8,8
8,8
8,8
8,8
8,8
8,8
8,8
8,8
8,8
9,9
9,9
9,9
9,9
9,9
9,9
9,9
9,9
9,9
9,9
9,9
9,9
9,9
9,9
9,9
9,8
9,9
9,9
9,9
9,9
9,9
9,9
9,9
9,20
9,9
9,9
9,9
9,21
9,9
9,27
9,9
9,20
9,22
9,9
9,9
9,20
9,9
9,21
9,9
9,9
9,9
9,20
9,9
9,9
9,9
9,21
9,9
9,9
9,9
9,9
9,9
9,9
9,9
9,9
9,9
9,9
9,9
9,9
9,9
10,10
10,10
10,10
10,5
10,10
10,10
10,5
10,5
10,10
10,10
10,10
10,10
10,10
10,10
10,10
10,10
10,5
10,10
10,10
10,10
10,10
10,10
10,10
10,10
10,10
10,10
10,10
10,10
10,10
10,10
10,10
10,10
10,10
10,10
10,5
10,10
10,10
10,5
10,28
10,10
10,10
10,10
10,10
10,10
10,10
10,10
10,10
10,5
10,28
10,16
10,13
10,5
10,5
10,5
10,10
10,10
10,5
10,5
10,10
10,5
10,5
10,5
10,5
10,5
10,5
10,10
10,10
10,5
10,10
10,10
10,10
10,10
10,10
10,10
10,5
10,10
10,10
10,10
10,10
10,10
10,10
10,10
10,10
10,10
10,10
10,10
10,10
10,10
10,10
11,4
11,4
11,4
11,11
11,11
11,4
11,11
11,11
11,4
11,4
11,4
11,4
11,4
11,11
11,11
11,4
11,4
11,16
11,11
11,11
11,4
11,11
11,11
11,11
11,11
11,4
11,11
11,28
11,28
11,28
11,4
11,4
11,28
12,12
12,12
12,12
12,12
12,12
12,12
12,12
12,12
12,12
12,12
12,12
12,12
12,12
12,12
12,12
12,12
12,12
12,12
12,12
12,12
12,12
12,12
12,12
12,12
12,12
12,12
12,12
12,12
12,12
12,12
12,12
12,12
12,12
12,12
12,12
12,12
12,12
12,12
12,12
13,7
13,20
13,20
13,16
13,18
13,16
13,13
13,16
13,5
13,22
13,22
13,5
13,13
13,16
13,16
13,16
13,25
13,16
13,28
13,28
13,22
13,22
13,25
13,2
13,5
13,16
13,16
13,28
13,2
14,12
14,12
14,12
14,12
14,12
14,12
14,14
14,14
14,14
14,14
14,18
14,18
14,18
14,18
14,18
14,3
14,18
14,18
14,14
14,14
14,14
15,15
15,15
15,25
15,15
15,15
15,21
15,15
15,15
15,25
15,15
16,16
16,16
16,16
16,16
16,16
16,4
16,16
16,16
16,16
17,25
17,19
17,19
17,17
17,18
17,18
17,18
17,17
17,17
17,17
17,17
17,18
17,18
17,17
17,17
17,19
17,19
18,18
18,18
18,18
18,18
18,18
18,18
18,18
18,18
18,25
18,16
18,18
19,19
19,25
19,19
19,19
19,19
19,19
19,17
19,19
19,16
19,25
23,23
23,23
23,23
23,23
23,23
23,23
23,23
23,23
23,23
23,23
23,23
24,11
24,3
24,11
24,21
24,21
24,24
24,3
24,26
24,18
24,18
24,16
25,25
25,13
25,13
25,2
25,5
25,3
25,13
25,18
25,19
25,25
25,13
25,25
28,28
28,28
28,28
28,28
28,28
28,4
28,5
28,28
28,28
28,28
28,28
28,28
28,28
0,25
0,0
0,0
0,0
0,16
0,16
0,0
0,7
0,9
0,0
0,9
0,7
0,0
0,0
0,7
0,27
0,0
0,0
0,20
0,25
0,3
0,19
0,15
0,16
0,0
0,7
0,0
0,0
0,0
0,0
0,7
0,7
0,0
0,0
0,16
0,7
0,7
0,9
0,19
0,19
0,19
0,20
0,16
0,0
0,0
0,16
0,16
0,14
0,19
2,2
2,25
2,2
2,22
2,2
2,2
2,2
2,2
2,16
2,16
2,6
2,6
2,2
2,22
2,2
2,22
2,22
2,16
2,13
2,10
2,5
2,5
2,13
2,5
2,5
2,5
2,5
2,27
2,2
2,4
2,26
2,5
2,5
2,13
2,25
2,5
2,25
2,16
2,16
2,16
2,4
2,13
2,25
2,2
2,13
2,19
2,16
2,9
2,22
2,22
2,2
3,19
3,3
3,19
3,4
3,19
3,25
3,15
3,15
3,18
3,19
3,19
3,17
3,8
3,4
3,3
3,15
3,15
3,15
3,3
3,15
3,15
3,3
3,15
3,19
3,3
3,3
3,15
3,19
3,25
3,19
3,10
3,3
3,25
3,15
3,25
3,3
3,3
3,4
3,19
3,3
3,25
3,19
3,3
3,25
3,3
3,3
3,25
3,3
3,18
3,25
3,3
3,25
3,25
3,25
3,25
3,11
3,19
3,19
3,15
3,25
3,3
3,19
3,18
3,3
3,15
3,25
3,18
3,9
3,15
3,15
3,25
3,3
3,15
3,15
3,3
3,15
3,4
3,19
3,3
3,25
3,3
3,3
3,25
3,15
3,3
3,17
3,19
3,19
3,3
3,15
3,3
3,3
3,3
4,28
4,2
4,2
4,8
4,4
4,0
4,8
4,4
4,11
4,11
4,11
4,4
4,4
4,4
4,4
4,4
4,4
4,28
4,4
4,4
4,4
4,4
4,4
4,4
4,16
4,14
4,9
4,4
4,4
4,16
4,4
4,4
4,16
4,16
4,11
4,11
4,16
6,6
6,6
6,6
6,0
6,6
6,6
6,6
6,6
6,0
6,6
6,2
6,6
6,2
6,0
6,0
6,2
6,2
6,2
6,2
6,2
6,2
6,6
6,6
6,6
6,2
6,2
6,2
6,2
6,2
7,7
7,7
7,9
7,9
7,7
7,9
7,9
7,9
7,9
7,9
7,7
7,7
7,7
7,9
7,9
7,7
7,8
7,9
7,8
7,9
7,9
7,9
7,7
7,27
7,8
7,9
7,9
7,9
7,7
8,8
8,8
8,8
8,8
8,8
8,8
8,8
8,8
8,8
8,8
8,8
9,21
9,20
9,9
9,21
9,9
9,9
9,9
9,9
9,7
9,9
9,9
9,21
9,9
9,9
9,7
9,20
9,9
9,9
9,9
9,9
9,20
9,9
9,8
9,9
9,25
9,21
9,21
9,9
9,21
9,22
9,15
9,9
9,21
9,21
9,25
9,25
9,25
9,26
9,5
9,25
9,21
9,21
9,9
9,9
9,9
9,27
9,9
9,9
9,9
9,21
9,9
9,9
9,9
9,25
9,15
9,9
9,20
9,9
9,21
9,25
9,25
9,20
9,27
10,5
10,5
10,5
10,28
10,4
10,10
10,10
10,5
10,5
10,13
10,5
10,5
10,5
10,28
10,10
10,10
10,10
10,10
10,4
10,6
10,2
10,13
10,4
10,5
10,5
10,13
10,10
10,10
10,28
10,5
10,10
10,28
10,28
10,28
10,5
10,10
10,10
10,10
10,28
10,10
10,10
10,10
10,10
10,10
10,10
10,28
10,16
10,2
10,16
10,10
10,28
10,10
10,10
10,10
10,28
10,7
10,4
10,5
10,28
10,2
10,5
10,10
10,10
10,10
10,10
10,10
10,28
10,28
10,10
11,11
11,17
11,17
11,17
11,11
11,4
11,11
11,11
11,11
11,4
11,11
11,11
11,14
11,14
11,11
11,11
11,11
11,11
11,4
11,11
11,11
11,4
11,8
11,8
11,25
11,11
11,11
11,10
11,28
11,4
11,11
11,17
11,18
11,11
11,11
11,25
11,9
11,11
11,11
11,4
11,4
11,11
11,11
11,11
11,17
11,11
11,11
11,11
11,4
11,11
11,11
11,11
11,11
11,11
11,11
11,11
11,11
11,11
11,11
11,11
11,11
11,11
11,11
11,11
11,11
11,11
11,11
11,17
11,11
11,11
11,11
11,11
11,18
11,17
11,17
11,11
11,11
11,11
11,25
11,8
11,8
11,4
11,11
11,4
11,11
11,16
11,4
11,11
11,18
11,18
11,4
11,11
11,11
11,25
11,4
11,11
11,25
11,4
11,4
12,18
12,18
12,18
12,18
12,18
12,18
12,18
12,18
12,18
12,18
12,18
12,18
12,18
12,18
12,18
12,18
12,18
12,18
12,18
12,18
12,10
12,10
12,18
12,18
12,18
12,18
12,18
12,18
12,18
12,18
12,18
12,18
12,18
12,18
12,12
12,18
12,18
12,18
12,18
12,18
12,18
12,18
12,18
12,18
12,18
12,18
12,18
12,18
12,18
12,18
12,18
12,18
12,12
12,18
12,18
12,18
12,18
12,18
12,18
13,25
13,25
13,25
13,16
13,9
13,25
13,13
13,25
13,4
13,4
13,4
13,8
13,4
13,7
13,8
13,19
13,16
13,25
13,13
13,4
13,25
13,9
13,16
13,4
13,4
13,28
13,8
13,8
13,25
13,25
13,4
13,9
13,9
13,15
13,10
13,25
13,4
13,15
13,9
13,27
13,28
13,13
13,4
13,16
13,13
13,4
13,4
13,4
13,4
13,9
13,9
13,15
13,4
13,25
13,4
14,18
14,18
14,18
14,18
14,18
14,18
14,25
14,11
14,1
14,11
14,11
15,15
15,15
15,15
15,15
15,15
15,15
15,15
15,25
15,15
16,16
16,16
16,16
16,16
16,16
17,18
17,18
17,18
17,18
17,17
17,17
17,17
17,17
17,17
17,17
17,17
17,17
17,17
17,17
17,17
17,17
17,17
17,17
17,17
17,17
17,17
17,17
17,17
17,17
17,17
17,18
18,18
18,18
18,18
18,18
18,18
18,18
18,18
18,25
18,4
18,4
18,4
18,4
18,0
18,2
18,0
18,4
18,25
18,18
18,18
18,18
18,18
18,18
18,11
18,18
18,18
19,19
19,14
19,19
19,19
19,19
19,19
19,19
20,20
20,20
20,20
20,20
20,20
20,21
20,20
20,20
20,20
20,21
20,20
20,20
20,21
21,21
21,21
21,21
21,21
21,21
21,21
21,21
21,21
21,21
21,21
22,27
22,22
22,2
22,22
22,22
22,22
22,22
22,22
22,22
22,22
22,21
22,22
22,22
22,21
22,27
22,21
22,27
22,27
22,27
22,22
22,22
22,21
22,27
22,21
22,22
22,22
22,22
22,22
22,22
23,23
23,23
23,23
23,23
23,23
23,23
23,23
23,23
23,23
23,23
23,23
23,23
23,23
23,23
23,23
23,23
23,23
24,24
24,14
24,24
24,9
24,2
24,24
24,24
24,27
24,23
24,24
24,24
24,24
24,20
24,24
24,24
24,24
24,14
25,20
25,27
25,21
25,21
25,13
25,4
25,13
25,5
25,5
25,13
25,9
25,25
26,5
26,11
26,4
26,4
26,5
26,5
26,5
26,4
26,5
26,4
26,4
26,5
26,5
26,4
26,5
26,4
26,5
26,4
26,4
26,4
26,4
26,4
26,28
26,28
26,13
26,5
26,5
26,28
26,5
26,4
26,13
26,5
26,5
26,5
26,26
26,5
26,4
26,5
26,5
26,13
26,13
26,5
26,26
26,5
26,13
26,13
26,5
26,5
26,13
26,5
26,5
26,4
26,5
26,5
26,5
26,4
26,5
26,5
26,4
27,27
27,27
27,27
27,27
27,27
27,27
27,27
27,27
27,9
27,27
27,27
27,25
27,26
27,13
27,26
27,2
27,5
27,20
27,25
27,27
27,21
27,20
27,20
27,20
27,21
27,27
27,27
27,2
27,25
28,5
28,5
28,5
28,5
28,5
28,5
28,5
28,5
28,5
28,28
28,28
28,5
28,5
28,28
28,5
28,24
28,26
28,25
28,13
28,13
28,28
28,16
28,4
28,4
28,4
28,13
28,5
28,4
28,5
28,5
28,23
28,5
28,28
0,0
0,0
0,0
0,0
0,0
0,0
0,0
0,6
0,0
0,6
0,0
0,0
0,6
0,2
0,2
0,24
0,0
2,2
2,22
2,2
2,2
2,22
2,21
2,2
2,2
2,22
2,2
2,2
2,2
2,6
2,2
2,2
2,2
2,27
2,2
2,2
2,2
2,22
2,22
2,22
2,2
2,2
2,2
2,22
2,9
2,22
2,5
3,3
3,3
3,11
3,3
3,3
3,3
3,3
3,18
3,19
3,3
3,26
3,3
3,3
3,3
3,3
3,3
3,3
3,11
3,3
3,3
3,3
3,3
3,18
3,18
3,3
3,3
3,3
3,3
3,3
3,3
3,3
4,4
4,4
4,11
4,11
4,4
4,11
4,11
4,11
4,11
4,7
4,28
4,11
4,11
4,7
4,11
4,11
4,4
4,11
4,11
4,11
4,16
4,4
4,4
4,4
4,19
6,6
6,6
6,6
6,6
6,6
6,6
6,6
6,6
6,6
6,6
6,6
6,6
6,6
7,7
7,16
7,16
7,16
7,8
7,9
7,9
7,25
7,19
7,7
7,7
7,7
7,14
7,7
7,7
7,7
7,7
7,7
7,7
7,7
7,7
7,7
7,7
7,16
7,7
8,7
8,7
8,20
8,8
8,8
8,8
8,8
8,8
8,8
8,8
8,8
8,8
8,8
8,8
8,8
8,8
8,8
8,8
8,8
8,8
8,8
9,9
9,21
9,9
9,7
9,21
9,9
9,20
9,7
9,9
9,9
9,9
9,9
9,9
9,9
9,20
9,9
9,9
9,9
9,9
9,9
9,21
9,21
9,21
9,9
9,9
9,9
9,20
9,9
9,9
9,9
9,9
9,9
9,9
9,9
9,9
9,9
9,20
9,9
9,9
10,10
10,10
10,10
10,10
10,28
10,10
10,10
10,10
10,10
10,10
10,10
10,10
10,10
10,10
10,10
10,28
10,10
10,10
10,10
10,10
10,10
10,10
10,10
11,14
11,11
11,11
11,14
11,14
11,14
11,14
11,14
11,14
11,14
11,14
11,14
11,14
11,14
11,14
11,14
11,14
11,14
11,14
11,14
11,14
11,14
11,14
11,11
11,14
11,11
11,11
11,11
11,14
11,14
11,14
11,11
11,14
11,14
11,14
11,14
11,14
11,11
11,11
11,11
11,14
11,14
11,14
11,14
11,14
11,14
11,14
11,14
11,14
11,14
11,14
11,14
11,14
11,14
11,14
11,14
11,14
11,14
11,14
11,14
11,14
11,11
11,14
12,23
12,23
12,23
12,23
12,23
12,23
12,23
12,23
12,23
12,23
12,23
12,23
12,23
12,23
12,23
12,23
12,23
12,23
12,23
12,23
12,23
12,23
12,23
12,23
12,23
12,23
12,23
12,23
12,23
13,28
13,28
13,28
13,20
13,5
13,28
13,4
13,5
13,13
13,5
13,28
13,28
13,13
13,13
13,16
13,10
13,10
13,28
13,28
13,28
13,13
13,28
13,13
13,28
13,5
13,5
13,16
13,28
13,28
13,16
13,28
13,5
13,10
13,28
13,28
13,28
13,5
13,5
13,5
14,17
14,19
14,7
14,7
14,19
14,17
15,15
15,15
15,15
15,15
15,15
15,19
15,15
15,3
16,10
16,16
16,16
16,16
16,16
16,7
17,3
17,25
17,5
17,18
17,3
17,17
17,17
17,18
17,18
17,19
17,19
17,17
17,18
17,18
17,25
17,5
17,25
18,14
18,18
18,18
18,18
18,18
18,18
18,18
18,18
18,18
18,18
18,18
18,18
18,18
19,19
19,19
19,19
19,19
19,19
19,19
19,19
19,17
19,19
19,19
19,19
19,19
20,21
20,20
20,20
20,21
20,21
20,20
20,21
20,21
20,20
20,20
20,20
20,20
20,20
20,20
20,20
20,20
20,16
21,21
21,21
21,21
21,22
21,21
21,9
21,21
21,25
21,25
21,25
21,27
21,15
21,21
22,22
22,2
22,2
22,22
22,22
22,22
22,22
22,2
22,22
22,22
22,22
22,22
22,22
22,2
22,22
22,27
22,5
22,21
22,2
22,22
22,22
22,27
22,22
23,23
23,23
23,23
23,2
24,19
24,19
24,14
24,24
24,14
24,20
24,24
24,24
24,19
24,14
24,14
24,14
24,14
24,14
24,14
25,25
25,25
25,25
25,25
25,25
25,25
25,25
25,25
25,25
25,25
25,25
25,25
25,25
25,25
25,15
26,26
26,16
26,18
26,16
26,26
26,14
26,26
26,13
26,5
26,26
26,26
26,14
26,16
26,16
26,28
26,26
26,14
26,26
26,13
27,5
27,5
27,5
27,5
27,5
27,5
27,20
27,20
27,15
27,19
27,2
27,20
27,20
27,19
27,16
27,2
27,13
27,13
27,27
27,27
27,22
27,19
27,5
28,28
28,5
28,2
28,5
28,13
28,5
28,5
28,5
28,7
28,28
28,28
28,13
28,5
28,5
28,5
28,28
28,28
0,1
0,14
0,7
0,1
0,1
0,24
0,19
0,1
0,1
0,1
0,11
0,1
0,11
0,1
0,19
0,1
0,14
0,14
0,12
0,3
0,24
0,24
0,11
0,1
0,1
0,19
0,3
0,14
0,3
0,14
0,14
0,14
0,14
0,24
0,24
0,12
0,24
0,14
0,14
0,14
0,14
0,1
0,1
0,24
0,24
0,24
0,24
0,24
0,24
0,24
0,24
0,24
0,24
0,11
0,3
0,14
0,11
0,24
0,24
0,24
0,24
0,24
0,1
0,1
0,1
0,24
0,14
0,24
0,14
0,3
0,24
0,1
0,1
0,24
0,1
0,1
0,1
0,24
0,1
0,1
0,26
0,26
0,12
0,12
0,24
0,12
0,12
0,12
0,12
0,12
0,14
0,3
0,12
0,14
0,12
0,12
0,12
0,12
0,12
0,3
0,3
0,14
0,12
0,14
0,14
0,24
0,24
0,11
0,24
0,24
0,24
0,1
0,19
0,19
0,3
0,3
0,14
0,24
0,14
0,24
0,24
0,24
0,24
0,3
0,24
0,20
0,19
0,7
0,11
0,11
0,3
0,26
0,11
0,26
0,10
0,1
0,1
0,3
0,26
0,11
0,3
0,1
2,21
2,2
2,22
2,22
2,22
2,22
2,27
2,27
2,22
2,2
2,22
2,21
2,21
2,22
2,2
2,2
2,2
2,2
2,6
2,2
2,27
2,2
2,2
2,22
2,2
2,2
2,25
2,6
2,2
2,20
2,22
2,22
2,22
2,2
2,27
2,2
2,2
2,2
2,22
2,2
2,22
2,2
2,22
2,2
2,2
2,2
2,2
2,22
2,22
2,2
2,21
2,25
2,21
2,6
2,6
2,20
2,20
2,22
2,2
3,3
3,18
3,25
3,25
3,25
3,3
3,3
3,3
3,3
3,18
3,3
3,25
3,25
3,25
3,25
3,25
3,3
3,3
3,3
3,18
3,18
3,18
3,17
3,18
3,25
3,25
3,25
3,3
3,3
3,3
3,18
3,3
3,25
3,25
3,25
3,25
3,25
3,25
3,3
3,3
3,3
3,18
3,18
3,18
3,18
4,15
4,4
4,16
4,16
4,25
4,25
4,4
4,4
4,4
4,8
4,4
4,4
4,16
4,25
4,16
4,4
4,4
4,4
4,4
4,4
4,4
4,4
4,25
4,16
4,4
4,4
4,16
4,27
5,28
5,5
5,28
5,28
5,28
5,5
5,5
5,28
5,28
5,5
5,5
5,5
5,5
5,5
5,5
5,5
5,5
5,5
5,5
5,5
5,5
5,5
5,5
5,5
5,5
5,5
5,5
5,5
5,5
5,28
5,5
5,5
5,28
5,5
5,5
5,5
5,28
5,5
5,5
5,5
5,13
6,6
6,6
6,6
6,6
6,6
6,6
6,6
6,6
6,6
6,6
6,6
6,6
6,8
6,6
6,6
6,6
6,6
6,6
6,6
6,6
6,6
7,7
7,7
7,7
7,7
7,7
7,7
7,7
7,7
7,7
7,20
7,7
7,7
7,7
7,7
7,7
7,7
7,7
7,7
7,7
7,7
7,7
7,7
7,7
7,7
7,8
7,7
7,7
7,7
7,20
7,8
7,7
7,7
7,8
7,7
7,7
7,20
7,7
8,8
8,8
8,8
8,8
8,8
8,8
8,8
8,8
8,8
8,8
8,8
8,8
8,8
8,8
8,8
8,8
8,8
8,8
8,8
8,8
8,8
8,8
8,8
8,8
8,8
8,8
8,8
8,8
8,8
8,8
8,8
8,8
8,8
8,8
8,8
8,8
8,8
8,8
8,22
8,8
8,8
9,9
9,9
9,9
9,9
9,9
9,9
9,20
9,9
9,9
9,7
9,9
9,9
9,20
9,9
9,8
9,8
9,8
9,8
9,9
9,9
9,8
9,9
9,8
9,8
9,8
9,20
9,20
9,9
9,9
9,6
9,7
9,9
9,9
9,7
9,9
10,5
10,2
10,10
10,10
10,5
10,10
10,5
10,5
10,5
10,10
10,10
10,26
10,2
10,5
10,5
10,2
10,13
10,5
10,5
10,22
10,10
10,5
10,26
10,5
10,27
10,22
10,2
10,5
10,5
10,10
10,10
10,5
10,2
10,26
10,22
11,11
11,11
11,11
11,11
11,11
11,12
11,14
11,12
11,12
11,11
11,11
11,11
11,11
11,11
11,11
11,11
11,11
11,11
11,11
11,12
11,11
11,11
11,11
11,11
11,11
11,17
11,11
11,11
11,11
11,11
11,11
11,4
11,11
12,12
12,12
12,12
12,12
12,12
12,12
12,12
12,12
12,12
12,12
12,12
12,12
12,12
12,12
12,12
12,12
12,12
12,12
12,12
12,12
12,12
12,12
12,12
12,12
12,12
12,12
12,12
13,13
13,8
13,28
13,16
13,2
13,2
13,28
13,2
13,16
13,16
13,16
13,16
13,5
13,2
13,25
13,16
13,8
13,16
13,2
13,22
13,2
13,16
13,5
13,13
13,2
13,16
13,28
13,13
13,16
14,12
14,10
14,24
14,14
14,14
14,19
14,17
14,17
14,17
14,17
14,17
14,14
14,14
15,15
15,15
15,15
15,15
15,15
15,15
16,16
16,16
16,16
16,16
16,16
16,16
16,25
16,16
17,19
17,17
17,17
17,19
17,17
17,17
17,17
17,17
17,17
17,17
17,17
17,17
17,17
17,17
17,17
17,17
17,17
17,17
17,17
17,17
17,17
18,18
18,25
18,18
18,18
18,18
18,18
18,18
18,18
18,18
18,18
18,18
18,18
18,18
18,18
18,25
19,19
19,19
19,19
19,19
19,19
19,19
19,19
20,20
20,20
20,21
20,20
20,20
20,21
20,20
20,16
20,20
20,20
20,20
20,20
20,20
20,21
20,25
21,21
21,21
21,21
21,21
21,21
21,27
22,22
22,22
22,22
22,22
22,28
22,22
22,22
22,22
22,22
22,22
22,22
22,22
22,8
22,8
22,21
22,22
22,28
22,22
22,22
22,22
22,22
22,22
22,22
23,23
23,23
23,23
23,23
23,23
23,23
23,23
23,23
23,23
23,23
24,19
24,24
24,24
24,24
24,24
24,24
24,24
24,24
24,24
24,24
24,24
24,24
24,24
24,1
24,1
25,25
25,25
25,25
25,25
25,13
25,25
25,18
25,25
25,25
25,25
25,25
26,14
26,26
26,5
26,26
26,26
26,5
26,5
26,5
26,26
26,26
26,26
26,26
26,26
26,26
26,5
26,5
26,10
26,5
26,26
26,13
26,5
26,10
26,26
26,2
26,5
26,5
26,26
26,26
26,5
27,2
27,22
27,27
27,27
27,7
27,27
27,3
27,2
27,13
27,2
28,28
28,28
28,28
28,28
28,23
28,20
28,28
28,28
28,28
28,28
28,28
28,28
28,28
28,28
28,8
28,28
28,28
0,0
0,0
0,0
0,0
0,0
0,0
0,0
0,0
0,0
0,0
0,0
0,0
0,0
0,0
0,0
0,0
0,0
0,0
0,24
0,0
0,0
0,0
0,0
0,0
0,24
0,0
0,0
0,0
0,0
0,0
0,0
0,0
0,0
0,7
0,6
0,0
0,0
0,24
0,24
0,0
0,0
0,0
0,0
0,0
0,0
0,0
0,0
0,0
0,0
0,24
0,24
0,0
0,0
0,0
0,0
0,0
0,0
0,9
0,0
0,0
0,6
0,0
0,6
0,2
0,0
0,0
0,0
0,0
0,24
0,0
0,0
0,0
0,0
0,0
0,0
0,0
0,0
0,0
0,0
0,0
0,0
0,7
0,0
0,0
0,0
0,2
0,6
0,0
0,0
0,2
0,0
0,27
0,0
0,0
0,0
0,0
0,0
0,0
0,24
0,0
0,0
0,0
0,0
0,0
0,0
0,0
0,0
0,0
0,0
0,0
0,0
0,20
0,2
0,0
0,0
0,0
0,2
0,0
0,0
0,24
0,24
0,24
0,0
0,0
0,0
0,0
0,0
0,0
0,0
0,0
0,0
0,0
0,0
0,0
0,0
0,0
0,0
0,0
0,0
0,0
0,0
0,0
0,0
0,0
0,0
0,0
0,0
0,0
0,0
0,0
0,0
0,0
0,0
0,0
0,0
0,0
0,0
0,0
0,0
0,0
0,0
0,0
0,0
0,16
0,26
0,0
0,0
0,0
0,0
0,0
0,0
0,0
0,0
0,0
0,0
0,0
0,0
0,0
0,0
0,0
0,0
0,0
0,0
0,0
0,0
0,0
0,0
0,0
0,0
0,0
0,0
0,24
0,0
0,0
0,0
0,0
0,0
0,0
0,0
0,0
0,0
0,0
0,0
0,0
0,0
0,0
0,0
0,0
0,0
0,0
0,0
0,0
0,0
0,0
2,6
2,22
2,2
2,2
2,2
2,22
2,2
2,2
2,2
2,2
2,2
2,22
2,27
2,2
2,22
2,22
2,2
2,2
2,22
2,2
2,22
2,22
2,22
2,22
2,2
2,22
2,22
2,22
2,2
2,22
2,22
2,22
2,2
2,27
2,22
2,16
2,2
2,2
2,6
2,2
2,2
2,2
2,2
2,22
2,22
2,22
2,2
2,22
2,2
2,6
2,21
2,2
2,2
2,26
2,2
2,2
2,22
2,27
2,2
2,22
2,2
2,2
2,22
2,27
2,22
2,22
2,22
2,2
2,2
2,22
2,22
2,2
2,22
2,2
2,22
2,22
2,22
2,22
2,22
2,22
2,2
2,22
2,22
2,22
2,22
2,28
2,22
2,2
2,22
2,2
2,22
2,2
2,2
2,27
2,19
2,19
2,20
2,21
2,2
3,25
3,3
3,3
3,3
3,26
3,3
3,3
3,3
3,3
3,3
3,15
3,3
3,18
3,26
3,3
3,3
3,3
3,3
3,3
3,3
3,3
3,3
3,3
3,27
3,26
3,27
3,3
3,3
3,3
3,3
3,18
3,18
3,3
3,3
3,2
3,2
3,13
3,3
3,25
3,27
3,3
3,3
3,3
3,3
3,3
3,19
3,26
3,16
3,3
3,3
3,19
4,10
4,4
4,11
4,4
4,4
4,4
4,13
4,13
4,13
4,16
4,13
4,13
4,13
4,28
4,28
4,25
4,2
4,16
4,2
4,4
4,16
4,28
4,4
4,28
4,10
4,16
4,25
4,25
4,16
4,26
5,28
5,28
5,28
5,28
5,5
5,5
5,5
5,5
5,5
5,28
5,28
5,28
5,28
5,28
5,28
5,2
5,2
5,2
5,22
5,5
5,28
5,28
5,2
5,2
5,2
6,6
6,6
6,6
6,6
6,21
6,6
6,6
6,6
6,6
6,6
6,6
6,6
6,6
6,6
6,6
6,6
6,6
6,2
6,6
6,6
6,6
7,7
7,7
7,7
7,7
7,7
7,7
7,9
7,7
7,7
7,20
7,23
7,7
7,7
7,7
7,7
7,7
7,7
7,7
7,7
7,7
7,7
7,7
7,7
7,7
7,7
7,7
7,7
7,7
7,7
7,7
7,7
7,16
7,7
7,7
7,7
7,7
7,7
7,7
7,7
7,23
7,7
7,7
7,7
7,7
7,7
7,7
7,23
8,16
8,8
8,8
8,8
8,8
8,6
8,6
8,8
8,8
8,8
8,8
8,8
8,6
8,8
8,8
8,8
8,8
8,8
8,8
8,8
8,8
9,9
9,8
9,9
9,9
9,9
9,9
9,9
9,9
9,9
9,9
9,9
9,9
9,9
9,9
9,9
9,9
9,9
9,9
9,9
9,9
9,9
9,9
9,9
9,9
9,9
9,9
9,9
9,9
9,9
9,8
9,9
9,21
9,9
9,27
9,7
9,9
9,9
9,7
9,9
10,28
10,10
10,10
10,10
10,10
10,10
10,10
10,10
10,10
10,10
10,10
10,10
10,10
10,10
10,10
10,10
10,10
10,10
10,2
10,13
10,26
10,10
10,28
10,10
10,10
10,10
10,10
10,10
10,10
10,10
10,10
10,10
10,10
10,10
10,10
10,10
10,10
10,10
10,10
10,10
10,10
11,11
11,11
11,11
11,11
11,11
11,7
11,11
11,11
11,11
11,11
11,11
11,11
11,28
11,11
11,11
11,10
11,11
11,11
11,11
11,11
11,7
11,11
11,0
11,11
11,11
11,11
11,11
11,11
11,11
11,11
11,11
11,11
11,11
11,11
11,11
11,11
11,11
12,12
12,12
12,12
12,3
12,12
12,12
12,12
12,12
12,12
12,12
12,12
12,12
12,12
12,12
12,12
12,12
12,12
12,12
12,12
12,10
12,12
12,12
12,12
12,12
12,12
13,16
13,2
13,7
13,16
13,13
13,26
13,16
13,16
13,13
13,20
13,16
13,7
13,18
13,13
13,2
13,2
13,16
13,7
13,20
13,16
13,20
13,26
13,26
13,2
14,10
14,10
14,10
14,14
14,14
14,14
14,14
14,24
14,14
14,17
14,14
14,17
14,17
14,19
14,14
15,25
15,15
15,15
15,15
16,19
16,16
16,16
16,16
16,16
16,16
16,19
16,16
17,19
17,19
17,17
17,17
17,17
17,17
17,17
17,17
17,17
17,17
17,17
17,17
17,17
17,17
17,17
17,3
18,18
18,25
18,25
18,18
18,18
18,18
18,18
18,18
18,18
18,18
18,18
18,18
18,18
19,19
19,25
19,19
19,19
19,19
19,19
19,19
19,25
20,20
20,20
20,20
20,20
20,20
20,20
20,21
20,20
20,20
20,20
20,9
21,21
21,21
21,21
21,21
21,21
21,21
21,21
22,22
22,22
22,22
22,21
22,22
22,22
22,22
22,22
22,22
22,22
22,22
22,22
22,22
22,22
22,22
22,22
22,22
22,22
22,8
23,23
23,23
23,23
23,23
23,23
23,23
23,23
23,23
23,20
24,24
24,24
24,26
24,27
24,2
24,26
24,27
24,2
24,21
24,20
24,2
24,27
24,27
24,1
24,27
24,2
24,2
25,18
25,16
25,3
25,16
25,16
25,16
25,3
25,18
25,16
25,27
26,24
26,16
26,24
26,26
26,5
26,27
26,2
26,5
26,13
26,26
26,5
26,26
26,26
26,13
26,2
26,5
26,5
26,26
26,26
26,26
26,26
27,22
27,22
27,27
27,20
27,27
27,24
27,19
27,19
27,22
27,20
27,22
28,28
28,28
28,28
28,28
28,28
28,28
28,28
28,28
28,28
28,28
28,28
28,28
28,28
