true_label,predicted_label
0,19
0,24
0,0
0,0
0,0
0,0
0,0
0,0
0,0
0,0
0,0
0,0
0,0
0,0
0,0
0,0
0,0
0,0
0,0
0,0
0,0
0,0
0,0
0,0
0,0
0,0
0,0
0,0
0,0
0,0
0,0
0,0
0,0
0,0
0,0
0,0
0,0
0,0
0,0
0,0
0,0
0,0
0,0
0,0
0,0
0,0
0,0
0,0
0,0
0,0
0,0
0,0
0,0
0,0
0,0
0,0
0,0
0,0
0,0
0,0
0,0
0,0
0,0
0,0
0,0
0,0
0,0
0,0
0,0
0,0
0,0
0,0
0,0
0,0
0,0
0,0
0,0
0,0
0,0
0,0
0,0
0,0
0,0
0,0
0,0
0,0
0,0
0,0
0,0
0,0
0,0
0,0
0,0
0,0
0,0
0,0
0,0
0,0
0,0
0,0
0,0
0,0
0,0
0,0
0,0
0,0
0,0
0,0
0,0
0,0
0,0
0,0
0,0
0,0
0,0
0,0
0,0
0,0
0,0
0,0
0,0
0,0
0,0
0,0
0,0
0,0
0,0
0,0
0,0
0,0
0,0
0,0
0,0
0,0
0,0
0,0
0,0
0,0
0,0
0,0
0,0
0,0
0,0
0,0
0,0
0,0
0,0
0,0
0,0
0,0
0,0
0,0
0,0
0,0
0,0
0,0
0,0
0,0
0,0
0,0
0,0
0,0
0,0
0,0
0,0
0,0
0,0
0,0
0,0
0,0
0,0
0,0
0,0
0,0
0,0
0,0
0,0
0,0
0,0
0,0
0,0
0,0
0,0
0,0
0,0
0,0
0,0
0,0
0,0
0,0
0,0
0,0
0,24
0,0
0,1
0,24
0,0
0,0
0,0
0,0
0,0
0,0
0,0
0,0
0,0
0,0
0,0
0,0
0,0
0,0
0,0
0,0
0,0
0,0
0,0
0,0
0,0
0,0
0,0
0,0
0,0
0,0
0,0
0,0
0,0
0,0
0,0
0,0
0,0
0,0
0,0
0,0
0,0
0,0
0,0
0,0
0,0
0,0
0,0
0,9
0,0
0,0
0,0
0,0
0,0
0,0
0,24
0,0
0,0
0,0
0,0
0,0
0,0
0,0
0,0
0,0
0,0
0,0
0,0
0,0
0,0
0,0
0,0
0,0
0,0
0,0
0,0
0,0
0,0
0,0
0,0
0,0
0,0
0,0
0,0
0,0
0,0
0,0
0,0
0,0
0,0
0,0
0,0
0,0
0,0
0,0
0,0
0,0
0,0
0,0
0,0
0,0
0,0
0,0
0,0
0,0
0,0
0,0
0,0
0,0
0,0
0,0
0,0
0,0
0,0
0,0
0,0
0,0
0,0
0,0
0,0
0,0
0,0
0,0
0,0
0,0
0,0
0,0
0,0
0,0
0,0
0,0
0,0
0,0
0,0
0,0
0,0
0,0
0,0
0,0
0,0
0,0
0,0
0,0
0,0
0,0
0,0
0,0
0,0
0,0
0,0
0,0
0,0
0,0
0,0
0,0
0,0
0,0
0,0
0,0
0,0
0,3
0,17
0,4
0,0
0,0
0,0
0,0
0,0
0,0
0,0
0,0
0,0
0,0
0,13
0,13
0,13
0,13
0,13
0,3
0,0
0,0
0,0
0,0
0,0
0,0
0,0
0,0
0,0
0,1
0,0
0,0
0,0
0,0
0,0
0,0
0,0
0,0
0,0
0,0
0,0
0,0
0,0
0,0
0,0
0,0
0,0
0,0
0,0
0,0
0,0
0,0
0,0
0,0
0,0
0,0
0,0
0,0
0,0
0,0
0,0
0,0
0,0
0,0
0,0
0,0
0,0
0,0
0,0
0,0
0,0
0,0
0,0
0,0
0,0
0,0
0,0
0,0
0,0
0,0
0,0
0,0
0,0
0,0
0,0
0,0
0,0
0,0
0,0
0,0
0,0
0,0
0,0
0,0
0,0
0,0
0,0
0,0
0,0
0,0
0,0
0,0
0,0
0,0
0,0
0,0
0,0
0,0
0,0
0,0
0,0
0,0
0,0
0,0
0,0
0,0
0,0
0,0
0,0
0,0
0,0
0,0
0,0
0,0
0,0
0,0
0,0
0,0
0,0
0,0
0,0
0,0
0,0
0,0
0,0
0,0
0,0
0,0
0,0
0,24
0,9
0,25
0,25
0,0
0,25
0,27
0,9
0,0
0,25
0,25
0,2
0,27
0,0
0,27
0,2
0,27
0,2
0,9
0,2
0,2
0,0
0,0
0,2
0,27
0,27
0,3
0,0
0,0
0,0
0,0
0,0
0,0
0,0
0,9
0,2
0,0
1,1
1,1
1,1
1,1
1,1
1,1
1,1
1,1
1,1
1,1
1,1
1,1
1,1
1,1
1,1
1,1
1,1
1,1
1,1
1,1
1,1
1,1
1,1
1,1
1,1
1,1
1,1
1,1
1,1
1,1
1,1
1,1
1,1
1,1
1,1
1,1
1,1
1,1
1,1
1,1
1,1
1,1
1,1
1,1
1,1
1,1
1,1
1,1
1,1
1,1
1,1
1,1
1,1
1,1
1,1
1,1
1,1
1,1
1,1
1,1
1,1
1,1
1,1
1,1
1,1
1,1
1,1
1,1
1,1
1,1
1,1
1,1
1,1
1,1
1,1
1,1
1,1
1,1
1,1
1,1
1,1
1,1
1,1
1,1
1,1
1,1
1,1
1,1
1,1
1,1
1,1
1,1
1,1
1,1
1,1
1,1
1,1
1,1
1,1
1,1
1,1
1,1
1,1
1,1
1,1
1,1
1,1
1,1
1,1
1,1
1,1
1,1
1,1
1,1
1,1
1,1
1,1
1,1
1,1
1,1
1,1
1,1
1,1
1,1
1,1
1,1
1,1
1,1
1,1
1,1
1,1
1,1
1,1
1,1
1,1
1,1
1,1
1,1
1,1
1,1
1,1
1,1
1,1
1,1
1,1
1,1
1,1
1,1
1,1
1,1
1,1
1,1
1,1
1,1
1,1
1,1
1,1
1,1
1,1
1,1
1,1
1,1
1,1
1,1
1,1
1,1
1,1
1,1
1,1
1,1
1,1
1,1
1,1
1,1
1,1
1,1
1,1
1,1
1,1
1,1
1,1
1,1
1,1
1,1
1,1
1,1
1,1
1,1
1,1
1,1
1,1
1,1
1,1
1,1
1,1
1,1
1,1
1,1
1,1
1,1
1,1
1,1
1,1
1,1
1,1
1,1
1,1
1,1
1,1
1,1
1,1
1,1
1,1
1,1
1,1
1,1
1,1
1,1
1,1
1,1
1,1
1,1
1,1
1,1
1,1
1,1
1,1
1,1
1,1
1,1
1,1
1,1
1,1
1,1
1,1
1,1
1,1
1,1
1,1
1,1
1,1
1,1
1,1
1,1
1,1
1,1
1,1
1,1
1,1
1,1
1,1
1,1
1,1
1,1
1,1
1,1
1,1
1,1
1,1
1,1
1,1
1,1
1,1
1,1
1,1
1,1
1,1
1,1
1,1
1,1
1,1
1,1
1,1
1,1
1,1
1,1
1,1
1,1
1,1
1,1
1,1
1,1
1,1
1,1
1,1
1,1
1,1
1,1
1,1
1,1
1,1
1,1
1,1
1,1
1,1
1,1
1,1
1,1
1,1
1,1
1,1
1,1
1,1
1,1
1,0
1,1
1,1
1,1
1,0
1,1
1,1
1,1
1,1
1,1
1,1
1,1
1,1
1,1
1,1
1,1
1,1
1,1
1,1
1,1
1,1
1,1
1,1
1,1
1,1
1,1
1,1
1,1
1,1
1,1
1,1
1,1
1,1
1,1
1,1
1,1
1,1
1,19
1,18
1,18
1,1
1,1
1,1
1,1
1,1
1,1
1,0
1,1
1,0
1,0
1,0
1,0
1,0
1,1
1,0
1,0
1,0
1,1
1,1
1,1
1,1
1,1
1,1
1,1
1,19
1,1
1,1
1,1
1,1
1,1
1,1
1,1
1,1
1,1
1,1
1,1
1,1
1,1
1,1
1,1
1,0
1,4
1,1
1,1
1,1
1,1
1,1
1,24
1,0
1,24
1,0
1,24
1,1
1,3
1,3
1,0
1,1
1,0
1,1
1,1
1,1
1,1
1,1
1,1
1,1
1,1
1,1
1,0
1,0
1,0
1,0
1,0
1,1
1,0
1,0
1,0
1,1
1,1
1,1
1,1
1,1
1,1
1,1
1,1
1,1
1,1
1,1
1,1
1,1
1,1
1,1
1,1
1,1
1,1
1,1
1,1
1,1
1,1
1,1
1,1
1,1
1,1
1,1
1,1
1,1
1,1
1,1
1,1
1,1
1,1
1,1
1,1
1,1
1,1
1,1
1,1
1,1
1,1
1,1
1,1
1,1
1,1
1,1
1,1
1,1
1,1
1,1
1,1
1,1
1,1
1,1
1,1
1,1
1,1
1,1
1,1
1,1
1,1
1,1
1,1
1,1
1,1
1,1
1,1
1,1
1,1
1,1
1,1
1,1
1,1
1,1
1,1
1,1
1,1
1,1
1,1
1,1
1,1
1,1
1,1
1,1
1,1
1,1
1,1
1,1
1,1
1,1
1,1
1,1
1,1
1,1
1,1
1,1
1,1
1,1
1,1
1,1
1,1
1,1
1,1
1,1
1,1
1,1
1,0
1,0
1,1
1,1
1,1
1,1
1,1
1,1
1,1
1,1
1,17
1,1
1,19
1,1
1,1
1,1
1,1
1,1
1,1
1,1
1,1
1,1
1,1
1,1
1,1
1,1
1,1
1,19
1,28
1,28
1,19
1,7
1,1
1,1
1,1
1,1
1,1
1,1
1,1
1,1
1,1
1,1
1,1
1,1
1,1
1,1
1,1
1,1
1,1
1,1
1,1
1,1
1,1
1,1
1,1
1,1
1,19
1,19
1,13
1,2
1,0
2,2
2,2
2,2
2,2
2,2
2,2
2,2
2,2
2,2
2,2
2,2
2,2
2,2
2,2
2,13
2,2
2,2
2,2
2,2
2,2
2,2
2,2
2,2
2,2
2,2
2,2
2,2
2,2
2,2
2,2
2,2
2,2
2,2
2,2
2,2
2,2
2,2
2,2
2,2
2,2
2,2
2,2
2,2
2,2
2,2
2,2
2,2
2,2
2,2
2,2
2,2
2,2
2,2
2,2
2,2
2,2
2,2
2,2
2,2
2,2
2,2
2,2
2,2
2,2
2,2
2,2
2,2
2,2
2,2
2,2
2,2
2,2
2,2
2,26
2,13
2,2
2,2
2,2
2,2
2,2
2,2
2,2
2,2
2,2
2,2
2,2
2,2
2,2
2,2
2,2
2,2
2,2
2,2
2,2
2,2
2,2
2,2
2,2
2,2
2,2
2,2
2,2
2,2
2,2
2,2
2,2
2,2
2,2
2,2
2,2
2,2
2,2
2,2
2,2
2,2
2,2
2,2
2,2
2,2
2,2
2,2
2,2
2,2
2,2
2,2
2,2
2,2
2,2
2,2
2,2
2,2
2,2
2,2
2,2
2,2
2,2
2,2
2,2
2,2
2,2
2,2
2,2
2,2
2,2
2,2
2,2
2,2
2,2
2,2
2,2
2,2
2,2
2,2
2,2
2,2
2,2
2,2
2,2
2,2
2,2
2,2
2,2
2,2
2,2
2,2
2,2
2,2
2,2
2,2
2,2
2,2
2,2
2,2
2,2
2,2
2,2
2,2
2,2
2,2
2,2
2,2
2,2
2,2
2,2
2,2
2,2
2,2
2,2
2,2
2,2
2,2
2,2
2,2
2,2
2,2
2,2
2,2
2,2
2,2
2,2
2,2
2,2
2,2
2,2
2,2
2,2
2,2
2,2
2,2
2,2
2,2
2,2
2,2
2,2
2,2
2,2
2,2
2,2
2,2
3,3
3,3
3,3
3,3
3,3
3,3
3,3
3,3
3,3
3,3
3,3
3,3
3,3
3,3
3,3
3,3
3,3
3,3
3,3
3,3
3,3
3,3
3,3
3,3
3,3
3,12
3,12
3,12
3,3
3,3
3,3
3,3
3,3
3,3
3,3
3,3
3,3
3,3
3,3
3,3
3,3
3,3
3,3
3,3
3,3
3,3
3,3
3,3
3,3
3,3
3,3
3,3
3,3
3,3
3,3
3,3
3,3
3,3
3,3
3,3
3,3
3,3
3,3
3,3
3,3
3,3
3,3
3,3
3,12
3,12
3,3
3,3
3,3
3,3
3,3
3,3
3,3
3,3
3,3
3,3
3,3
3,3
3,3
3,3
3,3
3,14
3,3
3,3
3,3
3,3
3,3
3,3
3,3
3,3
3,3
3,3
3,3
3,3
3,3
3,3
3,3
3,3
3,3
3,3
3,3
3,3
3,3
3,3
3,3
3,3
3,3
3,3
3,3
3,3
3,3
3,3
3,3
3,3
3,3
3,3
3,3
3,3
3,3
3,3
3,3
3,24
3,26
3,3
3,3
3,26
3,3
3,3
3,3
3,3
3,26
3,26
3,26
3,3
3,3
3,3
3,3
3,3
3,1
3,3
3,3
3,2
3,2
3,3
3,3
3,3
3,26
3,3
3,3
3,3
3,3
3,3
3,3
3,3
3,26
3,26
3,3
3,3
3,3
3,3
3,3
3,3
3,3
3,3
3,3
3,3
3,3
3,3
3,3
3,3
3,3
3,3
3,3
3,3
3,12
3,3
3,3
3,3
3,3
3,3
3,3
3,3
3,17
3,3
3,3
3,3
3,3
3,3
3,3
3,3
3,3
3,3
3,3
3,12
3,3
3,3
3,3
3,12
3,3
3,3
3,26
3,3
3,26
3,3
3,3
3,3
3,3
4,13
4,13
4,13
4,4
4,4
4,4
4,4
4,4
4,4
4,4
4,13
4,13
4,13
4,13
4,4
4,4
4,4
4,4
4,13
4,13
4,13
4,13
4,4
4,4
4,13
4,13
4,13
4,13
4,13
4,13
4,13
4,13
4,13
4,13
4,13
4,13
4,8
4,13
4,13
4,4
4,4
4,4
4,4
4,4
4,13
4,13
4,4
4,4
4,4
4,4
4,5
4,4
4,4
4,4
4,4
4,4
4,25
4,4
4,4
4,4
4,4
4,4
4,4
4,4
4,5
4,4
4,4
4,4
4,4
4,4
4,4
4,4
4,4
4,4
4,5
4,4
4,4
4,4
4,4
4,4
4,4
4,4
4,4
4,4
4,4
4,4
4,4
4,4
4,4
4,4
4,4
4,4
4,4
4,4
4,4
4,4
4,4
4,4
4,4
4,4
4,4
4,4
4,4
4,4
4,4
4,4
4,4
4,4
4,4
4,4
4,4
4,4
4,4
4,4
4,4
4,4
4,4
4,4
4,4
4,4
4,4
4,4
4,4
4,4
4,4
4,4
4,4
4,4
4,4
4,4
4,4
4,4
4,4
4,4
4,4
4,4
4,4
4,4
4,4
4,4
4,4
4,4
4,4
5,4
5,5
5,5
5,5
5,5
5,5
5,5
5,4
5,5
5,4
5,5
5,5
5,4
5,5
5,5
5,5
5,4
5,5
5,5
5,4
5,4
5,5
5,4
5,4
5,5
5,5
5,5
5,5
5,5
5,4
5,5
5,5
5,4
5,5
5,5
5,4
5,5
5,5
5,5
5,5
5,5
5,5
5,4
5,5
5,5
5,5
5,4
5,5
5,4
5,5
5,5
5,5
5,5
5,5
5,4
5,5
5,5
5,5
5,5
5,5
5,5
5,5
5,5
5,4
5,5
5,5
5,5
5,5
5,5
5,5
5,5
5,5
5,5
5,5
5,5
5,5
5,5
5,5
5,3
5,5
5,5
5,5
5,5
5,5
5,5
5,5
5,13
5,13
5,5
5,5
5,5
5,5
5,5
5,5
6,6
6,6
6,6
6,6
6,6
6,6
6,6
6,5
6,9
6,6
6,6
6,6
6,6
6,6
6,6
6,6
6,0
6,6
6,0
6,9
6,24
6,6
6,6
6,6
6,6
6,6
6,6
6,6
6,6
6,6
6,6
6,6
6,6
6,6
6,6
6,6
6,6
6,6
6,6
6,6
6,6
6,6
6,6
6,6
6,6
6,6
6,6
6,6
6,6
6,6
6,6
6,6
6,6
6,6
6,6
6,6
6,6
6,6
6,6
6,6
6,6
6,6
6,6
6,6
6,6
6,6
6,6
6,6
6,6
6,6
6,6
6,6
6,6
6,6
6,6
7,7
7,7
7,7
7,7
7,7
7,7
7,7
7,7
7,7
7,7
7,7
7,7
7,7
7,7
7,7
7,7
7,7
7,7
7,7
7,7
7,7
7,7
7,7
7,7
7,7
7,7
7,7
7,7
7,7
7,7
7,7
7,7
7,7
7,7
7,7
7,7
7,7
7,7
7,7
7,7
7,7
7,7
7,7
7,7
7,7
7,7
7,7
7,7
7,7
7,7
7,7
7,7
7,7
7,7
7,7
7,7
7,7
7,7
7,7
7,7
7,7
7,7
7,7
7,7
7,7
7,7
7,7
7,7
7,7
7,7
7,7
7,7
7,7
7,7
7,7
7,7
7,7
7,7
7,7
7,7
7,7
7,7
7,7
7,7
7,7
7,7
7,7
7,7
7,7
7,7
7,7
7,7
7,7
7,7
7,7
7,7
7,7
7,7
7,7
7,7
7,7
7,7
7,7
7,7
7,7
7,7
7,7
7,7
7,7
7,7
7,7
7,7
7,7
7,7
7,7
7,7
7,1
7,28
7,7
7,7
7,7
7,7
7,7
7,7
7,7
7,7
7,7
7,7
7,7
7,7
7,7
7,7
7,7
7,7
7,7
7,7
7,7
7,7
7,7
7,7
7,7
7,7
7,7
7,7
7,7
7,7
7,7
7,7
7,7
7,7
7,7
7,7
7,7
7,7
7,7
7,7
7,7
7,7
7,7
7,7
7,7
7,7
7,7
7,7
7,7
7,7
7,7
7,7
7,7
7,7
7,7
7,7
7,7
7,7
7,7
7,7
7,7
7,7
7,7
7,7
7,7
7,7
7,7
7,7
7,7
7,7
7,7
7,7
7,7
7,7
7,7
7,7
7,7
7,7
7,7
7,7
7,7
7,7
7,7
7,7
7,7
7,7
7,7
7,7
7,7
7,7
7,7
7,7
7,7
7,7
7,7
7,7
7,7
7,7
7,7
7,7
7,7
7,7
7,7
7,7
7,7
7,7
7,7
7,7
7,7
7,7
7,7
7,7
7,7
7,7
7,7
7,7
7,7
7,7
7,7
7,7
7,7
7,7
7,7
7,7
7,7
7,7
7,7
7,7
7,7
7,7
7,7
7,7
7,7
7,7
7,7
7,7
7,7
7,7
7,7
7,7
7,7
7,7
7,7
7,7
7,7
7,7
7,7
7,7
7,7
7,7
7,7
7,7
7,7
7,7
7,7
7,7
7,7
7,7
7,7
7,7
7,7
7,7
7,7
7,7
8,8
8,8
8,8
8,8
8,8
8,8
8,8
8,8
8,8
8,8
8,8
8,8
8,8
8,8
8,8
8,8
8,8
8,8
8,8
8,8
8,8
8,8
8,8
8,8
8,8
8,8
8,8
8,8
8,8
8,8
8,8
8,8
8,8
8,8
8,8
8,8
8,8
8,8
8,8
8,8
8,8
8,8
8,8
8,8
8,8
8,7
8,8
8,8
8,8
8,8
8,8
8,8
8,8
8,8
8,28
8,8
8,8
8,8
8,8
8,8
8,8
8,8
8,8
8,8
8,8
8,7
8,8
8,8
8,8
8,20
8,7
8,7
8,7
8,8
8,8
8,8
8,8
8,8
8,8
8,8
8,8
8,8
8,8
8,8
8,8
8,8
8,8
8,8
8,8
8,8
8,8
8,8
8,8
8,8
8,8
8,8
8,8
8,8
8,28
8,28
8,8
8,28
8,28
8,8
8,8
8,8
8,8
8,13
8,8
8,8
8,28
8,28
8,8
8,8
8,8
8,8
8,28
8,8
8,8
8,8
8,8
9,9
9,9
9,9
9,9
9,9
9,9
9,9
9,9
9,9
9,9
9,9
9,9
9,9
9,9
9,9
9,9
9,9
9,9
9,9
9,9
9,9
9,9
9,9
9,9
9,9
9,9
9,9
9,9
9,9
9,9
9,9
9,9
9,9
9,9
9,7
9,9
9,9
9,9
9,20
9,25
9,25
9,25
9,20
9,9
9,9
9,24
9,9
9,9
9,9
9,9
9,9
9,20
9,9
9,9
9,9
9,27
9,22
9,9
9,15
9,27
9,27
9,27
9,27
9,9
9,9
9,20
9,9
9,9
9,9
9,9
9,9
9,9
9,9
9,9
9,9
9,9
9,9
9,9
9,9
9,9
9,9
9,9
9,9
9,9
9,9
9,9
9,9
9,9
9,9
9,6
9,9
9,9
9,9
9,9
9,9
9,9
9,9
9,9
9,9
9,9
9,9
9,9
9,9
9,9
9,9
9,9
9,9
9,9
9,9
9,9
9,9
9,9
9,9
9,9
9,9
9,9
9,9
9,9
9,9
9,9
9,9
9,9
9,9
9,9
9,9
9,9
9,9
9,9
9,9
9,9
9,9
9,9
9,9
9,9
9,9
9,9
9,9
9,9
9,6
9,9
9,9
9,9
9,9
9,9
9,9
9,6
9,9
9,9
9,9
9,9
9,9
9,9
9,9
9,9
9,9
9,9
9,9
9,20
9,9
9,9
9,9
9,9
9,9
9,9
9,9
9,9
9,9
9,9
9,9
9,9
9,9
9,9
9,9
9,9
9,9
10,10
10,10
10,10
10,10
10,10
10,10
10,10
10,10
10,10
10,10
10,10
10,10
10,10
10,10
10,10
10,10
10,10
10,10
10,10
10,10
10,10
10,10
10,10
10,10
10,10
10,10
10,10
10,10
10,10
10,10
10,10
10,10
10,10
10,10
10,10
10,10
10,10
10,10
10,10
10,10
10,10
10,10
10,10
10,10
10,10
10,10
10,10
10,10
10,10
10,10
10,10
10,10
10,13
10,3
10,20
10,10
10,10
10,10
10,10
10,10
10,10
10,10
10,10
10,10
10,10
10,10
10,10
10,10
10,10
10,10
10,10
10,10
10,10
10,10
10,10
10,10
10,10
10,10
10,10
10,10
10,10
10,10
10,10
10,10
10,10
10,10
10,10
10,10
10,10
10,10
10,10
10,10
10,10
10,10
10,10
10,10
10,10
10,10
10,10
10,10
10,10
10,10
10,10
10,10
10,10
10,10
10,10
10,10
10,10
10,10
10,10
10,10
10,10
10,3
10,10
10,10
10,10
10,10
10,10
10,10
10,10
10,10
10,10
10,10
10,10
10,10
10,10
10,10
10,10
10,10
10,10
10,10
10,10
10,10
10,26
10,10
10,10
10,10
10,10
10,10
10,10
10,10
10,10
10,10
10,10
10,10
10,10
10,10
10,10
10,10
10,10
10,10
10,10
10,10
10,10
10,10
10,10
10,10
10,10
10,10
10,10
10,10
10,10
10,10
10,10
10,10
10,10
10,10
10,10
10,10
10,10
10,10
10,10
10,10
10,10
10,10
10,10
10,10
10,10
10,10
10,10
10,10
10,10
10,10
10,10
10,10
10,10
10,10
10,10
10,10
10,10
10,10
10,10
10,10
10,10
10,10
10,10
10,10
10,10
10,10
10,10
10,10
10,10
10,10
10,10
10,26
10,10
10,10
10,10
10,10
10,10
10,10
10,10
10,10
10,10
10,10
10,10
10,10
10,10
10,10
10,10
10,10
10,10
10,10
10,10
10,10
10,10
10,10
10,10
10,10
10,10
10,10
10,10
10,10
10,10
10,10
11,11
11,11
11,11
11,11
11,11
11,11
11,11
11,11
11,11
11,11
11,11
11,11
11,11
11,11
11,11
11,11
11,11
11,11
11,11
11,11
11,11
11,11
11,11
11,11
11,11
11,11
11,11
11,11
11,11
11,11
11,11
11,11
11,11
11,11
11,11
11,11
11,11
11,11
11,11
11,11
11,11
11,11
11,11
11,11
11,11
11,11
11,11
11,11
11,11
11,11
11,11
11,11
11,11
11,11
11,11
11,11
11,11
11,11
11,11
11,11
11,11
11,11
11,11
11,11
11,11
11,11
11,11
11,11
11,11
11,11
11,11
11,11
11,11
11,11
11,11
11,11
11,11
11,11
11,11
11,11
11,11
11,11
11,11
11,11
11,11
11,11
11,11
11,11
11,11
11,11
11,11
11,11
11,11
11,11
11,11
11,11
11,11
11,11
11,11
11,11
11,11
11,11
11,11
11,11
11,11
11,11
11,11
11,11
11,11
11,11
11,11
11,11
11,11
11,11
11,11
11,11
11,11
11,11
11,11
11,11
11,11
11,11
11,11
11,11
11,11
11,11
11,11
11,11
11,11
11,11
11,11
11,11
11,11
11,11
11,11
11,11
11,11
11,11
11,11
11,11
11,11
11,11
11,11
11,11
11,11
11,11
11,11
11,11
11,11
11,11
11,11
11,11
11,11
11,11
11,11
11,11
11,11
11,11
11,11
11,11
11,11
11,11
11,11
11,11
11,11
11,11
11,11
11,11
11,11
11,11
11,11
11,11
11,11
11,11
11,11
11,11
11,11
11,11
11,11
11,11
11,11
11,11
11,11
11,11
11,11
11,11
11,11
11,11
11,11
11,11
11,11
11,11
11,11
11,11
11,11
11,11
11,11
11,11
11,11
11,11
11,11
11,11
11,11
11,11
11,11
11,11
11,11
11,11
11,11
11,11
11,11
11,11
11,11
11,11
11,11
11,11
11,11
11,11
11,11
11,11
11,11
11,11
11,11
11,11
11,11
11,11
11,11
11,11
11,11
11,11
11,11
11,11
11,11
11,11
11,11
11,11
11,11
11,11
11,11
11,11
11,11
11,11
11,11
11,11
11,11
11,11
11,11
11,11
11,11
12,12
12,12
12,12
12,12
12,12
12,12
12,12
12,12
12,12
12,12
12,12
12,12
12,12
12,12
12,12
12,12
12,12
12,12
12,12
12,12
12,12
12,12
12,12
12,12
12,12
12,12
12,12
12,12
12,12
12,12
12,12
12,12
12,12
12,12
12,12
12,12
12,12
12,12
12,12
12,12
12,12
12,12
12,12
12,12
12,12
12,12
12,12
12,12
12,12
12,12
12,12
12,12
12,12
12,12
12,12
12,12
12,12
12,12
12,12
12,12
12,12
12,12
12,12
12,12
12,12
12,12
12,12
12,12
12,12
12,12
12,12
12,12
12,12
12,12
12,12
12,12
12,12
12,12
12,12
12,12
12,12
12,12
12,12
12,12
12,12
12,12
12,12
12,12
12,12
12,12
12,12
12,12
12,12
12,12
12,12
12,12
12,12
12,12
12,12
12,12
12,12
12,12
12,12
12,12
12,12
12,12
12,12
12,12
12,12
12,12
12,12
12,12
12,12
12,12
12,12
12,12
12,12
12,12
12,12
12,12
12,12
12,12
12,12
12,12
12,12
12,12
12,12
12,12
12,12
12,12
12,12
12,12
12,12
12,12
12,12
12,12
12,12
12,12
12,12
12,12
12,12
12,12
12,12
12,12
12,12
12,12
12,12
12,12
12,12
12,12
12,12
12,12
12,12
12,12
12,12
12,12
12,12
12,12
12,12
12,12
12,12
12,12
12,12
12,12
12,12
12,12
12,12
12,12
12,12
12,12
12,12
12,12
12,12
12,12
12,12
12,12
12,12
12,12
12,12
12,12
12,12
12,12
12,12
12,12
12,12
12,12
12,12
12,12
12,12
12,12
12,12
12,12
12,12
12,12
12,12
12,12
12,12
12,12
12,12
12,12
12,12
12,12
12,12
12,12
12,12
12,12
12,12
12,12
12,12
12,12
12,12
13,13
13,10
13,13
13,8
13,13
13,13
13,13
13,13
13,13
13,13
13,13
13,13
13,13
13,10
13,13
13,13
13,13
13,26
13,13
13,26
13,13
13,13
13,13
13,13
13,13
13,13
13,13
13,13
13,13
13,8
13,28
13,13
13,13
13,13
13,13
13,13
13,13
13,13
13,18
13,13
13,13
13,13
13,13
13,13
13,13
13,13
13,13
13,13
13,13
13,13
13,13
13,13
13,13
13,13
13,13
13,13
13,13
13,13
13,13
13,13
13,13
13,13
13,13
13,13
13,13
13,13
13,13
13,13
13,13
13,13
13,13
13,13
13,13
13,8
13,13
13,13
13,13
13,13
13,13
13,13
13,13
13,13
13,13
13,13
13,26
13,13
13,13
13,13
13,13
13,13
13,13
13,26
13,13
13,13
13,13
13,13
13,26
13,26
13,13
13,13
13,13
13,8
13,13
13,13
13,13
13,13
13,13
13,13
13,13
13,13
13,13
13,13
13,13
13,13
13,8
13,13
13,8
13,13
13,13
13,13
13,13
13,13
13,13
13,13
13,13
13,8
13,8
14,3
14,3
14,12
14,12
14,3
14,12
14,14
14,17
14,17
14,17
14,7
14,3
14,3
14,3
14,3
14,24
14,24
14,20
14,17
14,1
14,19
14,18
14,12
14,12
14,3
14,3
14,14
14,24
14,24
14,17
14,1
14,1
14,1
14,1
14,1
14,24
14,17
15,22
15,22
15,22
15,22
15,22
15,22
15,22
15,9
15,15
15,15
15,15
15,8
15,15
15,15
15,15
15,15
15,15
15,22
15,25
15,22
15,15
16,25
16,25
16,25
16,28
16,28
16,18
16,18
16,18
16,17
16,28
16,28
16,7
16,25
16,2
16,26
16,26
16,25
16,18
16,28
16,7
16,13
16,25
16,26
16,4
17,17
17,3
17,17
17,17
17,17
17,17
17,17
17,17
17,17
17,17
17,17
17,17
17,17
17,17
17,17
17,17
17,17
17,17
17,17
17,17
17,17
17,17
17,17
17,11
17,11
17,11
17,11
17,17
17,17
17,17
17,17
17,17
17,17
17,17
17,17
17,17
17,17
17,17
17,17
17,17
17,17
17,17
17,17
17,17
17,1
17,17
17,17
17,17
17,17
17,17
17,17
17,17
17,17
17,17
17,17
17,17
17,17
17,17
17,19
17,20
17,20
17,17
17,17
17,17
17,17
17,17
17,17
17,17
17,17
17,17
17,17
17,17
17,17
17,17
17,17
17,17
17,17
17,19
17,20
18,2
18,2
18,2
18,26
18,13
18,25
18,18
18,18
18,18
18,18
18,18
18,18
18,18
18,18
18,18
18,18
18,18
18,18
18,18
18,18
18,18
18,18
18,18
18,18
18,18
18,13
18,13
18,18
18,17
18,13
18,11
18,18
18,18
18,18
18,18
18,18
18,18
18,18
18,18
18,18
18,18
18,18
18,18
18,18
18,18
18,13
18,13
18,21
18,15
18,26
18,26
18,13
18,3
18,18
18,18
18,18
18,18
18,18
18,18
18,18
18,18
18,18
18,18
18,28
18,18
19,25
19,27
19,9
19,7
19,14
19,17
19,17
19,20
19,16
19,7
19,14
19,24
19,1
19,17
19,17
19,19
19,17
19,13
19,24
19,17
19,17
19,20
19,13
20,9
20,9
20,20
20,7
20,9
20,7
20,20
20,20
20,9
20,7
20,7
20,9
20,9
20,9
20,9
20,9
20,9
20,24
20,9
20,9
20,20
20,23
20,7
20,7
20,7
20,7
20,9
20,20
20,20
20,8
20,7
20,9
20,9
20,20
20,20
20,20
20,7
20,7
20,20
20,20
20,20
20,24
20,9
20,20
20,20
20,20
20,20
20,20
20,20
20,9
20,9
21,21
21,21
21,21
21,21
21,21
21,22
21,22
21,2
21,2
21,21
21,21
21,21
21,8
21,22
21,2
21,22
21,22
21,22
21,21
21,21
21,22
21,21
21,21
21,20
21,20
21,8
21,8
21,20
21,2
21,2
21,2
22,22
22,15
22,22
22,22
22,22
22,22
22,22
22,22
22,2
22,2
22,22
22,22
22,22
22,22
22,22
22,22
22,22
22,22
22,22
22,22
22,22
22,22
22,22
22,22
22,22
22,22
22,22
22,8
22,22
22,22
22,22
22,22
22,22
22,22
22,22
22,22
22,22
22,22
22,2
22,22
22,22
22,22
22,22
22,22
22,22
22,2
22,22
22,21
22,13
22,1
22,13
22,7
22,21
22,21
22,22
22,22
22,22
22,22
22,22
22,22
22,2
22,2
22,22
22,2
22,13
23,23
23,23
23,6
23,23
23,23
23,23
23,23
23,23
23,23
23,23
23,23
23,23
23,23
23,23
23,23
23,23
23,23
23,23
23,23
23,23
23,23
23,23
23,23
23,23
23,23
23,23
23,23
23,23
23,23
23,23
23,23
23,23
23,23
23,23
23,23
23,23
23,23
23,23
23,23
23,23
23,23
23,23
23,23
23,23
23,23
23,23
23,23
23,23
23,23
24,24
24,24
24,0
24,24
24,3
24,24
24,9
24,24
24,24
24,24
24,24
24,24
24,24
24,24
24,24
24,24
24,24
24,24
24,24
24,24
24,24
24,24
24,24
24,24
24,24
24,24
24,24
24,24
24,24
24,9
24,24
24,24
24,24
24,24
24,24
24,24
24,24
24,24
24,24
24,24
24,24
24,24
24,24
24,24
24,24
24,24
24,24
24,0
24,24
24,9
24,0
24,24
24,0
24,24
24,24
24,24
24,24
24,24
24,24
24,24
24,24
24,0
24,0
24,24
24,0
24,24
24,24
25,28
25,25
25,25
25,13
25,28
25,13
25,13
25,25
25,25
25,25
25,25
25,25
25,13
25,25
25,18
25,18
25,28
25,13
25,13
25,13
25,13
25,13
25,8
25,25
25,25
25,25
25,25
25,25
25,25
25,25
25,28
25,28
25,22
25,22
25,20
25,9
25,2
25,8
25,13
25,25
25,25
25,25
25,25
25,13
25,13
25,13
25,25
26,26
26,26
26,26
26,26
26,3
26,26
26,26
26,26
26,3
26,26
26,26
26,26
26,26
26,26
26,10
26,26
26,26
26,26
26,26
26,2
26,2
26,26
26,26
26,26
26,26
26,26
26,26
26,26
26,26
26,26
26,26
26,26
26,2
26,2
26,26
26,3
26,3
26,3
26,3
26,3
26,3
26,3
26,3
26,3
26,12
26,3
26,3
26,26
26,26
26,26
26,3
26,26
26,26
26,26
26,26
26,26
26,26
26,3
26,3
26,26
26,26
26,18
26,3
26,3
26,26
26,3
26,3
26,3
26,3
26,26
26,26
26,3
26,3
26,3
26,26
26,26
26,2
26,26
26,26
26,26
26,3
26,3
26,26
26,26
26,26
26,26
26,26
26,3
26,26
26,26
26,26
26,2
26,13
26,26
26,26
26,2
26,26
26,26
26,12
26,12
26,26
26,26
26,26
26,26
26,26
26,26
26,10
26,10
26,26
26,26
26,26
26,26
26,26
26,26
26,26
26,26
26,13
26,26
26,26
26,26
26,26
26,10
26,10
26,26
26,26
26,26
26,26
26,26
26,10
26,26
26,26
26,26
26,26
26,26
26,13
27,2
27,2
27,2
27,2
27,2
27,27
27,2
27,2
27,2
27,2
27,2
27,27
27,0
27,9
27,1
27,9
27,9
27,9
27,3
27,2
27,2
27,27
27,2
27,9
27,2
27,2
27,2
27,2
27,2
27,2
27,2
27,25
27,25
27,13
27,5
27,9
27,26
27,2
27,27
27,22
27,2
27,2
27,2
27,2
27,9
27,9
27,9
27,3
27,2
27,2
27,22
27,3
28,4
28,4
28,28
28,4
28,1
28,4
28,4
28,28
28,4
28,28
28,7
28,4
28,4
28,28
28,18
28,28
28,7
28,28
28,4
28,28
28,28
28,28
28,28
28,28
28,28
28,8
28,28
28,8
28,28
28,28
28,8
28,7
28,28
28,28
28,28
28,8
28,8
28,8
28,8
28,28
28,28
28,7
28,28
28,4
28,4
28,4
28,4
28,4
28,4
28,4
28,4
28,13
28,8
28,28
28,8
28,28
0,0
0,0
0,0
0,0
0,0
0,0
0,0
0,0
0,0
0,0
0,0
0,0
0,0
0,0
0,0
0,0
0,0
0,0
0,0
0,0
0,0
0,0
0,0
0,0
0,0
0,0
0,0
0,0
0,0
0,0
0,0
0,0
0,0
0,0
0,6
0,0
0,0
0,0
0,0
0,0
0,9
0,2
0,0
0,0
0,0
0,3
0,24
0,9
0,0
0,0
0,0
0,0
0,0
0,0
0,0
0,0
0,0
0,0
0,0
2,2
2,2
2,2
2,2
2,2
2,2
2,2
2,2
2,2
2,2
2,2
2,2
2,2
2,2
2,2
2,2
2,2
2,2
2,2
2,2
2,2
2,2
2,2
2,2
2,2
2,2
2,2
2,2
2,2
3,3
3,3
3,3
3,3
3,3
3,3
3,3
3,3
3,3
3,3
3,3
3,3
3,3
3,3
3,3
3,3
3,12
3,3
3,3
3,3
3,3
3,3
3,3
3,3
3,3
3,3
3,3
3,3
3,3
3,3
3,3
3,3
3,3
3,3
3,3
3,3
3,3
3,3
3,3
3,3
3,3
3,3
3,3
3,3
3,3
3,3
3,3
3,3
3,3
4,4
4,4
4,4
4,4
4,4
4,4
4,4
4,4
4,4
4,4
4,4
4,4
4,4
4,4
4,4
4,4
4,4
4,4
4,4
4,4
4,5
4,4
4,4
4,4
4,4
4,4
4,4
4,4
4,4
4,4
4,4
4,4
4,4
4,4
4,4
4,4
4,4
4,4
4,4
4,4
4,4
4,4
4,4
4,4
4,4
4,4
4,4
5,3
5,3
5,5
5,5
5,5
5,5
5,5
5,5
5,26
5,5
5,26
5,5
5,5
5,26
5,18
5,13
5,5
5,5
5,5
5,5
5,5
5,5
5,5
5,5
5,5
5,5
5,10
5,5
5,5
5,5
5,5
5,5
5,5
5,5
5,5
5,4
5,5
5,10
5,10
5,5
5,10
5,5
5,5
5,13
5,13
5,13
5,13
5,9
5,9
5,9
5,27
5,11
5,11
5,5
5,5
5,10
5,13
5,13
5,5
6,6
6,6
6,6
6,6
6,6
6,6
6,7
6,17
6,9
6,3
6,17
6,13
6,13
6,18
6,13
6,9
6,6
6,6
6,6
6,6
6,6
6,9
6,6
6,6
6,6
6,9
6,6
6,6
6,6
6,6
6,6
6,6
6,6
6,9
6,19
6,13
6,8
6,20
6,6
6,6
6,6
6,6
7,7
7,7
7,7
7,7
7,7
7,7
7,7
7,7
7,7
7,7
7,7
7,7
7,7
7,7
7,7
7,7
7,7
7,7
7,7
7,7
7,7
7,7
7,7
7,7
7,7
7,7
7,7
7,7
7,7
7,7
7,7
7,7
7,7
7,7
7,7
7,7
7,7
7,7
7,7
7,7
7,7
7,7
7,7
8,8
8,8
8,8
8,8
8,8
8,8
8,8
8,8
8,8
8,8
8,8
8,8
8,8
8,8
8,8
8,8
8,8
8,8
8,8
8,8
8,8
8,13
8,13
8,13
8,8
8,8
8,8
8,8
8,8
9,9
9,9
9,9
9,9
9,9
9,9
9,9
9,9
9,9
9,9
9,9
9,9
9,9
9,9
9,26
9,26
9,26
9,9
9,9
9,9
9,9
9,9
9,9
9,9
9,9
9,9
9,26
9,24
9,9
9,9
9,9
9,9
9,9
9,9
9,9
9,9
9,9
9,9
9,9
9,9
9,9
9,9
9,9
9,3
9,9
9,9
9,9
9,9
9,9
9,9
9,9
9,9
9,9
9,9
9,9
9,9
9,9
9,9
9,9
10,10
10,10
10,10
10,10
10,10
10,10
10,10
10,10
10,10
10,10
10,10
10,10
10,10
10,10
10,10
10,10
10,10
10,10
10,10
10,10
10,10
10,10
10,10
10,10
10,10
10,10
10,10
10,10
10,10
10,10
10,10
10,10
10,10
10,10
10,10
10,10
10,10
10,10
10,10
10,10
10,10
10,10
10,10
10,10
10,10
10,10
10,10
10,10
10,10
10,10
10,10
10,10
10,10
10,10
10,10
10,10
10,10
10,10
10,10
10,10
10,10
10,10
10,10
10,10
10,10
10,10
10,10
10,10
10,10
10,10
10,10
10,10
10,10
10,10
10,26
10,10
10,10
10,10
10,10
10,10
10,10
10,10
10,10
10,10
10,10
10,10
10,10
10,10
10,10
10,10
10,10
10,10
10,10
10,10
10,10
10,10
10,10
10,10
10,10
10,10
10,10
10,10
10,10
10,10
10,10
10,10
10,10
10,10
10,10
10,10
10,10
10,10
10,10
10,10
10,10
10,10
10,10
10,10
10,10
10,10
10,10
10,10
10,10
10,10
10,10
10,10
10,10
10,10
10,10
10,10
10,10
10,10
10,10
10,10
10,10
10,10
10,10
10,10
10,10
10,10
10,10
10,10
10,10
10,10
10,10
10,10
10,10
10,10
10,10
10,13
11,11
11,13
11,11
11,11
11,5
11,11
11,11
11,11
11,11
11,11
11,11
11,11
11,11
11,11
11,11
11,11
11,11
11,11
11,11
11,11
11,11
11,11
11,11
11,11
11,11
11,11
11,11
11,11
11,11
11,11
11,11
11,11
11,11
11,11
11,11
11,11
11,11
11,11
11,11
11,11
11,11
11,11
11,11
11,11
11,11
11,11
11,4
11,11
11,11
11,11
11,11
11,11
11,11
11,11
11,11
11,11
11,11
11,11
11,11
11,11
11,11
11,11
11,11
11,11
11,11
11,11
11,11
11,11
11,11
11,11
11,11
11,11
11,11
11,11
11,11
11,11
11,11
11,11
11,11
11,11
11,11
11,11
11,11
11,11
11,11
11,11
11,11
11,11
11,11
12,12
12,12
12,12
12,12
12,12
12,12
12,12
12,12
12,12
12,12
12,12
12,12
12,12
12,12
12,12
12,12
12,12
12,12
12,12
12,12
12,12
12,12
12,12
12,3
12,13
12,25
12,19
12,9
12,24
12,12
12,12
12,12
12,12
12,12
12,12
12,12
12,12
12,12
12,12
12,12
12,12
12,12
12,12
12,12
12,12
12,12
12,12
12,12
12,12
12,12
12,12
12,12
12,12
12,12
12,12
12,12
12,12
12,12
12,12
12,12
12,12
12,12
12,12
12,12
12,12
13,13
13,13
13,13
13,13
13,13
13,3
13,3
13,19
13,13
13,13
13,13
13,13
13,13
13,13
13,13
13,13
13,13
13,13
13,13
13,13
13,4
13,4
13,13
13,13
13,13
13,13
13,13
13,13
13,13
13,13
13,13
13,13
13,13
13,13
13,13
13,13
13,13
13,4
13,4
13,13
13,13
13,13
13,13
13,13
13,18
13,13
13,13
13,13
13,13
13,13
13,13
13,13
13,13
13,13
13,13
13,13
13,13
13,13
13,13
13,13
13,28
13,13
13,13
13,13
13,13
13,13
13,13
13,13
13,13
14,17
14,14
14,14
14,3
14,3
14,17
14,19
14,17
14,17
14,17
14,17
14,17
14,24
14,14
14,24
15,15
15,15
15,15
15,15
15,18
16,18
16,17
16,18
16,13
16,4
17,13
17,4
17,17
17,17
17,17
17,17
17,17
17,17
17,17
17,17
17,17
17,17
17,17
18,17
18,13
18,11
18,18
18,18
18,18
18,18
18,18
18,18
18,18
18,13
18,4
18,13
19,17
19,3
19,19
19,17
19,17
19,17
19,20
20,20
20,8
20,28
20,9
20,21
20,9
20,9
20,9
20,2
20,20
20,9
20,20
20,20
20,20
20,20
20,20
20,20
20,9
20,20
21,7
21,17
21,7
21,20
21,20
21,21
21,21
21,22
21,22
21,15
21,21
21,9
21,2
21,2
21,22
22,21
22,22
22,22
22,22
22,22
22,22
22,22
22,22
22,22
22,22
22,22
22,22
22,22
22,22
22,22
22,22
22,22
22,22
22,22
22,22
22,22
22,22
22,22
22,22
22,22
23,23
23,23
23,23
23,23
23,23
23,23
24,3
24,24
24,24
24,24
24,24
24,24
24,24
24,24
24,24
24,24
24,24
24,24
24,24
24,24
24,24
25,25
25,25
25,25
25,25
25,25
25,25
25,25
25,25
25,25
25,25
25,21
25,21
25,22
25,25
25,25
25,25
25,25
25,25
25,25
25,25
25,25
25,25
25,25
25,25
25,25
25,22
25,25
25,25
25,25
25,25
25,25
25,25
25,25
25,25
25,25
25,25
25,25
25,25
25,25
25,22
25,22
26,26
26,26
26,26
26,26
26,26
26,26
26,26
26,26
26,26
26,26
26,26
26,13
26,13
26,26
26,26
26,26
26,26
26,26
26,26
26,26
26,26
26,26
26,26
26,26
26,13
26,13
26,13
26,13
26,13
26,13
26,13
26,13
26,26
26,26
26,26
26,26
26,26
26,26
26,26
26,26
26,26
27,26
27,26
27,26
27,26
27,26
27,26
27,26
27,26
27,25
27,26
27,27
27,26
27,26
27,13
27,26
27,26
27,12
27,3
27,26
27,2
27,9
28,18
28,28
28,18
28,13
28,4
28,4
28,4
28,28
28,18
28,18
28,28
28,28
28,18
28,18
28,18
28,18
28,18
28,13
28,18
1,1
1,1
1,1
1,1
1,1
1,1
1,1
1,1
1,1
1,1
1,1
1,1
1,1
1,4
1,1
1,1
1,1
1,1
1,1
1,1
1,1
1,1
1,1
1,1
1,1
1,0
1,1
1,1
1,1
1,1
1,1
1,1
1,1
1,1
1,1
1,1
1,1
1,1
1,1
1,1
1,1
1,1
1,1
1,1
1,1
1,1
1,1
1,1
1,7
1,7
1,7
1,1
1,1
1,1
1,1
1,0
1,0
1,0
1,1
1,1
1,1
1,1
1,1
1,24
1,1
1,1
1,1
1,1
1,1
1,1
1,1
1,1
1,1
1,1
1,1
1,1
1,1
1,1
1,1
1,1
1,1
1,1
1,1
1,1
1,1
1,1
1,1
1,1
1,1
1,1
1,1
1,1
1,4
1,1
1,1
1,1
1,1
1,1
1,17
1,1
1,1
1,1
1,1
1,1
1,1
1,0
1,0
1,0
1,0
1,1
2,2
2,2
2,2
2,25
2,2
2,2
2,2
2,25
2,13
2,13
2,2
2,2
2,2
2,2
2,2
2,2
2,2
2,2
2,2
2,2
2,2
2,2
2,2
2,2
2,2
2,2
2,2
2,2
2,2
2,2
2,2
2,2
2,2
2,2
2,2
2,2
2,2
2,2
2,2
2,2
2,2
2,2
2,2
2,2
2,2
2,2
2,2
2,2
2,2
2,2
2,2
2,2
2,2
2,2
2,2
2,2
2,2
2,2
2,2
2,2
2,2
2,2
2,2
2,2
2,2
2,2
2,2
2,2
2,2
2,2
2,2
2,2
2,2
2,2
2,2
2,25
2,25
2,13
2,13
2,13
2,2
2,2
2,2
2,2
2,2
2,2
2,2
2,2
2,2
2,2
2,2
2,2
2,2
2,2
2,2
2,2
2,2
2,2
2,2
2,2
2,25
2,2
2,2
2,2
2,2
2,2
2,2
2,2
2,2
2,2
2,2
2,2
2,2
2,2
2,2
2,2
2,2
2,2
2,2
2,5
4,4
4,4
4,13
4,13
4,13
4,13
4,13
4,13
4,13
4,13
4,13
4,13
4,13
4,13
4,26
4,13
4,4
4,4
4,13
4,4
4,4
4,4
4,4
4,4
4,4
4,13
4,4
4,4
4,4
4,4
4,4
4,4
4,4
4,4
4,4
4,4
4,4
4,4
4,4
4,4
4,4
4,4
4,4
4,4
4,4
4,4
4,4
4,4
4,4
4,4
4,4
4,4
4,4
4,4
4,13
4,13
4,13
4,13
4,13
4,13
4,13
4,13
4,13
6,6
6,6
6,6
6,6
6,6
6,6
6,6
6,6
6,6
6,6
6,6
6,6
6,6
6,6
6,6
6,6
6,6
6,6
6,6
6,6
6,6
6,6
6,6
6,6
6,6
6,6
6,6
6,6
6,6
6,6
6,6
6,6
6,6
6,6
6,6
6,6
6,6
6,6
6,23
6,6
6,6
6,6
6,6
6,6
6,6
6,6
6,6
6,6
6,6
6,6
6,6
6,6
6,6
6,6
6,6
6,6
6,6
8,8
8,8
8,8
8,8
8,8
8,8
8,8
8,8
8,8
8,8
8,8
8,8
8,25
8,8
8,8
8,8
8,8
8,8
8,8
8,8
8,8
8,8
8,8
8,8
8,8
8,8
8,8
8,8
8,8
8,8
8,8
8,8
8,8
8,8
8,8
8,8
8,8
8,8
8,8
8,8
8,8
8,8
8,8
8,8
8,8
8,8
8,8
8,8
8,8
8,8
8,8
8,8
8,8
8,8
8,8
9,13
9,9
9,9
9,9
9,9
9,9
9,9
9,9
9,9
9,9
9,9
9,9
9,9
9,9
9,9
9,9
9,9
9,9
9,20
9,20
9,9
9,9
9,27
9,27
9,9
9,9
9,9
9,9
9,21
9,9
9,9
9,9
9,9
9,9
9,9
9,9
9,9
9,9
9,9
9,9
9,9
9,9
9,9
9,9
9,9
9,9
9,9
9,9
9,9
9,9
9,9
9,9
9,9
9,9
9,9
9,9
9,9
9,9
9,9
9,9
9,9
9,9
9,9
10,10
10,10
10,10
10,10
10,10
10,10
10,10
10,10
10,10
10,10
10,10
10,10
10,10
10,10
10,10
10,10
10,10
10,10
10,10
10,10
10,10
10,10
10,10
10,10
10,13
10,10
10,10
10,10
10,10
10,10
10,10
10,10
10,10
10,10
10,10
10,10
10,10
10,10
10,10
10,10
10,10
10,10
10,10
10,10
10,10
10,10
10,10
10,10
10,10
10,10
10,10
10,10
10,10
10,10
10,10
10,10
10,10
11,11
11,11
11,11
11,11
11,11
11,11
11,11
11,11
11,11
11,11
11,11
11,11
11,11
11,11
11,11
11,11
11,11
11,11
11,11
11,11
11,11
11,11
11,11
11,11
11,11
11,11
11,11
11,11
11,11
11,11
11,11
11,11
11,11
11,11
11,11
11,11
11,11
11,11
11,11
11,11
11,11
11,11
11,11
11,11
11,11
11,11
11,11
11,11
11,11
12,18
12,11
12,12
12,12
12,12
12,12
12,12
12,12
12,18
12,12
12,12
12,12
12,12
12,12
12,12
12,12
12,12
12,12
12,12
12,12
12,12
12,12
12,12
12,12
12,12
12,12
12,12
12,12
12,12
12,12
12,12
12,12
12,12
12,12
12,12
12,12
12,12
12,12
12,12
12,12
12,12
12,12
12,12
12,12
12,12
12,12
12,12
12,12
12,12
12,12
12,12
12,12
12,12
13,13
13,13
13,13
13,26
13,26
13,5
13,5
13,13
13,7
13,7
13,7
13,13
13,13
13,13
13,5
13,26
13,26
13,26
13,13
13,13
13,13
13,13
13,4
13,13
13,13
13,4
13,13
13,13
13,3
13,3
13,3
13,26
13,13
13,13
13,13
13,13
13,13
13,13
13,9
14,12
14,12
14,12
14,12
14,12
14,12
14,12
14,12
14,12
14,12
14,12
14,12
14,12
14,11
14,12
14,12
14,12
14,12
14,12
14,12
14,12
14,12
14,11
14,12
14,12
15,21
15,21
15,13
16,28
16,28
16,7
16,7
16,13
18,13
18,13
18,13
18,5
18,18
18,18
18,18
18,18
18,18
18,18
18,18
18,18
18,18
18,18
18,18
18,18
18,18
18,18
18,18
18,18
18,18
18,18
18,13
18,4
18,13
18,18
18,3
19,13
19,19
19,17
19,17
19,14
19,19
19,19
20,7
20,7
20,20
20,20
20,9
20,20
20,9
20,9
20,20
20,20
20,20
20,9
21,21
21,21
21,21
21,22
21,22
21,21
21,21
21,26
22,22
22,22
22,22
22,22
22,22
22,2
22,2
22,22
22,22
22,22
22,27
22,22
22,27
22,22
22,22
22,22
23,23
23,23
23,7
23,23
23,23
23,23
23,7
23,7
23,7
23,23
23,23
23,23
23,23
23,23
23,23
23,23
23,23
23,23
25,20
25,25
25,27
25,25
25,25
25,25
25,25
25,25
25,25
25,2
25,2
25,25
25,8
27,22
27,22
27,22
27,22
27,27
27,27
27,2
27,27
27,27
27,27
27,27
27,27
27,27
27,22
27,27
27,22
27,22
27,2
27,2
27,2
27,25
27,25
27,2
27,22
27,2
27,27
27,2
27,2
27,25
27,25
27,27
27,25
27,2
27,26
27,2
28,28
28,25
28,28
28,28
28,8
28,8
28,8
28,8
28,28
28,8
28,8
28,8
28,8
28,8
28,28
28,8
28,28
28,28
28,8
28,8
28,8
28,8
28,8
2,2
2,2
2,2
2,2
2,2
2,2
2,2
2,2
2,2
2,2
2,2
2,2
2,2
2,2
2,2
2,2
2,2
2,2
2,2
2,2
2,2
2,2
2,2
2,2
2,2
2,2
2,2
2,2
2,2
2,2
2,2
2,2
2,2
3,3
3,3
3,3
3,3
3,3
3,3
3,3
3,3
3,3
3,3
3,3
3,3
3,3
3,3
3,3
3,3
3,3
3,3
3,3
3,3
3,3
3,3
3,3
3,3
3,3
3,3
3,3
3,3
3,3
3,3
3,3
3,3
3,3
3,3
3,3
3,3
3,3
3,3
3,3
3,3
3,3
3,3
3,12
3,3
3,3
3,3
3,3
3,3
3,3
3,3
3,3
3,3
3,3
3,3
3,3
3,3
3,3
3,3
3,12
3,12
3,3
3,3
3,3
3,3
3,3
3,3
3,3
4,4
4,4
4,4
4,4
4,4
4,4
4,13
4,4
4,4
4,4
4,4
4,4
4,5
4,13
4,3
4,3
4,4
4,13
4,4
4,4
4,4
4,4
4,4
4,4
4,13
4,17
4,4
4,4
4,4
5,5
5,5
5,5
5,5
5,4
5,5
5,13
5,5
5,4
5,5
5,4
5,5
5,4
5,13
5,5
5,4
5,5
5,5
5,13
5,5
5,5
5,9
5,5
5,13
5,5
5,5
5,4
5,5
5,5
6,6
6,6
6,6
6,6
6,6
6,0
6,6
6,3
6,6
6,6
6,6
6,6
6,6
6,6
6,6
6,6
6,6
6,6
6,6
6,6
6,6
6,6
6,6
6,6
6,6
6,6
6,6
6,0
6,6
6,6
6,6
6,6
6,6
6,6
6,6
6,6
6,6
6,6
6,6
7,7
7,7
7,7
7,7
7,7
7,7
7,7
7,7
7,7
7,18
7,7
7,7
7,7
7,7
7,7
7,7
7,9
7,7
7,24
7,24
7,7
7,7
7,7
7,7
7,7
7,7
7,7
7,7
7,7
8,13
8,13
8,8
8,18
8,13
8,8
8,8
8,18
8,8
8,8
8,8
8,8
8,8
8,8
8,8
8,8
8,13
8,8
8,8
8,8
8,13
8,8
8,8
8,8
8,8
8,13
8,8
8,18
8,18
8,8
8,8
8,8
8,13
8,8
8,8
8,8
8,25
8,8
8,8
8,8
8,25
8,8
8,8
8,8
8,8
8,18
8,18
8,8
8,13
9,26
9,26
9,3
9,9
9,9
9,9
9,9
9,24
9,24
9,9
9,9
9,9
9,24
9,3
9,9
9,9
9,3
9,9
9,9
9,9
9,9
9,9
9,3
9,3
9,9
9,9
9,9
9,9
9,3
9,3
9,3
9,9
9,24
9,9
9,9
9,9
9,9
9,9
9,3
9,3
9,9
9,9
9,9
9,9
9,9
9,9
9,9
9,9
9,9
10,10
10,10
10,10
10,10
10,10
10,10
10,10
10,10
10,10
10,10
10,10
10,10
10,10
10,10
10,10
10,10
10,10
10,10
10,10
10,10
10,10
10,10
10,10
10,10
10,10
10,10
10,10
10,10
10,10
10,10
10,10
10,10
10,10
10,10
10,10
10,10
10,10
10,10
10,10
10,10
10,10
10,10
10,10
10,10
10,10
10,10
10,10
10,10
10,10
10,10
10,10
10,10
10,10
10,26
10,10
10,10
10,10
10,10
10,10
10,10
10,10
10,10
10,10
10,10
10,10
10,10
10,10
10,10
10,10
10,10
10,10
10,10
10,10
11,11
11,11
11,11
11,11
11,11
11,11
11,11
11,11
11,11
11,11
11,11
11,11
11,11
11,11
11,11
11,11
11,11
11,11
11,11
11,11
11,11
11,11
11,11
11,11
11,11
11,11
11,11
11,11
11,11
11,11
11,11
11,11
11,11
11,11
11,11
11,11
11,11
11,11
11,11
11,11
11,11
11,11
11,11
11,11
11,11
11,11
11,11
11,11
11,11
11,11
11,11
11,11
11,11
11,11
11,11
11,11
11,11
11,11
11,11
11,11
11,11
11,11
11,11
11,11
11,11
11,11
11,11
11,11
11,11
12,12
12,12
12,12
12,12
12,12
12,12
12,12
12,12
12,12
12,12
12,3
12,12
12,12
12,12
12,12
12,12
12,12
12,12
12,12
12,12
12,12
13,13
13,18
13,11
13,11
13,13
13,13
13,13
13,4
13,13
13,13
13,18
13,13
13,25
13,13
13,13
13,13
13,11
13,13
13,4
13,13
13,13
13,13
13,13
13,13
13,13
13,11
13,13
13,13
13,25
14,3
14,3
14,3
14,3
14,3
14,3
14,24
14,24
14,14
14,14
14,14
14,14
14,14
14,14
14,14
14,14
14,14
14,14
14,14
14,14
14,14
14,14
14,14
14,14
14,14
14,14
14,14
14,14
14,24
14,7
14,7
14,17
14,7
15,16
15,15
15,21
15,15
15,19
16,17
16,1
16,1
16,7
17,18
17,7
17,18
17,17
17,18
17,17
17,17
17,17
17,17
17,17
17,17
17,1
17,19
18,17
18,17
18,18
18,17
18,17
18,17
18,18
18,18
18,18
18,18
18,18
18,18
18,18
19,28
19,7
19,7
19,7
19,19
19,24
19,24
19,24
19,7
19,24
19,1
20,9
20,9
20,9
20,21
20,21
20,28
20,22
20,15
20,15
20,9
20,9
20,27
20,27
20,9
20,2
20,2
20,2
20,25
20,9
20,9
20,9
20,7
20,9
20,7
20,19
20,9
20,9
20,20
20,20
21,21
21,21
21,21
21,21
21,8
21,21
21,9
21,27
21,27
21,2
21,2
21,8
21,28
21,22
21,20
21,8
21,20
21,7
21,7
23,23
23,6
23,23
23,23
23,20
23,20
23,7
23,20
23,20
23,23
23,23
23,23
24,9
24,26
24,3
24,9
24,24
24,24
24,24
24,24
24,24
24,24
24,24
24,24
24,24
24,24
24,24
24,24
24,3
24,24
24,9
24,17
24,4
24,28
24,18
24,18
24,7
25,4
25,26
25,9
25,25
25,25
25,25
25,25
25,25
25,25
25,25
25,25
25,25
25,25
25,27
25,13
26,26
26,10
26,26
26,26
26,26
26,26
26,26
26,26
26,26
26,10
26,3
26,26
26,2
26,26
26,26
26,26
26,3
26,26
26,26
26,26
26,26
26,3
26,3
27,2
27,2
27,25
27,25
27,25
27,27
27,25
27,22
27,2
27,2
28,4
28,28
28,28
28,4
28,22
28,28
28,28
28,28
28,2
28,28
28,28
28,28
28,8
0,0
0,0
0,0
0,0
0,0
0,0
0,0
0,0
0,0
0,0
0,0
0,0
0,0
0,0
0,0
0,0
0,0
0,6
0,0
0,0
0,0
0,0
0,0
0,0
0,0
0,0
0,0
0,0
0,0
0,0
0,0
0,0
0,0
0,0
0,0
0,0
0,0
0,0
0,0
0,0
0,0
0,0
0,0
0,0
0,0
0,0
0,0
0,0
0,0
0,0
0,0
0,0
0,0
0,0
0,0
0,0
0,0
0,0
0,0
0,0
0,0
0,0
0,0
0,0
0,0
0,0
0,0
0,0
0,0
0,0
0,0
0,0
0,0
0,0
0,0
0,0
0,0
0,0
0,0
0,0
0,0
0,6
0,6
0,0
0,0
0,0
0,0
0,0
0,0
0,0
0,0
0,0
0,0
0,0
0,0
0,0
0,0
0,0
0,0
0,0
0,0
0,0
0,0
0,0
0,0
0,0
0,0
0,0
0,0
0,0
0,24
0,6
0,0
0,0
0,0
0,0
0,0
0,0
0,0
0,0
0,0
0,0
0,0
0,0
0,0
0,0
0,0
0,0
0,0
0,4
2,2
2,2
2,6
2,2
2,2
2,2
2,2
2,2
2,2
2,2
2,2
2,2
2,2
2,2
2,2
2,2
2,2
2,2
2,2
2,2
2,2
2,2
2,2
2,2
2,2
2,2
2,2
2,2
2,2
2,2
2,2
2,2
2,2
2,2
2,2
2,2
2,2
2,2
2,2
2,2
2,2
2,2
2,2
2,2
2,2
2,2
2,2
2,2
2,22
2,2
2,2
2,25
2,2
2,2
2,2
2,2
2,2
2,2
2,2
3,3
3,3
3,3
3,3
3,3
3,3
3,3
3,3
3,3
3,3
3,3
3,3
3,3
3,3
3,3
3,3
3,3
3,3
3,3
3,3
3,3
3,3
3,3
3,3
3,3
3,3
3,3
3,3
3,24
3,3
3,3
3,3
3,3
3,3
3,3
3,3
3,3
3,3
3,3
3,3
3,3
3,3
3,3
3,3
3,3
4,4
4,4
4,5
4,4
4,4
4,4
4,5
4,4
4,4
4,4
4,4
4,13
4,4
4,5
4,5
4,5
4,4
4,5
4,4
4,4
4,4
4,4
4,4
4,4
4,4
4,4
4,4
4,5
4,5
4,26
4,9
4,3
4,3
4,3
4,13
4,5
4,26
4,3
4,3
4,9
4,13
4,3
4,3
5,5
5,5
5,5
5,5
5,5
5,5
5,5
5,5
5,5
5,5
5,5
5,5
5,5
5,5
5,5
5,4
5,5
5,5
5,5
5,5
5,5
5,5
5,5
5,5
5,5
5,5
5,5
5,5
5,5
6,6
6,6
6,6
6,6
6,6
6,0
6,0
6,0
6,6
6,6
6,6
6,6
6,6
6,6
6,6
6,6
6,6
6,6
6,6
6,6
6,6
6,6
6,6
6,6
6,6
6,6
6,6
6,6
6,6
6,6
6,6
6,6
6,6
7,7
7,7
7,7
7,7
7,7
7,7
7,7
7,7
7,7
7,7
7,7
7,7
7,7
7,9
7,7
7,7
7,7
7,7
7,7
7,7
7,7
7,7
7,7
7,7
7,7
7,7
7,7
7,7
7,7
7,7
7,7
7,7
7,13
7,7
7,7
7,7
7,7
7,7
7,7
7,7
7,7
7,7
7,7
7,7
7,7
7,7
7,7
7,7
7,7
7,7
7,7
7,7
7,7
7,7
7,28
7,7
7,7
7,7
7,7
7,4
7,13
7,7
7,7
7,7
7,7
7,7
7,7
7,7
7,7
7,7
7,7
8,8
8,8
8,8
8,4
8,4
8,4
8,4
8,8
8,8
8,8
8,8
8,8
8,8
8,4
8,8
8,8
8,8
8,8
8,8
8,8
8,8
8,8
8,8
8,8
8,8
8,8
8,8
8,8
8,8
8,8
8,8
8,8
8,8
8,8
8,13
8,8
8,8
8,8
8,8
8,8
8,8
8,8
8,13
8,4
8,8
9,9
9,9
9,9
9,9
9,9
9,9
9,9
9,9
9,9
9,9
9,9
9,9
9,9
9,9
9,9
9,9
9,9
9,9
9,9
9,9
9,9
9,9
9,9
9,9
9,9
9,9
9,9
9,9
9,9
9,9
9,9
9,9
9,9
9,9
9,9
9,9
9,9
9,9
9,9
9,9
9,9
9,9
9,9
9,9
9,9
10,10
10,10
10,10
10,10
10,10
10,10
10,10
10,10
10,10
10,10
10,10
10,10
10,10
10,10
10,10
10,10
10,10
10,10
10,10
10,10
10,10
10,10
10,10
10,10
10,10
10,10
10,10
10,10
10,10
10,10
10,10
10,10
10,10
10,10
10,10
10,10
10,10
10,10
10,10
10,10
10,10
10,10
10,10
10,10
10,10
10,13
10,10
10,10
10,10
10,10
10,10
10,10
10,10
10,10
10,10
10,10
10,10
10,10
10,10
10,10
10,10
10,10
10,10
10,10
10,10
10,10
10,10
10,10
10,10
10,10
10,10
10,10
10,10
10,10
10,10
10,10
10,10
10,10
10,10
11,4
11,4
11,11
11,11
11,4
11,4
11,11
11,11
11,11
11,11
11,11
11,11
11,11
11,11
11,11
11,11
11,4
11,11
11,11
11,11
11,11
11,11
11,11
11,11
11,11
11,11
11,11
11,11
11,4
11,4
11,4
11,11
11,11
11,11
11,11
11,11
11,11
11,4
11,11
12,12
12,12
12,26
12,12
12,12
12,12
12,12
12,12
12,12
12,12
12,12
12,12
12,12
12,12
12,12
12,12
12,12
12,12
12,12
12,12
12,12
12,3
12,3
12,3
12,12
12,12
12,12
12,12
12,12
12,12
12,12
12,12
12,12
12,12
12,3
12,3
12,3
12,3
12,12
12,12
12,12
12,12
12,12
12,12
12,12
12,12
12,12
12,12
12,12
13,13
13,13
13,4
13,4
13,13
13,13
13,13
13,13
13,13
13,13
13,13
13,13
13,4
13,13
13,13
13,13
13,13
13,13
13,13
13,13
13,13
13,13
13,13
13,13
13,13
13,13
13,4
13,13
13,4
13,13
13,13
13,13
13,13
14,3
14,3
14,3
14,3
14,3
14,3
14,9
14,24
14,3
14,24
14,24
14,24
14,24
14,24
14,24
14,24
14,24
14,24
14,24
15,17
15,15
15,15
15,17
15,9
16,7
16,18
16,28
16,7
16,18
16,19
16,18
16,26
17,9
17,17
17,17
17,17
17,17
17,17
17,17
17,17
17,17
17,17
17,17
17,17
17,17
17,14
17,17
17,17
18,13
18,4
18,26
18,18
18,26
18,26
18,26
18,3
18,3
18,3
18,3
18,3
18,3
18,3
18,3
18,3
18,3
18,3
18,3
18,26
18,13
18,13
18,17
19,17
19,14
19,24
19,0
19,0
19,0
19,24
19,19
20,9
20,9
20,24
20,6
20,20
20,7
20,7
20,9
20,7
20,20
20,9
20,9
20,9
20,9
20,9
20,7
20,7
21,9
21,13
21,9
21,20
21,20
21,9
21,8
21,9
21,9
21,17
22,22
22,22
22,22
22,28
22,22
22,22
22,22
22,22
22,22
22,22
22,22
22,22
22,22
22,22
22,22
22,2
22,22
22,22
22,22
22,22
22,22
22,22
22,22
22,22
22,22
22,22
22,22
22,22
22,22
22,22
22,22
22,22
22,22
22,22
22,22
23,23
23,23
23,23
23,23
23,23
23,23
23,23
23,23
23,23
23,23
23,23
23,23
23,23
24,3
24,3
24,24
24,24
24,24
24,24
24,24
24,24
24,24
24,24
24,24
24,24
24,24
24,24
24,24
24,24
24,24
24,24
24,24
24,9
24,24
24,24
24,24
25,25
25,13
25,5
25,3
25,3
25,25
25,25
25,13
25,5
25,26
25,26
25,3
25,3
25,25
25,25
25,13
25,28
26,5
26,5
26,4
26,13
26,13
26,13
26,13
26,26
26,26
26,26
26,26
26,26
26,26
26,26
26,26
26,26
26,10
26,26
26,26
26,10
26,26
26,2
26,2
26,26
26,26
26,26
26,26
26,26
26,26
26,26
26,26
26,26
26,26
26,26
26,2
27,26
27,2
27,2
27,2
27,9
27,20
27,3
27,17
27,7
27,0
27,0
27,24
27,7
27,18
27,13
27,22
27,2
28,5
28,4
28,4
28,4
28,4
28,4
28,4
28,4
28,4
28,4
28,4
28,4
28,4
28,4
28,4
2,2
2,26
2,2
2,2
2,2
2,2
2,2
2,2
2,2
2,2
2,2
2,2
2,2
2,2
2,2
2,2
2,2
2,2
2,2
2,2
2,2
2,2
2,2
2,2
2,2
2,2
2,2
2,2
2,2
3,3
3,3
3,3
3,3
3,3
3,3
3,3
3,3
3,3
3,3
3,3
3,3
3,3
3,3
3,3
3,3
3,3
3,3
3,3
3,3
3,3
3,3
3,3
3,3
3,3
3,3
3,3
3,3
3,3
3,3
3,3
3,3
3,3
3,9
3,3
3,3
3,3
3,3
3,3
3,3
3,3
4,4
4,0
4,4
4,4
4,4
4,4
4,4
4,4
4,4
4,13
4,13
4,7
4,4
4,4
4,4
4,4
4,4
4,4
4,4
4,5
4,4
4,4
4,4
4,4
4,4
4,4
4,4
4,4
4,4
4,4
4,4
4,4
4,4
4,4
4,4
4,4
4,4
5,5
5,5
5,5
5,3
5,3
5,3
5,5
5,5
5,5
5,5
5,26
5,13
5,5
5,5
5,5
5,5
5,5
5,13
5,13
5,13
5,24
5,3
5,5
5,5
5,5
5,5
5,3
5,3
5,3
5,3
5,5
5,26
5,26
5,5
5,5
5,5
5,5
5,5
5,5
5,5
5,5
5,5
5,26
5,9
5,27
6,6
6,6
6,6
6,6
6,6
6,6
6,6
6,6
6,6
6,6
6,0
6,6
6,6
6,6
6,0
7,7
7,7
7,7
7,7
7,7
7,7
7,7
7,7
7,7
7,7
7,7
7,7
7,7
7,7
7,7
8,8
8,8
8,8
8,8
8,8
8,8
8,8
8,8
8,8
8,8
8,8
8,8
8,8
9,9
9,9
9,9
9,9
9,9
9,9
9,9
9,9
9,9
9,9
9,9
9,9
9,9
9,9
9,9
9,9
9,9
9,9
9,9
9,9
9,9
9,9
9,9
9,9
9,9
9,9
9,9
9,9
9,9
9,9
9,9
9,9
9,9
9,2
9,9
9,9
9,9
9,9
9,9
9,9
9,9
9,9
9,9
10,10
10,10
10,10
10,10
10,10
10,10
10,10
10,10
10,10
10,10
10,10
10,10
10,10
10,10
10,10
10,10
10,10
10,10
10,10
10,10
10,10
10,10
10,10
10,10
10,10
10,10
10,10
10,10
10,10
10,10
10,10
11,11
11,11
11,11
11,11
11,11
11,11
11,11
11,11
11,11
11,11
11,11
11,11
11,11
11,11
11,11
11,11
11,11
11,11
11,11
11,11
11,11
11,11
11,11
11,11
11,11
11,11
11,11
11,11
11,11
11,11
11,11
11,11
11,11
11,11
11,11
11,11
11,11
11,11
11,11
11,11
11,11
11,11
11,11
11,11
11,11
11,11
11,11
11,11
11,11
12,12
12,12
12,12
12,12
12,12
12,12
12,12
12,12
12,12
12,12
12,12
12,12
12,12
12,12
12,12
12,12
12,12
12,12
12,12
12,12
12,12
12,12
12,12
12,12
12,12
12,12
12,12
12,12
12,12
12,12
12,12
12,12
12,12
12,12
12,12
12,12
12,12
12,12
12,12
12,12
12,12
12,12
12,12
12,12
12,12
12,12
12,12
12,12
12,12
12,12
12,12
12,12
12,12
12,12
12,12
13,13
13,13
13,13
13,13
13,13
13,13
13,13
13,13
13,13
13,13
13,13
13,13
13,5
13,13
13,13
13,13
13,13
13,13
13,13
13,13
13,10
13,13
13,13
13,13
13,13
13,13
13,13
13,13
13,13
14,3
14,3
14,3
14,3
14,3
14,24
14,24
14,24
14,24
14,14
14,24
14,24
14,24
15,22
15,22
15,22
15,9
16,13
16,18
16,13
16,7
16,13
17,17
17,17
17,19
17,17
17,17
17,17
17,17
17,17
17,17
17,17
17,17
17,17
17,17
17,19
17,19
17,17
18,17
18,18
18,13
18,13
18,13
18,13
18,13
18,13
18,13
18,18
18,26
19,13
19,19
19,28
19,17
19,17
19,17
19,13
20,23
20,2
20,28
20,21
20,20
20,9
20,9
20,9
20,9
20,20
20,20
20,20
20,20
21,9
21,22
21,22
21,2
21,20
21,20
21,9
21,9
21,9
21,9
21,9
21,23
21,6
22,2
22,2
22,2
22,2
22,22
22,2
22,2
22,2
22,21
22,22
22,22
22,22
22,22
22,22
22,22
22,22
22,22
22,22
22,22
22,22
22,22
22,22
22,22
22,21
22,21
23,23
23,23
23,23
24,0
24,24
24,0
24,24
24,24
24,24
24,24
24,24
24,24
24,24
24,24
24,24
24,24
24,24
24,24
24,24
24,24
25,25
25,27
25,2
25,22
25,2
25,25
25,25
25,2
25,9
26,26
26,10
26,26
26,26
26,26
26,26
26,26
26,26
26,13
26,13
26,26
26,2
26,26
26,26
26,26
26,3
26,3
26,26
26,26
26,26
26,26
26,26
26,2
26,2
26,2
26,26
26,26
26,3
26,3
26,3
26,3
27,3
27,3
27,3
27,26
27,26
27,26
27,26
27,26
27,26
27,26
27,3
27,5
27,3
27,24
27,9
27,5
27,13
27,3
27,26
27,26
27,2
27,2
27,9
28,22
28,28
28,28
28,28
28,22
28,28
28,28
28,28
28,28
28,28
28,28
0,0
0,0
0,0
0,0
0,0
0,0
0,0
0,0
0,0
0,0
0,0
0,0
0,0
0,0
0,0
0,0
0,0
0,0
0,0
0,0
0,0
0,0
0,0
0,0
0,0
0,0
0,0
0,24
0,24
0,24
0,0
0,0
0,0
0,0
0,0
0,0
0,0
0,0
0,0
0,0
0,0
0,0
0,0
0,0
0,0
0,0
0,0
0,0
0,0
0,0
0,0
0,0
0,0
0,0
0,0
0,0
0,0
0,0
0,0
0,0
0,0
0,0
0,0
0,0
0,0
0,0
0,7
0,0
0,0
0,0
0,0
0,0
0,0
0,0
0,0
0,0
0,0
0,0
0,0
0,0
0,0
0,0
0,0
0,0
0,0
0,0
0,0
0,0
0,0
0,0
0,0
0,0
0,0
0,0
0,0
0,0
0,0
0,0
0,0
0,0
0,0
0,0
0,0
0,0
0,0
2,2
2,2
2,2
2,2
2,2
2,2
2,2
2,2
2,2
2,2
2,2
2,2
2,2
2,2
2,2
2,2
2,2
3,3
3,3
3,3
3,3
3,3
3,3
3,3
3,3
3,3
3,3
3,3
3,3
3,3
3,3
3,3
3,3
3,3
3,18
3,3
3,13
3,5
3,3
3,3
3,3
3,3
3,3
3,3
3,0
3,3
3,3
3,3
3,3
3,3
3,3
3,3
3,3
3,3
3,3
3,3
3,3
3,3
3,3
3,3
3,3
3,3
3,3
3,3
3,24
3,3
3,3
3,3
4,5
4,4
4,5
4,0
4,3
4,3
4,24
4,7
4,13
4,3
4,13
4,13
4,4
4,5
4,5
4,5
4,5
4,5
4,4
4,4
4,4
4,13
4,5
6,6
6,6
6,6
6,6
6,6
6,6
6,6
6,6
6,6
6,6
6,6
6,6
6,6
6,6
6,6
6,6
6,6
6,6
6,6
6,6
6,6
6,6
6,6
6,6
6,6
6,6
6,6
6,6
6,6
6,6
6,6
6,6
6,6
6,6
6,6
6,6
6,6
7,7
7,7
7,7
7,7
7,7
7,7
7,7
7,7
7,7
7,7
7,7
7,7
7,7
7,7
7,7
7,7
7,7
7,7
7,7
7,7
7,7
7,7
7,7
7,7
7,7
7,7
7,7
7,7
7,7
7,7
7,7
7,7
7,7
7,7
7,7
7,7
7,7
7,7
7,7
7,7
7,7
7,7
7,7
7,7
7,7
7,7
7,7
7,7
7,7
7,7
7,7
7,7
7,7
7,7
7,7
7,7
7,7
7,7
7,7
8,8
8,8
8,8
8,8
8,8
8,8
8,8
8,8
8,8
8,8
8,8
8,8
8,8
8,8
8,8
8,8
8,8
8,8
8,8
8,8
8,8
8,8
8,8
8,8
8,8
8,8
8,8
8,8
8,8
8,13
8,8
8,8
8,8
8,8
8,8
8,8
8,8
8,8
8,8
8,8
8,8
8,8
8,8
8,8
8,8
8,8
8,8
9,9
9,9
9,9
9,9
9,9
9,9
9,9
9,9
9,9
9,9
9,9
9,9
9,9
9,9
9,9
9,9
9,9
9,9
9,9
9,9
9,9
9,9
9,9
9,6
9,9
9,9
9,9
9,9
9,9
9,9
9,9
9,20
9,9
9,9
9,9
9,9
9,9
9,9
9,9
9,9
9,9
9,9
9,9
9,9
9,9
9,9
9,9
9,9
9,9
10,10
10,10
10,10
10,10
10,2
10,2
10,26
10,10
10,10
10,10
10,10
10,10
10,10
10,10
10,10
10,10
10,10
10,10
10,10
10,10
10,10
10,10
10,10
10,10
10,10
10,10
10,10
10,10
10,10
10,10
10,26
10,10
10,10
10,10
10,10
10,26
10,10
10,10
10,10
10,10
10,10
10,10
10,10
10,10
10,10
10,10
10,26
10,10
10,2
10,26
10,10
10,10
10,10
10,10
10,10
10,10
10,10
10,10
10,10
10,10
10,10
10,10
10,10
10,10
10,10
10,10
10,10
10,10
10,10
11,11
11,11
11,11
11,11
11,11
11,11
11,11
11,11
11,11
11,11
11,11
11,11
11,11
11,11
11,11
11,11
11,11
11,11
11,11
11,11
11,11
11,11
11,11
11,11
11,11
11,11
11,11
11,11
11,11
11,11
11,11
11,11
11,11
11,11
11,11
11,11
11,11
11,11
11,11
11,11
11,11
11,11
11,11
11,13
11,11
11,11
11,11
11,11
11,11
11,11
11,11
11,11
11,11
11,11
11,11
11,11
11,11
11,11
11,11
11,11
11,11
11,11
11,13
11,4
11,13
11,4
11,4
11,4
11,11
11,11
11,11
11,11
11,11
11,11
11,11
11,11
11,11
11,11
11,11
11,11
11,11
11,11
11,11
12,12
12,12
12,12
12,12
12,12
12,12
12,12
12,12
12,12
12,12
12,12
12,12
12,12
12,12
12,12
12,12
12,12
12,12
12,12
12,12
12,12
12,12
12,12
12,12
12,12
12,12
12,12
12,12
12,12
12,12
12,12
12,12
12,12
12,12
12,12
12,12
12,12
12,12
12,12
12,12
12,12
12,12
12,9
12,12
12,3
12,12
12,12
12,12
12,12
13,4
13,4
13,13
13,13
13,4
13,28
13,4
13,13
13,4
13,13
13,13
13,13
13,13
13,13
13,4
13,13
13,13
13,13
13,13
13,13
13,13
13,8
13,7
13,13
13,13
13,13
13,13
13,7
13,13
13,13
13,26
13,13
13,13
13,13
13,13
13,13
13,13
13,13
13,13
13,10
13,13
13,13
13,13
13,13
13,2
13,26
13,13
13,13
13,13
14,12
14,12
14,24
14,24
14,17
14,17
14,17
14,17
14,17
14,17
14,14
14,17
14,17
14,17
14,1
14,7
14,9
15,27
15,22
15,21
15,27
16,13
16,13
16,7
16,13
16,18
16,4
16,4
17,17
17,17
17,17
17,17
17,17
17,17
17,17
17,17
17,17
17,17
17,17
17,17
17,17
17,17
17,7
17,17
17,17
18,26
18,17
18,18
18,18
18,18
18,18
18,18
18,18
18,18
18,18
18,18
18,18
18,18
18,18
18,18
18,18
18,18
18,18
18,18
18,18
18,4
19,19
19,19
19,14
19,14
19,24
19,24
19,24
19,14
19,24
19,20
20,9
20,9
20,2
20,9
20,9
20,9
20,7
20,9
20,7
20,17
20,9
20,9
20,9
20,24
20,24
20,7
20,9
20,6
20,6
20,2
20,9
21,22
21,22
21,9
21,9
21,21
21,9
21,9
21,9
21,9
21,22
21,9
21,22
21,22
22,22
22,22
22,22
22,22
22,22
22,22
22,22
22,22
22,22
22,27
22,2
22,2
22,2
22,2
22,2
22,22
22,22
22,2
22,2
22,2
22,22
23,23
23,23
23,6
23,23
23,23
23,23
23,23
23,23
23,23
23,6
23,23
24,9
24,24
24,3
24,3
24,3
24,3
24,3
24,3
24,3
24,3
24,3
24,18
24,3
24,17
24,24
24,24
24,3
24,24
24,24
24,9
24,9
25,2
25,2
25,2
25,2
25,25
25,25
25,25
25,25
25,25
25,26
25,25
25,2
25,2
25,2
25,2
26,2
26,2
26,9
26,6
26,5
26,5
26,3
26,26
26,26
26,3
26,3
26,26
26,26
26,26
26,26
26,26
26,26
26,26
26,9
26,26
26,26
26,26
26,26
26,26
26,26
26,26
26,26
26,26
26,26
26,26
26,26
26,26
26,26
26,26
26,26
26,26
26,26
26,26
26,27
27,2
27,2
27,27
27,20
27,20
27,21
27,15
27,2
27,2
27,25
27,18
27,19
27,9
27,9
27,9
27,9
27,2
28,28
28,28
28,28
28,28
28,28
28,28
28,28
28,28
28,28
28,22
28,22
28,28
28,22
28,22
28,28
28,28
28,28
28,28
28,22
0,0
0,0
0,0
0,0
0,0
0,0
0,0
0,0
0,0
0,0
0,0
0,0
0,0
0,0
0,0
0,0
0,0
0,0
0,0
0,0
0,0
0,0
0,0
0,0
0,0
0,0
0,0
0,0
0,0
0,0
0,0
0,0
0,0
0,0
0,0
0,0
0,0
0,0
0,0
0,0
0,0
0,0
0,0
0,17
0,0
0,0
0,0
0,0
0,0
0,0
0,7
0,7
0,7
0,0
0,0
0,6
0,0
0,0
0,0
2,6
2,9
2,13
2,6
2,9
2,9
2,20
2,9
2,9
2,2
2,2
2,4
2,4
2,4
2,4
2,4
2,7
2,9
2,7
2,20
2,9
2,9
2,9
2,2
2,27
2,22
2,2
2,27
2,2
2,22
2,2
2,22
2,2
2,2
2,27
2,27
2,22
2,22
2,27
2,2
2,27
3,3
3,3
3,3
3,3
3,3
3,3
3,3
3,3
3,3
3,3
3,3
3,3
3,3
3,3
3,3
3,3
3,3
3,24
3,3
3,3
3,3
3,3
3,3
3,3
3,3
3,3
3,3
3,3
3,24
3,19
3,3
3,3
3,3
3,3
3,3
3,3
3,3
3,3
3,3
3,3
3,3
3,3
3,3
3,24
3,3
3,3
3,3
3,3
3,3
4,4
4,4
4,4
4,4
4,4
4,28
4,4
4,4
4,4
4,4
4,4
4,4
4,18
4,4
4,4
4,28
4,28
4,28
4,28
4,28
4,13
4,13
4,4
4,4
4,4
4,4
4,4
4,4
4,4
4,4
4,4
4,4
4,4
4,4
4,4
4,11
4,4
4,11
4,4
4,11
4,28
4,4
4,13
4,13
4,4
4,4
4,4
4,4
4,4
4,4
4,4
4,4
4,4
4,4
4,4
4,4
4,4
4,4
4,4
6,6
6,6
6,6
6,9
6,6
6,6
6,9
6,6
6,6
6,6
6,6
6,6
6,6
6,6
6,7
6,6
6,6
6,6
6,6
6,7
6,6
6,6
6,6
6,6
6,6
6,6
6,6
6,6
6,6
6,6
6,6
6,6
6,6
6,6
6,6
6,6
6,6
6,6
6,0
7,20
7,7
7,7
7,9
7,6
7,7
7,9
7,7
7,7
7,7
7,20
7,9
7,9
7,9
7,9
7,9
7,9
7,7
7,9
8,8
8,8
8,8
8,8
8,8
8,8
8,8
8,21
8,8
8,8
8,8
8,8
8,8
8,8
8,8
8,8
8,8
8,8
8,8
8,8
8,8
8,8
8,8
8,8
8,28
8,15
8,8
8,21
8,8
8,8
8,8
8,8
8,8
9,9
9,9
9,9
9,9
9,9
9,9
9,9
9,9
9,9
9,9
9,9
9,9
9,9
9,9
9,9
9,9
9,9
9,9
9,9
9,9
9,9
9,9
9,9
9,9
9,9
9,9
9,9
9,9
9,9
9,9
9,9
9,9
9,9
9,9
9,9
9,9
9,9
9,9
9,9
9,9
9,9
9,9
9,9
9,9
9,9
9,9
9,9
9,9
9,9
9,9
9,9
9,9
9,9
10,10
10,10
10,10
10,10
10,10
10,10
10,10
10,10
10,10
10,10
10,10
10,10
10,10
10,10
10,10
10,10
10,10
10,10
10,10
10,10
10,10
10,10
10,10
10,10
10,10
10,10
10,10
10,10
10,10
10,10
10,10
10,10
10,10
10,10
10,10
10,10
10,10
10,10
10,10
10,10
10,10
10,10
10,10
10,10
10,10
10,10
10,10
10,10
10,10
10,10
10,10
10,10
10,10
10,10
10,10
10,10
10,10
10,10
10,26
10,10
10,10
11,11
11,11
11,11
11,11
11,11
11,11
11,11
11,11
11,11
11,11
11,11
11,11
11,11
11,11
11,11
11,11
11,11
11,11
11,11
11,11
11,11
11,11
11,11
11,11
11,11
11,11
11,11
11,11
11,11
11,11
11,11
11,11
11,11
11,11
11,11
11,11
11,11
11,11
11,11
11,11
11,11
11,11
11,11
11,11
11,11
11,11
11,11
11,11
11,11
11,11
11,11
12,12
12,12
12,12
12,12
12,12
12,12
12,12
12,12
12,12
12,12
12,12
12,12
12,12
12,12
12,12
12,12
12,12
12,12
12,12
12,12
12,12
12,12
12,12
12,12
12,12
12,12
12,12
12,12
12,12
13,13
13,18
13,13
13,13
13,13
13,13
13,13
13,13
13,13
13,13
13,13
13,13
13,13
13,13
13,28
13,28
13,13
13,28
13,28
13,13
13,13
13,13
13,4
13,4
13,13
13,13
13,13
13,28
13,13
13,13
13,13
13,13
13,28
13,28
13,28
13,28
13,13
13,13
13,13
13,13
13,13
13,13
13,13
14,3
14,3
14,3
14,3
14,3
14,19
14,19
14,24
14,24
14,17
14,24
14,24
14,24
14,24
14,17
14,17
14,24
14,24
14,7
14,24
14,3
15,22
15,22
15,21
15,19
15,18
16,7
16,7
16,19
16,20
16,8
16,21
16,28
17,15
17,18
17,18
17,18
17,17
17,17
17,17
17,17
17,17
17,17
17,17
17,17
17,17
17,17
17,17
17,17
17,17
17,17
17,17
17,17
17,17
17,17
17,17
17,17
17,17
17,17
17,17
17,19
17,19
17,15
17,15
17,15
17,15
18,25
18,16
18,17
18,3
18,18
18,18
18,18
18,18
18,18
18,18
18,18
18,18
18,18
18,18
18,25
18,18
18,18
18,18
18,18
18,4
19,21
19,15
19,17
19,17
19,17
19,1
19,17
19,7
19,20
19,18
19,22
19,18
19,18
19,18
19,18
20,9
20,20
20,20
20,7
20,20
20,20
20,20
20,9
20,9
20,20
20,9
20,22
20,22
21,22
21,15
21,15
21,15
21,22
21,22
21,22
21,21
21,15
21,15
21,15
21,15
21,21
21,21
21,9
21,21
21,20
21,21
21,21
21,9
21,7
22,22
22,22
22,22
22,22
22,22
22,22
22,22
22,22
22,22
22,22
22,22
22,22
22,22
22,22
22,22
22,22
22,22
22,22
22,4
23,23
23,23
23,23
23,23
23,23
23,23
23,23
23,23
23,23
23,23
23,23
23,23
23,23
23,23
23,23
24,7
24,24
24,24
24,24
24,24
24,24
24,24
24,24
24,24
24,24
24,24
24,24
24,24
24,24
24,24
24,24
24,24
24,24
24,24
24,24
24,24
24,24
24,24
24,24
24,24
24,19
24,0
24,24
24,7
24,7
24,0
24,24
24,24
24,24
24,7
24,24
24,24
24,24
24,24
25,13
25,13
25,13
25,25
25,13
25,13
25,25
25,25
25,18
25,25
25,27
25,5
25,27
25,13
25,18
25,28
25,13
25,13
25,28
25,13
25,11
26,27
26,3
26,26
26,26
26,26
26,27
26,26
26,26
26,27
26,26
26,27
26,27
26,26
26,26
26,26
26,26
26,26
27,22
27,22
27,27
27,22
27,27
27,20
27,7
27,24
27,3
27,3
27,3
27,3
27,3
27,3
27,3
27,3
27,24
27,27
27,27
27,22
28,28
28,4
28,28
28,28
28,4
28,28
28,4
28,28
28,28
28,4
28,4
28,4
28,28
28,28
28,18
28,18
28,28
28,28
28,28
28,28
28,28
28,28
28,28
28,28
28,4
28,28
28,28
28,28
28,28
28,28
28,28
28,28
28,28
28,28
28,28
28,28
28,28
28,28
28,28
28,28
28,28
28,28
28,4
28,28
28,4
0,0
0,0
0,0
0,0
0,0
0,0
0,0
0,0
0,0
0,0
0,0
0,0
0,0
0,0
0,0
0,0
0,0
0,0
0,0
0,0
0,0
0,0
0,0
0,0
0,0
0,0
0,0
0,0
0,0
0,0
0,0
0,0
0,0
0,0
0,0
0,0
0,0
0,0
0,0
0,0
0,0
0,0
0,0
0,0
0,0
0,0
0,0
0,0
0,0
0,0
0,0
0,0
0,0
0,0
0,0
0,0
0,0
0,0
0,0
0,0
0,0
0,0
0,0
0,0
0,0
0,0
0,0
0,0
0,0
0,0
0,0
0,0
0,0
0,0
0,0
0,0
0,0
0,0
0,0
0,0
0,0
0,0
0,0
0,0
0,0
0,0
0,0
0,0
0,0
0,0
0,0
0,0
0,0
0,0
0,0
0,0
0,0
0,0
0,0
0,0
0,0
0,0
0,0
0,0
0,0
0,0
0,0
0,0
0,0
0,0
0,0
0,0
0,0
0,0
0,0
0,0
0,0
0,0
0,0
0,0
0,0
0,0
0,0
0,0
0,0
0,0
0,0
0,0
0,0
0,0
0,0
0,19
0,0
0,0
0,0
0,0
0,0
0,0
0,0
0,0
0,0
0,0
0,0
0,0
0,0
0,0
0,0
0,0
0,0
0,0
0,0
0,0
0,0
0,0
0,0
0,0
0,0
0,0
0,0
0,0
0,0
0,0
0,0
0,0
0,0
0,0
0,0
0,0
0,0
0,0
0,0
0,0
0,0
0,0
0,0
0,0
0,0
0,0
0,0
0,0
0,0
0,0
0,0
0,0
0,0
0,0
2,2
2,2
2,2
2,2
2,2
2,2
2,2
2,2
2,2
2,2
2,2
2,2
2,2
2,2
2,2
2,2
2,2
2,2
2,2
2,2
2,2
2,2
2,2
2,2
2,2
2,2
2,2
2,2
2,25
2,26
2,2
2,2
2,25
2,2
2,9
2,26
2,9
2,2
2,2
2,2
2,9
2,2
2,27
2,2
2,2
2,2
2,2
2,2
2,2
2,2
2,2
2,2
2,2
2,2
2,2
2,2
2,25
2,2
2,2
2,22
2,22
2,27
2,28
2,22
2,27
2,27
2,2
2,2
2,2
2,2
2,22
2,22
2,2
7,7
7,7
7,7
7,7
7,7
7,7
7,7
7,7
7,7
7,7
7,7
7,7
7,7
7,7
7,7
7,7
7,7
7,7
7,7
7,7
7,7
7,7
7,7
7,7
7,7
7,7
7,7
7,7
7,7
7,7
7,7
7,7
7,7
7,7
7,7
7,7
7,7
7,7
7,7
7,7
7,7
7,7
7,7
7,7
7,7
7,7
7,7
7,7
7,7
7,7
7,7
7,7
7,7
7,7
7,7
7,7
7,7
7,7
7,7
7,7
7,7
7,7
7,7
7,7
7,7
7,7
7,7
7,7
7,7
7,7
7,7
7,7
7,7
7,7
7,7
7,7
7,7
7,7
7,7
10,10
10,10
10,10
10,10
10,10
10,10
10,10
10,10
10,10
10,10
10,10
10,10
10,10
10,10
10,10
10,10
10,10
10,10
10,10
10,10
10,10
10,10
10,10
10,10
10,10
10,10
10,10
10,10
10,10
10,10
10,10
10,10
10,10
10,10
10,10
10,10
10,10
10,10
10,10
10,10
10,10
10,10
10,10
10,10
10,10
10,10
10,10
10,10
10,10
10,10
10,10
10,10
10,10
10,10
10,10
10,10
10,10
10,10
10,10
10,10
10,10
10,10
10,10
10,10
10,10
10,10
10,10
10,10
10,10
10,10
10,10
10,10
10,10
10,10
10,10
10,10
10,10
10,10
10,10
10,10
10,10
10,10
10,10
10,10
10,10
10,10
10,10
10,10
10,10
10,10
10,10
10,10
10,10
10,10
10,10
10,10
10,10
10,10
10,10
10,10
10,10
10,10
10,10
10,10
10,10
10,10
10,10
10,10
10,10
10,10
10,10
10,10
10,10
10,10
10,10
10,10
10,10
10,10
10,10
10,10
10,10
10,10
10,10
10,10
10,10
10,10
10,10
10,10
10,10
10,10
10,10
10,10
10,10
10,10
10,10
10,10
10,10
10,10
10,10
10,10
10,10
10,10
10,10
10,10
10,10
10,10
10,10
10,10
10,10
10,13
11,2
11,25
11,25
11,25
11,2
11,2
11,2
11,9
11,9
11,18
11,13
11,3
11,3
11,27
11,2
12,7
12,7
12,7
12,7
12,7
12,7
12,7
12,25
12,25
12,17
12,19
12,9
12,7
12,7
12,7
12,9
12,7
12,7
12,7
12,7
12,20
12,7
12,7
13,21
13,20
13,21
13,22
13,22
13,22
13,22
13,22
13,22
13,2
13,2
14,13
14,19
14,20
14,19
14,9
14,7
14,20
14,17
14,18
14,9
14,13
14,8
14,18
15,15
15,13
15,18
15,17
15,20
15,17
15,17
15,20
15,19
15,15
17,26
17,2
17,5
17,5
17,26
19,15
19,15
19,15
19,15
19,15
19,28
19,15
20,7
20,20
20,20
20,20
20,20
20,20
20,20
20,20
20,20
20,20
20,20
20,20
20,20
20,20
20,20
20,20
20,20
20,20
20,20
20,20
20,20
20,20
20,20
20,20
20,20
20,20
20,20
20,20
20,20
20,20
20,20
20,20
20,20
20,20
20,20
20,20
20,20
20,20
20,20
20,20
20,20
20,20
20,20
20,20
20,20
20,20
20,20
20,20
20,20
20,20
20,20
20,20
20,20
20,20
20,20
20,20
20,20
20,20
20,20
20,20
20,20
20,20
20,20
20,20
20,20
20,20
20,20
20,20
20,20
20,20
20,9
20,3
20,3
20,3
20,9
20,24
20,16
21,21
21,21
21,21
21,21
21,21
21,22
21,21
21,21
21,21
21,21
21,21
21,21
21,21
21,21
21,21
21,17
21,11
21,5
21,18
21,21
21,22
21,21
21,21
21,21
21,21
21,21
21,21
21,21
21,21
21,21
21,21
21,21
21,21
21,22
21,21
21,17
21,14
21,18
21,13
21,21
21,21
21,21
21,21
21,21
21,21
21,21
21,21
21,21
21,21
21,21
21,17
21,21
21,22
21,21
21,21
21,21
21,18
21,21
21,21
21,21
21,21
21,21
21,18
21,21
21,21
21,21
21,22
21,21
21,21
22,21
22,21
22,21
22,21
22,21
22,21
22,21
22,21
22,21
22,21
22,21
22,21
22,21
22,21
22,21
22,21
22,21
22,21
22,21
22,21
22,21
22,21
22,21
22,21
22,21
22,21
22,21
22,21
22,21
22,21
22,21
22,21
22,21
22,21
22,21
22,21
22,21
22,21
22,21
22,21
22,21
22,21
22,21
22,21
22,21
22,21
22,21
22,21
22,21
23,23
23,23
23,23
23,23
23,23
23,23
23,23
23,23
23,23
23,23
23,23
23,23
23,23
23,23
23,23
23,23
23,23
23,23
23,23
23,23
23,23
23,23
23,23
23,23
23,23
23,23
23,23
23,23
23,23
23,23
23,23
23,23
23,23
23,23
23,23
23,23
23,23
23,23
23,23
23,23
23,23
23,23
23,23
23,23
23,23
23,23
23,23
23,23
23,23
23,23
23,23
23,23
23,23
23,23
23,23
23,23
23,23
23,23
23,23
23,23
23,23
23,23
23,13
23,23
23,23
23,23
23,23
23,23
23,23
23,23
23,23
23,23
23,23
23,23
23,23
23,23
23,23
23,23
23,23
23,23
23,23
23,23
23,23
23,23
23,23
23,23
23,23
23,23
23,23
6,6
6,6
6,6
6,6
6,6
6,6
6,6
6,6
6,6
6,6
6,6
6,6
6,6
6,6
6,6
6,6
6,6
6,6
6,6
6,6
6,6
6,6
6,6
6,6
6,6
6,6
6,6
0,0
0,0
0,0
0,0
0,0
0,0
0,0
0,0
0,0
0,0
0,0
0,0
0,0
0,0
0,0
0,0
0,0
0,0
0,0
0,0
0,0
0,0
0,0
0,0
0,0
0,0
0,0
0,0
0,0
0,0
0,0
0,0
0,0
0,0
0,0
0,0
0,0
0,0
0,0
0,0
0,0
0,0
0,0
0,0
0,0
0,0
0,0
0,0
0,0
0,0
0,0
0,0
0,0
0,0
0,0
0,0
0,0
0,0
0,0
0,0
0,0
0,0
0,0
0,0
0,0
0,0
0,0
0,0
0,0
0,0
0,0
0,0
0,0
0,0
0,0
0,0
0,0
0,0
0,0
0,0
0,0
0,0
0,0
0,0
0,0
0,0
0,0
0,0
0,0
0,0
0,0
0,0
0,0
0,0
0,0
0,0
0,0
0,0
0,0
0,0
0,0
0,0
0,0
0,0
0,0
0,0
0,0
0,0
0,0
0,0
0,24
0,9
0,3
0,9
0,24
0,0
0,0
0,0
0,0
0,0
0,0
0,0
0,0
0,0
0,0
0,0
0,0
0,0
0,0
0,0
0,0
0,0
0,0
0,0
0,0
0,0
0,0
0,0
0,0
0,0
0,0
0,0
0,0
0,0
0,0
0,0
0,0
0,0
0,0
0,0
0,0
0,0
0,0
0,0
0,0
0,0
0,0
0,0
0,0
0,0
0,0
0,0
0,0
0,0
1,1
1,1
1,1
1,1
1,1
1,1
1,1
1,1
1,1
1,1
1,1
1,1
1,1
1,1
1,1
1,1
1,1
1,1
1,1
1,24
1,24
1,14
1,24
1,1
1,1
1,1
1,1
1,1
1,1
1,1
1,1
1,1
1,1
1,1
1,1
1,1
1,1
1,1
1,1
1,1
1,1
1,17
1,1
1,1
1,1
1,1
1,1
1,1
1,1
1,1
1,1
1,1
1,1
1,1
1,1
1,1
1,1
1,1
1,1
1,1
1,1
1,1
1,1
1,1
1,1
1,1
1,1
1,1
1,1
1,1
1,1
1,1
1,1
1,1
1,1
1,1
1,1
1,1
1,1
1,1
1,1
1,1
1,1
1,1
1,1
1,1
1,1
1,0
1,1
1,1
1,1
1,1
1,1
1,1
1,1
1,1
1,1
1,1
1,1
1,1
1,1
1,1
1,17
1,1
1,1
1,1
1,1
1,1
1,1
1,1
1,1
1,1
1,1
1,1
1,1
1,0
1,1
1,1
1,0
1,1
1,1
1,1
1,17
1,1
1,1
1,1
1,1
1,1
1,1
1,1
1,1
1,1
1,1
1,0
1,1
1,1
1,1
1,1
1,1
1,1
1,1
1,1
1,1
1,1
1,1
1,1
1,1
1,1
1,1
1,1
1,1
1,1
1,1
1,1
1,1
1,1
1,1
1,1
1,1
1,1
1,1
1,1
1,1
1,1
1,1
1,1
1,1
1,1
1,1
1,1
1,1
1,1
1,1
1,1
1,1
1,1
1,1
1,1
1,1
1,1
1,1
1,1
1,1
1,1
1,1
1,1
1,1
1,1
1,1
1,0
1,1
1,0
1,1
1,1
1,1
1,1
1,1
1,1
1,1
1,1
1,1
1,1
1,1
1,1
1,1
1,1
1,1
1,1
1,1
1,1
1,1
1,1
1,1
1,1
1,1
1,1
1,0
1,0
1,0
1,1
1,1
1,1
1,0
1,1
1,1
1,1
1,1
1,1
1,1
1,1
1,1
1,1
1,1
1,1
1,1
1,1
1,1
1,1
1,1
1,1
1,1
1,1
1,1
1,1
1,1
1,1
1,1
1,1
1,1
1,1
1,1
1,1
1,1
1,1
1,1
1,1
2,2
2,2
2,2
2,2
2,2
2,2
2,2
2,2
2,2
2,2
2,2
2,2
2,2
2,2
2,2
2,2
2,2
2,2
2,2
2,2
2,2
2,2
2,2
2,2
2,2
2,2
2,2
2,2
2,2
2,2
2,2
2,2
2,2
2,2
2,2
2,2
2,2
2,2
2,2
2,2
2,2
2,2
2,2
2,2
2,2
2,2
2,2
2,2
2,2
2,2
2,2
2,2
2,2
2,2
2,2
2,2
2,2
2,2
2,2
2,2
2,2
2,2
2,2
2,2
2,2
2,2
2,2
2,2
2,2
2,2
2,2
2,2
2,2
2,2
2,2
2,2
2,2
2,2
2,2
2,2
2,2
2,2
2,2
2,2
2,2
2,2
3,3
3,3
3,3
3,3
3,3
3,3
3,3
3,3
3,3
3,3
3,3
3,3
3,3
3,3
3,3
3,3
3,3
3,3
3,3
3,3
3,3
3,3
3,3
3,3
3,3
3,3
3,3
3,3
3,3
3,3
3,3
3,3
3,3
3,3
3,3
3,3
3,3
3,3
3,3
3,3
3,3
3,3
3,3
3,3
3,3
3,3
3,3
3,3
3,3
3,3
3,3
3,3
3,3
3,3
3,3
3,3
3,3
3,3
3,3
3,3
3,3
3,3
3,3
3,3
3,3
3,3
3,3
3,3
3,3
3,3
3,3
3,3
3,3
3,3
3,3
3,3
3,3
3,3
3,3
3,3
3,3
3,3
3,3
3,3
3,3
3,3
3,3
3,3
3,3
3,3
3,3
3,3
3,3
3,3
3,3
3,3
3,3
3,3
3,3
3,3
3,3
3,3
3,3
3,3
3,3
3,3
3,3
3,3
3,3
3,3
3,3
3,3
4,4
4,4
4,4
4,4
4,4
4,4
4,4
4,4
4,4
4,4
4,4
4,4
4,4
4,4
4,4
4,4
4,4
4,4
4,4
4,4
4,4
4,5
4,5
4,4
4,4
4,4
4,4
4,25
4,4
4,5
4,4
4,4
4,4
4,4
4,4
4,4
4,4
4,4
4,4
4,4
4,4
4,4
4,4
4,4
4,4
4,4
4,4
4,5
4,5
4,4
4,4
4,4
4,4
4,4
4,4
4,4
4,4
4,4
4,4
4,4
4,4
4,5
4,4
4,4
4,5
4,5
4,4
4,4
4,4
4,28
4,4
4,13
4,4
4,4
4,4
4,4
4,4
4,4
4,4
4,4
4,4
4,4
4,4
4,4
4,4
4,4
4,4
4,4
4,4
4,4
4,4
4,4
4,4
4,4
4,4
4,4
4,4
4,4
4,4
4,4
4,4
4,4
4,4
4,4
4,4
4,4
5,4
5,5
5,4
5,5
5,5
5,5
5,5
5,5
5,5
5,5
5,5
5,5
5,5
5,4
5,5
5,4
5,4
5,5
5,5
5,5
5,5
5,5
5,4
5,5
5,5
5,5
5,13
5,5
5,13
5,13
5,5
5,5
5,5
5,4
5,5
5,5
5,4
6,6
6,6
6,6
6,6
6,6
6,6
6,6
6,6
6,6
6,6
6,6
6,6
6,6
6,6
6,6
6,6
6,6
6,6
6,0
6,6
6,6
6,6
6,6
6,6
6,6
6,6
6,6
6,6
6,6
6,6
6,6
6,6
6,6
6,6
6,6
6,6
6,6
6,6
6,6
6,6
6,6
6,6
6,6
6,6
6,6
6,6
6,6
6,6
6,6
6,6
6,6
6,6
6,6
6,6
6,6
6,6
6,6
6,6
6,6
6,6
6,6
6,6
6,6
6,6
6,6
6,6
7,7
7,24
7,24
7,9
7,7
7,7
7,24
7,7
7,7
7,7
7,7
7,7
7,7
7,7
7,7
7,7
7,7
7,7
7,7
7,7
7,7
7,7
7,7
7,7
7,7
7,7
7,7
7,7
7,7
7,7
7,7
7,7
7,7
7,7
7,7
7,7
7,7
7,7
7,7
7,7
7,7
7,7
7,7
7,7
7,7
7,7
7,7
7,7
7,7
7,7
7,7
7,7
7,7
7,7
7,7
7,7
7,7
7,20
7,7
7,7
7,7
7,7
7,7
7,7
7,7
7,7
7,7
7,7
7,7
7,7
7,7
7,7
7,7
7,7
7,7
7,7
7,7
7,7
7,7
7,7
7,7
7,7
7,7
7,7
7,7
7,7
7,7
7,7
7,7
7,7
7,7
7,7
7,7
7,7
7,7
7,7
7,7
7,7
7,7
7,7
7,7
7,7
7,7
7,7
7,7
7,7
7,7
7,7
7,7
7,7
7,7
7,7
7,7
7,7
7,7
7,7
7,7
7,7
7,7
7,7
7,7
7,7
8,8
8,8
8,8
8,8
8,8
8,8
8,8
8,8
8,8
8,8
8,8
8,8
8,8
8,8
8,8
8,8
8,8
8,8
8,8
8,8
8,8
8,8
8,8
8,8
8,8
8,8
8,22
8,8
8,8
8,8
8,8
8,8
8,8
8,8
8,8
8,8
8,8
8,8
8,8
8,8
8,8
8,8
8,8
8,8
8,8
8,8
8,8
8,8
8,8
8,8
8,8
8,8
8,8
8,8
8,8
8,8
8,8
8,8
8,8
8,8
8,8
8,8
8,8
8,8
8,8
8,8
8,8
8,8
8,8
8,8
8,8
8,8
8,8
8,8
8,8
8,8
8,8
8,8
8,8
8,8
9,6
9,9
9,9
9,6
9,9
9,9
9,9
9,9
9,9
9,9
9,9
9,9
9,6
9,9
9,6
9,0
9,9
9,9
9,9
9,9
9,9
9,9
9,9
9,9
9,9
9,9
9,9
9,9
9,9
9,9
9,9
9,9
9,9
9,9
9,9
9,9
9,9
9,9
9,9
9,9
9,9
9,9
9,9
9,9
9,20
9,19
9,9
9,9
9,2
9,2
9,2
9,2
9,9
9,9
9,3
9,4
9,9
9,9
9,9
9,9
9,9
9,9
9,9
9,9
9,9
9,9
9,9
9,9
9,9
9,9
9,9
9,9
9,9
9,9
9,9
9,9
9,9
9,9
9,9
9,9
9,9
9,9
9,9
9,9
9,9
9,9
9,9
9,9
9,9
9,9
9,9
9,9
9,9
9,9
9,9
9,9
9,9
9,9
9,9
9,24
9,9
9,9
9,9
9,9
9,9
9,9
9,9
9,9
9,9
9,9
9,9
9,9
9,9
9,9
9,9
9,9
9,9
9,9
9,3
9,9
9,24
9,9
9,9
9,9
9,9
9,9
9,9
9,9
9,9
9,9
9,9
9,9
9,9
9,9
9,9
9,9
9,9
9,9
10,10
10,10
10,10
10,10
10,10
10,10
10,10
10,10
10,10
10,10
10,10
10,10
10,10
10,10
10,10
10,10
10,10
10,10
10,10
10,10
10,10
10,10
10,10
10,10
10,10
10,13
10,10
10,10
10,10
10,10
10,10
10,10
10,10
10,10
10,10
10,10
10,10
10,10
10,10
10,10
10,10
10,10
10,10
10,10
10,10
10,10
10,10
10,10
10,10
10,10
10,10
10,10
10,10
10,10
10,10
10,10
10,10
10,10
10,10
10,10
10,10
10,10
10,10
10,10
10,10
10,10
10,10
10,10
10,10
10,10
10,10
10,10
10,10
10,10
10,10
10,10
10,10
10,10
10,10
10,10
10,10
10,10
10,10
10,10
10,10
10,10
10,10
10,10
10,10
10,10
10,10
10,10
10,10
10,10
10,10
10,10
10,10
10,10
10,10
10,10
10,10
10,10
10,10
10,10
10,10
10,10
10,10
10,10
10,10
10,10
10,10
10,10
10,10
10,10
10,10
10,10
10,10
10,10
10,10
10,10
10,10
10,10
10,10
10,10
10,10
10,10
10,10
10,10
10,10
10,10
10,10
10,10
10,10
10,10
10,10
10,10
10,10
10,10
10,10
10,10
10,10
10,10
10,10
10,10
10,10
10,10
10,10
10,10
10,10
10,10
10,10
10,10
10,10
10,10
10,10
10,10
10,10
10,10
10,10
10,10
10,26
10,10
10,10
10,10
10,10
10,10
10,10
10,10
10,10
10,10
10,10
10,10
10,10
10,10
10,10
10,10
10,10
10,10
10,10
10,10
10,10
10,10
10,10
10,10
10,10
10,26
10,10
10,10
10,10
10,10
10,10
10,10
10,10
10,10
10,10
10,10
10,10
10,10
10,10
10,10
10,10
10,10
10,10
10,10
10,10
10,10
10,10
10,10
10,10
10,10
10,10
10,10
10,10
10,10
10,10
10,10
10,10
10,10
10,26
11,11
11,11
11,11
11,11
11,11
11,11
11,11
11,11
11,11
11,11
11,11
11,11
11,11
11,11
11,11
11,11
11,11
11,11
11,11
11,11
11,11
11,11
11,11
11,11
11,11
11,11
11,11
11,11
11,11
11,13
11,13
11,13
11,13
11,11
11,11
11,11
11,11
11,11
11,4
11,11
11,11
11,11
11,13
11,11
11,11
11,11
11,11
11,11
11,11
11,11
11,11
11,11
11,11
11,11
11,11
11,11
11,11
11,11
11,11
11,11
11,11
11,11
11,11
11,11
11,11
11,11
11,11
11,11
11,11
11,11
11,13
11,11
11,11
11,11
11,17
11,11
11,11
11,11
11,11
11,11
11,11
11,11
11,11
11,11
11,11
11,11
11,11
11,11
11,11
11,11
11,11
11,11
11,11
11,11
11,11
11,11
11,11
11,11
11,11
11,11
11,11
11,11
11,11
11,11
11,11
11,11
11,11
11,11
11,11
11,11
11,11
11,11
11,11
11,11
11,11
11,11
11,11
11,11
11,11
11,11
11,11
11,11
11,11
11,11
11,11
11,11
11,11
11,11
12,12
12,12
12,12
12,12
12,12
12,12
12,12
12,12
12,12
12,12
12,12
12,12
12,12
12,12
12,12
12,12
12,12
12,12
12,12
12,12
12,12
12,12
12,12
12,12
12,12
12,12
12,12
12,12
12,12
12,12
12,12
12,12
12,12
12,12
12,12
12,12
12,12
12,12
12,12
12,12
12,12
12,12
12,12
12,12
12,12
12,12
12,12
12,12
12,12
12,12
12,12
12,12
12,12
12,12
12,12
12,12
12,12
12,12
12,12
12,12
12,12
12,12
12,12
12,12
12,12
12,12
12,12
12,12
12,12
12,12
12,12
12,12
12,12
12,12
12,12
12,12
12,12
12,12
12,12
12,12
12,12
12,12
12,12
12,12
12,12
12,12
12,12
12,12
12,12
12,12
12,12
12,12
12,24
12,9
12,3
12,17
12,12
12,12
12,12
12,12
13,13
13,13
13,13
13,26
13,26
13,13
13,13
13,13
13,13
13,13
13,13
13,13
13,13
13,13
13,13
13,13
13,13
13,13
13,13
13,13
13,13
13,13
13,13
13,13
13,13
13,10
13,13
13,13
13,10
13,13
13,26
13,13
13,13
13,13
13,13
13,13
13,13
13,13
13,13
13,13
13,13
13,13
13,13
13,13
13,13
13,13
13,13
13,13
13,13
13,13
13,13
13,13
13,13
13,26
13,13
13,13
13,13
13,13
13,13
13,13
13,13
13,13
13,13
13,13
13,13
13,13
13,13
13,13
13,13
13,13
13,13
13,13
13,13
13,13
13,13
13,13
13,13
13,13
13,13
13,13
13,13
13,13
13,13
13,13
13,13
13,13
13,13
13,18
13,18
13,13
13,13
13,13
13,4
13,13
13,13
13,13
13,10
13,13
13,13
13,13
13,13
13,13
13,13
13,13
13,13
13,13
13,13
13,4
13,13
13,13
13,11
13,26
13,13
13,13
13,13
13,13
13,13
13,13
13,13
13,13
13,13
13,13
13,13
13,13
13,13
13,13
13,13
13,13
13,13
13,13
13,26
13,26
13,26
13,13
13,13
13,13
13,13
13,4
13,18
13,18
13,13
13,13
14,18
14,18
14,18
14,18
14,13
14,26
14,12
14,11
14,11
14,26
14,26
14,1
14,1
14,1
14,1
14,1
15,22
15,22
15,22
15,22
15,22
15,22
15,22
15,25
15,22
15,15
15,15
15,15
15,15
15,22
15,15
15,22
15,22
15,22
15,22
15,22
15,15
15,25
15,25
15,4
16,13
16,13
16,13
16,13
16,13
16,13
16,13
16,5
16,26
16,11
16,13
16,8
16,13
16,13
16,13
16,13
16,28
16,4
17,17
17,1
17,17
17,17
17,17
17,17
17,17
17,17
17,17
17,17
17,17
17,17
17,17
17,17
17,17
17,17
17,17
17,17
17,17
17,17
17,17
17,17
17,17
17,17
17,17
17,17
17,17
17,17
17,17
17,17
17,17
17,17
17,17
17,17
17,17
17,17
17,17
17,17
17,17
17,17
17,17
17,17
17,17
17,17
17,17
17,17
17,17
17,17
17,17
17,17
17,1
17,17
17,17
17,17
17,17
17,17
17,17
17,17
17,3
17,17
17,1
17,17
17,17
17,17
17,17
17,17
17,17
17,17
17,17
17,17
17,17
17,17
17,17
17,24
17,17
17,17
17,17
17,17
17,17
17,17
17,17
17,17
17,1
17,3
17,3
17,3
17,3
17,1
17,17
17,17
17,17
17,17
17,17
17,17
17,17
17,17
17,17
17,17
17,17
17,17
17,17
17,1
17,1
17,17
18,26
18,13
18,18
18,13
18,18
18,18
18,18
18,18
18,18
18,18
18,18
18,18
18,18
18,18
18,18
18,18
18,18
18,18
18,18
18,18
18,18
18,18
18,18
18,13
18,13
18,3
18,3
18,3
18,26
18,18
18,18
18,18
18,18
18,18
18,18
18,18
18,18
18,18
18,18
18,18
18,26
18,26
19,27
19,3
19,18
19,24
19,17
19,19
19,19
19,17
19,19
19,19
19,17
19,19
19,19
19,20
19,0
19,16
19,13
19,16
19,19
19,17
19,17
19,1
19,1
19,1
19,1
19,7
19,19
19,20
20,9
20,20
20,9
20,19
20,9
20,21
20,20
20,9
20,20
20,20
20,7
20,20
20,8
20,20
20,20
20,20
20,22
20,22
20,9
20,20
20,9
20,9
20,9
20,20
20,20
20,20
20,9
20,9
20,20
20,28
20,20
20,20
21,2
21,21
21,8
21,21
21,21
21,21
21,8
21,8
21,22
21,22
21,22
21,22
21,22
21,15
21,15
21,21
21,21
21,21
21,21
21,21
21,22
21,21
21,21
21,21
21,21
21,21
21,21
21,22
21,2
21,27
21,27
21,21
21,21
21,8
22,26
22,10
22,13
22,13
22,21
22,13
22,13
22,13
22,13
22,26
22,2
22,22
22,22
22,22
22,22
22,22
22,22
22,22
22,28
22,22
22,22
22,22
22,22
22,22
22,22
22,2
22,22
22,2
22,22
22,22
22,22
22,13
22,13
22,22
22,8
22,22
22,8
22,8
22,22
22,22
22,22
22,22
22,22
22,22
22,22
22,22
22,22
22,22
22,22
22,22
22,22
22,22
22,22
22,22
22,22
22,22
22,22
22,22
22,22
22,22
23,23
23,23
23,8
23,23
23,23
23,23
23,8
23,23
23,23
23,23
23,23
23,23
23,23
23,23
23,23
23,23
23,23
23,20
23,7
23,7
23,7
23,23
23,23
23,20
23,7
23,23
23,23
23,23
23,23
23,23
23,23
23,23
23,23
23,23
23,23
23,23
23,23
23,23
24,24
24,24
24,1
24,17
24,1
24,1
24,1
24,1
24,1
24,24
24,24
24,14
24,24
24,24
24,24
24,24
24,24
24,24
24,24
24,24
24,24
24,24
24,24
24,17
24,9
24,9
24,9
24,3
24,24
24,24
24,1
24,0
24,0
24,0
24,1
24,1
24,0
24,0
24,24
24,24
24,24
24,24
24,24
24,3
24,9
24,24
25,28
25,8
25,13
25,13
25,13
25,13
25,25
25,25
25,25
25,25
25,13
25,22
25,13
25,13
25,13
25,13
25,13
25,9
25,11
25,13
25,13
25,13
25,25
25,8
25,25
25,25
25,25
25,25
25,25
25,25
25,13
25,25
25,13
25,13
25,25
25,25
25,13
26,2
26,27
26,26
26,3
26,26
26,3
26,3
26,17
26,13
26,26
26,18
26,13
26,26
26,13
26,13
26,26
26,26
26,13
26,13
26,10
26,10
26,26
26,26
26,26
26,26
26,26
26,26
26,26
26,26
26,27
26,26
26,26
26,13
26,3
26,26
26,26
26,26
26,26
26,26
26,13
26,26
26,26
26,26
26,26
26,26
26,26
26,13
26,13
26,26
26,27
26,26
26,27
26,27
26,3
26,26
26,2
26,13
26,8
27,27
27,25
27,25
27,2
27,2
27,27
27,2
27,2
27,27
27,21
27,9
27,14
27,12
27,9
27,9
27,12
27,12
27,27
27,9
27,2
27,2
27,25
27,21
27,22
27,21
27,22
27,2
27,27
27,25
27,2
27,2
27,2
27,2
27,2
27,2
27,2
27,2
27,25
27,27
27,3
27,26
27,13
27,26
27,26
27,26
27,9
27,26
27,9
27,3
27,3
27,3
27,9
27,9
27,9
27,25
27,9
27,26
27,26
27,26
27,27
27,27
27,2
27,2
27,2
27,2
27,9
28,8
28,28
28,28
28,8
28,22
28,22
28,8
28,8
28,8
28,22
28,28
28,28
28,8
28,28
28,28
28,28
28,28
28,8
28,28
28,28
28,28
28,8
28,8
28,22
28,28
28,22
28,22
28,28
28,28
28,28
28,28
28,28
28,28
28,8
28,28
28,28
28,28
28,28
28,28
28,28
28,28
28,28
28,28
28,28
28,28
28,28
28,28
28,28
28,28
28,28
28,28
28,28
1,1
1,1
1,1
1,1
1,1
1,1
1,1
1,1
1,1
1,1
1,1
1,1
1,1
1,1
1,1
1,1
1,1
1,1
1,1
1,1
1,1
1,1
1,1
1,1
1,1
1,1
1,1
1,1
1,1
1,0
1,1
1,1
1,1
1,1
1,1
1,0
1,1
1,1
1,1
1,1
1,1
1,1
1,0
1,1
1,1
1,1
1,1
1,1
1,1
1,1
1,1
1,1
1,1
1,1
1,1
1,1
1,1
1,1
1,1
1,1
1,1
1,1
1,1
1,1
1,1
1,1
1,1
1,1
1,1
1,1
1,1
1,1
1,1
1,1
1,1
1,1
1,1
1,1
1,1
1,1
1,1
1,1
1,1
1,1
1,1
1,1
1,1
1,1
1,1
1,1
1,1
1,1
1,1
1,1
1,1
2,2
2,2
2,2
2,2
2,2
2,2
2,2
2,2
2,2
2,2
2,2
2,2
2,2
2,2
2,2
2,2
2,2
2,2
2,2
2,2
2,2
2,2
2,2
2,2
2,2
2,2
2,2
2,2
2,2
2,2
2,2
2,2
2,2
3,3
3,3
3,3
3,3
3,3
3,3
3,3
3,3
3,3
3,3
3,3
3,3
3,3
3,3
3,3
3,3
3,3
3,3
3,3
3,3
3,3
3,3
3,3
3,3
3,3
3,3
3,3
3,3
3,3
3,3
3,3
3,3
3,3
3,3
3,3
3,3
3,3
3,3
3,3
3,3
3,3
3,3
3,3
3,3
3,3
3,3
3,3
3,3
3,3
3,3
3,3
3,3
3,3
3,3
3,3
3,3
3,3
3,3
3,3
3,3
3,3
3,3
3,3
3,26
3,3
3,3
3,3
3,3
3,3
3,3
3,3
3,3
3,3
3,3
3,3
3,3
3,3
3,3
3,3
3,3
3,3
3,3
3,3
3,3
3,3
3,3
3,3
3,3
3,3
3,3
4,5
4,5
4,4
4,4
4,4
4,4
4,5
4,4
4,4
4,4
4,4
4,4
4,4
4,4
4,5
4,4
4,4
4,4
4,4
4,4
4,4
4,5
4,5
4,5
4,4
4,4
4,4
4,4
4,4
4,4
4,4
4,4
4,4
4,4
4,4
4,4
4,4
4,4
4,4
4,4
4,4
4,4
4,4
4,4
4,4
4,4
4,4
4,4
4,4
4,5
4,5
4,4
4,4
4,4
4,4
4,4
4,5
4,4
4,4
4,4
4,4
4,4
4,4
5,5
5,5
5,5
5,5
5,5
5,5
5,5
5,5
5,5
5,5
5,5
5,5
5,5
5,5
5,5
5,5
5,5
5,5
5,5
5,13
5,13
5,5
5,13
5,18
5,5
5,5
5,5
5,5
5,13
5,13
5,13
5,13
5,13
5,13
5,13
5,4
5,13
5,13
5,13
5,4
5,4
5,13
5,4
5,13
5,5
5,10
5,5
5,5
5,5
6,6
6,6
6,6
6,6
6,6
6,6
6,6
6,6
6,6
6,6
6,6
6,6
6,6
6,6
6,6
6,6
6,6
6,6
6,6
6,6
6,6
7,7
7,7
7,7
7,7
7,7
7,7
7,7
7,7
7,7
7,7
7,7
7,7
7,7
7,7
7,7
7,7
7,7
7,7
7,7
7,7
7,7
7,7
7,7
7,7
7,7
7,7
7,7
7,7
7,7
7,7
7,7
7,7
7,7
7,7
7,7
7,7
7,7
8,8
8,8
8,8
8,8
8,8
8,8
8,8
8,8
8,8
8,22
8,8
8,8
8,8
8,8
8,8
8,8
8,8
8,8
8,8
8,8
8,8
9,9
9,9
9,9
9,9
9,9
9,9
9,9
9,9
9,9
9,9
9,9
9,9
9,9
9,9
9,9
9,9
9,9
9,9
9,9
9,9
9,9
9,9
9,9
9,9
9,9
9,9
9,9
9,9
9,9
9,9
9,9
9,9
9,9
9,9
9,9
9,9
9,9
9,9
9,9
9,9
9,9
9,9
9,9
9,9
9,9
9,6
9,9
9,9
9,6
9,9
9,9
9,9
9,9
9,9
9,9
9,9
9,9
9,9
9,9
10,10
10,10
10,10
10,10
10,10
10,10
10,10
10,10
10,10
10,10
10,10
10,10
10,10
10,10
10,10
10,10
10,10
10,10
10,10
10,10
10,10
10,10
10,10
10,10
10,10
10,5
10,10
10,10
10,10
10,10
10,10
10,10
10,10
10,10
10,10
10,10
10,10
10,10
10,10
10,10
10,10
10,10
10,10
10,10
10,10
10,10
10,10
10,10
10,10
10,10
10,10
10,26
10,10
10,10
10,10
10,10
10,10
10,10
10,10
10,10
10,10
10,10
10,10
10,10
10,10
10,10
10,10
10,10
10,10
10,10
10,10
10,10
10,10
10,10
10,10
10,10
10,10
10,26
10,26
10,26
10,10
10,10
10,10
10,10
10,10
10,10
10,10
10,10
10,10
10,10
10,10
10,10
10,10
10,10
10,10
10,10
10,10
10,10
10,10
11,11
11,11
11,11
11,11
11,11
11,11
11,11
11,11
11,11
11,11
11,11
11,11
11,11
11,11
11,11
11,11
11,11
11,11
11,11
11,11
11,11
11,11
11,11
11,11
11,11
11,11
11,11
11,11
11,11
11,11
11,11
11,11
11,11
11,11
11,11
11,11
11,11
11,11
11,11
11,11
11,11
11,11
11,11
11,11
11,11
11,11
11,11
11,11
11,11
11,11
11,11
11,11
11,11
11,11
11,11
11,11
11,11
11,11
11,11
11,11
11,11
11,21
11,11
11,11
11,11
11,11
11,11
11,11
11,11
11,11
11,11
11,11
11,11
11,11
11,11
11,11
11,11
11,11
11,11
11,11
11,11
11,11
11,11
11,11
11,11
11,11
11,11
11,11
11,11
11,11
11,11
11,11
11,11
11,11
11,11
11,11
11,11
11,11
11,11
11,11
11,11
11,11
11,11
11,11
11,11
11,11
11,11
11,11
11,11
11,11
11,11
11,11
11,11
11,11
11,11
11,11
11,11
11,11
11,11
11,11
11,11
11,11
11,11
11,11
11,11
11,11
11,11
11,11
11,11
11,4
12,12
12,12
12,12
12,12
12,12
12,12
12,12
12,12
12,12
12,12
12,12
12,12
12,12
12,12
12,12
12,12
12,12
12,12
12,12
12,12
12,12
12,12
12,12
12,12
12,12
12,12
12,12
12,12
12,12
12,12
12,12
12,12
12,12
12,12
12,12
12,12
12,12
12,12
12,12
12,12
12,12
12,12
12,12
12,12
12,12
12,12
12,12
12,12
12,12
12,12
12,12
12,12
12,12
12,12
12,12
12,12
12,12
12,12
12,12
12,12
12,12
12,12
12,12
12,12
12,12
12,12
12,12
12,12
12,12
12,12
12,12
12,12
12,12
12,12
12,12
12,12
12,12
12,12
12,12
13,13
13,13
13,13
13,13
13,13
13,13
13,13
13,13
13,13
13,13
13,13
13,13
13,13
13,13
13,13
13,13
13,13
13,13
13,13
13,13
13,13
13,13
13,13
13,13
13,13
13,4
13,13
13,13
13,4
13,13
13,13
13,13
13,13
13,13
13,13
13,13
13,13
13,13
13,13
13,13
13,13
13,13
13,13
13,26
13,13
13,13
13,13
13,11
13,13
13,13
13,13
13,13
13,13
13,13
13,13
13,13
13,13
13,13
13,13
13,13
13,13
13,13
13,13
13,13
13,13
13,13
13,13
13,13
13,13
13,13
13,13
13,4
13,13
13,13
13,13
13,13
13,13
13,13
13,13
13,13
13,13
13,4
13,13
13,13
13,13
13,13
13,4
13,13
13,13
13,13
13,13
13,13
13,13
13,13
13,4
13,13
13,13
13,13
13,13
14,7
14,17
14,14
14,14
14,17
14,14
14,17
14,17
14,14
15,3
15,3
15,3
15,3
15,3
16,20
16,28
16,4
16,28
16,28
16,28
16,20
16,20
16,20
17,17
17,17
17,17
17,17
17,17
17,17
17,17
17,17
17,17
17,17
17,17
17,17
17,17
17,17
17,17
17,17
17,17
17,17
17,17
17,17
17,17
17,17
17,17
17,17
17,17
18,3
18,12
18,17
18,4
18,18
18,18
18,18
18,18
18,18
18,18
18,18
18,20
18,17
19,3
19,24
19,17
19,17
19,14
19,24
19,17
19,17
19,14
20,20
20,28
20,7
20,7
20,24
20,20
20,9
20,9
20,9
20,9
20,9
20,21
20,9
20,9
20,21
20,2
20,9
20,9
20,9
21,13
21,21
21,22
21,22
21,2
21,22
21,22
21,22
21,15
23,9
23,20
23,7
23,9
23,9
23,2
23,2
23,21
23,21
23,21
23,21
23,9
23,0
24,0
24,1
24,6
24,6
24,6
24,6
24,6
24,6
24,24
24,9
24,0
25,20
25,20
25,24
25,24
25,14
25,19
25,24
25,24
25,24
25,14
25,14
25,17
25,16
26,2
26,2
26,25
26,25
26,26
26,25
26,2
26,25
26,26
27,24
27,27
27,3
27,3
27,3
27,3
27,3
27,3
27,3
28,2
28,25
28,27
28,9
28,21
28,13
28,5
28,13
28,9
28,9
28,27
0,0
0,0
0,0
0,0
0,0
0,0
0,0
0,0
0,0
0,0
0,0
0,0
0,0
0,0
0,0
0,0
0,0
0,17
0,1
0,0
0,0
0,0
0,0
0,0
0,0
0,0
0,0
0,0
0,0
0,0
0,0
0,0
0,0
0,0
0,0
0,0
0,0
0,0
0,0
0,0
0,13
0,10
0,5
0,0
0,0
0,0
0,0
0,0
0,0
0,0
0,0
0,0
0,0
0,13
0,9
0,0
0,0
0,0
0,0
0,0
0,0
0,0
0,0
0,0
0,0
0,0
0,0
0,0
0,0
0,0
0,0
0,6
0,0
0,0
0,0
0,0
0,5
0,2
0,0
0,0
0,0
0,0
0,0
0,0
0,0
0,0
0,0
0,0
0,0
0,0
0,0
0,0
0,0
0,0
0,0
0,9
0,5
0,0
0,0
2,2
2,2
2,2
2,2
2,2
2,2
2,2
2,9
2,2
2,2
2,2
2,2
2,2
2,2
2,2
2,22
2,13
2,2
2,2
2,2
2,2
2,2
2,2
2,9
2,2
2,2
2,2
2,2
2,2
3,3
3,3
3,3
3,3
3,3
3,3
3,3
3,3
3,3
3,3
3,24
3,3
3,3
3,3
3,3
3,3
3,3
3,3
3,3
3,3
3,3
3,3
3,3
3,3
3,3
3,3
3,3
3,3
3,3
3,3
3,3
3,3
3,3
3,3
3,3
3,3
3,3
3,3
3,3
3,3
3,3
3,3
3,3
3,3
3,3
3,3
3,3
3,3
3,3
3,3
3,3
4,2
4,4
4,2
4,2
4,2
4,2
4,2
4,4
4,4
4,4
4,2
4,2
4,2
4,28
4,28
4,28
4,22
4,2
4,4
4,4
4,4
4,2
4,2
4,2
4,2
4,4
4,4
4,5
4,5
4,5
4,5
4,5
4,4
4,4
4,4
4,5
4,5
4,5
4,4
4,4
4,5
4,5
4,5
4,4
4,26
4,2
4,2
4,2
4,4
4,4
4,4
4,25
4,4
4,4
4,4
4,4
4,4
4,4
4,4
4,13
4,4
4,25
4,4
4,2
4,13
6,6
6,6
6,6
6,6
6,6
6,6
6,6
6,6
6,6
6,6
6,6
6,6
6,6
6,6
6,6
6,6
6,6
6,6
6,6
6,6
6,6
6,6
6,6
6,6
6,6
6,6
6,6
6,6
6,6
6,6
6,6
6,6
6,6
6,6
6,6
6,6
6,6
6,6
6,6
6,6
6,6
7,7
7,7
7,7
7,7
7,7
7,7
7,7
7,7
7,7
7,7
7,17
7,19
7,7
7,7
7,7
7,7
7,7
7,7
7,7
7,7
7,7
7,19
7,7
7,7
7,7
7,7
7,7
7,7
7,7
7,7
7,7
7,7
7,7
7,7
7,7
7,19
7,7
7,7
7,7
8,8
8,8
8,8
8,8
8,8
8,8
8,8
8,8
8,8
8,8
8,8
8,8
8,8
8,8
8,8
8,8
8,8
8,22
8,25
8,25
8,8
8,8
8,8
8,8
8,8
8,8
8,8
8,8
8,8
8,8
8,8
8,8
8,8
8,8
8,8
8,8
8,8
8,8
8,8
9,9
9,9
9,9
9,9
9,9
9,9
9,9
9,9
9,9
9,21
9,9
9,9
9,9
9,9
9,9
9,9
9,9
9,6
9,24
9,9
9,5
9,0
9,9
9,9
9,9
9,9
9,9
9,9
9,9
9,9
9,9
9,9
9,9
9,9
9,9
9,9
9,9
9,9
9,9
9,9
9,9
9,9
9,9
9,9
9,9
10,10
10,10
10,10
10,10
10,26
10,10
10,10
10,10
10,10
10,10
10,10
10,10
10,10
10,10
10,10
10,10
10,10
10,10
10,10
10,10
10,10
10,10
10,10
10,10
10,2
10,26
10,10
10,10
10,10
10,10
10,10
10,26
10,10
10,10
10,10
11,26
11,11
11,11
11,11
11,11
11,11
11,11
11,11
11,11
11,11
11,11
11,11
11,11
11,13
11,3
11,26
11,18
11,26
11,11
11,11
11,11
11,11
11,11
11,11
11,11
11,11
11,11
11,11
11,11
11,11
11,11
11,11
11,11
11,11
11,11
11,11
11,11
11,11
11,11
11,11
11,11
11,11
11,11
11,11
11,11
11,11
11,11
11,11
11,11
11,11
11,11
11,11
11,11
11,11
11,11
11,11
11,11
11,11
11,11
11,11
11,11
11,11
11,11
11,11
11,11
11,11
11,11
11,11
11,11
11,11
11,11
11,11
11,11
11,11
11,11
11,11
11,11
11,11
11,11
11,11
11,11
11,11
11,11
11,11
11,11
11,11
11,11
11,11
11,11
11,11
11,11
11,11
11,11
11,11
11,11
11,11
11,11
11,11
11,11
11,11
11,11
11,11
11,11
11,11
11,11
11,11
11,11
11,11
11,11
11,11
11,11
11,11
11,11
12,14
12,12
12,12
12,12
12,12
12,14
12,12
12,12
12,12
12,12
12,12
12,12
12,12
12,14
12,14
12,12
12,12
12,12
12,12
12,14
12,12
12,3
12,14
12,12
12,12
13,13
13,26
13,13
13,13
13,13
13,13
13,13
13,13
13,13
13,13
13,13
13,13
13,13
13,10
13,13
13,13
13,13
13,2
13,26
13,26
13,13
13,13
13,13
13,13
13,13
13,13
13,13
13,13
13,13
13,13
13,13
13,13
13,10
13,13
13,13
13,13
13,13
13,13
13,13
13,13
13,13
13,13
13,13
13,13
13,13
13,13
13,13
13,13
13,13
13,13
13,13
13,13
13,13
13,13
13,13
13,13
13,13
13,13
13,7
13,9
13,27
13,13
13,13
13,13
13,13
13,13
13,13
13,13
13,13
13,13
13,13
13,18
13,13
13,13
13,13
13,13
13,13
13,13
13,13
13,13
13,13
13,2
13,13
13,13
13,13
13,13
13,13
13,13
13,13
13,13
13,13
13,13
13,13
14,12
14,14
14,14
14,12
14,14
14,14
14,21
14,17
14,12
14,3
14,3
14,14
14,18
15,25
15,22
15,22
15,22
15,22
15,21
15,18
16,13
16,13
16,13
16,18
16,18
16,9
17,21
17,17
17,17
17,17
17,1
17,1
17,1
17,17
17,17
17,17
17,17
17,17
17,1
17,17
17,17
17,17
17,17
18,12
18,17
18,18
18,13
18,18
18,18
18,18
18,18
18,19
19,19
19,7
19,1
19,17
19,19
19,17
20,7
20,19
20,7
20,7
20,24
20,20
20,20
20,9
20,20
20,20
20,7
20,13
20,21
20,20
20,13
21,9
21,21
21,9
21,2
21,15
21,13
21,13
21,13
21,20
21,21
21,21
22,22
22,22
22,22
22,22
22,22
22,22
22,22
22,22
22,22
22,22
22,2
22,22
22,22
22,22
22,22
23,23
23,23
23,7
23,7
23,13
23,20
23,23
23,23
23,23
23,23
24,9
24,24
24,24
24,24
24,24
24,24
24,24
24,24
24,24
24,24
24,24
24,24
24,24
24,24
24,24
24,9
25,2
25,27
25,27
25,13
25,13
25,13
25,8
25,25
25,25
25,11
25,11
25,18
25,8
26,26
26,26
26,26
26,26
26,2
26,2
26,26
26,26
26,26
26,26
26,5
26,13
26,9
26,26
26,11
26,10
26,26
27,22
27,27
27,26
27,5
27,2
27,2
27,26
27,26
27,27
27,2
27,22
27,2
27,9
27,2
27,22
28,13
28,13
28,13
28,8
28,13
28,13
28,4
28,13
28,13
0,0
0,0
0,0
0,0
0,0
0,0
0,0
0,0
0,0
0,0
0,0
0,0
0,0
0,0
0,0
0,0
0,0
0,0
0,0
0,0
0,0
0,0
0,0
0,0
0,0
0,0
0,0
0,0
0,0
0,0
0,0
0,0
0,0
0,0
0,0
0,0
0,0
0,0
0,0
0,0
0,0
0,0
0,0
0,0
0,0
0,0
0,0
0,0
0,0
0,0
0,0
0,0
0,0
0,0
0,0
0,0
0,0
0,0
0,1
0,0
0,0
0,0
0,0
0,0
0,0
0,0
0,0
0,0
0,0
0,0
0,0
0,0
0,0
0,0
0,0
0,0
0,0
0,0
0,0
0,0
0,0
0,0
0,0
0,0
0,0
0,0
0,0
0,0
0,0
0,0
0,0
0,0
0,0
0,0
0,0
0,0
0,1
0,0
0,0
0,0
0,0
0,0
0,0
0,0
0,0
0,0
0,0
0,0
0,0
0,0
0,0
0,0
0,0
0,0
0,0
0,0
0,0
0,0
0,0
0,0
0,0
0,0
0,0
0,0
0,0
0,0
0,0
0,0
0,0
0,0
0,0
0,0
0,0
0,0
2,2
2,10
2,26
2,26
2,2
2,2
2,2
2,2
2,2
2,2
2,2
2,2
2,2
2,2
2,2
2,2
2,2
2,22
2,2
2,22
2,2
2,2
2,2
2,2
2,2
2,2
2,2
2,2
2,2
2,2
2,2
2,2
2,2
2,2
2,2
2,2
2,2
2,2
2,2
2,2
2,2
2,2
2,2
2,2
2,2
2,2
2,2
2,2
2,2
2,26
2,13
3,3
3,26
3,3
3,3
3,3
3,3
3,3
3,3
3,3
3,3
3,3
3,3
3,3
3,3
3,3
3,3
3,3
3,3
3,3
3,3
3,3
3,3
3,3
3,3
3,3
3,3
3,3
3,3
3,3
3,3
3,3
3,3
3,3
3,3
3,3
3,3
3,3
3,3
3,3
3,3
3,3
3,3
3,3
3,3
3,3
3,3
3,3
3,3
3,3
3,17
3,3
3,3
3,3
3,3
3,3
3,3
3,3
3,3
3,3
3,3
3,3
3,3
3,3
3,3
3,3
3,3
3,3
3,3
3,17
3,17
3,3
3,3
3,3
3,3
3,3
4,4
4,4
4,13
4,13
4,4
4,4
4,4
4,4
4,4
4,4
4,4
4,4
4,4
4,4
4,4
4,4
4,4
4,4
4,4
4,4
4,4
4,4
4,4
4,4
4,4
4,4
4,4
4,4
4,4
4,4
4,4
4,4
4,4
4,4
4,4
4,1
4,4
4,4
4,4
4,4
4,5
4,4
4,4
4,4
4,4
4,5
4,4
4,4
4,4
4,4
4,4
5,5
5,5
5,5
5,5
5,5
5,5
5,5
5,5
5,5
5,5
5,5
5,5
5,5
5,5
5,4
5,4
5,5
5,5
5,5
5,5
5,5
5,5
5,5
5,5
5,5
5,5
5,5
5,13
5,8
5,13
5,5
5,5
5,5
5,5
5,5
5,5
5,5
5,5
5,5
5,5
5,5
5,5
5,5
5,5
5,5
5,5
5,5
5,5
5,5
5,5
5,5
5,5
5,5
5,5
5,5
5,5
5,5
5,5
5,5
5,5
5,5
5,5
5,5
5,5
5,5
5,5
5,5
5,5
5,5
6,6
6,6
6,6
6,6
6,6
6,6
6,6
6,6
6,6
6,6
6,6
6,6
6,6
6,6
6,17
6,7
6,6
6,6
6,6
6,6
6,6
6,6
6,6
6,6
6,6
6,6
6,6
7,7
7,7
7,7
7,7
7,7
7,7
7,7
7,7
7,7
7,24
7,7
7,7
7,7
7,7
7,7
7,7
7,7
7,7
7,7
7,7
7,7
7,7
7,7
7,7
7,7
8,8
8,8
8,8
8,8
8,8
8,8
8,8
8,13
8,8
8,8
8,8
8,8
8,8
8,8
8,8
8,8
8,13
8,8
8,8
8,13
8,8
8,8
8,13
8,8
8,13
8,8
8,8
9,9
9,9
9,9
9,9
9,9
9,9
9,9
9,9
9,9
9,9
9,9
9,9
9,9
9,9
9,9
9,9
9,9
9,9
9,9
9,9
9,9
9,9
9,9
9,9
9,9
9,9
9,9
9,9
9,9
9,9
9,9
9,9
9,9
9,9
9,9
9,9
9,9
9,9
9,9
9,9
9,9
9,9
9,9
9,9
9,9
9,9
9,9
9,9
9,9
9,9
9,9
9,9
9,9
9,9
9,9
9,9
9,9
9,9
9,9
9,9
9,9
9,9
9,9
9,9
9,9
9,9
9,9
9,9
9,9
9,9
9,9
9,9
9,9
9,9
9,9
9,9
9,9
10,10
10,10
10,10
10,10
10,10
10,10
10,10
10,10
10,10
10,10
10,10
10,10
10,10
10,10
10,10
10,10
10,26
10,26
10,10
10,10
10,10
10,10
10,10
10,10
10,10
10,10
10,10
10,10
10,10
10,10
10,10
10,10
10,10
10,10
10,10
10,10
10,10
10,10
10,10
10,10
10,10
10,10
10,10
10,10
10,10
10,10
10,10
10,10
10,10
10,10
10,10
10,10
10,10
10,10
10,10
10,10
10,10
10,10
10,10
10,10
10,10
10,10
10,10
10,10
10,10
10,10
10,10
10,10
10,10
11,11
11,11
11,11
11,11
11,11
11,11
11,11
11,11
11,11
11,11
11,11
11,5
11,4
11,11
11,11
11,11
11,11
11,11
11,11
11,11
11,11
11,11
11,11
11,11
11,11
11,11
11,11
11,11
11,11
11,11
11,11
11,11
11,11
11,11
11,11
11,11
11,11
11,11
11,11
11,11
11,11
11,11
11,11
12,12
12,12
12,12
12,12
12,12
12,12
12,12
12,12
12,12
12,12
12,12
12,12
12,14
12,5
12,3
12,3
12,3
12,12
12,3
13,13
13,13
13,13
13,13
13,5
13,5
13,13
13,13
13,13
13,13
13,13
13,5
13,13
13,13
13,13
13,13
13,13
13,13
13,13
13,13
13,13
13,13
13,13
13,13
13,4
13,13
13,13
13,13
13,13
13,13
13,4
13,13
13,13
13,13
13,2
13,13
13,13
13,13
13,13
13,13
13,13
13,13
13,13
13,13
13,4
13,13
13,13
13,13
13,13
13,13
13,13
13,13
13,13
13,13
13,13
13,13
13,13
13,13
13,13
13,13
13,13
14,14
14,14
14,14
14,17
14,17
14,3
14,17
14,7
14,24
14,14
14,24
14,24
14,24
14,24
14,17
15,25
15,15
15,15
15,15
15,17
15,17
15,19
16,28
16,28
16,8
16,28
16,28
16,13
16,4
17,1
17,17
17,17
17,17
17,17
17,17
17,17
17,17
17,3
17,17
17,17
17,17
17,17
17,17
17,17
17,17
17,17
17,3
17,3
18,4
18,4
18,18
18,18
18,18
18,18
18,18
18,18
18,18
18,18
18,18
18,18
18,18
18,18
18,18
18,18
18,18
18,18
18,16
18,18
18,4
19,20
19,19
19,17
19,17
19,19
19,7
19,7
19,19
19,18
19,17
19,4
20,9
20,9
20,2
20,9
20,27
20,2
20,2
20,2
20,20
20,21
20,9
20,20
20,7
20,13
20,13
20,20
20,20
20,7
20,19
20,20
20,7
20,7
20,7
20,7
20,7
20,20
20,23
21,22
21,9
21,20
21,22
21,21
21,22
21,22
21,22
21,27
21,2
21,21
21,21
21,22
22,22
22,22
22,22
22,22
22,22
22,22
22,22
22,22
22,15
22,15
22,22
22,22
22,22
22,22
22,22
22,22
22,22
22,22
22,22
22,22
22,22
22,15
22,15
23,7
23,7
23,7
23,7
23,7
23,7
23,7
23,7
23,7
23,7
23,7
23,7
23,7
23,7
23,23
24,14
24,24
24,24
24,24
24,24
24,24
24,24
24,3
24,9
24,24
24,24
24,24
24,24
24,24
24,14
24,24
24,24
24,24
24,24
24,24
24,24
24,24
24,24
25,25
25,25
25,25
25,25
25,22
25,22
25,15
25,15
25,25
25,25
25,25
25,25
25,25
25,25
26,3
26,26
26,3
26,3
26,5
26,5
26,3
26,13
26,13
26,2
26,25
26,25
26,2
26,26
26,26
26,26
26,26
26,26
26,26
26,26
26,26
26,26
26,26
26,26
26,26
26,26
26,2
26,26
26,25
26,25
26,25
26,25
26,25
26,25
26,26
26,26
26,26
26,26
26,26
27,27
27,25
27,17
27,22
27,15
27,27
27,27
27,9
27,27
27,2
27,22
27,22
27,22
28,4
28,28
28,28
28,28
28,28
28,28
28,28
28,28
28,28
28,28
28,28
28,28
28,4
28,4
28,28
28,28
28,28
0,0
0,0
0,0
0,0
0,0
0,0
0,0
0,0
0,0
0,0
0,0
0,0
0,0
0,0
0,0
0,0
0,0
0,0
0,0
0,0
0,0
0,0
0,0
0,0
0,0
0,0
0,0
0,0
0,0
0,0
0,0
0,0
0,0
0,0
0,0
0,0
0,0
0,0
0,0
0,0
0,0
0,0
0,0
0,0
0,0
0,0
0,0
0,0
0,0
0,0
0,0
0,0
0,0
0,0
0,0
0,0
0,0
0,0
0,0
0,0
0,0
0,0
0,0
0,0
0,0
0,0
0,0
0,0
0,0
0,0
0,0
0,0
0,0
0,0
0,0
0,0
0,0
0,0
0,0
0,0
0,0
0,0
0,0
0,0
0,0
0,0
0,0
0,0
0,0
0,0
0,0
0,0
0,0
0,0
0,0
0,0
0,0
0,0
0,0
0,0
0,0
0,0
0,0
0,0
0,0
0,0
0,0
0,0
0,0
0,0
0,0
0,0
0,0
0,0
0,0
0,0
0,0
0,0
0,0
0,0
0,0
0,0
0,0
0,0
0,0
0,0
0,0
0,0
0,0
0,0
0,0
0,0
0,0
0,0
0,0
0,0
0,0
0,0
0,0
0,0
0,0
0,0
0,0
0,0
0,0
0,0
0,0
0,0
0,0
0,0
0,0
0,0
0,0
0,0
0,0
0,0
0,0
0,0
0,0
0,0
0,0
0,0
0,0
0,0
0,0
0,0
0,0
0,0
0,0
0,0
0,0
0,0
0,0
0,0
0,0
0,0
0,0
0,0
0,0
0,0
0,0
0,0
0,0
0,0
0,0
0,0
0,0
0,0
0,0
0,0
0,0
0,0
0,0
0,0
0,0
0,0
0,0
0,0
0,0
0,0
0,0
0,0
0,0
0,6
2,2
2,2
2,2
2,2
2,2
2,2
2,2
2,2
2,2
2,2
2,2
2,2
2,2
2,2
2,2
2,2
2,2
2,2
2,2
2,2
2,2
2,2
2,2
2,2
2,2
2,2
2,2
2,2
2,2
2,2
2,2
2,2
2,2
2,2
2,2
2,2
2,2
2,2
2,2
2,2
2,2
2,2
2,2
2,2
2,2
2,2
2,2
2,2
2,2
2,2
2,2
2,2
2,2
2,2
2,2
2,2
2,2
2,2
2,2
2,2
2,2
3,3
3,3
3,3
3,3
3,3
3,3
3,3
3,3
3,3
3,12
3,3
3,3
3,3
3,3
3,3
3,3
3,3
3,3
3,3
3,3
3,3
3,3
3,3
3,3
3,3
3,3
3,3
3,3
3,3
3,3
3,3
3,3
3,3
3,3
3,3
3,3
3,3
3,3
3,3
3,3
3,3
3,3
3,3
3,3
3,3
3,3
3,3
3,3
3,3
3,3
3,3
3,3
3,12
3,3
3,3
3,3
3,3
3,3
3,3
3,3
3,3
3,3
3,3
3,3
3,3
3,3
3,3
4,3
4,3
4,5
4,4
4,4
4,4
4,11
4,5
4,4
4,1
4,3
4,4
4,1
4,4
4,4
4,4
4,4
4,4
4,4
4,4
4,4
4,4
4,11
4,4
4,4
4,4
4,4
4,5
4,10
4,5
4,1
4,4
4,4
4,4
4,4
4,4
4,4
4,4
4,4
4,4
4,4
4,4
4,4
4,4
4,4
4,4
4,4
4,4
4,4
5,5
5,5
5,5
5,11
5,11
5,5
5,5
5,5
5,5
5,5
5,5
5,5
5,5
5,5
5,5
5,5
5,5
5,5
5,5
5,5
5,5
5,5
5,5
5,5
5,5
5,5
5,5
5,5
5,5
5,5
5,5
5,5
5,5
5,5
5,5
5,5
5,5
5,5
5,5
5,5
5,5
5,5
5,5
5,5
5,5
5,5
5,5
5,5
5,4
5,5
5,4
5,5
5,5
5,5
5,5
5,5
5,5
5,5
5,5
6,6
6,6
6,6
6,6
6,6
6,6
6,6
6,6
6,6
6,6
6,6
6,6
6,6
6,6
6,6
6,6
6,6
6,6
6,6
6,6
6,6
6,6
6,6
6,6
6,6
7,7
7,7
7,7
7,7
7,7
7,7
7,7
7,7
7,17
7,7
7,7
7,7
7,7
7,7
7,7
7,7
7,7
7,7
7,7
7,7
7,7
7,7
7,7
7,7
7,7
7,7
7,7
7,7
7,7
7,7
7,7
7,7
7,7
7,7
7,7
8,8
8,8
8,8
8,8
8,8
8,8
8,8
8,8
8,8
8,8
8,8
8,8
8,8
8,8
8,8
8,8
8,8
8,8
8,8
8,8
8,8
8,8
8,8
8,8
8,8
8,20
8,8
8,8
8,8
8,8
8,8
8,22
8,22
8,22
8,8
8,8
8,8
8,8
8,8
8,8
8,8
8,8
8,8
8,22
8,2
8,4
8,4
9,9
9,9
9,9
9,9
9,9
9,9
9,9
9,9
9,9
9,9
9,9
9,9
9,9
9,9
9,9
9,9
9,9
9,9
9,9
9,9
9,9
9,9
9,9
9,9
9,9
9,9
9,9
9,9
9,9
9,9
9,9
9,9
9,9
9,9
9,9
9,9
9,9
9,9
9,9
9,9
9,9
9,9
9,9
9,9
9,20
9,9
9,9
9,9
9,9
9,9
9,9
9,9
9,9
9,9
9,7
9,9
9,9
9,9
9,9
9,9
9,9
9,9
9,9
9,9
9,9
9,9
9,22
9,15
9,22
9,22
9,15
9,15
9,22
9,22
9,21
9,22
9,22
9,21
9,22
9,21
9,21
9,28
9,22
9,22
9,2
9,22
9,22
9,22
9,20
10,10
10,10
10,10
10,10
10,10
10,10
10,10
10,10
10,10
10,10
10,10
10,10
10,10
10,10
10,10
10,10
10,10
10,10
10,10
10,10
10,10
10,10
10,10
10,10
10,10
10,10
10,10
10,10
10,10
10,10
10,10
10,10
10,10
10,10
10,10
10,10
10,10
10,10
10,10
10,10
10,10
10,10
10,10
10,10
10,10
10,10
10,10
10,10
10,10
10,10
10,10
10,10
10,10
10,10
10,10
10,10
10,10
10,10
10,10
10,10
10,10
10,10
10,10
10,10
10,10
10,10
10,10
10,26
10,26
10,26
10,10
10,10
10,10
10,10
10,10
10,10
10,3
10,10
10,10
10,10
10,10
10,10
10,10
10,10
10,10
10,10
10,10
10,10
10,10
10,10
10,10
10,10
10,10
10,10
10,10
10,10
10,10
10,10
10,10
10,10
10,10
10,10
10,10
10,10
10,10
10,10
10,10
10,10
10,10
10,10
10,10
10,10
10,10
10,10
10,10
10,10
10,10
10,10
10,10
10,5
11,11
11,11
11,11
11,11
11,11
11,11
11,11
11,11
11,11
11,11
11,11
11,11
11,11
11,11
11,11
11,11
11,11
11,4
11,11
11,11
11,11
11,11
11,11
11,11
11,11
11,11
11,11
11,11
11,11
11,11
11,11
11,11
11,11
11,11
11,11
11,11
11,11
11,11
11,11
11,11
11,11
11,11
11,11
11,11
11,11
11,11
11,11
11,11
11,11
11,11
11,11
11,11
11,11
11,11
11,11
11,11
11,11
11,11
11,11
11,11
11,11
11,11
11,11
11,11
11,11
11,11
11,11
11,11
11,11
12,12
12,12
12,12
12,12
12,12
12,12
12,12
12,12
12,12
12,12
12,12
12,3
12,3
12,10
12,10
12,10
13,8
13,8
13,13
13,11
13,11
13,11
13,11
13,11
13,11
13,4
13,8
13,8
13,13
13,4
13,13
13,13
13,13
13,11
13,11
13,11
13,11
13,4
13,13
13,13
13,13
14,17
14,17
14,17
14,1
14,1
14,17
14,17
14,17
14,3
14,9
14,9
14,7
14,14
14,14
14,17
15,28
15,15
15,15
15,15
15,4
16,13
16,28
16,13
16,13
16,13
16,13
17,4
17,1
17,17
17,17
17,17
17,17
17,17
17,17
17,17
17,17
17,17
17,17
17,17
17,17
17,17
17,17
17,19
17,17
18,18
18,17
18,18
18,18
18,18
18,18
18,18
18,18
18,22
18,25
18,25
19,28
19,28
19,28
19,18
19,18
19,17
19,13
19,4
19,20
19,16
19,7
19,7
19,1
19,19
19,7
19,19
19,7
20,13
20,20
20,7
20,19
20,7
20,20
20,7
20,19
20,20
20,20
20,15
20,7
20,9
20,21
20,9
21,22
21,21
21,21
21,21
21,21
21,25
21,22
21,21
21,8
21,22
21,28
21,8
21,20
21,20
21,21
22,22
22,22
22,13
22,22
22,22
22,22
22,22
22,22
22,22
22,22
22,22
22,22
22,22
22,22
22,22
22,22
22,22
22,22
22,22
22,22
22,22
22,22
22,22
22,22
22,22
22,22
22,22
22,22
22,22
22,2
22,2
22,22
22,22
22,2
22,22
22,22
22,22
23,4
23,23
23,23
23,23
23,23
23,23
23,8
23,28
23,19
23,7
23,23
24,13
24,13
24,3
24,0
24,7
24,19
24,7
24,1
24,7
24,19
24,20
24,0
24,7
24,17
24,1
24,17
24,17
25,8
25,25
25,25
25,22
25,25
25,15
25,25
25,22
25,25
25,25
25,28
25,25
26,5
26,10
26,26
26,5
26,5
26,10
26,5
26,5
26,10
26,10
26,26
26,10
26,10
26,10
26,10
26,10
26,10
26,10
26,26
26,26
26,26
26,10
26,26
27,2
27,2
27,2
27,2
27,2
27,22
27,22
27,19
27,9
27,13
27,9
27,9
27,22
27,2
27,2
28,18
28,28
28,28
28,28
28,18
28,28
28,28
28,28
28,28
1,1
1,1
1,20
1,1
1,4
1,1
1,4
1,1
1,1
1,1
1,1
1,4
1,1
1,1
1,1
1,1
1,1
1,1
1,1
1,1
1,1
1,1
1,1
1,1
1,1
1,1
1,1
1,1
1,1
1,1
1,1
1,1
1,1
1,1
1,1
1,11
1,1
1,1
1,1
1,1
1,1
1,1
1,1
1,1
1,1
1,1
1,1
1,1
1,1
1,1
1,1
1,1
1,1
1,1
1,1
1,1
1,1
1,1
1,1
1,1
1,1
1,1
1,1
1,1
1,1
1,1
1,1
1,1
1,1
1,1
1,1
1,1
1,1
1,1
1,1
1,1
1,1
1,1
1,1
1,1
1,1
1,1
1,1
1,1
1,1
1,1
1,1
1,1
1,1
2,2
2,2
2,2
2,2
2,2
2,2
2,2
2,13
2,13
2,13
2,2
2,8
2,2
2,2
2,2
2,2
2,2
2,2
2,2
2,2
2,2
2,2
2,2
2,2
2,13
2,11
2,4
2,2
2,2
2,2
2,2
2,2
2,2
2,2
2,2
2,27
2,2
2,2
2,2
2,2
2,2
2,25
2,2
3,3
3,3
3,3
3,3
3,3
3,3
3,3
3,3
3,3
3,3
3,3
3,3
3,3
3,3
3,3
3,3
3,3
3,3
3,3
3,3
3,3
3,3
3,3
3,3
3,3
3,3
3,3
3,3
3,3
3,3
3,3
3,3
3,3
3,3
3,3
3,3
3,3
3,3
3,3
4,4
4,13
4,13
4,13
4,13
4,13
4,13
4,13
4,18
4,7
4,13
4,4
4,4
4,11
4,13
4,13
4,13
4,13
4,13
4,13
4,13
4,13
4,13
4,13
4,13
4,7
4,13
4,7
4,18
4,18
4,4
6,6
6,6
6,6
6,6
6,6
6,6
6,6
6,6
6,6
6,6
6,6
6,6
6,6
6,6
6,6
6,6
6,6
6,6
6,6
6,6
6,6
6,6
6,6
6,6
6,6
7,7
7,7
7,7
7,7
7,7
7,7
7,7
7,7
7,7
7,7
7,7
7,7
7,7
7,7
7,7
7,7
7,7
7,7
7,7
7,7
7,7
7,7
7,17
7,7
7,7
7,19
7,7
7,24
7,19
7,7
7,7
7,7
7,7
8,8
8,8
8,8
8,8
8,8
8,8
8,8
8,8
8,8
8,8
8,8
8,8
8,8
8,8
8,8
8,8
8,8
8,8
8,8
8,8
8,8
8,8
8,8
8,8
8,8
8,8
8,18
8,8
8,28
8,8
8,8
8,8
8,8
9,7
9,9
9,9
9,9
9,9
9,27
9,2
9,9
9,9
9,9
9,7
9,9
9,9
9,9
9,9
9,9
9,9
9,9
9,9
9,9
9,9
9,9
9,9
9,9
9,9
9,9
9,9
9,9
9,9
9,9
9,9
9,9
9,9
9,24
9,9
9,6
9,9
9,24
9,7
9,7
9,24
9,9
9,9
9,9
9,9
9,9
9,7
9,7
9,9
9,9
9,9
10,10
10,10
10,10
10,10
10,10
10,10
10,10
10,10
10,10
10,10
10,10
10,10
10,10
10,10
10,10
10,10
10,10
10,10
10,10
10,10
10,10
10,10
10,26
10,10
10,10
10,10
10,10
10,10
10,10
10,10
10,10
10,10
10,10
10,10
10,10
10,10
10,10
10,10
10,10
10,10
10,10
10,10
10,10
10,10
10,10
10,10
10,10
10,10
10,10
10,10
10,10
10,10
10,10
10,10
10,10
10,10
10,10
10,10
10,10
10,18
10,10
11,11
11,11
11,11
11,11
11,11
11,11
11,11
11,11
11,11
11,11
11,11
11,11
11,11
11,11
11,11
11,11
11,11
11,11
11,11
11,11
11,11
11,11
11,11
11,11
11,11
11,11
11,11
11,11
11,11
11,11
11,11
11,11
11,11
11,11
11,11
11,11
11,11
11,11
11,11
11,11
11,11
11,11
11,11
11,11
11,11
11,11
11,11
11,11
11,11
11,11
11,11
11,11
11,11
11,11
11,11
11,11
11,11
11,11
11,11
11,11
11,11
11,11
11,11
11,11
11,12
11,11
11,11
11,11
11,11
12,12
12,12
12,12
12,12
12,12
12,12
12,12
12,12
12,12
12,12
12,12
12,12
12,12
12,12
12,12
12,12
12,12
12,12
12,12
12,12
12,12
12,12
12,12
12,12
12,12
12,12
12,12
12,12
12,12
12,12
12,12
12,12
12,12
12,12
12,12
12,12
12,12
12,12
12,12
12,12
12,12
12,12
12,12
12,12
12,12
12,12
12,12
12,12
12,12
12,12
12,12
12,12
12,12
12,12
12,12
12,12
12,12
12,12
12,12
13,5
13,13
13,13
13,13
13,18
13,13
13,13
13,28
13,18
13,4
13,3
13,13
13,28
13,13
13,19
13,13
13,3
13,3
13,3
13,3
13,3
13,26
13,13
13,13
13,18
13,13
13,13
13,13
13,18
13,13
13,13
14,14
14,17
14,18
14,18
14,18
14,17
14,18
14,1
14,18
14,19
14,24
14,24
14,17
14,17
14,17
15,28
15,13
15,13
15,13
15,13
16,1
16,18
16,18
16,13
16,18
16,3
16,3
16,3
17,19
17,19
17,17
17,17
17,17
17,17
17,17
17,17
17,17
17,17
17,17
17,17
17,17
17,17
17,17
17,17
17,17
17,17
17,17
17,17
17,17
17,17
17,17
17,17
17,17
17,17
17,17
18,13
18,26
18,11
18,18
18,18
18,18
18,18
18,18
18,18
18,18
18,18
18,18
18,18
19,18
19,19
19,19
19,17
19,17
19,24
19,24
19,0
20,20
20,20
20,20
20,7
20,7
20,7
20,7
20,7
20,7
20,7
20,7
20,7
20,7
20,20
20,20
21,20
21,20
21,20
21,8
21,22
21,20
21,21
21,20
21,7
21,20
21,19
21,9
22,13
22,13
22,22
22,21
22,22
22,22
22,22
22,22
22,2
22,8
22,22
22,22
22,27
22,22
22,22
22,22
22,22
22,22
22,2
22,2
22,22
22,22
22,22
22,22
22,22
22,22
22,22
22,22
22,22
22,22
22,22
22,22
22,22
22,22
22,22
22,27
22,22
22,22
22,22
22,22
22,22
22,22
22,22
22,22
22,22
22,22
22,22
22,22
22,22
22,22
22,22
22,22
22,22
22,22
22,22
22,22
22,22
22,22
22,25
23,23
23,23
23,23
23,23
23,23
23,23
23,8
23,23
23,23
24,24
24,24
24,24
24,24
24,24
24,24
24,24
24,24
24,24
24,24
24,24
24,0
24,0
24,24
24,0
24,24
24,24
24,24
24,24
24,24
24,24
24,24
24,24
24,24
24,24
24,24
24,24
24,0
24,24
25,9
25,27
25,26
25,26
25,27
25,27
25,27
25,27
25,27
25,27
25,13
26,26
26,26
26,26
26,26
26,26
26,26
26,26
26,26
26,26
26,26
26,26
26,26
26,26
26,26
26,26
26,26
26,26
26,26
26,26
26,26
26,26
26,26
26,3
26,3
26,3
26,3
26,9
26,13
26,18
28,28
28,28
28,28
28,28
28,28
28,28
28,19
28,7
28,28
0,0
0,0
0,0
0,0
0,0
0,0
0,0
0,0
0,0
0,0
0,0
0,0
0,0
0,0
0,0
0,0
0,0
0,0
0,0
0,0
0,0
0,0
0,0
0,0
0,0
0,0
0,0
0,7
0,0
0,0
0,0
0,0
0,0
0,0
0,0
0,0
0,0
0,0
0,0
0,0
0,0
0,0
0,0
0,0
0,0
0,0
0,0
0,0
0,0
0,0
0,0
0,0
0,0
0,0
0,0
0,0
0,0
0,0
0,0
0,0
0,0
0,0
0,0
0,0
0,0
0,0
0,0
0,0
0,0
0,0
0,0
0,0
0,0
0,0
0,0
0,0
0,0
0,0
0,0
0,0
0,0
0,0
0,0
0,0
0,0
0,0
0,0
0,0
0,0
0,0
0,0
0,0
0,9
0,0
0,0
0,0
0,0
0,0
0,0
0,0
0,0
0,0
0,0
0,0
0,0
0,0
0,0
0,0
0,0
0,0
0,0
0,0
0,0
0,0
0,0
0,0
0,0
0,0
0,0
0,0
0,0
0,0
0,0
0,0
0,0
0,0
0,0
0,0
0,0
0,0
0,0
0,0
0,0
0,0
0,0
0,0
0,0
0,0
0,0
0,0
0,0
0,0
0,0
0,0
0,0
0,0
0,0
0,5
2,2
2,2
2,2
2,2
2,2
2,2
2,2
2,2
2,2
2,2
2,2
2,2
2,2
2,2
2,2
2,2
2,2
2,2
2,2
2,25
2,2
2,2
2,2
2,2
2,2
2,2
2,2
2,2
2,2
2,2
2,2
2,2
2,2
2,2
2,2
2,2
2,2
2,2
2,25
2,25
2,2
2,2
2,2
3,3
3,3
3,3
3,3
3,3
3,3
3,3
3,3
3,3
3,3
3,3
3,3
3,3
3,3
3,17
3,3
3,9
3,3
3,3
3,3
3,3
3,3
3,3
3,3
3,4
3,9
3,3
3,3
3,3
3,3
3,0
3,5
3,5
3,3
3,3
3,3
3,3
3,3
3,3
3,0
3,3
3,3
3,3
4,4
4,4
4,4
4,4
4,4
4,4
4,4
4,4
4,4
4,4
4,4
4,4
4,4
4,4
4,4
4,4
4,4
4,4
4,4
4,4
4,4
4,0
4,4
4,1
4,4
4,4
4,1
4,4
4,4
4,4
4,0
4,4
4,4
4,4
4,4
4,4
4,4
4,4
4,4
4,5
4,4
4,4
4,4
5,5
5,5
5,5
5,5
5,5
5,5
5,5
5,5
5,5
5,5
5,5
5,5
5,5
5,5
5,5
5,3
5,13
5,2
5,5
5,5
5,4
5,4
5,4
5,4
5,4
5,13
5,5
5,5
5,5
5,5
5,5
5,5
5,5
5,5
5,5
5,5
5,5
5,4
5,5
6,6
6,6
6,6
6,6
6,6
6,6
6,6
6,6
6,6
6,6
6,6
6,6
6,6
6,6
6,6
6,6
6,6
6,6
6,6
6,6
6,6
6,6
6,6
6,6
6,6
6,6
6,6
6,6
6,6
6,6
6,6
7,7
7,7
7,7
7,7
7,7
7,7
7,7
7,7
7,7
7,7
7,7
7,7
7,7
7,7
7,7
7,7
7,7
7,7
7,7
7,7
7,7
7,7
7,7
7,7
7,7
7,7
7,7
7,7
7,7
7,7
7,7
7,7
7,7
7,7
7,7
8,8
8,8
8,8
8,8
8,8
8,8
8,8
8,8
8,8
8,8
8,8
8,8
8,8
8,8
8,8
8,13
8,8
8,8
8,8
8,8
8,8
8,8
8,8
8,8
8,8
9,9
9,9
9,9
9,9
9,9
9,9
9,9
9,9
9,9
9,9
9,9
9,9
9,9
9,9
9,9
9,9
9,9
9,9
9,9
9,9
9,9
9,9
9,9
9,9
9,9
9,9
9,9
9,9
9,9
9,9
9,2
9,9
9,9
9,9
9,9
9,9
9,9
9,9
9,9
9,9
9,9
9,9
9,9
9,9
9,9
9,9
9,9
9,9
9,9
9,9
9,9
9,9
9,9
9,9
9,9
9,9
9,9
9,9
9,9
10,10
10,10
10,10
10,10
10,10
10,10
10,10
10,10
10,10
10,10
10,10
10,10
10,10
10,10
10,10
10,10
10,10
10,10
10,10
10,10
10,10
10,10
10,10
10,10
10,10
10,10
10,10
10,10
10,10
10,10
10,10
10,10
10,10
10,10
10,10
10,10
10,10
10,10
10,10
10,10
10,10
10,10
10,10
10,10
10,10
10,10
10,10
10,10
10,10
10,5
10,13
10,10
10,10
10,10
10,10
10,10
10,10
10,10
10,10
10,10
10,10
10,10
10,10
10,10
10,10
10,10
10,10
10,10
10,10
10,10
10,10
10,10
10,10
10,10
10,10
10,10
10,10
10,10
10,10
10,10
10,10
10,10
10,10
10,10
10,10
10,10
10,10
10,10
10,10
11,13
11,11
11,11
11,11
11,11
11,11
11,11
11,11
11,11
11,11
11,11
11,11
11,11
11,11
11,11
11,11
11,11
11,4
11,11
11,11
11,11
11,11
11,11
11,11
11,11
11,11
11,11
11,11
11,11
11,4
11,11
11,4
11,11
12,12
12,12
12,12
12,12
12,12
12,12
12,12
12,12
12,12
12,12
12,12
12,12
12,12
12,12
12,12
12,12
12,12
12,12
12,12
12,12
12,12
12,12
12,12
12,12
12,12
12,12
12,12
12,12
12,12
12,12
12,12
12,12
12,12
12,12
12,12
12,12
12,12
12,12
12,12
13,13
13,13
13,13
13,13
13,4
13,28
13,13
13,13
13,4
13,13
13,13
13,13
13,26
13,13
13,13
13,4
13,13
13,13
13,13
13,13
13,13
13,13
13,13
13,13
13,13
13,13
13,4
13,13
13,13
14,12
14,12
14,14
14,14
14,14
14,3
14,17
14,17
14,19
14,17
14,17
14,17
14,17
14,17
14,17
14,17
14,17
14,17
14,17
14,17
14,17
15,22
15,15
15,27
15,25
15,22
15,22
15,21
15,15
15,27
15,9
16,7
16,4
16,4
16,28
16,4
16,28
16,28
16,13
16,8
17,13
17,17
17,17
17,17
17,17
17,17
17,17
17,17
17,17
17,17
17,17
17,17
17,19
17,17
17,17
17,1
17,8
18,4
18,4
18,18
18,18
18,18
18,18
18,18
18,16
18,13
18,13
18,8
19,4
19,16
19,7
19,19
19,7
19,24
19,17
19,17
19,19
19,1
23,23
23,23
23,23
23,23
23,23
23,23
23,23
23,23
23,23
23,23
23,23
24,24
24,24
24,24
24,24
24,24
24,24
24,24
24,3
24,3
24,9
24,0
25,13
25,2
25,13
25,25
25,22
25,25
25,13
25,13
25,25
25,13
25,26
25,26
28,8
28,28
28,28
28,8
28,28
28,25
28,22
28,28
28,28
28,28
28,28
28,8
28,28
0,4
0,0
0,0
0,0
0,0
0,1
0,4
0,0
0,1
0,0
0,0
0,0
0,0
0,0
0,4
0,1
0,0
0,9
0,7
0,16
0,11
0,19
0,9
0,0
0,0
0,0
0,0
0,0
0,0
0,0
0,7
0,0
0,0
0,0
0,0
0,7
0,0
0,7
0,19
0,3
0,0
0,9
0,0
0,0
0,0
0,0
0,7
0,1
0,19
2,2
2,2
2,2
2,2
2,2
2,2
2,13
2,2
2,13
2,13
2,2
2,2
2,2
2,2
2,2
2,2
2,2
2,2
2,2
2,2
2,2
2,2
2,2
2,2
2,2
2,2
2,2
2,2
2,2
2,2
2,2
2,2
2,2
2,2
2,2
2,2
2,2
2,2
2,2
2,2
2,2
2,2
2,2
2,2
2,2
2,2
2,2
2,2
2,6
2,2
2,2
3,3
3,3
3,3
3,3
3,3
3,3
3,3
3,3
3,3
3,3
3,3
3,3
3,3
3,17
3,3
3,3
3,3
3,3
3,3
3,3
3,3
3,3
3,3
3,3
3,3
3,3
3,3
3,3
3,3
3,3
3,10
3,3
3,3
3,3
3,3
3,3
3,3
3,3
3,3
3,3
3,3
3,3
3,3
3,3
3,3
3,3
3,3
3,3
3,3
3,3
3,3
3,3
3,3
3,3
3,3
3,3
3,3
3,3
3,3
3,3
3,3
3,3
3,17
3,17
3,3
3,3
3,3
3,0
3,3
3,3
3,3
3,17
3,3
3,3
3,3
3,3
3,3
3,3
3,3
3,3
3,3
3,3
3,3
3,3
3,3
3,3
3,3
3,3
3,3
3,3
3,3
3,3
3,3
4,13
4,4
4,23
4,28
4,4
4,4
4,4
4,4
4,11
4,11
4,4
4,4
4,4
4,4
4,4
4,4
4,4
4,13
4,4
4,13
4,4
4,4
4,4
4,4
4,4
4,4
4,4
4,28
4,4
4,0
4,4
4,4
4,18
4,4
4,4
4,4
4,4
6,6
6,0
6,6
6,6
6,6
6,0
6,0
6,6
6,0
6,4
6,0
6,6
6,6
6,0
6,0
6,0
6,0
6,0
6,6
6,4
6,0
6,0
6,6
6,0
6,0
6,6
6,0
6,0
6,0
7,7
7,7
7,7
7,7
7,7
7,7
7,7
7,7
7,7
7,7
7,7
7,24
7,7
7,7
7,9
7,7
7,7
7,7
7,6
7,7
7,7
7,7
7,7
7,7
7,7
7,7
7,7
7,7
7,24
8,8
8,8
8,8
8,8
8,8
8,8
8,8
8,8
8,8
8,8
8,8
9,9
9,9
9,9
9,9
9,9
9,9
9,9
9,9
9,9
9,9
9,9
9,9
9,9
9,9
9,9
9,9
9,9
9,9
9,9
9,9
9,9
9,20
9,9
9,9
9,27
9,9
9,9
9,9
9,9
9,9
9,9
9,9
9,9
9,9
9,3
9,3
9,3
9,26
9,3
9,26
9,9
9,9
9,9
9,9
9,9
9,9
9,9
9,9
9,9
9,20
9,9
9,9
9,9
9,5
9,9
9,9
9,9
9,9
9,9
9,9
9,9
9,9
9,9
10,10
10,10
10,5
10,10
10,10
10,10
10,10
10,10
10,10
10,10
10,10
10,10
10,10
10,10
10,10
10,10
10,10
10,10
10,10
10,2
10,2
10,10
10,10
10,10
10,10
10,10
10,10
10,10
10,10
10,10
10,10
10,10
10,5
10,10
10,10
10,10
10,10
10,10
10,10
10,10
10,10
10,10
10,10
10,10
10,10
10,10
10,2
10,2
10,10
10,10
10,10
10,10
10,10
10,10
10,26
10,26
10,10
10,10
10,10
10,10
10,10
10,10
10,10
10,10
10,10
10,10
10,10
10,10
10,10
11,11
11,11
11,11
11,11
11,11
11,11
11,11
11,11
11,11
11,11
11,11
11,11
11,11
11,11
11,11
11,11
11,11
11,11
11,11
11,11
11,11
11,11
11,4
11,11
11,11
11,4
11,4
11,11
11,11
11,11
11,11
11,11
11,11
11,11
11,11
11,18
11,13
11,11
11,11
11,11
11,11
11,11
11,11
11,11
11,11
11,11
11,11
11,11
11,11
11,11
11,11
11,11
11,11
11,11
11,11
11,11
11,11
11,11
11,11
11,11
11,11
11,11
11,11
11,11
11,11
11,11
11,11
11,11
11,11
11,11
11,11
11,11
11,11
11,11
11,11
11,11
11,11
11,11
11,11
11,4
11,13
11,11
11,11
11,11
11,11
11,11
11,11
11,12
11,12
11,11
11,11
11,11
11,11
11,11
11,11
11,11
11,11
11,11
11,13
12,14
12,12
12,12
12,12
12,12
12,12
12,12
12,12
12,12
12,12
12,12
12,12
12,12
12,12
12,12
12,12
12,12
12,12
12,12
12,12
12,12
12,12
12,12
12,12
12,12
12,12
12,12
12,12
12,12
12,12
12,12
12,12
12,12
12,12
12,12
12,12
12,12
12,12
12,12
12,12
12,12
12,12
12,12
12,12
12,12
12,12
12,12
12,12
12,12
12,12
12,12
12,12
12,12
12,12
12,12
12,12
12,12
12,12
12,12
13,28
13,28
13,13
13,13
13,4
13,7
13,13
13,13
13,13
13,13
13,11
13,13
13,13
13,13
13,13
13,13
13,13
13,13
13,13
13,13
13,13
13,13
13,13
13,13
13,13
13,13
13,8
13,13
13,13
13,13
13,13
13,13
13,13
13,13
13,11
13,11
13,13
13,13
13,13
13,13
13,13
13,13
13,13
13,4
13,13
13,13
13,4
13,13
13,11
13,16
13,13
13,13
13,13
13,13
13,13
14,17
14,17
14,14
14,14
14,14
14,14
14,17
14,17
14,17
14,1
14,1
15,15
15,28
15,21
15,22
15,22
15,21
15,15
15,27
15,2
16,13
16,13
16,13
16,13
16,4
17,3
17,17
17,1
17,17
17,17
17,17
17,17
17,17
17,17
17,17
17,17
17,17
17,17
17,17
17,17
17,17
17,17
17,17
17,17
17,17
17,17
17,17
17,17
17,17
17,17
17,7
18,18
18,18
18,18
18,18
18,18
18,18
18,18
18,18
18,18
18,18
18,18
18,18
18,28
18,4
18,28
18,28
18,18
18,18
18,18
18,18
18,18
18,18
18,18
18,16
18,18
19,24
19,24
19,17
19,19
19,27
19,9
19,9
20,20
20,20
20,21
20,20
20,20
20,7
20,24
20,9
20,20
20,9
20,9
20,20
20,21
21,21
21,22
21,20
21,21
21,21
21,22
21,22
21,22
21,22
21,27
22,20
22,8
22,22
22,22
22,8
22,22
22,22
22,22
22,2
22,22
22,2
22,2
22,27
22,2
22,2
22,27
22,27
22,2
22,2
22,2
22,2
22,26
22,2
22,26
22,22
22,22
22,2
22,2
22,2
23,23
23,23
23,23
23,23
23,23
23,23
23,23
23,23
23,6
23,23
23,23
23,6
23,23
23,23
23,23
23,23
23,23
24,24
24,24
24,24
24,24
24,0
24,24
24,24
24,9
24,6
24,0
24,24
24,24
24,24
24,24
24,0
24,24
24,24
25,7
25,13
25,2
25,9
25,4
25,13
25,4
25,5
25,5
25,4
25,13
25,13
26,5
26,5
26,3
26,26
26,26
26,26
26,26
26,13
26,26
26,13
26,26
26,26
26,26
26,26
26,26
26,26
26,26
26,13
26,26
26,26
26,26
26,26
26,26
26,13
26,13
26,13
26,5
26,5
26,5
26,13
26,5
26,5
26,5
26,13
26,26
26,26
26,26
26,26
26,26
26,5
26,5
26,26
26,26
26,26
26,26
26,26
26,26
26,26
26,26
26,5
26,26
26,26
26,26
26,5
26,13
26,5
26,13
26,13
26,13
27,27
27,27
27,27
27,2
27,22
27,2
27,9
27,9
27,9
27,9
27,9
27,9
27,24
27,24
27,24
27,24
27,24
27,24
27,9
27,9
27,2
27,21
27,20
27,20
27,21
27,2
27,25
27,2
27,2
28,4
28,5
28,5
28,4
28,5
28,5
28,4
28,5
28,5
28,5
28,13
28,13
28,5
28,4
28,5
28,13
28,13
28,18
28,13
28,13
28,13
28,13
28,4
28,11
28,4
28,13
28,4
28,4
28,5
28,4
28,13
28,13
28,13
0,0
0,0
0,0
0,0
0,0
0,0
0,0
0,0
0,0
0,0
0,0
0,0
0,0
0,0
0,0
0,0
0,0
2,2
2,2
2,2
2,2
2,2
2,2
2,2
2,2
2,2
2,2
2,2
2,2
2,2
2,2
2,2
2,2
2,2
2,2
2,2
2,2
2,2
2,2
2,2
2,2
2,2
2,2
2,2
2,2
2,2
2,2
3,3
3,3
3,4
3,3
3,26
3,3
3,3
3,3
3,3
3,26
3,26
3,3
3,3
3,3
3,3
3,3
3,3
3,3
3,3
3,3
3,3
3,3
3,3
3,3
3,3
3,3
3,3
3,3
3,3
3,3
3,3
4,4
4,4
4,4
4,4
4,4
4,4
4,4
4,4
4,4
4,13
4,4
4,4
4,4
4,7
4,28
4,4
4,4
4,4
4,4
4,11
4,28
4,28
4,4
4,13
4,18
6,6
6,6
6,6
6,6
6,6
6,6
6,6
6,6
6,6
6,6
6,6
6,6
6,6
7,7
7,7
7,7
7,7
7,7
7,7
7,7
7,19
7,7
7,7
7,7
7,7
7,7
7,7
7,7
7,7
7,7
7,7
7,7
7,7
7,7
7,7
7,7
7,7
7,7
8,8
8,8
8,8
8,8
8,8
8,8
8,8
8,8
8,8
8,8
8,8
8,8
8,8
8,8
8,8
8,8
8,8
8,8
8,8
8,8
8,8
9,9
9,9
9,9
9,9
9,9
9,9
9,9
9,9
9,9
9,9
9,9
9,9
9,9
9,9
9,9
9,9
9,9
9,9
9,9
9,9
9,9
9,22
9,21
9,9
9,9
9,9
9,9
9,9
9,9
9,9
9,9
9,9
9,9
9,9
9,9
9,9
9,9
9,9
9,9
10,10
10,10
10,10
10,10
10,10
10,10
10,10
10,10
10,10
10,10
10,10
10,10
10,10
10,10
10,10
10,10
10,10
10,10
10,10
10,10
10,10
10,10
10,10
11,11
11,11
11,11
11,11
11,11
11,11
11,11
11,11
11,11
11,11
11,11
11,11
11,11
11,11
11,11
11,11
11,11
11,11
11,11
11,11
11,11
11,11
11,11
11,11
11,11
11,11
11,11
11,11
11,11
11,11
11,11
11,11
11,11
11,11
11,11
11,11
11,11
11,4
11,11
11,11
11,11
11,11
11,11
11,11
11,11
11,11
11,11
11,11
11,11
11,11
11,11
11,11
11,11
11,11
11,11
11,11
11,11
11,11
11,11
11,11
11,11
11,11
11,11
12,12
12,12
12,12
12,12
12,12
12,12
12,12
12,12
12,12
12,12
12,12
12,12
12,12
12,12
12,12
12,12
12,12
12,12
12,12
12,12
12,12
12,12
12,12
12,12
12,12
12,12
12,12
12,12
12,12
13,13
13,26
13,13
13,13
13,13
13,13
13,13
13,26
13,26
13,13
13,13
13,13
13,4
13,13
13,13
13,26
13,3
13,13
13,13
13,13
13,13
13,13
13,4
13,13
13,4
13,13
13,13
13,13
13,13
13,13
13,18
13,13
13,13
13,4
13,4
13,13
13,13
13,13
13,13
14,3
14,3
14,7
14,7
14,24
14,24
15,15
15,15
15,22
15,15
15,15
15,15
15,25
15,18
16,25
16,18
16,13
16,13
16,13
16,13
17,15
17,25
17,25
17,25
17,17
17,3
17,11
17,4
17,11
17,4
17,17
17,11
17,27
17,25
17,25
17,28
17,15
18,25
18,25
18,25
18,26
18,3
18,13
18,4
18,4
18,13
18,3
18,25
18,25
18,25
19,25
19,14
19,19
19,17
19,24
19,24
19,17
19,24
19,24
19,19
19,19
19,18
20,9
20,9
20,9
20,9
20,9
20,21
20,20
20,20
20,20
20,24
20,7
20,7
20,9
20,20
20,20
20,8
20,22
21,21
21,20
21,2
21,2
21,2
21,25
21,27
21,25
21,25
21,2
21,2
21,3
21,2
22,28
22,22
22,22
22,22
22,22
22,22
22,22
22,22
22,22
22,22
22,22
22,22
22,22
22,22
22,22
22,22
22,22
22,22
22,22
22,22
22,22
22,22
22,22
23,6
23,23
23,23
23,4
24,7
24,24
24,24
24,24
24,24
24,3
24,24
24,24
24,24
24,24
24,24
24,24
24,24
24,24
24,3
25,25
25,25
25,25
25,25
25,25
25,25
25,25
25,25
25,25
25,25
25,25
25,25
25,25
25,25
25,25
26,3
26,26
26,3
26,3
26,26
26,3
26,26
26,2
26,26
26,26
26,26
26,26
26,2
26,2
26,2
26,4
26,2
26,2
26,2
27,27
27,2
27,2
27,2
27,2
27,2
27,2
27,22
27,9
27,9
27,9
27,24
27,7
27,19
27,7
27,7
27,7
27,0
27,20
27,9
27,9
27,25
27,28
28,2
28,2
28,2
28,2
28,2
28,25
28,25
28,25
28,2
28,13
28,5
28,27
28,25
28,3
28,27
28,2
28,2
0,1
0,1
0,1
0,1
0,1
0,0
0,24
0,0
0,0
0,0
0,0
0,7
0,0
0,0
0,0
0,0
0,0
0,0
0,0
0,0
0,0
0,0
0,0
0,0
0,0
0,0
0,0
0,0
0,0
0,0
0,0
0,0
0,0
0,0
0,0
0,0
0,0
0,0
0,0
0,0
0,0
0,0
0,0
0,0
0,0
0,0
0,0
0,0
0,0
0,0
0,0
0,0
0,24
0,0
0,0
0,0
0,0
0,0
0,0
0,0
0,0
0,0
0,1
0,0
0,0
0,0
0,0
0,0
0,0
0,0
0,0
0,0
0,0
0,0
0,0
0,0
0,0
0,0
0,0
0,0
0,0
0,0
0,0
0,0
0,0
0,0
0,0
0,0
0,0
0,0
0,0
0,0
0,0
0,0
0,0
0,0
0,0
0,0
0,0
0,0
0,0
0,0
0,0
0,0
0,0
0,0
0,1
0,0
0,0
0,0
0,0
0,0
0,0
0,0
0,0
0,0
0,0
0,0
0,24
0,0
0,0
0,0
0,0
0,0
0,0
0,1
0,7
0,0
0,0
0,0
0,0
0,0
0,0
0,0
0,0
0,0
0,0
0,0
0,0
0,0
0,0
0,0
2,2
2,2
2,2
2,2
2,2
2,2
2,2
2,2
2,2
2,2
2,2
2,2
2,2
2,2
2,2
2,2
2,2
2,2
2,2
2,2
2,2
2,2
2,2
2,2
2,2
2,13
2,2
2,2
2,2
2,2
2,2
2,2
2,2
2,2
2,9
2,2
2,2
2,2
2,2
2,2
2,2
2,2
2,2
2,2
2,2
2,2
2,2
2,2
2,2
2,2
2,2
2,2
2,2
2,2
2,2
2,2
2,2
2,2
2,2
3,3
3,3
3,3
3,3
3,3
3,3
3,3
3,3
3,3
3,3
3,3
3,3
3,3
3,3
3,3
3,3
3,3
3,3
3,3
3,3
3,3
3,3
3,3
3,3
3,11
3,3
3,3
3,3
3,3
3,3
3,3
3,3
3,3
3,3
3,3
3,3
3,3
3,3
3,3
3,3
3,3
3,3
3,3
3,3
3,3
4,4
4,4
4,4
4,4
4,4
4,4
4,4
4,4
4,4
4,4
4,4
4,4
4,5
4,5
4,4
4,5
4,4
4,4
4,4
4,4
4,4
4,4
4,4
4,4
4,5
4,5
4,4
4,1
5,5
5,5
5,5
5,5
5,5
5,5
5,5
5,5
5,4
5,5
5,5
5,5
5,5
5,5
5,4
5,4
5,4
5,5
5,5
5,5
5,5
5,5
5,5
5,5
5,5
5,5
5,5
5,5
5,5
5,5
5,5
5,4
5,4
5,4
5,5
5,5
5,4
5,4
5,4
5,4
5,28
6,6
6,6
6,6
6,6
6,6
6,6
6,6
6,6
6,6
6,6
6,6
6,6
6,6
6,6
6,6
6,6
6,6
6,6
6,6
6,6
6,6
7,7
7,7
7,7
7,7
7,7
7,7
7,7
7,7
7,7
7,7
7,7
7,7
7,7
7,7
7,7
7,7
7,7
7,7
7,7
7,7
7,7
7,7
7,7
7,7
7,7
7,7
7,7
7,7
7,7
7,7
7,7
7,7
7,7
7,7
7,7
7,7
7,7
8,8
8,8
8,8
8,8
8,8
8,8
8,8
8,8
8,8
8,8
8,8
8,8
8,8
8,8
8,8
8,8
8,8
8,8
8,8
8,8
8,8
8,8
8,8
8,8
8,8
8,8
8,8
8,8
8,8
8,8
8,8
8,8
8,8
8,8
8,8
8,8
8,8
8,8
8,8
8,8
8,8
9,9
9,9
9,9
9,9
9,9
9,9
9,9
9,9
9,9
9,9
9,9
9,9
9,9
9,9
9,9
9,9
9,9
9,9
9,9
9,9
9,9
9,9
9,9
9,9
9,9
9,9
9,9
9,9
9,9
9,9
9,9
9,9
9,9
9,9
9,9
10,10
10,10
10,10
10,10
10,10
10,10
10,10
10,10
10,10
10,10
10,10
10,10
10,10
10,10
10,10
10,10
10,10
10,10
10,10
10,10
10,10
10,10
10,3
10,10
10,10
10,10
10,10
10,10
10,10
10,10
10,10
10,10
10,10
10,10
10,10
11,11
11,11
11,11
11,11
11,11
11,11
11,11
11,11
11,12
11,11
11,11
11,11
11,11
11,11
11,11
11,11
11,11
11,11
11,11
11,11
11,11
11,11
11,11
11,11
11,11
11,11
11,11
11,11
11,11
11,11
11,11
11,11
11,18
12,12
12,12
12,12
12,12
12,12
12,12
12,12
12,12
12,12
12,12
12,12
12,12
12,12
12,12
12,12
12,12
12,12
12,12
12,3
12,12
12,12
12,12
12,12
12,12
12,12
12,12
12,12
13,8
13,13
13,8
13,13
13,13
13,8
13,22
13,13
13,13
13,13
13,13
13,7
13,13
13,13
13,13
13,13
13,13
13,13
13,13
13,8
13,2
13,25
13,13
13,13
13,13
13,28
13,13
13,13
13,13
14,12
14,12
14,3
14,24
14,14
14,17
14,17
14,17
14,17
14,17
14,17
14,19
14,7
15,15
15,22
15,22
15,21
15,17
15,3
16,13
16,13
16,9
16,3
16,13
16,5
16,19
16,8
17,3
17,3
17,14
17,24
17,17
17,17
17,1
17,0
17,1
17,1
17,1
17,17
17,17
17,17
17,17
17,17
17,17
17,17
17,17
17,17
17,3
18,13
18,17
18,13
18,13
18,18
18,18
18,28
18,18
18,18
18,18
18,18
18,18
18,18
18,18
18,13
19,19
19,17
19,17
19,17
19,17
19,19
19,7
20,20
20,20
20,9
20,20
20,20
20,20
20,9
20,20
20,20
20,19
20,20
20,20
20,9
20,9
20,1
21,20
21,20
21,22
21,21
21,21
21,9
22,22
22,22
22,22
22,22
22,22
22,22
22,22
22,22
22,22
22,22
22,22
22,22
22,22
22,21
22,22
22,22
22,22
22,28
22,22
22,22
22,22
22,22
22,22
23,23
23,23
23,23
23,23
23,23
23,23
23,23
23,23
23,23
23,23
24,7
24,9
24,24
24,24
24,0
24,24
24,24
24,24
24,24
24,24
24,24
24,24
24,1
24,1
24,1
25,8
25,13
25,8
25,25
25,13
25,25
25,25
25,25
25,18
25,25
25,25
26,2
26,3
26,26
26,26
26,3
26,26
26,2
26,26
26,26
26,26
26,26
26,26
26,26
26,26
26,26
26,26
26,10
26,26
26,26
26,26
26,10
26,26
26,26
26,2
26,2
26,26
26,26
26,26
26,26
27,2
27,2
27,26
27,24
27,3
27,3
27,26
27,2
27,2
27,2
28,13
28,13
28,28
28,13
28,13
28,8
28,28
28,28
28,28
28,28
28,4
28,28
28,28
28,28
28,13
28,28
28,28
0,0
0,0
0,0
0,0
0,0
0,0
0,0
0,0
0,0
0,0
0,0
0,0
0,0
0,0
0,0
0,0
0,0
0,0
0,0
0,0
0,0
0,0
0,0
0,0
0,0
0,0
0,0
0,0
0,0
0,0
0,0
0,0
0,0
0,0
0,0
0,0
0,0
0,0
0,0
0,0
0,0
0,0
0,0
0,0
0,0
0,0
0,0
0,0
0,0
0,0
0,24
0,0
0,0
0,0
0,0
0,0
0,0
0,0
0,0
0,0
0,0
0,0
0,0
0,0
0,0
0,0
0,0
0,0
0,0
0,0
0,0
0,0
0,0
0,0
0,0
0,0
0,0
0,0
0,0
0,0
0,0
0,0
0,0
0,0
0,0
0,0
0,0
0,0
0,0
0,0
0,0
0,0
0,0
0,0
0,0
0,0
0,0
0,0
0,0
0,0
0,0
0,0
0,0
0,0
0,0
0,0
0,0
0,0
0,0
0,0
0,0
0,0
0,0
0,0
0,0
0,0
0,0
0,0
0,0
0,0
0,0
0,0
0,0
0,0
0,0
0,0
0,0
0,0
0,0
0,0
0,0
0,0
0,0
0,0
0,0
0,0
0,0
0,0
0,0
0,0
0,0
0,0
0,0
0,0
0,0
0,0
0,0
0,0
0,0
0,0
0,0
0,0
0,0
0,0
0,0
0,0
0,0
0,0
0,0
0,0
0,0
0,0
0,0
0,0
0,24
0,0
0,0
0,0
0,0
0,0
0,0
0,0
0,0
0,0
0,0
0,0
0,0
0,0
0,0
0,0
0,0
0,0
0,0
0,0
0,0
0,0
0,0
0,0
0,0
0,0
0,0
0,0
0,0
0,0
0,0
0,0
0,0
0,0
0,0
0,0
0,0
0,0
0,0
0,0
0,0
0,0
0,0
0,0
0,0
0,0
0,0
0,0
0,0
0,0
2,2
2,2
2,2
2,2
2,2
2,2
2,2
2,2
2,2
2,13
2,2
2,2
2,2
2,2
2,2
2,2
2,2
2,2
2,2
2,2
2,2
2,2
2,2
2,2
2,2
2,2
2,2
2,2
2,2
2,2
2,2
2,2
2,2
2,2
2,26
2,2
2,2
2,2
2,2
2,2
2,2
2,13
2,2
2,2
2,2
2,2
2,2
2,2
2,2
2,2
2,2
2,2
2,13
2,2
2,2
2,2
2,2
2,2
2,2
2,2
2,2
2,2
2,2
2,2
2,2
2,2
2,2
2,2
2,2
2,2
2,2
2,2
2,2
2,2
2,2
2,2
2,2
2,2
2,2
2,2
2,2
2,2
2,2
2,2
2,2
2,2
2,2
2,2
2,2
2,2
2,2
2,2
2,2
2,26
2,26
2,17
2,2
2,2
2,5
3,3
3,3
3,3
3,3
3,3
3,3
3,3
3,3
3,3
3,3
3,3
3,3
3,3
3,3
3,3
3,3
3,3
3,3
3,3
3,3
3,24
3,3
3,3
3,3
3,3
3,3
3,3
3,3
3,3
3,3
3,3
3,3
3,3
3,3
3,3
3,3
3,3
3,26
3,3
3,3
3,3
3,3
3,3
3,3
3,3
3,3
3,3
3,3
3,13
3,3
3,3
4,4
4,4
4,0
4,4
4,4
4,4
4,28
4,4
4,13
4,4
4,4
4,4
4,4
4,4
4,4
4,4
4,13
4,4
4,4
4,4
4,4
4,4
4,4
4,4
4,4
4,4
4,4
4,4
4,4
4,4
5,7
5,7
5,13
5,4
5,4
5,13
5,13
5,4
5,4
5,13
5,20
5,13
5,13
5,9
5,13
5,28
5,13
5,7
5,13
5,7
5,13
5,13
5,13
5,13
5,13
6,6
6,6
6,6
6,6
6,6
6,6
6,6
6,6
6,6
6,6
6,6
6,6
6,6
6,6
6,0
6,6
6,6
6,6
6,6
6,6
6,6
7,7
7,7
7,7
7,7
7,7
7,7
7,7
7,7
7,7
7,7
7,7
7,7
7,7
7,7
7,7
7,7
7,7
7,7
7,7
7,7
7,7
7,7
7,7
7,7
7,7
7,7
7,7
7,7
7,7
7,7
7,7
7,7
7,7
7,7
7,7
7,7
7,7
7,7
7,7
7,7
7,7
7,7
7,7
7,7
7,7
7,7
7,7
8,8
8,8
8,8
8,8
8,8
8,8
8,8
8,8
8,8
8,8
8,8
8,8
8,8
8,8
8,8
8,8
8,8
8,8
8,8
8,8
8,8
9,9
9,9
9,9
9,9
9,9
9,9
9,9
9,9
9,9
9,9
9,9
9,9
9,9
9,9
9,9
9,9
9,9
9,9
9,9
9,9
9,9
9,9
9,9
9,9
9,9
9,9
9,9
9,9
9,9
9,9
9,9
9,9
9,9
9,9
9,9
9,9
9,9
9,9
9,9
10,10
10,10
10,10
10,10
10,10
10,10
10,10
10,10
10,10
10,10
10,10
10,10
10,10
10,10
10,10
10,10
10,10
10,10
10,10
10,10
10,10
10,10
10,10
10,10
10,10
10,10
10,10
10,10
10,10
10,10
10,10
10,10
10,10
10,10
10,10
10,10
10,10
10,10
10,10
10,10
10,10
11,11
11,11
11,11
11,11
11,11
11,11
11,11
11,11
11,11
11,11
11,11
11,11
11,11
11,11
11,11
11,11
11,11
11,11
11,11
11,11
11,11
11,11
11,11
11,11
11,11
11,11
11,11
11,11
11,11
11,11
11,11
11,11
11,11
11,11
11,11
11,11
11,11
12,12
12,12
12,12
12,12
12,12
12,12
12,12
12,12
12,12
12,12
12,12
12,12
12,12
12,12
12,12
12,12
12,12
12,12
12,12
12,12
12,12
12,12
12,12
12,12
12,12
13,13
13,13
13,13
13,13
13,13
13,10
13,13
13,13
13,13
13,13
13,13
13,16
13,13
13,13
13,13
13,13
13,13
13,13
13,13
13,8
13,13
13,13
13,26
13,13
14,12
14,12
14,12
14,26
14,14
14,14
14,14
14,17
14,17
14,17
14,17
14,1
14,1
14,17
14,19
15,15
15,15
15,15
15,19
16,18
16,13
16,7
16,13
16,28
16,28
16,13
16,22
17,17
17,17
17,14
17,17
17,17
17,17
17,17
17,17
17,17
17,17
17,17
17,17
17,17
17,17
17,17
17,9
18,25
18,22
18,22
18,25
18,18
18,18
18,18
18,18
18,18
18,18
18,13
18,13
18,13
19,19
19,9
19,17
19,17
19,24
19,17
19,20
19,1
20,20
20,20
20,20
20,9
20,7
20,7
20,20
20,23
20,20
20,20
20,20
21,21
21,21
21,21
21,21
21,21
21,8
21,13
22,22
22,20
22,21
22,22
22,22
22,21
22,22
22,22
22,22
22,22
22,22
22,22
22,22
22,22
22,22
22,22
22,2
22,22
22,22
23,23
23,23
23,23
23,23
23,8
23,23
23,23
23,23
23,7
24,24
24,0
24,0
24,24
24,24
24,24
24,24
24,24
24,9
24,9
24,9
24,24
24,24
24,24
24,24
24,24
24,0
25,13
25,13
25,13
25,11
25,13
25,13
25,13
25,13
25,13
25,8
26,26
26,17
26,18
26,16
26,10
26,13
26,13
26,2
26,26
26,26
26,26
26,26
26,3
26,26
26,2
26,10
26,26
26,26
26,26
26,26
26,26
27,22
27,22
27,27
27,21
27,3
27,24
27,27
27,27
27,2
27,22
27,22
28,28
28,13
28,28
28,28
28,28
28,28
28,4
28,8
28,28
28,4
28,13
28,4
28,28
