true_label,predicted_label
0,24
0,7
0,0
0,0
0,7
0,7
0,0
0,0
0,0
0,0
0,0
0,0
0,0
0,0
0,0
0,0
0,0
0,0
0,0
0,0
0,0
0,0
0,0
0,0
0,0
0,0
0,0
0,0
0,0
0,0
0,0
0,0
0,0
0,0
0,0
0,0
0,0
0,0
0,0
0,0
0,0
0,0
0,0
0,0
0,0
0,0
0,0
0,0
0,0
0,0
0,0
0,0
0,0
0,0
0,0
0,0
0,0
0,0
0,0
0,0
0,0
0,0
0,0
0,0
0,0
0,0
0,0
0,1
0,1
0,0
0,0
0,0
0,0
0,0
0,0
0,0
0,0
0,0
0,0
0,0
0,0
0,0
0,0
0,0
0,1
0,1
0,0
0,0
0,1
0,1
0,0
0,0
0,0
0,1
0,0
0,1
0,0
0,24
0,1
0,1
0,1
0,1
0,1
0,1
0,1
0,1
0,1
0,1
0,1
0,0
0,0
0,0
0,0
0,24
0,0
0,0
0,0
0,0
0,0
0,1
0,1
0,0
0,0
0,0
0,0
0,0
0,0
0,0
0,0
0,0
0,0
0,0
0,0
0,0
0,0
0,0
0,0
0,0
0,0
0,0
0,0
0,1
0,1
0,0
0,0
0,0
0,0
0,0
0,0
0,0
0,0
0,0
0,0
0,0
0,0
0,0
0,1
0,1
0,0
0,0
0,0
0,0
0,0
0,0
0,0
0,0
0,0
0,0
0,0
0,0
0,0
0,1
0,1
0,0
0,1
0,1
0,0
0,1
0,0
0,3
0,0
0,0
0,0
0,0
0,0
0,0
0,0
0,0
0,0
0,1
0,0
0,0
0,27
0,26
0,26
0,24
0,24
0,0
0,0
0,24
0,0
0,0
0,0
0,0
0,0
0,0
0,0
0,0
0,0
0,0
0,0
0,0
0,0
0,0
0,0
0,0
0,0
0,0
0,0
0,0
0,0
0,0
0,0
0,1
0,1
0,0
0,0
0,0
0,0
0,0
0,0
0,1
0,24
0,0
0,0
0,1
0,1
0,0
0,0
0,27
0,0
0,0
0,0
0,0
0,0
0,0
0,7
0,0
0,0
0,0
0,0
0,0
0,24
0,24
0,1
0,24
0,24
0,1
0,0
0,0
0,0
0,0
0,0
0,0
0,0
0,26
0,24
0,1
0,1
0,0
0,0
0,0
0,7
0,24
0,0
0,0
0,0
0,0
0,0
0,0
0,0
0,0
0,0
0,0
0,0
0,0
0,0
0,0
0,0
0,0
0,0
0,0
0,0
0,0
0,27
0,24
0,24
0,0
0,0
0,0
0,0
0,0
0,0
0,0
0,1
0,0
0,0
0,0
0,0
0,0
0,0
0,0
0,0
0,0
0,0
0,0
0,0
0,0
0,0
0,0
0,0
0,0
0,0
0,0
0,0
0,0
0,0
0,7
0,7
0,24
0,0
0,0
0,0
0,0
0,0
0,0
0,0
0,0
0,0
0,0
0,0
0,0
0,0
0,0
0,1
0,1
0,0
0,0
0,0
0,24
0,24
0,3
0,3
0,3
0,27
0,0
0,0
0,0
0,0
0,0
0,0
0,0
0,0
0,0
0,13
0,26
0,10
0,10
0,10
0,26
0,6
0,0
0,2
0,2
0,16
0,24
0,26
0,24
0,16
0,0
0,0
0,0
0,1
0,0
0,0
0,0
0,0
0,0
0,0
0,23
0,0
0,0
0,0
0,0
0,0
0,0
0,0
0,0
0,0
0,0
0,0
0,0
0,0
0,0
0,0
0,0
0,0
0,0
0,0
0,0
0,0
0,0
0,0
0,0
0,0
0,0
0,0
0,0
0,0
0,0
0,0
0,0
0,0
0,0
0,0
0,0
0,0
0,0
0,0
0,0
0,0
0,0
0,0
0,0
0,0
0,0
0,2
0,8
0,0
0,0
0,0
0,0
0,0
0,0
0,0
0,0
0,0
0,0
0,2
0,2
0,0
0,0
0,0
0,6
0,0
0,0
0,0
0,0
0,0
0,0
0,0
0,0
0,0
0,0
0,0
0,0
0,0
0,0
0,0
0,0
0,0
0,0
0,0
0,0
0,0
0,23
0,0
0,0
0,0
0,0
0,0
0,0
0,6
0,0
0,0
0,0
0,0
0,0
0,0
0,7
0,27
0,25
0,10
0,27
0,27
0,27
0,21
0,27
0,25
0,22
0,13
0,22
0,2
0,20
0,27
0,27
0,27
0,20
0,2
0,20
0,20
0,27
0,2
0,27
0,25
0,13
0,2
0,0
0,0
0,0
0,0
0,0
0,0
0,2
0,22
0,6
1,16
1,1
1,1
1,14
1,14
1,1
1,1
1,1
1,1
1,1
1,1
1,1
1,1
1,1
1,1
1,1
1,1
1,1
1,1
1,1
1,1
1,1
1,1
1,1
1,1
1,1
1,1
1,1
1,1
1,1
1,1
1,1
1,1
1,1
1,1
1,1
1,1
1,1
1,1
1,1
1,1
1,1
1,1
1,1
1,1
1,1
1,1
1,1
1,1
1,1
1,1
1,1
1,1
1,1
1,1
1,1
1,1
1,1
1,1
1,3
1,1
1,1
1,1
1,1
1,1
1,1
1,1
1,1
1,1
1,1
1,1
1,1
1,1
1,1
1,1
1,1
1,1
1,1
1,1
1,1
1,1
1,1
1,1
1,1
1,1
1,1
1,1
1,1
1,1
1,1
1,1
1,1
1,1
1,1
1,1
1,1
1,1
1,1
1,1
1,1
1,1
1,1
1,1
1,1
1,1
1,1
1,1
1,1
1,1
1,1
1,1
1,1
1,1
1,1
1,1
1,1
1,1
1,1
1,1
1,1
1,1
1,1
1,1
1,24
1,1
1,1
1,1
1,1
1,1
1,1
1,1
1,1
1,1
1,1
1,1
1,1
1,1
1,1
1,1
1,1
1,1
1,1
1,1
1,1
1,12
1,12
1,12
1,12
1,1
1,1
1,1
1,1
1,1
1,1
1,1
1,1
1,1
1,1
1,1
1,1
1,1
1,1
1,24
1,1
1,1
1,1
1,1
1,1
1,1
1,1
1,1
1,1
1,1
1,1
1,1
1,1
1,1
1,1
1,1
1,1
1,1
1,1
1,1
1,1
1,1
1,1
1,1
1,12
1,1
1,1
1,1
1,1
1,1
1,1
1,1
1,1
1,1
1,1
1,1
1,9
1,16
1,1
1,1
1,1
1,1
1,1
1,1
1,1
1,1
1,1
1,1
1,1
1,1
1,1
1,1
1,1
1,1
1,1
1,1
1,1
1,1
1,1
1,1
1,1
1,1
1,1
1,1
1,1
1,1
1,1
1,1
1,1
1,1
1,1
1,1
1,1
1,1
1,1
1,1
1,1
1,1
1,1
1,1
1,16
1,1
1,1
1,1
1,1
1,1
1,1
1,1
1,1
1,1
1,1
1,1
1,1
1,1
1,1
1,1
1,1
1,1
1,1
1,1
1,1
1,1
1,1
1,1
1,1
1,1
1,1
1,1
1,1
1,1
1,1
1,1
1,1
1,24
1,1
1,1
1,1
1,1
1,1
1,1
1,1
1,1
1,1
1,1
1,1
1,1
1,1
1,1
1,1
1,1
1,1
1,1
1,1
1,1
1,1
1,12
1,1
1,1
1,1
1,1
1,1
1,1
1,1
1,1
1,19
1,1
1,1
1,1
1,1
1,1
1,1
1,1
1,1
1,1
1,1
1,1
1,1
1,1
1,26
1,1
1,16
1,1
1,1
1,1
1,1
1,1
1,1
1,1
1,1
1,1
1,1
1,1
1,1
1,11
1,1
1,1
1,19
1,19
1,15
1,10
1,10
1,13
1,13
1,26
1,13
1,16
1,1
1,1
1,1
1,1
1,1
1,7
1,1
1,1
1,1
1,1
1,1
1,1
1,1
1,1
1,1
1,1
1,1
1,1
1,19
1,19
1,1
1,19
1,1
1,1
1,1
1,1
1,1
1,1
1,1
1,1
1,1
1,1
1,1
1,1
1,24
1,1
1,27
1,1
1,0
1,1
1,1
1,7
1,1
1,1
1,1
1,1
1,1
1,1
1,12
1,1
1,1
1,1
1,24
1,24
1,16
1,1
1,1
1,24
1,1
1,1
1,1
1,1
1,24
1,1
1,1
1,1
1,1
1,1
1,1
1,1
1,1
1,1
1,1
1,24
1,16
1,1
1,1
1,1
1,1
1,1
1,1
1,11
1,16
1,1
1,1
1,1
1,1
1,11
1,24
1,5
1,1
1,11
1,1
1,11
1,11
1,1
1,1
1,1
1,1
1,1
1,1
1,1
1,1
1,1
1,1
1,1
1,1
1,1
1,1
1,1
1,1
1,1
1,1
1,1
1,1
1,1
1,1
1,1
1,1
1,1
1,1
1,1
1,1
1,1
1,1
1,1
1,1
1,1
1,26
1,1
1,1
1,1
1,1
1,1
1,24
1,24
1,24
1,1
1,24
1,1
1,1
1,1
1,1
1,11
1,1
1,1
1,1
1,1
1,1
1,16
1,1
1,1
1,24
1,28
1,1
1,1
1,1
1,1
1,1
1,1
1,1
1,1
1,1
1,1
1,1
1,1
1,1
1,1
1,1
1,1
1,1
1,1
1,1
1,1
1,1
1,1
1,1
1,1
1,24
1,24
1,1
1,1
1,1
1,1
1,1
1,1
1,1
1,24
1,7
1,19
1,3
1,3
1,1
1,1
1,0
1,1
1,1
1,1
1,1
1,1
1,1
1,1
1,1
1,1
1,0
1,24
1,16
1,5
1,27
1,19
1,1
1,0
1,0
1,1
1,1
1,1
1,1
1,1
1,1
1,1
1,1
1,24
1,1
1,11
1,1
1,1
1,11
1,11
1,11
1,16
1,11
1,11
1,11
1,11
1,19
1,19
1,3
1,13
1,3
2,2
2,2
2,6
2,2
2,27
2,2
2,2
2,2
2,2
2,23
2,2
2,2
2,27
2,13
2,2
2,27
2,2
2,2
2,2
2,16
2,2
2,2
2,22
2,2
2,2
2,2
2,27
2,2
2,2
2,2
2,2
2,2
2,2
2,2
2,2
2,2
2,2
2,2
2,27
2,26
2,2
2,20
2,22
2,2
2,2
2,2
2,2
2,2
2,22
2,22
2,2
2,2
2,2
2,2
2,2
2,2
2,2
2,27
2,27
2,2
2,22
2,2
2,22
2,22
2,2
2,22
2,20
2,2
2,2
2,28
2,2
2,2
2,2
2,18
2,13
2,2
2,2
2,6
2,2
2,13
2,13
2,2
2,2
2,27
2,13
2,2
2,2
2,2
2,2
2,6
2,2
2,2
2,26
2,27
2,27
2,15
2,27
2,2
2,13
2,2
2,22
2,27
2,2
2,2
2,22
2,2
2,2
2,2
2,2
2,22
2,2
2,2
2,2
2,22
2,2
2,27
2,10
2,2
2,2
2,2
2,2
2,22
2,2
2,2
2,2
2,2
2,2
2,2
2,22
2,2
2,2
2,2
2,22
2,27
2,26
2,22
2,26
2,27
2,27
2,26
2,2
2,2
2,15
2,2
2,2
2,22
2,28
2,22
2,2
2,2
2,27
2,13
2,2
2,2
2,27
2,2
2,2
2,2
2,2
2,2
2,27
2,27
2,2
2,27
2,2
2,22
2,2
2,2
2,2
2,2
2,2
2,2
2,2
2,2
2,2
2,2
2,2
2,2
2,2
2,2
2,22
2,2
2,6
2,6
2,2
2,2
2,2
2,13
2,27
2,2
2,2
2,2
2,2
2,2
2,2
2,2
2,2
2,2
2,2
2,2
2,2
2,2
2,2
2,22
2,20
2,2
2,2
2,2
2,2
2,22
2,22
2,2
2,22
2,27
2,27
2,27
2,2
2,2
2,2
3,3
3,3
3,3
3,3
3,3
3,3
3,12
3,3
3,1
3,3
3,3
3,12
3,1
3,3
3,3
3,3
3,3
3,3
3,3
3,3
3,14
3,3
3,3
3,3
3,3
3,3
3,14
3,3
3,3
3,1
3,17
3,3
3,3
3,3
3,26
3,24
3,3
3,3
3,3
3,3
3,3
3,3
3,3
3,1
3,3
3,1
3,3
3,3
3,3
3,3
3,12
3,3
3,3
3,3
3,3
3,3
3,3
3,17
3,1
3,3
3,3
3,3
3,3
3,3
3,3
3,3
3,3
3,1
3,19
3,1
3,3
3,3
3,3
3,3
3,14
3,3
3,3
3,3
3,3
3,25
3,25
3,3
3,3
3,3
3,3
3,3
3,26
3,3
3,3
3,15
3,1
3,3
3,3
3,17
3,1
3,19
3,3
3,27
3,3
3,3
3,3
3,19
3,3
3,3
3,26
3,26
3,3
3,3
3,3
3,3
3,3
3,19
3,3
3,3
3,26
3,27
3,3
3,3
3,3
3,3
3,3
3,3
3,17
3,17
3,17
3,17
3,3
3,3
3,3
3,3
3,1
3,1
3,3
3,3
3,27
3,27
3,26
3,27
3,26
3,3
3,19
3,3
3,3
3,19
3,3
3,27
3,27
3,3
3,3
3,3
3,26
3,26
3,3
3,3
3,3
3,1
3,1
3,3
3,24
3,26
3,3
3,3
3,3
3,1
3,24
3,26
3,26
3,3
3,3
3,3
3,3
3,3
3,24
3,3
3,26
3,3
3,24
3,3
3,3
3,3
3,1
3,3
3,24
3,24
3,26
3,26
3,17
3,3
3,3
3,3
3,3
3,3
3,3
3,12
3,3
3,3
3,3
3,26
3,13
3,13
3,3
3,3
3,3
3,1
3,3
3,24
3,26
3,3
3,3
3,3
3,17
4,22
4,13
4,10
4,4
4,4
4,4
4,4
4,16
4,4
4,4
4,13
4,13
4,13
4,13
4,4
4,4
4,4
4,2
4,13
4,4
4,4
4,13
4,0
4,4
4,25
4,3
4,18
4,13
4,2
4,11
4,3
4,3
4,3
4,10
4,13
4,4
4,2
4,16
4,8
4,10
4,4
4,4
4,4
4,2
4,2
4,25
4,27
4,4
4,13
4,13
4,4
4,28
4,4
4,4
4,4
4,4
4,4
4,4
4,4
4,4
4,4
4,10
4,4
4,5
4,4
4,4
4,4
4,4
4,4
4,4
4,4
4,4
4,4
4,11
4,11
4,4
4,4
4,4
4,0
4,4
4,13
4,13
4,4
4,4
4,4
4,4
4,22
4,28
4,5
4,28
4,4
4,4
4,25
4,4
4,25
4,4
4,28
4,28
4,4
4,4
4,4
4,13
4,13
4,25
4,25
4,4
4,13
4,4
4,4
4,4
4,4
4,4
4,4
4,4
4,4
4,4
4,4
4,4
4,4
4,28
4,4
4,4
4,4
4,13
4,4
4,28
4,4
4,4
4,4
4,4
4,4
4,4
4,4
4,4
4,4
4,10
4,4
4,10
4,4
4,4
4,16
4,16
4,4
5,5
5,5
5,5
5,5
5,5
5,5
5,5
5,5
5,5
5,5
5,5
5,5
5,5
5,5
5,28
5,5
5,5
5,13
5,28
5,5
5,5
5,5
5,28
5,5
5,5
5,5
5,5
5,5
5,5
5,5
5,5
5,5
5,5
5,5
5,5
5,5
5,5
5,5
5,5
5,5
5,5
5,5
5,28
5,13
5,28
5,5
5,28
5,5
5,5
5,5
5,5
5,5
5,5
5,5
5,13
5,13
5,5
5,28
5,5
5,28
5,5
5,28
5,13
5,5
5,5
5,5
5,28
5,5
5,28
5,28
5,5
5,5
5,5
5,5
5,5
5,5
5,28
5,5
5,5
5,5
5,5
5,28
5,5
5,5
5,5
5,5
5,5
5,5
5,5
5,28
5,2
5,5
5,13
5,2
6,6
6,6
6,6
6,6
6,6
6,6
6,2
6,22
6,6
6,6
6,6
6,6
6,6
6,6
6,6
6,0
6,0
6,6
6,6
6,1
6,6
6,6
6,21
6,6
6,6
6,6
6,6
6,6
6,6
6,6
6,6
6,6
6,2
6,6
6,6
6,6
6,6
6,6
6,6
6,6
6,6
6,6
6,6
6,6
6,6
6,6
6,6
6,6
6,6
6,6
6,6
6,6
6,6
6,6
6,6
6,6
6,6
6,6
6,6
6,6
6,6
6,6
6,6
6,6
6,6
6,6
6,6
6,6
6,6
6,6
6,6
6,6
6,6
6,6
6,6
7,7
7,7
7,8
7,7
7,7
7,7
7,7
7,7
7,7
7,7
7,9
7,7
7,7
7,7
7,7
7,7
7,7
7,7
7,7
7,7
7,7
7,7
7,7
7,7
7,7
7,7
7,7
7,7
7,7
7,7
7,7
7,7
7,7
7,7
7,7
7,7
7,7
7,7
7,7
7,7
7,7
7,7
7,16
7,7
7,7
7,7
7,7
7,7
7,7
7,9
7,7
7,7
7,7
7,7
7,7
7,7
7,7
7,7
7,7
7,7
7,7
7,7
7,7
7,7
7,7
7,7
7,7
7,7
7,7
7,7
7,7
7,7
7,7
7,7
7,7
7,7
7,7
7,7
7,7
7,7
7,7
7,7
7,7
7,7
7,7
7,7
7,7
7,7
7,7
7,7
7,7
7,7
7,7
7,7
7,7
7,7
7,7
7,7
7,7
7,7
7,7
7,7
7,7
7,7
7,7
7,7
7,7
7,7
7,7
7,7
7,7
7,7
7,7
7,7
7,7
7,28
7,7
7,7
7,7
7,7
7,7
7,7
7,7
7,7
7,7
7,7
7,7
7,7
7,7
7,7
7,7
7,7
7,7
7,7
7,7
7,7
7,7
7,7
7,7
7,7
7,7
7,7
7,7
7,7
7,7
7,7
7,7
7,7
7,7
7,7
7,7
7,7
7,7
7,7
7,7
7,7
7,28
7,28
7,7
7,7
7,7
7,7
7,7
7,7
7,7
7,7
7,7
7,7
7,7
7,7
7,28
7,7
7,7
7,7
7,7
7,7
7,7
7,7
7,7
7,7
7,7
7,7
7,7
7,7
7,7
7,7
7,7
7,7
7,7
7,7
7,7
7,7
7,7
7,7
7,7
7,7
7,7
7,7
7,7
7,7
7,7
7,7
7,7
7,7
7,7
7,7
7,2
7,16
7,7
7,7
7,7
7,7
7,7
7,7
7,7
7,7
7,7
7,7
7,7
7,7
7,7
7,7
7,7
7,7
7,7
7,7
7,7
7,7
7,7
7,7
7,7
7,7
7,7
7,7
7,7
7,7
7,7
7,7
7,7
7,7
7,7
7,6
7,1
7,7
7,7
7,7
7,7
7,7
7,7
7,7
7,7
7,7
7,7
7,7
7,7
7,7
7,7
7,7
7,7
7,7
7,7
7,7
7,7
7,23
7,0
7,7
7,7
7,7
7,7
7,7
7,7
7,7
7,7
7,7
7,7
7,7
7,7
7,7
7,7
7,7
8,8
8,8
8,8
8,8
8,8
8,8
8,8
8,8
8,8
8,8
8,8
8,22
8,8
8,8
8,8
8,8
8,8
8,8
8,8
8,8
8,8
8,8
8,22
8,8
8,22
8,8
8,8
8,8
8,8
8,8
8,8
8,8
8,8
8,8
8,9
8,8
8,16
8,8
8,8
8,8
8,8
8,8
8,8
8,7
8,9
8,8
8,8
8,8
8,0
8,8
8,7
8,8
8,8
8,8
8,8
8,8
8,8
8,8
8,8
8,8
8,7
8,6
8,8
8,8
8,7
8,8
8,7
8,8
8,8
8,7
8,9
8,8
8,8
8,8
8,8
8,8
8,8
8,8
8,8
8,8
8,23
8,23
8,23
8,8
8,8
8,8
8,8
8,8
8,8
8,8
8,8
8,8
8,8
8,8
8,8
8,8
8,8
8,8
8,8
8,28
8,4
8,8
8,4
8,8
8,8
8,8
8,8
8,8
8,8
8,8
8,8
8,4
8,8
8,8
8,8
8,8
8,4
8,8
8,8
8,8
8,8
9,9
9,9
9,9
9,9
9,9
9,9
9,27
9,20
9,9
9,7
9,27
9,9
9,9
9,9
9,9
9,9
9,9
9,9
9,9
9,8
9,7
9,7
9,8
9,7
9,9
9,7
9,7
9,7
9,7
9,7
9,9
9,9
9,9
9,9
9,20
9,9
9,9
9,15
9,19
9,9
9,15
9,19
9,25
9,25
9,4
9,4
9,25
9,9
9,7
9,9
9,7
9,9
9,16
9,21
9,9
9,22
9,15
9,15
9,8
9,15
9,15
9,21
9,21
9,9
9,9
9,20
9,27
9,20
9,8
9,9
9,9
9,9
9,7
9,9
9,8
9,9
9,9
9,20
9,8
9,20
9,9
9,9
9,21
9,9
9,9
9,9
9,9
9,9
9,6
9,8
9,9
9,9
9,9
9,8
9,9
9,9
9,9
9,9
9,9
9,9
9,6
9,9
9,9
9,7
9,9
9,9
9,9
9,9
9,9
9,8
9,9
9,9
9,6
9,2
9,4
9,9
9,9
9,9
9,6
9,9
9,9
9,4
9,9
9,9
9,8
9,8
9,9
9,8
9,13
9,9
9,13
9,7
9,13
9,20
9,9
9,9
9,7
9,9
9,7
9,9
9,9
9,9
9,9
9,8
9,9
9,7
9,7
9,8
9,9
9,9
9,7
9,7
9,7
9,9
9,27
9,7
9,25
9,13
9,9
9,20
9,9
9,9
9,9
9,7
9,9
9,9
9,9
9,8
9,9
9,6
9,9
9,9
9,9
9,7
9,8
10,10
10,10
10,10
10,10
10,1
10,10
10,10
10,10
10,10
10,10
10,10
10,26
10,5
10,24
10,10
10,24
10,10
10,10
10,10
10,10
10,10
10,10
10,10
10,10
10,13
10,10
10,10
10,10
10,10
10,10
10,10
10,10
10,10
10,10
10,10
10,10
10,10
10,10
10,10
10,13
10,16
10,10
10,10
10,10
10,10
10,1
10,10
10,10
10,10
10,10
10,10
10,10
10,16
10,16
10,7
10,7
10,10
10,10
10,10
10,10
10,10
10,24
10,24
10,10
10,10
10,10
10,10
10,10
10,10
10,10
10,10
10,10
10,10
10,10
10,10
10,10
10,10
10,10
10,10
10,10
10,10
10,10
10,10
10,10
10,10
10,10
10,10
10,10
10,10
10,24
10,10
10,10
10,10
10,10
10,10
10,10
10,10
10,10
10,10
10,10
10,10
10,10
10,10
10,10
10,10
10,10
10,10
10,10
10,10
10,10
10,10
10,10
10,10
10,3
10,10
10,10
10,10
10,10
10,10
10,10
10,10
10,10
10,10
10,10
10,10
10,10
10,10
10,10
10,10
10,10
10,10
10,10
10,10
10,10
10,13
10,26
10,10
10,10
10,10
10,10
10,10
10,10
10,10
10,26
10,10
10,10
10,10
10,10
10,10
10,10
10,10
10,10
10,10
10,10
10,10
10,10
10,10
10,10
10,16
10,26
10,24
10,10
10,10
10,24
10,10
10,10
10,10
10,10
10,10
10,10
10,10
10,10
10,10
10,10
10,10
10,10
10,10
10,10
10,10
10,10
10,10
10,10
10,10
10,10
10,10
10,10
10,10
10,10
10,10
10,10
10,10
10,10
10,5
10,10
10,10
10,10
10,10
10,10
10,10
10,2
10,26
10,10
10,10
10,10
10,10
10,26
10,10
10,10
10,10
10,10
10,10
10,10
10,10
10,10
10,10
10,10
10,10
10,10
10,10
10,10
10,10
10,10
10,10
10,10
10,10
10,10
10,13
10,13
10,10
10,10
10,10
10,10
10,10
10,10
10,10
10,10
11,11
11,11
11,11
11,10
11,5
11,11
11,11
11,11
11,11
11,11
11,11
11,11
11,11
11,11
11,11
11,16
11,10
11,11
11,11
11,16
11,11
11,11
11,11
11,28
11,11
11,11
11,5
11,11
11,11
11,11
11,11
11,11
11,11
11,11
11,11
11,11
11,11
11,11
11,11
11,11
11,11
11,11
11,11
11,11
11,11
11,11
11,11
11,11
11,11
11,11
11,11
11,11
11,11
11,10
11,11
11,11
11,11
11,11
11,11
11,11
11,11
11,11
11,11
11,11
11,11
11,11
11,11
11,11
11,11
11,11
11,11
11,11
11,11
11,11
11,11
11,11
11,11
11,11
11,11
11,1
11,11
11,11
11,11
11,11
11,11
11,11
11,11
11,11
11,11
11,11
11,11
11,11
11,11
11,11
11,11
11,11
11,11
11,11
11,11
11,11
11,11
11,11
11,11
11,11
11,11
11,11
11,11
11,11
11,11
11,11
11,11
11,11
11,11
11,11
11,11
11,11
11,11
11,4
11,11
11,11
11,11
11,11
11,11
11,11
11,11
11,11
11,11
11,11
11,11
11,11
11,11
11,11
11,11
11,11
11,11
11,11
11,11
11,11
11,11
11,11
11,11
11,11
11,11
11,11
11,11
11,11
11,11
11,11
11,11
11,11
11,11
11,11
11,11
11,11
11,11
11,11
11,11
11,11
11,11
11,11
11,11
11,11
11,11
11,11
11,11
11,11
11,11
11,11
11,11
11,11
11,11
11,11
11,11
11,11
11,11
11,11
11,11
11,11
11,11
11,11
11,11
11,11
11,11
11,11
11,11
11,11
11,25
11,11
11,11
11,11
11,11
11,11
11,11
11,11
11,11
11,11
11,11
11,1
11,11
11,11
11,11
11,11
11,11
11,11
11,11
11,11
11,11
11,11
11,11
11,11
11,11
11,11
11,11
11,11
11,11
11,11
11,11
11,11
11,11
11,11
11,11
11,11
11,11
11,11
11,11
11,11
11,11
11,11
11,11
11,11
11,11
11,11
11,11
11,11
11,11
11,11
11,11
11,11
11,11
11,11
11,11
11,11
11,11
11,11
11,11
11,11
11,16
11,11
11,11
12,12
12,12
12,12
12,12
12,12
12,12
12,12
12,12
12,12
12,12
12,12
12,1
12,1
12,1
12,12
12,12
12,12
12,12
12,12
12,1
12,12
12,12
12,12
12,12
12,12
12,12
12,12
12,12
12,12
12,12
12,12
12,12
12,12
12,12
12,12
12,12
12,12
12,12
12,12
12,12
12,12
12,12
12,12
12,12
12,12
12,1
12,12
12,12
12,12
12,12
12,12
12,12
12,12
12,12
12,12
12,12
12,12
12,12
12,12
12,12
12,12
12,12
12,12
12,12
12,12
12,12
12,12
12,12
12,12
12,12
12,12
12,12
12,12
12,12
12,12
12,12
12,1
12,12
12,12
12,12
12,12
12,12
12,12
12,12
12,12
12,12
12,12
12,12
12,12
12,12
12,12
12,12
12,12
12,12
12,12
12,12
12,12
12,12
12,12
12,12
12,12
12,12
12,12
12,12
12,12
12,12
12,12
12,12
12,12
12,12
12,12
12,12
12,12
12,12
12,12
12,12
12,12
12,1
12,12
12,12
12,1
12,12
12,12
12,12
12,12
12,12
12,12
12,12
12,12
12,12
12,12
12,12
12,12
12,12
12,12
12,12
12,1
12,12
12,12
12,12
12,12
12,12
12,12
12,12
12,12
12,12
12,12
12,12
12,12
12,12
12,12
12,12
12,12
12,17
12,12
12,12
12,12
12,12
12,12
12,12
12,12
12,12
12,1
12,12
12,12
12,12
12,12
12,12
12,12
12,12
12,12
12,12
12,12
12,12
12,12
12,12
12,12
12,12
12,12
12,12
12,12
12,12
12,12
12,1
12,12
12,12
12,12
12,12
12,12
12,12
12,12
12,12
12,12
12,12
12,12
12,12
12,12
12,12
12,12
12,1
12,12
12,12
12,12
12,12
12,12
12,12
12,12
12,12
12,1
12,12
12,12
13,26
13,26
13,16
13,13
13,16
13,5
13,13
13,13
13,26
13,26
13,11
13,1
13,26
13,10
13,11
13,13
13,28
13,2
13,3
13,13
13,13
13,13
13,5
13,13
13,13
13,13
13,13
13,13
13,13
13,13
13,28
13,13
13,13
13,26
13,26
13,13
13,13
13,5
13,25
13,13
13,26
13,10
13,13
13,13
13,3
13,13
13,13
13,13
13,16
13,5
13,13
13,5
13,5
13,2
13,13
13,13
13,5
13,13
13,5
13,2
13,13
13,13
13,13
13,13
13,13
13,26
13,13
13,13
13,13
13,13
13,13
13,16
13,13
13,13
13,16
13,2
13,2
13,13
13,13
13,13
13,13
13,13
13,2
13,2
13,28
13,13
13,5
13,28
13,13
13,13
13,13
13,2
13,26
13,13
13,13
13,13
13,2
13,26
13,13
13,13
13,13
13,8
13,4
13,28
13,18
13,13
13,18
13,13
13,5
13,18
13,13
13,2
13,5
13,8
13,13
13,13
13,13
13,13
13,2
13,2
13,2
13,7
13,2
13,5
13,4
13,13
13,28
14,12
14,12
14,12
14,12
14,19
14,14
14,19
14,14
14,14
14,16
14,16
14,1
14,12
14,12
14,24
14,7
14,19
14,19
14,1
14,16
14,7
14,4
14,1
14,24
14,26
14,24
14,19
14,19
14,24
14,16
14,14
14,14
14,14
14,14
14,19
14,16
14,14
15,21
15,15
15,15
15,15
15,15
15,15
15,25
15,3
15,25
15,25
15,25
15,15
15,15
15,25
15,10
15,27
15,15
15,15
15,27
15,15
15,3
16,16
16,16
16,16
16,16
16,16
16,16
16,16
16,7
16,1
16,16
16,28
16,16
16,7
16,7
16,1
16,16
16,7
16,16
16,16
16,16
16,16
16,19
16,16
16,16
17,15
17,3
17,3
17,18
17,18
17,18
17,18
17,18
17,18
17,18
17,18
17,17
17,17
17,17
17,17
17,17
17,17
17,25
17,17
17,17
17,17
17,17
17,17
17,18
17,11
17,11
17,18
17,19
17,19
17,17
17,17
17,17
17,17
17,17
17,17
17,17
17,17
17,17
17,17
17,17
17,17
17,17
17,17
17,1
17,17
17,17
17,17
17,17
17,17
17,17
17,17
17,17
17,17
17,17
17,17
17,17
17,19
17,14
17,17
17,19
17,19
17,17
17,17
17,17
17,17
17,17
17,17
17,17
17,17
17,17
17,17
17,17
17,17
17,17
17,17
17,17
17,19
17,14
17,19
18,3
18,18
18,3
18,18
18,18
18,18
18,18
18,18
18,18
18,18
18,18
18,18
18,18
18,18
18,18
18,18
18,4
18,4
18,4
18,18
18,18
18,18
18,18
18,25
18,4
18,18
18,18
18,18
18,18
18,18
18,18
18,18
18,18
18,18
18,18
18,18
18,18
18,18
18,18
18,18
18,18
18,11
18,11
18,18
18,17
18,18
18,18
18,18
18,17
18,17
18,3
18,18
18,18
18,18
18,18
18,18
18,18
18,18
18,18
18,18
18,18
18,18
18,4
18,10
18,4
19,16
19,27
19,20
19,19
19,19
19,19
19,19
19,19
19,19
19,19
19,19
19,19
19,19
19,17
19,1
19,19
19,19
19,16
19,19
19,19
19,19
19,19
19,15
20,20
20,20
20,20
20,20
20,20
20,20
20,20
20,23
20,20
20,9
20,7
20,20
20,20
20,20
20,20
20,2
20,13
20,2
20,20
20,20
20,20
20,20
20,20
20,20
20,24
20,20
20,20
20,20
20,20
20,20
20,20
20,23
20,20
20,20
20,20
20,20
20,20
20,13
20,13
20,13
20,13
20,4
20,13
20,20
20,20
20,20
20,20
20,20
20,20
20,20
20,24
21,21
21,21
21,21
21,21
21,21
21,20
21,20
21,22
21,22
21,21
21,21
21,21
21,20
21,2
21,2
21,2
21,2
21,20
21,20
21,6
21,2
21,21
21,21
21,21
21,20
21,4
21,2
21,21
21,22
21,22
21,2
22,15
22,22
22,22
22,22
22,22
22,22
22,22
22,2
22,2
22,22
22,22
22,2
22,2
22,22
22,22
22,22
22,2
22,22
22,2
22,2
22,22
22,22
22,2
22,2
22,2
22,13
22,2
22,2
22,22
22,22
22,22
22,2
22,22
22,2
22,22
22,2
22,22
22,22
22,2
22,2
22,22
22,22
22,2
22,22
22,22
22,22
22,23
22,2
22,20
22,1
22,26
22,27
22,21
22,2
22,13
22,2
22,2
22,2
22,22
22,22
22,2
22,22
22,2
22,22
22,27
23,28
23,23
23,23
23,23
23,23
23,23
23,23
23,23
23,23
23,23
23,23
23,23
23,23
23,23
23,23
23,23
23,23
23,23
23,23
23,23
23,23
23,23
23,23
23,23
23,23
23,23
23,23
23,23
23,23
23,23
23,23
23,23
23,23
23,23
23,23
23,23
23,23
23,23
23,23
23,23
23,23
23,23
23,23
23,23
23,23
23,23
23,23
23,23
23,23
24,24
24,7
24,24
24,24
24,24
24,24
24,24
24,24
24,7
24,24
24,7
24,26
24,24
24,24
24,1
24,24
24,1
24,1
24,1
24,1
24,1
24,16
24,1
24,1
24,24
24,7
24,24
24,7
24,24
24,24
24,24
24,24
24,24
24,1
24,24
24,24
24,24
24,1
24,1
24,7
24,24
24,24
24,1
24,24
24,24
24,7
24,24
24,0
24,24
24,7
24,24
24,24
24,1
24,1
24,24
24,24
24,1
24,1
24,24
24,24
24,1
24,1
24,24
24,24
24,24
24,7
24,13
25,13
25,25
25,18
25,16
25,25
25,25
25,15
25,25
25,3
25,18
25,25
25,25
25,4
25,25
25,25
25,25
25,25
25,13
25,25
25,25
25,25
25,25
25,22
25,25
25,25
25,3
25,25
25,25
25,25
25,25
25,25
25,25
25,15
25,22
25,25
25,25
25,13
25,25
25,25
25,25
25,25
25,25
25,25
25,25
25,4
25,18
25,25
26,24
26,26
26,1
26,1
26,1
26,1
26,1
26,10
26,26
26,26
26,13
26,26
26,26
26,1
26,26
26,26
26,26
26,26
26,13
26,27
26,26
26,27
26,27
26,3
26,26
26,12
26,12
26,3
26,26
26,3
26,3
26,27
26,26
26,13
26,2
26,26
26,27
26,26
26,26
26,3
26,3
26,24
26,24
26,3
26,1
26,26
26,26
26,24
26,26
26,26
26,3
26,26
26,26
26,26
26,13
26,24
26,26
26,3
26,12
26,26
26,26
26,26
26,26
26,26
26,26
26,10
26,10
26,26
26,13
26,26
26,26
26,26
26,26
26,26
26,26
26,27
26,26
26,26
26,13
26,26
26,26
26,26
26,26
26,26
26,26
26,26
26,26
26,24
26,26
26,26
26,24
26,13
26,13
26,13
26,13
26,13
26,13
26,24
26,1
26,1
26,24
26,26
26,26
26,26
26,13
26,26
26,24
26,26
26,26
26,26
26,26
26,26
26,26
26,26
26,16
26,26
26,13
26,13
26,13
26,26
26,18
26,26
26,26
26,26
26,26
26,10
26,26
26,26
26,13
26,26
26,26
26,13
26,13
26,13
26,13
27,27
27,27
27,0
27,1
27,15
27,27
27,2
27,2
27,27
27,26
27,27
27,27
27,7
27,7
27,24
27,27
27,13
27,27
27,27
27,2
27,2
27,0
27,27
27,27
27,22
27,27
27,27
27,27
27,26
27,13
27,27
27,27
27,27
27,1
27,1
27,24
27,27
27,27
27,27
27,27
27,2
27,2
27,2
27,24
27,24
27,27
27,24
27,13
27,27
27,27
27,2
27,27
28,13
28,28
28,28
28,28
28,11
28,28
28,28
28,28
28,28
28,28
28,28
28,28
28,28
28,28
28,1
28,28
28,7
28,28
28,28
28,28
28,28
28,28
28,28
28,28
28,28
28,28
28,5
28,28
28,28
28,28
28,28
28,28
28,28
28,28
28,13
28,28
28,5
28,28
28,7
28,28
28,28
28,28
28,28
28,10
28,28
28,5
28,28
28,5
28,28
28,5
28,28
28,28
28,28
28,28
28,28
28,28
0,0
0,0
0,0
0,0
0,13
0,1
0,1
0,1
0,0
0,0
0,0
0,0
0,0
0,0
0,0
0,0
0,16
0,0
0,24
0,1
0,1
0,0
0,0
0,0
0,10
0,0
0,0
0,0
0,2
0,0
0,6
0,2
0,0
0,0
0,24
0,13
0,0
0,0
0,0
0,0
0,2
0,20
0,27
0,10
0,10
0,10
0,27
0,13
0,0
0,0
0,0
0,0
0,0
0,7
0,0
0,0
0,0
0,0
0,2
2,2
2,2
2,27
2,2
2,2
2,22
2,22
2,2
2,2
2,22
2,22
2,27
2,2
2,2
2,2
2,22
2,2
2,22
2,2
2,2
2,22
2,2
2,22
2,2
2,22
2,2
2,22
2,22
2,22
3,25
3,3
3,5
3,13
3,26
3,2
3,3
3,3
3,3
3,12
3,3
3,3
3,27
3,27
3,3
3,3
3,3
3,3
3,3
3,27
3,27
3,27
3,3
3,27
3,27
3,27
3,26
3,3
3,3
3,27
3,27
3,18
3,27
3,27
3,27
3,27
3,3
3,3
3,27
3,27
3,26
3,3
3,27
3,3
3,27
3,27
3,27
3,3
3,24
4,10
4,5
4,5
4,5
4,3
4,26
4,5
4,10
4,5
4,5
4,5
4,18
4,12
4,12
4,12
4,3
4,27
4,26
4,26
4,3
4,25
4,13
4,10
4,13
4,26
4,26
4,26
4,10
4,5
4,22
4,25
4,13
4,25
4,13
4,25
4,25
4,12
4,12
4,12
4,12
4,5
4,26
4,25
4,13
4,13
4,5
4,5
5,26
5,26
5,5
5,10
5,10
5,10
5,26
5,10
5,10
5,26
5,26
5,10
5,10
5,26
5,13
5,26
5,5
5,5
5,10
5,10
5,10
5,10
5,5
5,10
5,26
5,5
5,10
5,10
5,5
5,5
5,26
5,10
5,10
5,26
5,26
5,5
5,5
5,10
5,10
5,5
5,10
5,5
5,10
5,5
5,5
5,10
5,26
5,13
5,20
5,27
5,27
5,26
5,5
5,10
5,10
5,5
5,10
5,10
5,5
6,6
6,6
6,6
6,6
6,2
6,6
6,2
6,26
6,26
6,26
6,13
6,13
6,26
6,13
6,13
6,6
6,6
6,6
6,6
6,6
6,6
6,6
6,6
6,6
6,6
6,20
6,6
6,6
6,2
6,6
6,6
6,6
6,2
6,2
6,27
6,26
6,15
6,9
6,6
6,6
6,6
6,2
7,13
7,13
7,20
7,20
7,13
7,7
7,20
7,20
7,13
7,13
7,7
7,7
7,7
7,7
7,7
7,13
7,7
7,20
7,7
7,7
7,20
7,20
7,13
7,13
7,7
7,13
7,13
7,28
7,6
7,7
7,7
7,7
7,7
7,7
7,13
7,7
7,13
7,13
7,13
7,13
7,13
7,16
7,13
8,8
8,8
8,8
8,8
8,8
8,8
8,8
8,2
8,2
8,4
8,27
8,8
8,8
8,8
8,8
8,8
8,8
8,8
8,8
8,8
8,8
8,13
8,25
8,25
8,8
8,8
8,8
8,8
8,9
9,9
9,9
9,9
9,27
9,9
9,9
9,9
9,9
9,9
9,9
9,9
9,21
9,9
9,9
9,27
9,27
9,9
9,9
9,9
9,9
9,9
9,9
9,20
9,9
9,9
9,9
9,9
9,7
9,20
9,19
9,20
9,20
9,27
9,20
9,9
9,9
9,21
9,9
9,9
9,9
9,9
9,9
9,27
9,20
9,20
9,19
9,27
9,27
9,9
9,9
9,8
9,9
9,9
9,9
9,9
9,9
9,9
9,9
9,9
10,10
10,10
10,10
10,10
10,10
10,10
10,10
10,10
10,10
10,10
10,10
10,10
10,10
10,10
10,10
10,10
10,10
10,26
10,5
10,10
10,10
10,10
10,10
10,10
10,10
10,10
10,10
10,10
10,10
10,10
10,5
10,10
10,10
10,10
10,10
10,10
10,10
10,10
10,10
10,10
10,10
10,10
10,10
10,10
10,10
10,10
10,10
10,10
10,10
10,10
10,10
10,10
10,10
10,10
10,10
10,10
10,10
10,10
10,10
10,10
10,10
10,10
10,10
10,10
10,10
10,10
10,10
10,10
10,13
10,13
10,26
10,10
10,10
10,10
10,26
10,10
10,10
10,10
10,10
10,10
10,10
10,10
10,10
10,10
10,10
10,10
10,10
10,10
10,10
10,10
10,10
10,10
10,10
10,10
10,10
10,10
10,10
10,10
10,10
10,10
10,10
10,10
10,10
10,10
10,10
10,10
10,10
10,10
10,10
10,10
10,10
10,10
10,10
10,10
10,10
10,10
10,10
10,10
10,10
10,10
10,10
10,10
10,10
10,10
10,10
10,10
10,10
10,10
10,10
10,10
10,10
10,10
10,10
10,10
10,10
10,10
10,10
10,10
10,10
10,10
10,10
10,10
10,10
10,10
10,10
10,5
10,26
10,26
10,10
10,3
11,5
11,13
11,26
11,3
11,5
11,10
11,10
11,26
11,5
11,5
11,26
11,26
11,11
11,26
11,5
11,5
11,26
11,11
11,11
11,26
11,26
11,26
11,10
11,11
11,10
11,11
11,11
11,11
11,11
11,11
11,11
11,11
11,3
11,26
11,10
11,11
11,11
11,11
11,11
11,11
11,11
11,11
11,11
11,11
11,11
11,11
11,26
11,26
11,5
11,10
11,10
11,10
11,11
11,11
11,11
11,11
11,10
11,10
11,10
11,11
11,11
11,11
11,11
11,11
11,10
11,11
11,11
11,11
11,10
11,11
11,3
11,10
11,11
11,11
11,10
11,3
11,11
11,11
11,11
11,11
11,11
11,11
11,11
11,11
11,11
11,11
11,11
11,10
11,11
12,12
12,12
12,12
12,12
12,12
12,12
12,12
12,12
12,12
12,12
12,12
12,12
12,12
12,12
12,12
12,12
12,12
12,12
12,12
12,12
12,12
12,12
12,3
12,18
12,27
12,26
12,2
12,27
12,2
12,27
12,24
12,24
12,12
12,12
12,12
12,12
12,12
12,12
12,12
12,12
12,12
12,12
12,12
12,12
12,12
12,12
12,12
12,12
12,12
12,12
12,12
12,12
12,12
12,12
12,12
12,12
12,12
12,12
12,12
12,12
12,12
12,12
12,12
12,12
12,12
13,13
13,10
13,4
13,2
13,18
13,2
13,27
13,18
13,13
13,5
13,5
13,5
13,5
13,5
13,2
13,13
13,13
13,13
13,25
13,5
13,12
13,10
13,13
13,26
13,13
13,13
13,5
13,5
13,5
13,5
13,5
13,5
13,5
13,13
13,26
13,13
13,27
13,13
13,5
13,13
13,13
13,13
13,13
13,13
13,13
13,3
13,10
13,5
13,2
13,5
13,2
13,5
13,5
13,5
13,5
13,4
13,25
13,10
13,5
13,28
13,10
13,13
13,13
13,13
13,13
13,26
13,13
13,13
13,2
14,12
14,12
14,12
14,24
14,26
14,19
14,19
14,19
14,12
14,12
14,12
14,12
14,14
14,19
14,3
15,25
15,15
15,15
15,15
15,15
16,16
16,16
16,16
16,16
16,15
17,25
17,3
17,17
17,19
17,17
17,18
17,18
17,18
17,18
17,18
17,17
17,17
17,19
18,18
18,18
18,18
18,18
18,18
18,18
18,18
18,11
18,11
18,18
18,18
18,3
18,27
19,16
19,2
19,27
19,19
19,17
19,9
19,19
20,20
20,22
20,22
20,20
20,20
20,20
20,20
20,20
20,20
20,2
20,20
20,20
20,20
20,20
20,20
20,20
20,20
20,20
20,20
21,4
21,4
21,13
21,20
21,21
21,20
21,22
21,27
21,27
21,20
21,20
21,2
21,20
21,22
21,22
22,21
22,13
22,27
22,27
22,2
22,27
22,22
22,22
22,22
22,27
22,2
22,22
22,2
22,2
22,22
22,27
22,27
22,22
22,2
22,22
22,22
22,27
22,22
22,2
22,2
23,23
23,23
23,23
23,23
23,23
23,23
24,24
24,24
24,1
24,24
24,0
24,24
24,24
24,24
24,26
24,24
24,24
24,24
24,24
24,24
24,1
25,25
25,25
25,25
25,25
25,25
25,25
25,25
25,25
25,25
25,10
25,25
25,25
25,25
25,27
25,25
25,25
25,25
25,25
25,25
25,25
25,25
25,25
25,25
25,25
25,25
25,22
25,25
25,25
25,25
25,25
25,25
25,25
25,25
25,25
25,25
25,25
25,27
25,25
25,22
25,25
25,25
26,26
26,26
26,26
26,10
26,10
26,10
26,10
26,10
26,26
26,26
26,13
26,26
26,10
26,10
26,10
26,26
26,26
26,26
26,24
26,26
26,26
26,5
26,26
26,10
26,26
26,26
26,10
26,26
26,26
26,5
26,26
26,26
26,5
26,26
26,26
26,26
26,24
26,24
26,26
26,10
26,26
27,27
27,27
27,27
27,27
27,27
27,27
27,27
27,12
27,27
27,26
27,27
27,26
27,18
27,26
27,26
27,26
27,24
27,27
27,27
27,27
27,24
28,10
28,10
28,28
28,28
28,13
28,28
28,28
28,28
28,28
28,10
28,28
28,28
28,28
28,10
28,10
28,10
28,10
28,10
28,10
1,4
1,0
1,0
1,0
1,4
1,16
1,13
1,13
1,25
1,13
1,4
1,4
1,0
1,4
1,13
1,13
1,26
1,26
1,16
1,5
1,10
1,4
1,11
1,11
1,11
1,11
1,11
1,11
1,1
1,11
1,11
1,11
1,11
1,11
1,11
1,11
1,11
1,16
1,11
1,11
1,11
1,1
1,11
1,11
1,11
1,11
1,11
1,13
1,26
1,28
1,28
1,11
1,11
1,11
1,17
1,28
1,28
1,10
1,11
1,11
1,17
1,11
1,25
1,11
1,11
1,11
1,11
1,11
1,11
1,3
1,1
1,13
1,13
1,3
1,13
1,13
1,13
1,10
1,11
1,11
1,5
1,13
1,11
1,10
1,13
1,10
1,10
1,11
1,10
1,13
1,10
1,10
1,11
1,3
1,13
1,10
1,10
1,11
1,11
1,11
1,16
1,13
1,11
1,11
1,17
1,1
1,0
1,0
1,0
1,1
2,13
2,2
2,13
2,2
2,16
2,16
2,13
2,18
2,13
2,13
2,13
2,13
2,7
2,0
2,8
2,4
2,13
2,2
2,2
2,13
2,13
2,13
2,13
2,13
2,13
2,2
2,13
2,13
2,13
2,13
2,13
2,26
2,13
2,13
2,13
2,13
2,13
2,26
2,26
2,13
2,13
2,13
2,13
2,13
2,13
2,26
2,13
2,2
2,13
2,13
2,26
2,13
2,13
2,13
2,13
2,2
2,13
2,13
2,13
2,13
2,13
2,13
2,2
2,2
2,2
2,13
2,2
2,13
2,5
2,13
2,13
2,13
2,13
2,13
2,13
2,13
2,20
2,13
2,13
2,2
2,26
2,27
2,27
2,2
2,28
2,13
2,2
2,2
2,2
2,10
2,13
2,13
2,2
2,13
2,22
2,13
2,27
2,27
2,27
2,13
2,13
2,2
2,2
2,13
2,2
2,28
2,2
2,2
2,22
2,13
2,5
2,2
2,2
2,2
2,13
2,2
2,26
2,13
2,2
2,10
4,4
4,4
4,4
4,4
4,4
4,4
4,13
4,13
4,4
4,13
4,4
4,26
4,13
4,4
4,4
4,13
4,28
4,10
4,4
4,5
4,10
4,12
4,10
4,12
4,10
4,4
4,10
4,12
4,4
4,4
4,12
4,12
4,12
4,12
4,12
4,12
4,12
4,12
4,12
4,12
4,12
4,12
4,4
4,12
4,12
4,12
4,12
4,12
4,12
4,12
4,4
4,4
4,4
4,4
4,4
4,13
4,13
4,4
4,13
4,13
4,13
4,13
4,4
6,6
6,6
6,6
6,6
6,6
6,6
6,20
6,6
6,6
6,6
6,6
6,6
6,6
6,6
6,6
6,6
6,6
6,6
6,6
6,6
6,6
6,6
6,6
6,6
6,6
6,6
6,6
6,6
6,6
6,6
6,6
6,6
6,6
6,6
6,6
6,6
6,6
6,6
6,6
6,6
6,6
6,9
6,6
6,6
6,6
6,6
6,6
6,6
6,6
6,6
6,6
6,6
6,6
6,6
6,6
6,6
6,6
8,8
8,8
8,8
8,8
8,8
8,8
8,8
8,8
8,2
8,8
8,8
8,9
8,8
8,8
8,8
8,2
8,23
8,8
8,8
8,8
8,8
8,8
8,8
8,8
8,8
8,8
8,8
8,8
8,8
8,8
8,8
8,8
8,8
8,20
8,8
8,8
8,8
8,8
8,8
8,8
8,8
8,8
8,8
8,8
8,8
8,23
8,23
8,2
8,23
8,23
8,8
8,8
8,8
8,23
8,23
9,20
9,20
9,9
9,9
9,9
9,9
9,9
9,9
9,9
9,8
9,20
9,9
9,9
9,20
9,9
9,20
9,9
9,9
9,8
9,8
9,8
9,9
9,27
9,9
9,9
9,20
9,20
9,27
9,20
9,9
9,9
9,9
9,9
9,9
9,9
9,9
9,9
9,9
9,9
9,8
9,9
9,9
9,9
9,7
9,9
9,20
9,9
9,9
9,20
9,9
9,9
9,9
9,9
9,9
9,9
9,9
9,9
9,9
9,9
9,9
9,9
9,9
9,20
10,10
10,4
10,4
10,10
10,10
10,10
10,10
10,10
10,10
10,10
10,10
10,10
10,10
10,10
10,10
10,28
10,13
10,10
10,10
10,10
10,10
10,10
10,10
10,4
10,13
10,10
10,10
10,10
10,10
10,10
10,10
10,10
10,10
10,10
10,10
10,10
10,10
10,10
10,10
10,10
10,10
10,10
10,10
10,10
10,10
10,10
10,4
10,4
10,13
10,26
10,10
10,10
10,10
10,10
10,10
10,13
10,2
11,1
11,1
11,12
11,11
11,11
11,17
11,11
11,1
11,1
11,4
11,7
11,24
11,24
11,1
11,24
11,24
11,1
11,1
11,1
11,24
11,1
11,1
11,1
11,16
11,24
11,1
11,1
11,24
11,16
11,24
11,1
11,1
11,1
11,1
11,1
11,1
11,17
11,1
11,24
11,1
11,24
11,24
11,24
11,1
11,1
11,1
11,1
11,1
11,1
12,4
12,16
12,11
12,11
12,12
12,1
12,12
12,1
12,4
12,11
12,1
12,1
12,12
12,4
12,4
12,11
12,12
12,12
12,11
12,12
12,12
12,12
12,12
12,12
12,12
12,11
12,12
12,12
12,12
12,12
12,4
12,11
12,12
12,1
12,12
12,24
12,11
12,1
12,12
12,12
12,12
12,12
12,1
12,11
12,12
12,4
12,11
12,1
12,14
12,11
12,12
12,11
12,11
13,13
13,7
13,7
13,24
13,4
13,26
13,16
13,13
13,7
13,19
13,7
13,7
13,7
13,13
13,24
13,4
13,4
13,28
13,5
13,4
13,4
13,13
13,7
13,7
13,7
13,7
13,24
13,13
13,13
13,4
13,4
13,28
13,13
13,24
13,4
13,24
13,28
13,13
13,13
14,12
14,12
14,12
14,12
14,12
14,12
14,12
14,12
14,11
14,1
14,11
14,11
14,14
14,12
14,12
14,12
14,14
14,12
14,12
14,12
14,12
14,12
14,12
14,12
14,14
15,15
15,15
15,15
16,16
16,16
16,16
16,8
16,7
18,24
18,13
18,4
18,4
18,4
18,12
18,12
18,18
18,18
18,18
18,18
18,18
18,18
18,18
18,18
18,18
18,18
18,18
18,18
18,18
18,18
18,18
18,18
18,18
18,26
18,4
18,18
19,16
19,19
19,19
19,19
19,19
19,19
19,20
20,20
20,7
20,20
20,20
20,20
20,20
20,20
20,20
20,20
20,20
20,20
20,27
21,20
21,20
21,21
21,21
21,21
21,20
21,20
21,27
22,27
22,2
22,2
22,22
22,27
22,2
22,22
22,2
22,2
22,22
22,22
22,22
22,27
22,2
22,2
22,2
23,23
23,23
23,23
23,20
23,23
23,23
23,23
23,20
23,23
23,23
23,23
23,23
23,23
23,23
23,23
23,23
23,23
23,23
25,25
25,25
25,25
25,25
25,25
25,25
25,25
25,15
25,25
25,27
25,27
25,25
25,27
27,22
27,27
27,27
27,27
27,27
27,27
27,27
27,27
27,26
27,10
27,26
27,27
27,27
27,27
27,27
27,27
27,2
27,2
27,13
27,27
27,2
27,26
27,13
27,27
27,27
27,13
27,27
27,13
27,26
27,5
27,26
27,27
27,13
27,13
27,26
28,13
28,13
28,28
28,5
28,5
28,28
28,28
28,28
28,2
28,28
28,28
28,28
28,28
28,28
28,28
28,28
28,28
28,28
28,28
28,28
28,28
28,28
28,28
2,2
2,2
2,2
2,2
2,22
2,2
2,2
2,2
2,2
2,22
2,2
2,22
2,2
2,2
2,2
2,2
2,2
2,2
2,2
2,27
2,2
2,2
2,2
2,2
2,2
2,2
2,22
2,2
2,2
2,22
2,2
2,2
2,28
3,25
3,26
3,26
3,3
3,3
3,12
3,18
3,12
3,18
3,18
3,24
3,4
3,18
3,19
3,3
3,18
3,18
3,12
3,12
3,4
3,18
3,3
3,12
3,12
3,12
3,26
3,26
3,11
3,26
3,26
3,26
3,12
3,26
3,26
3,12
3,12
3,3
3,3
3,18
3,3
3,26
3,4
3,10
3,26
3,26
3,26
3,12
3,3
3,12
3,26
3,3
3,18
3,18
3,26
3,4
3,4
3,4
3,4
3,12
3,12
3,10
3,13
3,13
3,4
3,26
3,3
3,18
4,11
4,11
4,11
4,4
4,4
4,28
4,13
4,11
4,4
4,11
4,11
4,11
4,13
4,13
4,4
4,12
4,4
4,13
4,13
4,4
4,11
4,11
4,11
4,13
4,13
4,12
4,19
4,4
4,11
5,5
5,5
5,5
5,5
5,28
5,5
5,28
5,28
5,13
5,5
5,5
5,5
5,5
5,5
5,5
5,5
5,5
5,5
5,5
5,5
5,5
5,5
5,28
5,16
5,5
5,5
5,28
5,5
5,5
6,6
6,6
6,6
6,6
6,6
6,2
6,2
6,6
6,6
6,6
6,6
6,6
6,6
6,6
6,6
6,6
6,6
6,6
6,6
6,6
6,6
6,22
6,6
6,6
6,6
6,6
6,6
6,6
6,6
6,6
6,6
6,6
6,6
6,6
6,6
6,6
6,6
6,6
6,6
7,28
7,28
7,7
7,7
7,13
7,16
7,7
7,16
7,7
7,4
7,7
7,19
7,7
7,16
7,7
7,7
7,7
7,7
7,7
7,19
7,16
7,23
7,7
7,7
7,19
7,19
7,7
7,7
7,0
8,18
8,8
8,8
8,25
8,8
8,8
8,8
8,8
8,8
8,8
8,8
8,8
8,8
8,8
8,8
8,8
8,8
8,8
8,8
8,8
8,18
8,18
8,8
8,19
8,16
8,4
8,8
8,17
8,25
8,8
8,8
8,8
8,8
8,8
8,8
8,8
8,25
8,8
8,8
8,8
8,25
8,8
8,8
8,8
8,8
8,25
8,25
8,8
8,4
9,24
9,24
9,9
9,9
9,20
9,9
9,9
9,9
9,7
9,7
9,20
9,19
9,7
9,19
9,9
9,25
9,19
9,9
9,9
9,9
9,7
9,7
9,19
9,19
9,9
9,9
9,9
9,20
9,3
9,21
9,27
9,27
9,9
9,9
9,9
9,9
9,9
9,27
9,24
9,26
9,9
9,9
9,9
9,9
9,9
9,9
9,9
9,9
9,9
10,10
10,10
10,10
10,11
10,10
10,10
10,10
10,10
10,10
10,10
10,10
10,10
10,10
10,4
10,10
10,10
10,10
10,10
10,12
10,12
10,12
10,12
10,12
10,10
10,10
10,10
10,10
10,10
10,10
10,10
10,10
10,10
10,10
10,10
10,10
10,10
10,10
10,10
10,10
10,10
10,10
10,10
10,10
10,10
10,12
10,12
10,12
10,12
10,12
10,12
10,10
10,10
10,11
10,13
10,4
10,10
10,10
10,10
10,12
10,12
10,10
10,10
10,10
10,10
10,10
10,10
10,10
10,10
10,10
10,10
10,10
10,10
10,10
11,11
11,11
11,11
11,11
11,11
11,11
11,11
11,11
11,11
11,11
11,11
11,11
11,11
11,11
11,11
11,11
11,11
11,11
11,11
11,11
11,11
11,4
11,1
11,1
11,11
11,11
11,1
11,19
11,11
11,11
11,11
11,11
11,11
11,1
11,24
11,1
11,1
11,11
11,1
11,11
11,16
11,11
11,11
11,11
11,11
11,11
11,11
11,11
11,11
11,1
11,24
11,11
11,1
11,11
11,11
11,11
11,11
11,11
11,11
11,1
11,24
11,11
11,11
11,11
11,11
11,11
11,1
11,12
11,1
12,12
12,12
12,12
12,12
12,12
12,12
12,12
12,12
12,12
12,12
12,12
12,12
12,10
12,12
12,12
12,12
12,12
12,12
12,12
12,12
12,12
13,11
13,25
13,18
13,11
13,13
13,16
13,13
13,28
13,13
13,4
13,25
13,16
13,11
13,11
13,4
13,28
13,11
13,11
13,4
13,28
13,4
13,11
13,11
13,11
13,11
13,11
13,11
13,11
13,25
14,12
14,12
14,12
14,10
14,26
14,19
14,19
14,16
14,11
14,17
14,11
14,11
14,11
14,12
14,12
14,14
14,14
14,14
14,12
14,1
14,12
14,11
14,11
14,11
14,11
14,17
14,12
14,24
14,16
14,7
14,18
14,11
14,18
15,19
15,15
15,19
15,8
15,19
16,16
16,16
16,16
16,16
17,19
17,16
17,4
17,16
17,19
17,19
17,17
17,17
17,17
17,17
17,17
17,17
17,19
18,25
18,19
18,18
18,19
18,17
18,17
18,17
18,17
18,17
18,17
18,17
18,19
18,17
19,7
19,7
19,13
19,16
19,19
19,19
19,11
19,1
19,16
19,1
19,15
20,2
20,20
20,20
20,20
20,20
20,20
20,20
20,25
20,15
20,20
20,20
20,27
20,20
20,27
20,9
20,2
20,27
20,25
20,20
20,20
20,16
20,16
20,16
20,4
20,13
20,20
20,20
20,20
20,20
21,21
21,20
21,21
21,9
21,20
21,21
21,21
21,21
21,21
21,20
21,13
21,2
21,21
21,16
21,2
21,20
21,20
21,7
21,13
23,23
23,23
23,23
23,23
23,23
23,23
23,23
23,23
23,20
23,23
23,23
23,23
24,13
24,5
24,24
24,26
24,27
24,13
24,28
24,11
24,11
24,11
24,4
24,11
24,11
24,11
24,4
24,4
24,24
24,24
24,24
24,1
24,4
24,1
24,4
24,7
24,7
25,13
25,25
25,27
25,3
25,27
25,25
25,25
25,25
25,25
25,25
25,25
25,25
25,25
25,13
25,25
26,13
26,5
26,13
26,13
26,10
26,10
26,10
26,10
26,13
26,13
26,13
26,13
26,13
26,5
26,13
26,10
26,11
26,11
26,13
26,13
26,13
26,13
26,4
27,22
27,27
27,27
27,27
27,27
27,2
27,10
27,27
27,13
27,27
28,4
28,10
28,28
28,13
28,5
28,28
28,28
28,28
28,28
28,28
28,28
28,28
28,28
0,0
0,0
0,0
0,0
0,0
0,0
0,0
0,0
0,0
0,0
0,0
0,0
0,6
0,0
0,0
0,0
0,6
0,0
0,0
0,0
0,0
0,0
0,0
0,0
0,0
0,6
0,0
0,0
0,0
0,6
0,6
0,0
0,0
0,0
0,0
0,23
0,0
0,0
0,0
0,0
0,0
0,0
0,0
0,0
0,6
0,0
0,0
0,6
0,6
0,0
0,8
0,0
0,0
0,0
0,0
0,0
0,0
0,0
0,0
0,0
0,0
0,6
0,0
0,0
0,2
0,0
0,0
0,6
0,0
0,0
0,0
0,0
0,23
0,0
0,0
0,0
0,0
0,0
0,0
0,0
0,0
0,13
0,2
0,0
0,0
0,0
0,0
0,0
0,0
0,6
0,0
0,0
0,0
0,0
0,0
0,2
0,0
0,0
0,0
0,0
0,0
0,0
0,0
0,0
0,0
0,0
0,0
0,0
0,0
0,0
0,24
0,7
0,0
0,0
0,0
0,0
0,0
0,0
0,0
0,0
0,0
0,0
0,0
0,0
0,0
0,0
0,0
0,0
0,0
0,16
2,2
2,8
2,0
2,2
2,13
2,2
2,2
2,2
2,2
2,2
2,0
2,6
2,2
2,2
2,2
2,2
2,0
2,0
2,2
2,13
2,2
2,2
2,6
2,2
2,0
2,2
2,2
2,2
2,2
2,2
2,2
2,2
2,5
2,2
2,2
2,2
2,2
2,2
2,13
2,13
2,13
2,13
2,26
2,13
2,2
2,2
2,26
2,2
2,20
2,13
2,2
2,13
2,2
2,2
2,2
2,2
2,8
2,6
2,6
3,3
3,3
3,3
3,3
3,3
3,3
3,3
3,1
3,3
3,3
3,3
3,3
3,3
3,3
3,3
3,3
3,3
3,3
3,3
3,3
3,3
3,3
3,3
3,3
3,3
3,3
3,3
3,3
3,3
3,3
3,3
3,3
3,3
3,3
3,3
3,3
3,3
3,3
3,3
3,3
3,3
3,3
3,3
3,3
3,3
4,4
4,4
4,24
4,7
4,13
4,4
4,1
4,4
4,4
4,4
4,4
4,4
4,4
4,4
4,4
4,4
4,4
4,4
4,4
4,4
4,4
4,4
4,13
4,4
4,4
4,4
4,4
4,13
4,5
4,24
4,26
4,7
4,26
4,3
4,3
4,4
4,24
4,3
4,1
4,27
4,13
4,19
4,13
5,5
5,5
5,4
5,5
5,5
5,5
5,28
5,26
5,4
5,5
5,4
5,12
5,5
5,5
5,26
5,4
5,28
5,5
5,5
5,5
5,28
5,13
5,5
5,5
5,5
5,5
5,5
5,28
5,5
6,6
6,6
6,6
6,6
6,6
6,6
6,6
6,6
6,6
6,6
6,6
6,6
6,6
6,6
6,6
6,6
6,6
6,6
6,6
6,6
6,6
6,6
6,6
6,6
6,6
6,6
6,6
6,6
6,6
6,6
6,6
6,6
6,6
7,7
7,7
7,7
7,8
7,7
7,7
7,7
7,7
7,9
7,7
7,24
7,7
7,7
7,9
7,19
7,7
7,7
7,7
7,7
7,7
7,7
7,7
7,7
7,7
7,7
7,9
7,7
7,7
7,7
7,7
7,7
7,7
7,7
7,9
7,7
7,7
7,9
7,7
7,7
7,7
7,7
7,7
7,7
7,7
7,7
7,7
7,7
7,9
7,16
7,7
7,7
7,7
7,7
7,7
7,7
7,7
7,7
7,7
7,7
7,13
7,4
7,25
7,7
7,7
7,9
7,9
7,7
7,7
7,7
7,7
7,7
8,0
8,0
8,8
8,0
8,0
8,0
8,0
8,0
8,0
8,0
8,0
8,0
8,0
8,0
8,0
8,8
8,8
8,8
8,8
8,9
8,0
8,13
8,8
8,8
8,8
8,8
8,8
8,8
8,8
8,8
8,28
8,8
8,7
8,8
8,4
8,4
8,8
8,8
8,8
8,8
8,4
8,8
8,11
8,0
8,0
9,9
9,9
9,9
9,9
9,6
9,9
9,20
9,9
9,9
9,20
9,9
9,9
9,9
9,9
9,9
9,9
9,20
9,9
9,20
9,9
9,9
9,9
9,9
9,9
9,9
9,9
9,9
9,9
9,9
9,7
9,9
9,9
9,9
9,9
9,9
9,7
9,9
9,9
9,7
9,9
9,9
9,9
9,9
9,9
9,9
10,12
10,10
10,4
10,10
10,10
10,10
10,10
10,10
10,10
10,10
10,10
10,10
10,10
10,10
10,10
10,10
10,10
10,10
10,5
10,10
10,10
10,10
10,10
10,10
10,10
10,10
10,10
10,10
10,10
10,10
10,10
10,10
10,10
10,10
10,10
10,10
10,10
10,10
10,10
10,10
10,10
10,10
10,10
10,10
10,10
10,4
10,10
10,26
10,10
10,10
10,10
10,10
10,10
10,10
10,10
10,10
10,10
10,10
10,10
10,10
10,10
10,10
10,10
10,10
10,10
10,10
10,10
10,10
10,10
10,10
10,10
10,10
10,10
10,10
10,10
10,26
10,10
10,10
10,10
11,4
11,4
11,4
11,4
11,4
11,4
11,4
11,4
11,12
11,4
11,4
11,4
11,1
11,11
11,4
11,24
11,1
11,1
11,1
11,4
11,4
11,4
11,27
11,1
11,1
11,24
11,1
11,4
11,1
11,4
11,1
11,1
11,4
11,4
11,4
11,4
11,4
11,4
11,16
12,4
12,12
12,4
12,12
12,12
12,12
12,12
12,12
12,4
12,4
12,5
12,4
12,5
12,5
12,12
12,5
12,12
12,12
12,4
12,26
12,12
12,1
12,3
12,12
12,12
12,12
12,12
12,12
12,5
12,5
12,26
12,4
12,5
12,12
12,12
12,12
12,5
12,26
12,4
12,12
12,12
12,12
12,12
12,5
12,12
12,12
12,12
12,12
12,12
13,7
13,13
13,4
13,4
13,13
13,25
13,13
13,7
13,13
13,13
13,13
13,4
13,4
13,4
13,4
13,7
13,13
13,26
13,13
13,4
13,4
13,13
13,7
13,4
13,16
13,7
13,13
13,4
13,13
13,13
13,13
13,4
13,26
14,3
14,3
14,3
14,3
14,26
14,26
14,26
14,3
14,24
14,16
14,16
14,7
14,16
14,14
14,17
14,17
14,17
14,1
14,3
15,15
15,3
15,15
15,15
15,15
16,7
16,7
16,16
16,16
16,16
16,7
16,28
16,5
17,24
17,19
17,17
17,17
17,17
17,17
17,17
17,17
17,17
17,17
17,17
17,17
17,17
17,17
17,14
17,3
18,7
18,4
18,18
18,12
18,18
18,18
18,18
18,18
18,18
18,18
18,18
18,18
18,18
18,18
18,18
18,3
18,18
18,18
18,18
18,18
18,18
18,18
18,18
19,19
19,3
19,17
19,1
19,1
19,1
19,3
19,19
20,20
20,20
20,13
20,2
20,9
20,7
20,20
20,9
20,20
20,20
20,23
20,20
20,20
20,7
20,20
20,20
20,20
21,20
21,9
21,9
21,20
21,9
21,9
21,9
21,21
21,20
21,13
22,13
22,27
22,2
22,2
22,2
22,13
22,27
22,27
22,3
22,22
22,22
22,2
22,22
22,22
22,2
22,27
22,20
22,22
22,22
22,22
22,22
22,22
22,27
22,27
22,22
22,22
22,2
22,22
22,22
22,22
22,27
22,22
22,2
22,22
22,22
23,23
23,23
23,23
23,23
23,23
23,23
23,23
23,23
23,23
23,23
23,23
23,23
23,23
24,26
24,26
24,24
24,13
24,24
24,24
24,1
24,24
24,14
24,1
24,1
24,12
24,1
24,1
24,1
24,12
24,1
24,24
24,24
24,24
24,19
24,24
24,24
25,25
25,25
25,25
25,25
25,25
25,13
25,25
25,13
25,5
25,25
25,18
25,25
25,25
25,25
25,25
25,25
25,25
26,26
26,4
26,4
26,13
26,13
26,4
26,26
26,26
26,10
26,10
26,10
26,13
26,26
26,10
26,26
26,13
26,10
26,10
26,26
26,10
26,26
26,26
26,26
26,26
26,26
26,3
26,10
26,10
26,26
26,10
26,10
26,10
26,10
26,10
26,26
27,26
27,27
27,13
27,13
27,13
27,7
27,1
27,7
27,7
27,24
27,1
27,1
27,7
27,19
27,7
27,13
27,13
28,5
28,5
28,5
28,4
28,4
28,4
28,28
28,4
28,28
28,4
28,28
28,4
28,5
28,13
28,1
2,2
2,27
2,10
2,2
2,2
2,2
2,2
2,2
2,2
2,2
2,2
2,2
2,2
2,2
2,2
2,2
2,2
2,6
2,2
2,2
2,2
2,27
2,27
2,2
2,2
2,13
2,2
2,2
2,2
3,5
3,5
3,18
3,18
3,4
3,12
3,12
3,12
3,12
3,4
3,26
3,3
3,5
3,5
3,5
3,5
3,3
3,3
3,4
3,4
3,5
3,10
3,3
3,24
3,24
3,22
3,22
3,22
3,22
3,22
3,22
3,22
3,11
3,5
3,5
3,3
3,3
3,3
3,3
3,26
3,5
4,4
4,1
4,13
4,4
4,4
4,12
4,12
4,12
4,4
4,28
4,16
4,11
4,4
4,4
4,4
4,4
4,12
4,4
4,4
4,4
4,4
4,7
4,13
4,28
4,4
4,4
4,4
4,4
4,12
4,12
4,1
4,28
4,4
4,4
4,4
4,4
4,24
5,5
5,5
5,28
5,5
5,5
5,13
5,26
5,10
5,5
5,10
5,5
5,13
5,13
5,5
5,10
5,10
5,5
5,26
5,26
5,13
5,5
5,5
5,5
5,5
5,5
5,5
5,5
5,5
5,5
5,5
5,5
5,5
5,5
5,5
5,5
5,28
5,5
5,5
5,5
5,5
5,5
5,5
5,5
5,5
5,5
6,6
6,6
6,6
6,6
6,6
6,6
6,6
6,6
6,0
6,6
6,6
6,6
6,6
6,6
6,6
7,7
7,9
7,7
7,7
7,7
7,7
7,7
7,7
7,9
7,7
7,7
7,7
7,7
7,7
7,7
8,8
8,20
8,20
8,8
8,20
8,20
8,20
8,8
8,13
8,8
8,8
8,8
8,8
9,9
9,9
9,9
9,9
9,9
9,9
9,21
9,9
9,9
9,9
9,9
9,9
9,9
9,9
9,9
9,9
9,9
9,9
9,9
9,9
9,9
9,9
9,9
9,4
9,9
9,7
9,9
9,9
9,27
9,27
9,9
9,9
9,20
9,26
9,13
9,16
9,27
9,9
9,7
9,27
9,9
9,9
9,27
10,10
10,10
10,28
10,28
10,28
10,10
10,28
10,10
10,10
10,10
10,10
10,10
10,10
10,28
10,28
10,10
10,28
10,10
10,28
10,10
10,10
10,10
10,10
10,10
10,10
10,10
10,10
10,10
10,10
10,28
10,10
11,4
11,11
11,12
11,11
11,24
11,11
11,12
11,12
11,12
11,12
11,4
11,12
11,12
11,12
11,11
11,12
11,4
11,11
11,4
11,11
11,12
11,4
11,4
11,4
11,11
11,11
11,4
11,11
11,12
11,12
11,11
11,12
11,11
11,11
11,12
11,12
11,11
11,12
11,12
11,4
11,12
11,11
11,4
11,27
11,12
11,12
11,12
11,12
11,11
12,10
12,10
12,10
12,10
12,12
12,12
12,12
12,12
12,12
12,12
12,18
12,12
12,12
12,12
12,12
12,12
12,12
12,12
12,12
12,12
12,5
12,12
12,12
12,12
12,12
12,12
12,12
12,5
12,12
12,5
12,12
12,12
12,12
12,12
12,12
12,12
12,12
12,18
12,12
12,12
12,12
12,12
12,18
12,10
12,12
12,12
12,12
12,12
12,12
12,10
12,12
12,12
12,12
12,12
12,12
13,28
13,13
13,13
13,4
13,4
13,4
13,13
13,4
13,4
13,13
13,4
13,5
13,28
13,10
13,13
13,4
13,13
13,13
13,13
13,28
13,10
13,28
13,10
13,13
13,28
13,13
13,4
13,26
13,13
14,12
14,18
14,18
14,10
14,19
14,19
14,19
14,17
14,17
14,14
14,20
14,20
14,24
15,15
15,22
15,15
15,15
16,28
16,16
16,16
16,13
16,13
17,3
17,18
17,17
17,17
17,17
17,17
17,17
17,17
17,17
17,17
17,17
17,17
17,17
17,17
17,19
17,15
18,5
18,18
18,18
18,18
18,18
18,18
18,18
18,18
18,18
18,18
18,24
19,16
19,7
19,25
19,19
19,19
19,20
19,7
20,20
20,20
20,20
20,20
20,2
20,13
20,20
20,6
20,20
20,7
20,20
20,20
20,20
21,21
21,2
21,2
21,20
21,21
21,7
21,20
21,9
21,9
21,22
21,20
21,6
21,6
22,13
22,27
22,2
22,2
22,2
22,16
22,2
22,27
22,27
22,2
22,2
22,2
22,2
22,22
22,22
22,22
22,22
22,28
22,2
22,2
22,2
22,2
22,2
22,2
22,22
23,23
23,23
23,23
24,24
24,26
24,24
24,24
24,12
24,24
24,24
24,24
24,12
24,12
24,24
24,24
24,1
24,24
24,24
24,24
24,24
25,25
25,27
25,25
25,25
25,25
25,27
25,25
25,27
25,27
26,26
26,26
26,26
26,26
26,26
26,26
26,5
26,26
26,10
26,26
26,24
26,27
26,26
26,26
26,24
26,26
26,26
26,10
26,26
26,26
26,26
26,10
26,26
26,26
26,27
26,27
26,26
26,26
26,24
26,26
26,26
27,12
27,12
27,24
27,5
27,5
27,26
27,4
27,12
27,12
27,4
27,24
27,4
27,3
27,24
27,13
27,13
27,13
27,13
27,13
27,5
27,13
27,27
27,27
28,28
28,2
28,28
28,5
28,28
28,28
28,28
28,28
28,28
28,22
28,28
0,0
0,0
0,0
0,0
0,0
0,0
0,0
0,0
0,0
0,7
0,7
0,0
0,0
0,0
0,0
0,0
0,0
0,0
0,0
0,0
0,0
0,0
0,0
0,0
0,0
0,0
0,0
0,19
0,1
0,1
0,0
0,0
0,0
0,0
0,0
0,7
0,7
0,0
0,0
0,0
0,0
0,0
0,0
0,0
0,0
0,0
0,0
0,0
0,0
0,0
0,0
0,0
0,0
0,0
0,0
0,0
0,0
0,0
0,0
0,0
0,0
0,0
0,7
0,7
0,0
0,13
0,7
0,24
0,0
0,0
0,0
0,1
0,7
0,1
0,1
0,1
0,0
0,1
0,0
0,0
0,0
0,0
0,0
0,0
0,0
0,0
0,7
0,7
0,0
0,0
0,0
0,0
0,0
0,0
0,0
0,7
0,0
0,0
0,7
0,24
0,0
0,0
0,0
0,0
0,0
2,0
2,6
2,6
2,2
2,6
2,6
2,6
2,6
2,2
2,0
2,13
2,2
2,2
2,2
2,2
2,2
2,2
3,18
3,4
3,4
3,24
3,26
3,26
3,24
3,25
3,19
3,1
3,3
3,18
3,18
3,18
3,12
3,4
3,26
3,4
3,4
3,13
3,1
3,18
3,24
3,24
3,12
3,3
3,4
3,5
3,26
3,1
3,1
3,12
3,3
3,12
3,3
3,3
3,17
3,1
3,3
3,3
3,12
3,3
3,3
3,24
3,24
3,3
3,3
3,26
3,3
3,3
3,1
4,4
4,7
4,26
4,5
4,24
4,1
4,13
4,13
4,13
4,7
4,13
4,13
4,4
4,4
4,4
4,5
4,4
4,4
4,4
4,4
4,4
4,13
4,7
6,6
6,6
6,6
6,6
6,6
6,6
6,6
6,6
6,6
6,6
6,6
6,6
6,6
6,6
6,6
6,6
6,6
6,6
6,6
6,6
6,6
6,6
6,6
6,7
6,6
6,9
6,6
6,6
6,6
6,6
6,6
6,6
6,6
6,6
6,6
6,6
6,0
7,9
7,9
7,9
7,7
7,7
7,7
7,7
7,7
7,7
7,7
7,7
7,7
7,7
7,7
7,7
7,7
7,20
7,7
7,7
7,7
7,7
7,7
7,7
7,28
7,7
7,7
7,7
7,9
7,9
7,7
7,7
7,7
7,7
7,9
7,9
7,9
7,7
7,9
7,7
7,7
7,7
7,7
7,7
7,7
7,7
7,7
7,7
7,7
7,7
7,7
7,7
7,7
7,7
7,20
7,28
7,7
7,7
7,7
7,7
8,8
8,8
8,8
8,8
8,8
8,8
8,8
8,8
8,8
8,8
8,8
8,8
8,8
8,8
8,8
8,8
8,8
8,8
8,8
8,23
8,8
8,7
8,8
8,8
8,8
8,8
8,8
8,8
8,8
8,8
8,8
8,8
8,0
8,8
8,7
8,2
8,8
8,7
8,8
8,8
8,8
8,8
8,4
8,13
8,8
8,8
8,8
9,20
9,20
9,9
9,20
9,20
9,20
9,9
9,20
9,9
9,9
9,9
9,9
9,20
9,9
9,9
9,9
9,9
9,7
9,9
9,7
9,7
9,7
9,27
9,9
9,9
9,9
9,7
9,9
9,9
9,9
9,9
9,21
9,20
9,20
9,7
9,27
9,27
9,9
9,20
9,9
9,13
9,7
9,7
9,9
9,7
9,7
9,9
9,9
9,9
10,10
10,10
10,10
10,10
10,26
10,13
10,26
10,10
10,10
10,10
10,10
10,10
10,10
10,10
10,26
10,26
10,10
10,10
10,10
10,10
10,10
10,10
10,10
10,26
10,5
10,10
10,10
10,10
10,10
10,10
10,5
10,10
10,10
10,10
10,3
10,10
10,10
10,10
10,10
10,10
10,10
10,10
10,10
10,10
10,10
10,10
10,26
10,10
10,26
10,26
10,10
10,10
10,10
10,10
10,10
10,10
10,5
10,10
10,10
10,10
10,10
10,10
10,10
10,10
10,10
10,2
10,10
10,26
10,10
11,24
11,24
11,24
11,24
11,24
11,12
11,12
11,1
11,24
11,24
11,26
11,24
11,24
11,24
11,24
11,4
11,4
11,4
11,26
11,24
11,12
11,24
11,24
11,11
11,4
11,4
11,4
11,12
11,4
11,24
11,12
11,4
11,4
11,1
11,4
11,4
11,12
11,12
11,4
11,4
11,11
11,4
11,7
11,7
11,4
11,12
11,12
11,4
11,4
11,4
11,4
11,24
11,24
11,1
11,4
11,4
11,4
11,4
11,4
11,4
11,4
11,1
11,4
11,4
11,4
11,4
11,12
11,4
11,4
11,4
11,4
11,4
11,4
11,4
11,4
11,4
11,4
11,18
11,12
11,4
11,4
11,4
11,28
12,12
12,12
12,12
12,12
12,12
12,12
12,12
12,12
12,12
12,12
12,12
12,12
12,12
12,12
12,12
12,12
12,12
12,12
12,12
12,12
12,12
12,12
12,24
12,11
12,12
12,12
12,12
12,12
12,3
12,3
12,3
12,3
12,24
12,24
12,12
12,12
12,12
12,1
12,3
12,12
12,12
12,12
12,27
12,19
12,1
12,3
12,12
12,12
12,12
13,4
13,4
13,4
13,7
13,26
13,4
13,7
13,7
13,13
13,4
13,12
13,12
13,12
13,4
13,4
13,16
13,7
13,13
13,13
13,13
13,6
13,8
13,2
13,13
13,26
13,13
13,16
13,7
13,13
13,26
13,26
13,13
13,16
13,13
13,0
13,0
13,13
13,13
13,13
13,13
13,26
13,28
13,13
13,13
13,13
13,26
13,13
13,16
13,16
14,12
14,16
14,14
14,19
14,1
14,3
14,3
14,3
14,3
14,18
14,17
14,1
14,14
14,1
14,16
14,24
14,21
15,15
15,15
15,21
15,15
16,16
16,7
16,16
16,16
16,13
16,13
16,10
17,20
17,19
17,3
17,3
17,17
17,17
17,17
17,3
17,17
17,17
17,3
17,3
17,3
17,3
17,19
17,17
17,3
18,13
18,7
18,18
18,18
18,18
18,12
18,12
18,12
18,12
18,18
18,18
18,12
18,12
18,12
18,12
18,18
18,18
18,17
18,19
18,1
18,1
19,19
19,19
19,19
19,1
19,1
19,1
19,1
19,1
19,1
19,19
20,20
20,20
20,2
20,20
20,20
20,20
20,20
20,24
20,16
20,13
20,20
20,27
20,20
20,20
20,20
20,20
20,20
20,20
20,20
20,20
20,2
21,9
21,20
21,21
21,21
21,21
21,21
21,21
21,21
21,9
21,9
21,21
21,9
21,9
22,22
22,22
22,10
22,27
22,22
22,22
22,2
22,2
22,2
22,22
22,27
22,22
22,2
22,20
22,22
22,2
22,6
22,22
22,2
22,2
22,27
23,23
23,23
23,23
23,23
23,23
23,23
23,23
23,23
23,23
23,23
23,23
24,24
24,24
24,1
24,1
24,26
24,24
24,3
24,1
24,1
24,3
24,1
24,3
24,1
24,4
24,27
24,1
24,1
24,24
24,1
24,27
24,9
25,25
25,13
25,2
25,2
25,26
25,25
25,25
25,25
25,27
25,25
25,25
25,20
25,13
25,13
25,27
26,2
26,24
26,2
26,6
26,26
26,13
26,26
26,5
26,4
26,4
26,4
26,4
26,13
26,4
26,4
26,4
26,4
26,13
26,13
26,13
26,26
26,26
26,5
26,13
26,13
26,26
26,26
26,26
26,26
26,5
26,28
26,13
26,13
26,26
26,26
26,10
26,18
26,13
26,26
27,27
27,27
27,27
27,27
27,21
27,21
27,27
27,27
27,13
27,19
27,19
27,16
27,16
27,9
27,27
27,27
27,27
28,10
28,5
28,5
28,25
28,5
28,5
28,5
28,13
28,25
28,5
28,28
28,28
28,28
28,28
28,28
28,5
28,28
28,5
28,5
0,0
0,0
0,0
0,0
0,7
0,0
0,0
0,0
0,0
0,0
0,0
0,0
0,0
0,0
0,0
0,0
0,7
0,0
0,0
0,0
0,0
0,0
0,0
0,0
0,0
0,0
0,0
0,0
0,0
0,0
0,0
0,0
0,0
0,0
0,0
0,0
0,0
0,0
0,0
0,0
0,0
0,0
0,0
0,13
0,0
0,0
0,0
0,0
0,0
0,0
0,13
0,13
0,5
0,2
0,0
0,2
0,0
0,0
0,0
2,2
2,13
2,13
2,2
2,2
2,7
2,13
2,13
2,2
2,0
2,0
2,0
2,0
2,0
2,0
2,7
2,16
2,13
2,13
2,7
2,16
2,9
2,27
2,2
2,22
2,20
2,2
2,27
2,2
2,13
2,2
2,2
2,2
2,16
2,13
2,2
2,26
2,2
2,26
2,27
2,0
3,18
3,18
3,18
3,3
3,19
3,18
3,25
3,25
3,25
3,18
3,18
3,18
3,18
3,18
3,3
3,3
3,25
3,25
3,3
3,18
3,18
3,18
3,18
3,3
3,3
3,3
3,18
3,18
3,25
3,18
3,18
3,25
3,18
3,3
3,17
3,3
3,18
3,18
3,18
3,18
3,18
3,18
3,18
3,25
3,25
3,18
3,25
3,18
3,18
4,13
4,10
4,10
4,10
4,10
4,28
4,5
4,13
4,25
4,4
4,10
4,13
4,5
4,5
4,10
4,4
4,3
4,10
4,5
4,27
4,16
4,13
4,18
4,5
4,5
4,28
4,4
4,10
4,10
4,10
4,4
4,4
4,13
4,13
4,18
4,4
4,11
4,11
4,11
4,3
4,13
4,3
4,18
4,18
4,4
4,10
4,4
4,10
4,10
4,10
4,4
4,10
4,10
4,10
4,13
4,13
4,28
4,10
4,10
6,6
6,6
6,7
6,21
6,7
6,6
6,6
6,22
6,6
6,6
6,6
6,6
6,6
6,6
6,2
6,6
6,8
6,6
6,6
6,6
6,6
6,6
6,6
6,6
6,6
6,6
6,6
6,6
6,6
6,6
6,6
6,6
6,2
6,2
6,2
6,6
6,0
6,6
6,6
7,20
7,20
7,7
7,27
7,20
7,20
7,20
7,20
7,9
7,8
7,9
7,7
7,20
7,13
7,27
7,20
7,20
7,7
7,9
8,8
8,20
8,9
8,20
8,8
8,9
8,8
8,8
8,20
8,8
8,8
8,8
8,8
8,20
8,8
8,8
8,8
8,8
8,8
8,8
8,20
8,8
8,8
8,8
8,27
8,20
8,8
8,20
8,9
8,21
8,23
8,8
8,8
9,8
9,9
9,7
9,2
9,8
9,9
9,9
9,8
9,9
9,9
9,9
9,9
9,16
9,9
9,9
9,9
9,8
9,7
9,8
9,8
9,20
9,13
9,9
9,8
9,8
9,9
9,8
9,9
9,8
9,9
9,9
9,23
9,9
9,9
9,9
9,8
9,7
9,20
9,9
9,20
9,16
9,16
9,9
9,25
9,9
9,16
9,8
9,8
9,8
9,8
9,9
9,20
9,9
10,10
10,10
10,10
10,10
10,10
10,10
10,10
10,10
10,28
10,5
10,5
10,10
10,10
10,10
10,10
10,10
10,10
10,10
10,5
10,10
10,13
10,10
10,10
10,10
10,10
10,10
10,10
10,10
10,10
10,10
10,10
10,10
10,5
10,10
10,10
10,10
10,10
10,10
10,10
10,10
10,10
10,5
10,10
10,28
10,5
10,10
10,10
10,10
10,10
10,10
10,10
10,10
10,10
10,10
10,10
10,10
10,5
10,13
10,13
10,5
10,10
11,11
11,11
11,11
11,11
11,11
11,11
11,11
11,11
11,11
11,11
11,17
11,17
11,11
11,11
11,13
11,11
11,11
11,11
11,11
11,11
11,11
11,11
11,11
11,11
11,11
11,11
11,11
11,11
11,11
11,11
11,11
11,11
11,11
11,11
11,11
11,17
11,17
11,11
11,11
11,11
11,11
11,11
11,28
11,28
11,11
11,11
11,11
11,11
11,11
11,11
11,11
12,11
12,10
12,10
12,10
12,18
12,18
12,10
12,10
12,12
12,18
12,5
12,10
12,18
12,10
12,10
12,11
12,10
12,11
12,10
12,10
12,18
12,18
12,5
12,10
12,12
12,18
12,18
12,5
12,5
13,2
13,13
13,18
13,18
13,5
13,13
13,13
13,27
13,2
13,5
13,25
13,5
13,5
13,13
13,13
13,13
13,27
13,13
13,13
13,13
13,5
13,25
13,13
13,13
13,13
13,13
13,8
13,16
13,13
13,13
13,18
13,5
13,5
13,13
13,16
13,25
13,5
13,13
13,5
13,13
13,2
13,2
13,27
14,4
14,5
14,5
14,5
14,13
14,19
14,19
14,19
14,17
14,17
14,17
14,17
14,17
14,17
14,17
14,17
14,17
14,17
14,18
14,19
14,25
15,27
15,15
15,15
15,15
15,3
16,2
16,16
16,13
16,25
16,16
16,16
16,16
17,25
17,18
17,25
17,18
17,17
17,19
17,18
17,18
17,18
17,18
17,18
17,11
17,11
17,11
17,11
17,18
17,11
17,11
17,11
17,11
17,11
17,11
17,11
17,11
17,11
17,18
17,16
17,17
17,19
17,25
17,25
17,18
17,18
18,20
18,18
18,18
18,17
18,17
18,18
18,18
18,18
18,26
18,10
18,10
18,3
18,25
18,26
18,25
18,17
18,18
18,18
18,18
18,25
19,26
19,15
19,17
19,19
19,3
19,11
19,18
19,25
19,27
19,5
19,16
19,9
19,8
19,25
19,25
20,2
20,20
20,8
20,27
20,20
20,20
20,20
20,9
20,20
20,20
20,20
20,9
20,15
21,20
21,21
21,22
21,22
21,22
21,15
21,27
21,22
21,22
21,10
21,10
21,22
21,27
21,20
21,21
21,21
21,20
21,21
21,21
21,21
21,16
22,22
22,2
22,22
22,2
22,22
22,22
22,2
22,2
22,2
22,22
22,22
22,22
22,27
22,22
22,22
22,22
22,22
22,22
22,10
23,23
23,23
23,23
23,23
23,23
23,23
23,23
23,23
23,23
23,23
23,23
23,23
23,23
23,23
23,23
24,0
24,7
24,16
24,24
24,1
24,11
24,11
24,11
24,1
24,1
24,11
24,12
24,24
24,11
24,11
24,11
24,1
24,10
24,11
24,1
24,11
24,1
24,1
24,16
24,24
24,7
24,13
24,13
24,24
24,13
24,24
24,24
24,1
24,1
24,24
24,7
24,16
24,26
24,13
25,15
25,8
25,25
25,13
25,25
25,13
25,15
25,25
25,3
25,15
25,15
25,26
25,27
25,13
25,18
25,3
25,19
25,1
25,13
25,13
25,11
26,10
26,27
26,13
26,25
26,5
26,25
26,2
26,22
26,26
26,25
26,22
26,22
26,4
26,4
26,10
26,27
26,27
27,27
27,27
27,27
27,27
27,27
27,27
27,16
27,26
27,3
27,3
27,12
27,12
27,26
27,26
27,3
27,27
27,24
27,27
27,20
27,2
28,5
28,5
28,5
28,5
28,28
28,5
28,28
28,28
28,28
28,28
28,13
28,28
28,5
28,5
28,5
28,5
28,28
28,28
28,5
28,5
28,28
28,28
28,10
28,10
28,28
28,28
28,5
28,28
28,5
28,5
28,10
28,13
28,28
28,28
28,28
28,28
28,13
28,5
28,28
28,28
28,28
28,28
28,4
28,28
28,5
0,0
0,0
0,0
0,0
0,0
0,0
0,0
0,0
0,0
0,0
0,0
0,0
0,0
0,0
0,0
0,0
0,0
0,0
0,0
0,0
0,0
0,0
0,0
0,0
0,0
0,0
0,0
0,0
0,0
0,0
0,0
0,0
0,0
0,0
0,0
0,0
0,0
0,0
0,0
0,0
0,0
0,0
0,0
0,0
0,0
0,0
0,0
0,0
0,0
0,0
0,0
0,0
0,0
0,0
0,0
0,0
0,0
0,0
0,0
0,0
0,0
0,0
0,0
0,0
0,0
0,0
0,0
0,0
0,0
0,0
0,0
0,0
0,0
0,0
0,0
0,0
0,0
0,0
0,0
0,0
0,0
0,0
0,0
0,0
0,0
0,1
0,1
0,0
0,0
0,0
0,0
0,0
0,0
0,0
0,0
0,0
0,0
0,0
0,0
0,0
0,0
0,0
0,0
0,0
0,0
0,0
0,0
0,0
0,0
0,0
0,0
0,0
0,0
0,0
0,0
0,0
0,0
0,0
0,0
0,0
0,0
0,0
0,0
0,0
0,0
0,0
0,0
0,0
0,0
0,0
0,1
0,16
0,0
0,0
0,0
0,0
0,0
0,0
0,0
0,0
0,0
0,0
0,0
0,0
0,0
0,0
0,0
0,0
0,0
0,0
0,0
0,0
0,0
0,0
0,0
0,0
0,0
0,0
0,0
0,0
0,0
0,0
0,0
0,0
0,0
0,0
0,26
0,0
0,0
0,0
0,0
0,0
0,0
0,0
0,0
0,0
0,0
0,0
0,0
0,0
0,0
0,0
0,0
0,0
0,0
0,16
2,2
2,2
2,2
2,2
2,2
2,13
2,13
2,2
2,13
2,13
2,2
2,2
2,2
2,2
2,2
2,2
2,2
2,2
2,2
2,5
2,2
2,2
2,2
2,2
2,13
2,2
2,2
2,2
2,2
2,27
2,27
2,20
2,2
2,2
2,27
2,26
2,26
2,22
2,13
2,2
2,27
2,2
2,13
2,13
2,13
2,2
2,2
2,2
2,4
2,2
2,2
2,2
2,13
2,13
2,13
2,18
2,18
2,25
2,2
2,5
2,13
2,10
2,13
2,10
2,10
2,10
2,5
2,2
2,2
2,2
2,4
2,2
2,2
7,7
7,16
7,16
7,7
7,7
7,25
7,16
7,7
7,7
7,7
7,7
7,7
7,7
7,7
7,7
7,7
7,7
7,7
7,7
7,7
7,7
7,7
7,7
7,16
7,7
7,7
7,7
7,7
7,7
7,7
7,7
7,7
7,7
7,7
7,7
7,7
7,7
7,13
7,16
7,7
7,7
7,7
7,7
7,7
7,7
7,7
7,7
7,16
7,7
7,7
7,7
7,7
7,7
7,7
7,7
7,7
7,11
7,7
7,7
7,7
7,7
7,7
7,7
7,7
7,7
7,7
7,7
7,7
7,7
7,7
7,7
7,7
7,7
7,13
7,7
7,16
7,13
7,7
7,7
10,10
10,10
10,10
10,10
10,10
10,10
10,10
10,10
10,10
10,10
10,10
10,10
10,10
10,10
10,10
10,10
10,10
10,10
10,5
10,10
10,10
10,10
10,10
10,10
10,10
10,10
10,10
10,10
10,10
10,5
10,27
10,10
10,26
10,26
10,26
10,26
10,10
10,10
10,10
10,10
10,10
10,10
10,10
10,10
10,10
10,10
10,10
10,10
10,10
10,10
10,10
10,10
10,10
10,10
10,10
10,10
10,10
10,10
10,10
10,10
10,10
10,10
10,10
10,10
10,10
10,10
10,10
10,10
10,5
10,10
10,10
10,10
10,10
10,10
10,10
10,10
10,10
10,10
10,10
10,10
10,10
10,10
10,10
10,10
10,10
10,10
10,10
10,10
10,10
10,10
10,10
10,10
10,10
10,10
10,26
10,26
10,10
10,10
10,10
10,10
10,10
10,10
10,10
10,10
10,10
10,10
10,10
10,10
10,10
10,10
10,10
10,10
10,10
10,10
10,10
10,10
10,10
10,10
10,10
10,10
10,10
10,10
10,10
10,10
10,10
10,10
10,10
10,10
10,10
10,10
10,10
10,10
10,10
10,10
10,10
10,10
10,10
10,10
10,10
10,10
10,10
10,10
10,10
10,10
10,10
10,10
10,10
10,10
10,10
10,25
11,5
11,5
11,5
11,26
11,5
11,2
11,25
11,27
11,19
11,13
11,10
11,3
11,3
11,3
11,2
12,24
12,7
12,7
12,7
12,5
12,5
12,13
12,4
12,12
12,3
12,27
12,20
12,7
12,24
12,7
12,24
12,13
12,7
12,7
12,24
12,24
12,7
12,5
13,20
13,20
13,20
13,22
13,2
13,2
13,20
13,27
13,13
13,2
13,2
14,13
14,19
14,26
14,20
14,7
14,7
14,7
14,19
14,19
14,27
14,9
14,13
14,13
15,3
15,19
15,19
15,19
15,19
15,19
15,19
15,19
15,20
15,19
17,25
17,25
17,13
17,5
17,16
19,14
19,25
19,25
19,25
19,25
19,5
19,25
20,19
20,17
20,20
20,20
20,20
20,20
20,20
20,20
20,20
20,20
20,20
20,20
20,20
20,20
20,20
20,20
20,20
20,20
20,20
20,20
20,20
20,20
20,20
20,20
20,20
20,20
20,20
20,20
20,20
20,20
20,20
20,20
20,20
20,20
20,20
20,20
20,20
20,20
20,20
20,20
20,20
20,20
20,20
20,20
20,20
20,20
20,20
20,20
20,20
20,20
20,20
20,20
20,20
20,20
20,20
20,20
20,20
20,20
20,20
20,20
20,20
20,20
20,20
20,20
20,20
20,20
20,20
20,20
20,20
20,17
20,7
20,11
20,11
20,12
20,19
20,20
20,3
21,3
21,21
21,21
21,21
21,21
21,21
21,21
21,20
21,24
21,21
21,21
21,21
21,21
21,20
21,20
21,5
21,5
21,13
21,13
21,24
21,21
21,21
21,21
21,21
21,21
21,24
21,21
21,21
21,21
21,21
21,21
21,21
21,22
21,21
21,21
21,5
21,5
21,10
21,20
21,21
21,21
21,21
21,21
21,21
21,22
21,22
21,21
21,21
21,21
21,5
21,24
21,21
21,22
21,21
21,21
21,21
21,26
21,24
21,21
21,21
21,24
21,21
21,24
21,5
21,24
21,21
21,21
21,21
21,21
22,21
22,22
22,22
22,22
22,22
22,22
22,22
22,22
22,22
22,22
22,22
22,22
22,22
22,22
22,22
22,22
22,22
22,22
22,22
22,22
22,22
22,22
22,22
22,22
22,22
22,22
22,22
22,22
22,22
22,22
22,22
22,22
22,22
22,22
22,22
22,22
22,22
22,22
22,22
22,22
22,22
22,22
22,22
22,22
22,22
22,22
22,22
22,22
22,22
23,23
23,23
23,23
23,23
23,23
23,10
23,23
23,23
23,23
23,23
23,23
23,23
23,23
23,10
23,23
23,23
23,23
23,23
23,23
23,23
23,23
23,23
23,23
23,23
23,23
23,23
23,23
23,23
23,23
23,23
23,23
23,10
23,10
23,23
23,23
23,23
23,23
23,23
23,23
23,23
23,23
23,23
23,23
23,23
23,23
23,23
23,23
23,23
23,23
23,23
23,23
23,23
23,23
23,23
23,23
23,23
23,23
23,23
23,23
23,23
23,23
23,23
23,23
23,10
23,23
23,23
23,23
23,23
23,23
23,23
23,23
23,23
23,23
23,23
23,23
23,23
23,23
23,23
23,23
23,23
23,23
23,23
23,23
23,23
23,12
23,23
23,23
23,23
23,23
6,6
6,6
6,6
6,6
6,6
6,6
6,6
6,6
6,6
6,6
6,6
6,6
6,6
6,6
6,6
6,6
6,6
6,6
6,6
6,6
6,6
6,6
6,6
6,6
6,6
6,6
6,6
0,0
0,0
0,0
0,0
0,0
0,0
0,0
0,0
0,24
0,0
0,0
0,24
0,0
0,0
0,0
0,0
0,0
0,0
0,0
0,0
0,1
0,1
0,0
0,0
0,0
0,0
0,0
0,0
0,0
0,0
0,0
0,0
0,0
0,1
0,0
0,0
0,0
0,0
0,0
0,0
0,0
0,0
0,0
0,7
0,0
0,0
0,0
0,0
0,0
0,0
0,0
0,0
0,0
0,0
0,0
0,0
0,0
0,0
0,0
0,0
0,0
0,0
0,0
0,10
0,0
0,0
0,0
0,0
0,0
0,0
0,0
0,0
0,0
0,5
0,5
0,24
0,0
0,0
0,0
0,0
0,0
0,0
0,0
0,0
0,0
0,0
0,0
0,0
0,0
0,0
0,0
0,0
0,0
0,0
0,0
0,0
0,0
0,0
0,0
0,0
0,0
0,0
0,0
0,0
0,0
0,0
0,0
0,0
0,0
0,0
0,27
0,20
0,3
0,21
0,20
0,20
0,0
0,0
0,0
0,0
0,0
0,0
0,0
0,0
0,0
0,0
0,0
0,0
0,0
0,0
0,0
0,0
0,0
0,0
0,0
0,0
0,0
0,0
0,0
0,0
0,0
0,0
0,0
0,0
0,0
0,0
0,0
0,0
0,0
0,0
0,0
0,0
0,0
0,0
0,24
0,26
0,0
0,0
0,0
0,0
0,0
0,0
0,0
0,1
1,1
1,1
1,1
1,12
1,24
1,1
1,4
1,10
1,12
1,10
1,10
1,5
1,10
1,10
1,1
1,10
1,1
1,19
1,1
1,1
1,1
1,16
1,24
1,3
1,3
1,1
1,1
1,12
1,10
1,3
1,12
1,10
1,3
1,3
1,1
1,1
1,1
1,1
1,24
1,24
1,24
1,1
1,1
1,26
1,1
1,1
1,1
1,1
1,1
1,1
1,1
1,3
1,3
1,3
1,3
1,1
1,1
1,1
1,1
1,1
1,3
1,1
1,1
1,1
1,1
1,1
1,1
1,1
1,1
1,1
1,1
1,1
1,1
1,1
1,1
1,1
1,3
1,1
1,1
1,1
1,1
1,1
1,1
1,1
1,1
1,1
1,1
1,1
1,1
1,1
1,1
1,3
1,26
1,26
1,1
1,1
1,10
1,10
1,10
1,5
1,5
1,5
1,5
1,26
1,1
1,1
1,1
1,1
1,1
1,1
1,1
1,1
1,1
1,1
1,24
1,26
1,1
1,1
1,1
1,1
1,1
1,3
1,11
1,24
1,24
1,1
1,3
1,1
1,5
1,0
1,1
1,1
1,1
1,1
1,1
1,1
1,1
1,1
1,1
1,1
1,1
1,1
1,1
1,1
1,1
1,1
1,1
1,1
1,1
1,1
1,1
1,1
1,1
1,1
1,1
1,1
1,1
1,1
1,1
1,1
1,1
1,1
1,1
1,1
1,1
1,1
1,1
1,1
1,1
1,1
1,1
1,1
1,1
1,1
1,1
1,1
1,1
1,1
1,1
1,1
1,1
1,1
1,1
1,0
1,1
1,1
1,1
1,1
1,1
1,1
1,1
1,1
1,1
1,1
1,1
1,1
1,1
1,1
1,1
1,1
1,1
1,1
1,1
1,1
1,1
1,1
1,1
1,1
1,1
1,1
1,1
1,1
1,1
1,12
1,1
1,1
1,1
1,1
1,1
1,1
1,1
1,1
1,1
1,1
1,1
1,1
1,1
1,1
1,1
1,1
1,1
1,1
1,1
1,0
1,1
1,1
1,1
1,0
1,1
1,1
1,1
1,1
1,1
1,1
1,1
1,1
1,1
1,1
1,1
1,1
1,1
1,1
1,1
1,1
1,0
1,24
2,2
2,5
2,28
2,2
2,2
2,2
2,2
2,2
2,2
2,22
2,13
2,13
2,2
2,2
2,27
2,26
2,27
2,13
2,2
2,13
2,2
2,2
2,2
2,2
2,2
2,2
2,2
2,2
2,2
2,2
2,2
2,5
2,10
2,5
2,2
2,2
2,2
2,2
2,2
2,2
2,2
2,2
2,2
2,2
2,22
2,2
2,22
2,22
2,2
2,27
2,27
2,2
2,22
2,22
2,2
2,22
2,2
2,2
2,2
2,2
2,2
2,2
2,2
2,2
2,27
2,2
2,22
2,20
2,20
2,22
2,2
2,27
2,15
2,2
2,2
2,2
2,2
2,2
2,22
2,2
2,2
2,2
2,2
2,2
2,2
2,2
3,3
3,3
3,3
3,17
3,17
3,17
3,3
3,3
3,3
3,3
3,17
3,17
3,1
3,3
3,3
3,3
3,3
3,12
3,12
3,17
3,11
3,12
3,12
3,12
3,12
3,11
3,3
3,3
3,3
3,3
3,24
3,1
3,5
3,11
3,3
3,3
3,3
3,3
3,19
3,5
3,3
3,12
3,12
3,3
3,3
3,3
3,11
3,19
3,24
3,3
3,3
3,3
3,3
3,3
3,10
3,3
3,3
3,3
3,3
3,3
3,10
3,3
3,3
3,3
3,5
3,3
3,3
3,3
3,10
3,3
3,3
3,3
3,10
3,3
3,3
3,25
3,3
3,3
3,26
3,5
3,3
3,3
3,3
3,10
3,3
3,3
3,3
3,10
3,18
3,3
3,25
3,10
3,10
3,25
3,3
3,3
3,3
3,10
3,10
3,3
3,3
3,10
3,10
3,3
3,3
3,26
3,10
3,3
3,3
3,3
3,10
3,3
4,4
4,4
4,4
4,4
4,18
4,4
4,5
4,4
4,4
4,4
4,4
4,4
4,4
4,4
4,4
4,4
4,12
4,12
4,12
4,5
4,4
4,12
4,18
4,4
4,4
4,4
4,7
4,25
4,18
4,4
4,5
4,4
4,4
4,4
4,4
4,4
4,4
4,4
4,5
4,28
4,4
4,4
4,4
4,4
4,12
4,12
4,12
4,5
4,4
4,4
4,4
4,4
4,4
4,5
4,13
4,4
4,4
4,4
4,4
4,4
4,25
4,5
4,13
4,10
4,25
4,25
4,25
4,4
4,4
4,2
4,2
4,22
4,4
4,4
4,25
4,4
4,4
4,25
4,25
4,4
4,4
4,4
4,4
4,4
4,4
4,4
4,25
4,25
4,4
4,4
4,25
4,4
4,4
4,25
4,25
4,10
4,4
4,10
4,4
4,4
4,10
4,25
4,4
4,4
4,4
4,25
5,5
5,5
5,5
5,28
5,5
5,5
5,5
5,5
5,5
5,5
5,5
5,5
5,5
5,28
5,5
5,5
5,5
5,5
5,5
5,5
5,5
5,5
5,5
5,5
5,5
5,5
5,5
5,5
5,5
5,5
5,5
5,18
5,5
5,5
5,5
5,5
5,28
6,6
6,6
6,6
6,6
6,6
6,6
6,6
6,6
6,6
6,6
6,6
6,6
6,6
6,6
6,6
6,20
6,6
6,6
6,6
6,6
6,6
6,6
6,6
6,6
6,6
6,0
6,6
6,6
6,6
6,6
6,6
6,6
6,6
6,6
6,6
6,6
6,6
6,6
6,6
6,6
6,6
6,6
6,6
6,6
6,6
6,6
6,6
6,6
6,6
6,0
6,6
6,6
6,6
6,6
6,6
6,6
6,2
6,6
6,6
6,6
6,6
6,6
6,2
6,6
6,6
6,6
7,20
7,20
7,24
7,20
7,20
7,7
7,24
7,7
7,20
7,7
7,7
7,7
7,7
7,9
7,7
7,7
7,7
7,20
7,7
7,7
7,7
7,7
7,7
7,7
7,7
7,7
7,7
7,7
7,23
7,7
7,7
7,7
7,7
7,7
7,7
7,7
7,7
7,7
7,13
7,7
7,7
7,7
7,7
7,7
7,7
7,7
7,7
7,7
7,7
7,7
7,7
7,7
7,7
7,7
7,7
7,16
7,7
7,4
7,7
7,16
7,7
7,13
7,7
7,7
7,7
7,7
7,7
7,4
7,7
7,7
7,7
7,7
7,7
7,7
7,7
7,7
7,7
7,7
7,7
7,7
7,7
7,9
7,7
7,9
7,7
7,7
7,7
7,7
7,7
7,7
7,7
7,7
7,7
7,6
7,7
7,7
7,7
7,7
7,7
7,7
7,7
7,7
7,7
7,9
7,7
7,7
7,7
7,7
7,7
7,7
7,7
7,7
7,7
7,7
7,7
7,7
7,7
7,7
7,7
7,7
7,7
7,7
8,8
8,8
8,8
8,8
8,8
8,8
8,8
8,22
8,8
8,8
8,8
8,8
8,8
8,8
8,8
8,8
8,8
8,28
8,22
8,22
8,8
8,9
8,8
8,8
8,8
8,25
8,2
8,22
8,2
8,22
8,2
8,9
8,2
8,8
8,7
8,8
8,8
8,8
8,8
8,8
8,8
8,8
8,8
8,8
8,8
8,8
8,8
8,8
8,8
8,8
8,8
8,8
8,8
8,8
8,8
8,8
8,8
8,8
8,28
8,8
8,8
8,8
8,8
8,8
8,8
8,8
8,8
8,8
8,8
8,8
8,8
8,28
8,8
8,8
8,28
8,28
8,28
8,28
8,28
8,28
9,7
9,9
9,6
9,7
9,9
9,9
9,9
9,9
9,9
9,7
9,9
9,9
9,9
9,9
9,7
9,7
9,7
9,9
9,9
9,9
9,9
9,9
9,9
9,7
9,7
9,9
9,7
9,9
9,7
9,9
9,9
9,9
9,9
9,9
9,9
9,9
9,9
9,9
9,20
9,20
9,9
9,9
9,9
9,27
9,15
9,21
9,20
9,9
9,9
9,9
9,8
9,13
9,13
9,25
9,27
9,26
9,9
9,9
9,8
9,9
9,9
9,9
9,23
9,7
9,9
9,9
9,9
9,8
9,8
9,9
9,7
9,9
9,7
9,9
9,7
9,7
9,7
9,7
9,9
9,7
9,7
9,9
9,9
9,7
9,8
9,8
9,9
9,7
9,9
9,9
9,9
9,9
9,9
9,9
9,9
9,20
9,9
9,9
9,9
9,7
9,7
9,9
9,8
9,9
9,9
9,9
9,9
9,9
9,9
9,23
9,7
9,9
9,16
9,7
9,7
9,8
9,9
9,20
9,1
9,7
9,9
9,9
9,9
9,20
9,9
9,9
9,9
9,9
9,20
9,9
9,9
9,21
9,9
9,9
9,8
9,9
9,8
9,9
10,10
10,10
10,10
10,10
10,10
10,10
10,10
10,10
10,10
10,10
10,10
10,10
10,10
10,10
10,10
10,10
10,10
10,10
10,10
10,10
10,10
10,10
10,10
10,10
10,10
10,26
10,26
10,10
10,10
10,10
10,10
10,10
10,10
10,10
10,10
10,10
10,10
10,10
10,10
10,10
10,10
10,10
10,10
10,10
10,10
10,10
10,10
10,10
10,10
10,10
10,10
10,26
10,5
10,10
10,10
10,10
10,10
10,10
10,10
10,10
10,10
10,10
10,10
10,10
10,10
10,10
10,10
10,10
10,10
10,10
10,10
10,10
10,10
10,10
10,10
10,10
10,10
10,10
10,10
10,10
10,10
10,10
10,10
10,10
10,10
10,10
10,10
10,10
10,10
10,10
10,10
10,10
10,10
10,4
10,25
10,4
10,10
10,10
10,10
10,10
10,10
10,10
10,10
10,10
10,10
10,10
10,10
10,10
10,10
10,10
10,10
10,10
10,10
10,10
10,10
10,10
10,10
10,10
10,10
10,10
10,10
10,10
10,10
10,10
10,10
10,10
10,10
10,10
10,27
10,22
10,10
10,10
10,10
10,10
10,10
10,10
10,10
10,10
10,10
10,10
10,10
10,10
10,10
10,10
10,10
10,10
10,10
10,10
10,10
10,10
10,10
10,10
10,10
10,10
10,10
10,10
10,10
10,10
10,10
10,10
10,27
10,22
10,10
10,10
10,10
10,10
10,10
10,10
10,10
10,10
10,10
10,10
10,10
10,10
10,10
10,10
10,10
10,10
10,10
10,10
10,10
10,10
10,10
10,10
10,10
10,27
10,22
10,27
10,10
10,10
10,10
10,10
10,10
10,10
10,10
10,10
10,10
10,10
10,10
10,10
10,10
10,10
10,10
10,10
10,10
10,10
10,10
10,10
10,10
10,10
10,10
10,10
10,10
10,10
10,10
10,10
10,27
10,25
10,18
11,11
11,26
11,26
11,3
11,10
11,10
11,10
11,23
11,10
11,10
11,10
11,10
11,10
11,10
11,10
11,11
11,23
11,23
11,11
11,23
11,11
11,23
11,10
11,10
11,10
11,10
11,10
11,10
11,10
11,10
11,10
11,10
11,10
11,3
11,26
11,26
11,23
11,12
11,10
11,10
11,10
11,10
11,10
11,26
11,10
11,10
11,10
11,10
11,10
11,11
11,11
11,10
11,10
11,11
11,11
11,11
11,11
11,11
11,11
11,11
11,11
11,11
11,11
11,18
11,11
11,1
11,13
11,1
11,11
11,11
11,13
11,13
11,11
11,11
11,1
11,11
11,11
11,11
11,11
11,11
11,11
11,11
11,11
11,11
11,11
11,11
11,11
11,4
11,11
11,11
11,11
11,11
11,10
11,11
11,1
11,11
11,11
11,11
11,11
11,3
11,11
11,11
11,11
11,10
11,10
11,12
11,11
11,11
11,11
11,11
11,10
11,11
11,11
11,11
11,13
11,11
11,10
11,11
11,11
11,11
11,11
11,11
11,11
11,10
11,11
11,11
11,11
11,11
12,12
12,12
12,12
12,4
12,4
12,4
12,12
12,12
12,12
12,12
12,4
12,4
12,4
12,4
12,12
12,12
12,12
12,12
12,12
12,12
12,4
12,4
12,12
12,12
12,12
12,12
12,12
12,12
12,12
12,12
12,12
12,4
12,12
12,12
12,12
12,12
12,12
12,12
12,12
12,12
12,12
12,4
12,4
12,4
12,4
12,12
12,12
12,12
12,12
12,12
12,12
12,4
12,4
12,12
12,12
12,12
12,12
12,12
12,12
12,11
12,11
12,11
12,11
12,11
12,11
12,11
12,11
12,11
12,11
12,11
12,11
12,11
12,11
12,11
12,11
12,17
12,11
12,11
12,11
12,11
12,11
12,11
12,17
12,11
12,11
12,17
12,17
12,11
12,11
12,11
12,11
12,11
12,3
12,27
12,27
12,1
12,12
12,11
12,11
12,11
13,5
13,5
13,2
13,5
13,5
13,10
13,10
13,13
13,13
13,13
13,13
13,13
13,5
13,5
13,26
13,10
13,10
13,10
13,4
13,13
13,28
13,13
13,13
13,13
13,13
13,10
13,13
13,26
13,26
13,26
13,26
13,26
13,2
13,13
13,28
13,5
13,5
13,26
13,13
13,13
13,13
13,5
13,13
13,5
13,13
13,13
13,13
13,13
13,13
13,13
13,13
13,13
13,13
13,26
13,26
13,18
13,18
13,13
13,16
13,13
13,13
13,13
13,2
13,13
13,13
13,13
13,26
13,13
13,13
13,18
13,18
13,18
13,2
13,13
13,13
13,7
13,20
13,0
13,13
13,13
13,26
13,26
13,26
13,10
13,26
13,13
13,13
13,10
13,18
13,18
13,4
13,13
13,24
13,13
13,13
13,10
13,26
13,13
13,13
13,13
13,10
13,13
13,25
13,26
13,13
13,13
13,13
13,13
13,13
13,13
13,3
13,13
13,13
13,26
13,13
13,13
13,13
13,26
13,13
13,5
13,26
13,11
13,11
13,13
13,16
13,13
13,13
13,10
13,10
13,13
13,26
13,13
13,26
13,26
13,16
13,13
13,13
13,10
13,10
13,11
13,13
13,13
14,10
14,10
14,10
14,10
14,10
14,10
14,11
14,11
14,10
14,10
14,26
14,12
14,12
14,1
14,1
14,12
15,15
15,27
15,27
15,27
15,27
15,27
15,22
15,15
15,15
15,15
15,15
15,15
15,15
15,15
15,15
15,22
15,15
15,15
15,15
15,15
15,15
15,15
15,15
15,15
16,27
16,10
16,2
16,5
16,13
16,13
16,16
16,26
16,27
16,26
16,2
16,13
16,16
16,27
16,2
16,2
16,2
16,16
17,3
17,3
17,17
17,17
17,17
17,20
17,20
17,20
17,20
17,20
17,20
17,20
17,20
17,20
17,20
17,20
17,20
17,20
17,20
17,20
17,20
17,20
17,20
17,20
17,20
17,20
17,20
17,20
17,20
17,20
17,20
17,20
17,20
17,20
17,20
17,20
17,17
17,17
17,17
17,17
17,20
17,20
17,20
17,20
17,20
17,20
17,17
17,20
17,20
17,19
17,3
17,3
17,17
17,17
17,17
17,17
17,17
17,17
17,17
17,17
17,17
17,17
17,17
17,17
17,17
17,17
17,17
17,17
17,17
17,17
17,17
17,17
17,1
17,1
17,1
17,11
17,1
17,19
17,14
17,17
17,17
17,11
17,17
17,17
17,17
17,18
17,14
17,17
17,17
17,17
17,17
17,17
17,12
17,12
17,17
17,17
17,12
17,17
17,12
17,17
17,3
17,1
17,12
17,3
18,3
18,3
18,18
18,18
18,18
18,18
18,12
18,12
18,12
18,12
18,12
18,12
18,12
18,12
18,12
18,12
18,12
18,12
18,12
18,12
18,12
18,12
18,12
18,18
18,18
18,3
18,3
18,3
18,3
18,3
18,3
18,3
18,3
18,3
18,3
18,3
18,3
18,3
18,3
18,26
18,18
18,26
19,19
19,18
19,19
19,24
19,19
19,17
19,18
19,18
19,4
19,20
19,12
19,20
19,19
19,7
19,15
19,15
19,15
19,15
19,15
19,17
19,17
19,19
19,25
19,17
19,11
19,19
19,19
19,19
20,27
20,20
20,20
20,20
20,20
20,20
20,20
20,24
20,20
20,20
20,20
20,9
20,20
20,20
20,20
20,20
20,20
20,20
20,20
20,20
20,9
20,20
20,20
20,20
20,20
20,20
20,20
20,20
20,20
20,20
20,20
20,20
21,22
21,21
21,20
21,21
21,20
21,20
21,20
21,22
21,2
21,22
21,20
21,22
21,2
21,21
21,22
21,21
21,21
21,16
21,21
21,22
21,21
21,21
21,21
21,21
21,21
21,21
21,16
21,27
21,16
21,21
21,27
21,21
21,20
21,21
22,5
22,5
22,13
22,13
22,27
22,2
22,13
22,22
22,13
22,27
22,27
22,5
22,27
22,27
22,2
22,22
22,22
22,2
22,22
22,2
22,27
22,27
22,27
22,27
22,22
22,2
22,22
22,22
22,2
22,2
22,22
22,13
22,2
22,27
22,22
22,15
22,22
22,27
22,22
22,22
22,27
22,22
22,22
22,22
22,22
22,22
22,22
22,22
22,10
22,22
22,2
22,2
22,22
22,2
22,22
22,22
22,22
22,15
22,22
22,22
23,23
23,23
23,23
23,23
23,23
23,23
23,23
23,23
23,23
23,23
23,23
23,23
23,23
23,23
23,23
23,23
23,23
23,23
23,23
23,23
23,23
23,7
23,23
23,28
23,28
23,23
23,23
23,23
23,23
23,23
23,23
23,23
23,23
23,23
23,23
23,23
23,23
23,23
24,24
24,5
24,10
24,5
24,5
24,5
24,10
24,5
24,5
24,5
24,24
24,13
24,20
24,13
24,24
24,24
24,27
24,5
24,12
24,24
24,20
24,27
24,24
24,13
24,13
24,27
24,27
24,24
24,27
24,19
24,1
24,1
24,10
24,10
24,24
24,24
24,24
24,24
24,24
24,24
24,7
24,24
24,24
24,24
24,27
24,27
25,25
25,25
25,25
25,27
25,3
25,25
25,25
25,3
25,25
25,3
25,18
25,25
25,3
25,25
25,25
25,25
25,2
25,25
25,13
25,13
25,18
25,17
25,18
25,20
25,25
25,25
25,25
25,25
25,25
25,25
25,25
25,25
25,25
25,25
25,18
25,25
25,25
26,27
26,26
26,26
26,26
26,26
26,5
26,10
26,18
26,18
26,13
26,26
26,13
26,26
26,3
26,26
26,3
26,26
26,13
26,26
26,5
26,13
26,5
26,26
26,26
26,22
26,10
26,22
26,27
26,26
26,27
26,26
26,26
26,3
26,27
26,26
26,26
26,26
26,26
26,26
26,26
26,26
26,26
26,13
26,26
26,26
26,18
26,26
26,13
26,13
26,26
26,5
26,10
26,26
26,13
26,26
26,5
26,27
26,25
27,22
27,27
27,27
27,27
27,27
27,27
27,27
27,27
27,20
27,19
27,20
27,27
27,24
27,27
27,21
27,11
27,11
27,24
27,27
27,27
27,27
27,27
27,27
27,22
27,27
27,20
27,2
27,27
27,27
27,22
27,27
27,27
27,27
27,27
27,27
27,27
27,27
27,2
27,26
27,27
27,26
27,2
27,27
27,3
27,27
27,27
27,2
27,27
27,27
27,16
27,27
27,27
27,27
27,27
27,20
27,3
27,13
27,27
27,3
27,2
27,27
27,10
27,27
27,22
27,27
27,27
28,28
28,28
28,28
28,28
28,28
28,28
28,28
28,28
28,28
28,28
28,28
28,28
28,22
28,28
28,5
28,5
28,28
28,28
28,28
28,28
28,28
28,28
28,28
28,28
28,22
28,28
28,28
28,28
28,28
28,28
28,28
28,28
28,28
28,28
28,28
28,28
28,28
28,28
28,28
28,28
28,28
28,28
28,28
28,28
28,5
28,28
28,28
28,10
28,28
28,10
28,4
28,28
1,1
1,1
1,1
1,1
1,1
1,1
1,1
1,1
1,1
1,1
1,1
1,1
1,1
1,1
1,1
1,1
1,1
1,1
1,1
1,1
1,1
1,1
1,1
1,1
1,1
1,1
1,1
1,1
1,1
1,1
1,1
1,1
1,1
1,1
1,1
1,24
1,1
1,1
1,1
1,1
1,1
1,1
1,0
1,0
1,1
1,1
1,1
1,1
1,1
1,1
1,1
1,1
1,1
1,1
1,1
1,1
1,1
1,1
1,1
1,1
1,1
1,1
1,1
1,1
1,1
1,1
1,1
1,1
1,1
1,1
1,1
1,1
1,1
1,1
1,1
1,1
1,1
1,1
1,1
1,1
1,1
1,1
1,1
1,1
1,1
1,1
1,1
1,1
1,1
1,0
1,1
1,1
1,1
1,1
1,1
2,2
2,2
2,2
2,2
2,2
2,2
2,2
2,2
2,2
2,2
2,0
2,2
2,2
2,2
2,2
2,0
2,2
2,2
2,2
2,0
2,2
2,2
2,2
2,2
2,2
2,2
2,2
2,2
2,0
2,2
2,2
2,2
2,2
3,3
3,12
3,3
3,3
3,3
3,3
3,3
3,3
3,3
3,12
3,3
3,3
3,3
3,3
3,3
3,3
3,3
3,3
3,1
3,3
3,3
3,3
3,12
3,3
3,3
3,3
3,3
3,3
3,3
3,3
3,3
3,3
3,1
3,3
3,3
3,3
3,3
3,3
3,3
3,3
3,3
3,17
3,3
3,3
3,3
3,3
3,3
3,3
3,3
3,3
3,18
3,18
3,3
3,3
3,3
3,11
3,26
3,26
3,3
3,3
3,3
3,18
3,18
3,3
3,3
3,3
3,3
3,12
3,11
3,26
3,26
3,3
3,3
3,1
3,18
3,18
3,1
3,3
3,3
3,3
3,3
3,18
3,18
3,3
3,3
3,3
3,3
3,17
3,18
3,18
4,4
4,28
4,28
4,4
4,4
4,28
4,28
4,4
4,4
4,28
4,4
4,5
4,4
4,4
4,28
4,4
4,4
4,28
4,28
4,28
4,4
4,13
4,28
4,4
4,4
4,4
4,4
4,4
4,4
4,28
4,4
4,4
4,4
4,4
4,4
4,4
4,4
4,28
4,4
4,4
4,4
4,4
4,4
4,4
4,4
4,4
4,4
4,4
4,28
4,24
4,13
4,28
4,4
4,4
4,28
4,28
4,28
4,5
4,4
4,4
4,4
4,4
4,4
5,5
5,12
5,5
5,12
5,18
5,12
5,12
5,5
5,5
5,5
5,5
5,5
5,12
5,5
5,5
5,5
5,5
5,18
5,18
5,26
5,5
5,28
5,13
5,5
5,18
5,12
5,5
5,5
5,26
5,26
5,4
5,28
5,12
5,4
5,12
5,12
5,4
5,13
5,13
5,13
5,12
5,4
5,5
5,13
5,4
5,28
5,5
5,5
5,5
6,6
6,6
6,6
6,6
6,6
6,6
6,6
6,6
6,6
6,6
6,6
6,6
6,6
6,6
6,6
6,6
6,6
6,6
6,6
6,6
6,6
7,7
7,7
7,7
7,7
7,19
7,7
7,7
7,7
7,7
7,7
7,7
7,7
7,7
7,20
7,7
7,7
7,7
7,7
7,7
7,7
7,23
7,7
7,7
7,7
7,7
7,7
7,7
7,7
7,7
7,7
7,7
7,7
7,7
7,7
7,7
7,7
7,7
8,8
8,8
8,8
8,8
8,8
8,8
8,8
8,8
8,8
8,6
8,8
8,8
8,9
8,20
8,22
8,8
8,6
8,8
8,8
8,8
8,8
9,7
9,9
9,9
9,9
9,9
9,9
9,9
9,9
9,9
9,9
9,9
9,9
9,9
9,9
9,9
9,9
9,8
9,9
9,9
9,9
9,9
9,9
9,9
9,8
9,9
9,9
9,20
9,20
9,9
9,9
9,9
9,9
9,9
9,9
9,9
9,9
9,9
9,9
9,9
9,9
9,9
9,9
9,9
9,7
9,7
9,9
9,9
9,7
9,9
9,7
9,7
9,9
9,0
9,7
9,6
9,9
9,7
9,9
9,9
10,5
10,5
10,5
10,5
10,10
10,10
10,10
10,5
10,12
10,28
10,28
10,10
10,5
10,10
10,10
10,10
10,5
10,10
10,10
10,10
10,10
10,10
10,10
10,10
10,26
10,26
10,5
10,12
10,5
10,10
10,26
10,4
10,10
10,12
10,10
10,10
10,10
10,5
10,10
10,10
10,10
10,10
10,10
10,10
10,10
10,10
10,10
10,12
10,3
10,10
10,10
10,10
10,4
10,12
10,12
10,4
10,10
10,26
10,10
10,10
10,10
10,12
10,12
10,10
10,5
10,12
10,5
10,10
10,10
10,10
10,10
10,10
10,10
10,10
10,10
10,10
10,10
10,26
10,5
10,10
10,18
10,12
10,10
10,10
10,28
10,10
10,12
10,10
10,10
10,12
10,28
10,10
10,10
10,10
10,10
10,10
10,10
10,10
10,10
11,11
11,3
11,12
11,1
11,11
11,17
11,12
11,12
11,17
11,3
11,12
11,12
11,12
11,11
11,17
11,17
11,17
11,11
11,3
11,12
11,24
11,12
11,1
11,11
11,11
11,11
11,11
11,11
11,12
11,12
11,3
11,12
11,3
11,11
11,11
11,12
11,3
11,24
11,26
11,5
11,3
11,3
11,3
11,12
11,3
11,24
11,11
11,11
11,11
11,11
11,11
11,24
11,3
11,3
11,11
11,12
11,12
11,12
11,3
11,1
11,11
11,12
11,24
11,12
11,12
11,3
11,1
11,3
11,3
11,3
11,14
11,17
11,3
11,11
11,3
11,3
11,1
11,1
11,1
11,1
11,1
11,11
11,3
11,3
11,12
11,11
11,3
11,12
11,11
11,12
11,11
11,17
11,12
11,11
11,12
11,12
11,12
11,12
11,12
11,3
11,3
11,3
11,3
11,3
11,11
11,3
11,12
11,1
11,3
11,3
11,11
11,11
11,11
11,12
11,11
11,12
11,11
11,12
11,11
11,3
11,3
11,1
11,1
11,17
11,11
11,1
11,1
11,11
11,17
11,1
12,12
12,12
12,12
12,12
12,12
12,12
12,12
12,12
12,12
12,12
12,12
12,12
12,12
12,12
12,12
12,12
12,12
12,12
12,12
12,12
12,12
12,12
12,12
12,12
12,12
12,12
12,12
12,12
12,12
12,12
12,12
12,12
12,12
12,12
12,12
12,12
12,12
12,12
12,12
12,12
12,12
12,12
12,12
12,12
12,12
12,12
12,12
12,12
12,12
12,12
12,12
12,12
12,12
12,12
12,12
12,12
12,12
12,12
12,12
12,12
12,12
12,12
12,12
12,12
12,12
12,12
12,12
12,12
12,12
12,12
12,12
12,12
12,12
12,12
12,12
12,12
12,12
12,12
12,12
13,13
13,4
13,13
13,13
13,5
13,28
13,13
13,13
13,0
13,16
13,13
13,13
13,4
13,4
13,4
13,12
13,12
13,12
13,26
13,13
13,4
13,4
13,4
13,4
13,13
13,13
13,13
13,7
13,13
13,13
13,28
13,4
13,4
13,4
13,28
13,10
13,28
13,13
13,13
13,13
13,4
13,3
13,13
13,26
13,13
13,13
13,5
13,5
13,5
13,5
13,18
13,13
13,4
13,13
13,5
13,13
13,28
13,4
13,13
13,4
13,13
13,4
13,4
13,13
13,28
13,13
13,28
13,13
13,13
13,13
13,13
13,13
13,13
13,13
13,5
13,5
13,28
13,13
13,4
13,10
13,4
13,4
13,13
13,28
13,28
13,13
13,4
13,4
13,4
13,13
13,5
13,4
13,4
13,4
13,13
13,13
13,4
13,4
13,4
14,7
14,11
14,14
14,17
14,24
14,24
14,17
14,11
14,11
15,1
15,1
15,1
15,1
15,12
16,1
16,11
16,11
16,4
16,4
16,4
16,4
16,25
16,24
17,17
17,17
17,17
17,20
17,20
17,20
17,20
17,20
17,20
17,20
17,20
17,20
17,20
17,20
17,20
17,20
17,20
17,20
17,20
17,20
17,19
17,19
17,17
17,17
17,17
18,11
18,3
18,18
18,18
18,18
18,18
18,12
18,18
18,18
18,18
18,18
18,4
18,24
19,19
19,19
19,17
19,19
19,19
19,19
19,20
19,20
19,20
20,16
20,7
20,7
20,7
20,9
20,20
20,20
20,20
20,20
20,20
20,20
20,20
20,20
20,20
20,6
20,2
20,28
20,5
20,20
21,27
21,15
21,20
21,22
21,21
21,2
21,22
21,9
21,21
23,23
23,20
23,20
23,23
23,20
23,20
23,9
23,20
23,20
23,20
23,21
23,23
23,7
24,6
24,24
24,24
24,0
24,23
24,6
24,24
24,7
24,24
24,20
24,24
25,27
25,25
25,16
25,16
25,19
25,16
25,19
25,25
25,19
25,25
25,25
25,16
25,7
26,26
26,26
26,26
26,27
26,27
26,25
26,26
26,10
26,10
27,24
27,24
27,11
27,1
27,27
27,24
27,20
27,20
27,20
28,13
28,13
28,4
28,19
28,7
28,16
28,25
28,4
28,7
28,13
28,27
0,0
0,0
0,0
0,0
0,0
0,0
0,0
0,0
0,0
0,0
0,0
0,0
0,0
0,0
0,7
0,0
0,0
0,24
0,1
0,0
0,0
0,0
0,0
0,0
0,0
0,0
0,0
0,0
0,0
0,0
0,0
0,0
0,0
0,0
0,0
0,0
0,0
0,0
0,0
0,13
0,23
0,5
0,13
0,0
0,0
0,0
0,0
0,0
0,0
0,0
0,7
0,0
0,9
0,23
0,13
0,0
0,0
0,0
0,0
0,0
0,0
0,0
0,0
0,0
0,0
0,7
0,0
0,0
0,0
0,0
0,0
0,7
0,0
0,0
0,0
0,0
0,9
0,13
0,9
0,0
0,0
0,0
0,0
0,0
0,0
0,0
0,0
0,0
0,0
0,0
0,27
0,0
0,0
0,0
0,0
0,19
0,0
0,0
0,0
2,2
2,13
2,24
2,2
2,6
2,0
2,26
2,2
2,24
2,26
2,0
2,2
2,2
2,2
2,13
2,4
2,13
2,13
2,2
2,13
2,13
2,13
2,27
2,18
2,2
2,2
2,2
2,2
2,2
3,26
3,26
3,3
3,3
3,13
3,3
3,26
3,3
3,3
3,3
3,3
3,3
3,3
3,26
3,10
3,10
3,26
3,3
3,3
3,13
3,3
3,25
3,10
3,5
3,3
3,3
3,18
3,26
3,13
3,26
3,3
3,3
3,3
3,3
3,27
3,3
3,5
3,26
3,26
3,3
3,3
3,3
3,3
3,3
3,10
3,3
3,3
3,3
3,3
3,13
3,3
4,13
4,13
4,10
4,2
4,13
4,18
4,13
4,13
4,13
4,10
4,13
4,2
4,13
4,5
4,13
4,10
4,13
4,5
4,13
4,13
4,10
4,2
4,13
4,13
4,13
4,13
4,13
4,5
4,10
4,13
4,10
4,5
4,10
4,5
4,5
4,10
4,10
4,10
4,10
4,10
4,10
4,10
4,10
4,13
4,13
4,5
4,5
4,5
4,13
4,13
4,4
4,3
4,5
4,10
4,4
4,10
4,11
4,4
4,11
4,4
4,4
4,13
4,11
4,13
4,13
6,6
6,6
6,6
6,6
6,6
6,6
6,6
6,6
6,6
6,6
6,6
6,6
6,6
6,6
6,6
6,6
6,6
6,6
6,6
6,6
6,6
6,6
6,6
6,6
6,6
6,6
6,6
6,6
6,6
6,6
6,6
6,6
6,6
6,6
6,6
6,6
6,6
6,6
6,6
6,6
6,6
7,7
7,4
7,13
7,7
7,7
7,7
7,7
7,7
7,7
7,7
7,16
7,7
7,7
7,7
7,7
7,7
7,13
7,7
7,7
7,7
7,16
7,7
7,16
7,7
7,7
7,7
7,7
7,7
7,7
7,20
7,7
7,7
7,20
7,20
7,13
7,7
7,7
7,7
7,7
8,8
8,28
8,8
8,23
8,8
8,20
8,8
8,8
8,8
8,8
8,8
8,8
8,8
8,8
8,20
8,8
8,8
8,13
8,10
8,25
8,8
8,8
8,8
8,8
8,8
8,8
8,8
8,8
8,8
8,8
8,8
8,8
8,8
8,8
8,8
8,20
8,8
8,27
8,8
9,7
9,9
9,9
9,9
9,6
9,9
9,9
9,9
9,9
9,9
9,9
9,9
9,9
9,9
9,9
9,9
9,7
9,0
9,9
9,9
9,26
9,7
9,9
9,9
9,9
9,9
9,9
9,21
9,9
9,20
9,9
9,9
9,20
9,9
9,9
9,9
9,9
9,7
9,9
9,9
9,9
9,9
9,9
9,9
9,9
10,24
10,24
10,24
10,24
10,26
10,10
10,27
10,27
10,27
10,27
10,27
10,24
10,10
10,27
10,27
10,27
10,27
10,27
10,27
10,27
10,27
10,27
10,27
10,26
10,27
10,26
10,24
10,24
10,24
10,12
10,12
10,24
10,27
10,27
10,24
11,26
11,10
11,24
11,11
11,11
11,11
11,24
11,3
11,10
11,10
11,10
11,10
11,11
11,27
11,27
11,27
11,26
11,26
11,3
11,10
11,10
11,10
11,10
11,10
11,24
11,24
11,11
11,11
11,11
11,24
11,3
11,26
11,26
11,26
11,11
11,26
11,27
11,27
11,27
11,27
11,26
11,12
11,24
11,24
11,21
11,21
11,21
11,11
11,11
11,11
11,11
11,11
11,11
11,22
11,12
11,12
11,11
11,11
11,26
11,10
11,24
11,21
11,21
11,11
11,11
11,12
11,12
11,26
11,27
11,3
11,27
11,24
11,11
11,24
11,26
11,10
11,10
11,10
11,10
11,10
11,3
11,11
11,26
11,10
11,5
11,26
11,24
11,11
11,11
11,11
11,11
11,12
11,12
11,11
11,11
11,11
11,11
11,11
11,12
11,12
11,12
11,24
11,26
11,27
11,27
11,27
11,12
11,24
11,26
11,10
11,10
11,10
11,10
12,10
12,24
12,24
12,11
12,24
12,5
12,21
12,11
12,24
12,24
12,5
12,24
12,5
12,24
12,24
12,21
12,24
12,24
12,24
12,26
12,24
12,5
12,24
12,24
12,24
13,26
13,26
13,5
13,13
13,13
13,13
13,13
13,5
13,13
13,13
13,13
13,27
13,27
13,5
13,26
13,13
13,2
13,27
13,2
13,26
13,18
13,13
13,13
13,5
13,2
13,2
13,26
13,2
13,13
13,13
13,26
13,22
13,22
13,2
13,13
13,13
13,13
13,13
13,26
13,13
13,13
13,13
13,26
13,13
13,2
13,13
13,2
13,13
13,26
13,26
13,13
13,2
13,13
13,13
13,13
13,13
13,13
13,13
13,13
13,27
13,27
13,2
13,28
13,2
13,2
13,2
13,13
13,18
13,13
13,13
13,13
13,13
13,13
13,13
13,26
13,5
13,13
13,5
13,10
13,26
13,20
13,6
13,13
13,13
13,13
13,26
13,26
13,13
13,27
13,13
13,26
13,10
13,25
14,24
14,12
14,24
14,24
14,24
14,24
14,10
14,26
14,21
14,27
14,13
14,26
14,27
15,15
15,27
15,27
15,22
15,21
15,15
15,17
16,5
16,13
16,16
16,16
16,16
16,16
17,21
17,24
17,3
17,18
17,17
17,17
17,17
17,17
17,17
17,17
17,17
17,17
17,17
17,17
17,24
17,24
17,3
18,3
18,18
18,18
18,18
18,23
18,23
18,4
18,18
18,13
19,19
19,20
19,19
19,19
19,19
19,27
20,20
20,13
20,7
20,7
20,24
20,19
20,20
20,20
20,20
20,20
20,16
20,22
20,20
20,27
20,2
21,20
21,21
21,9
21,27
21,21
21,20
21,2
21,2
21,21
21,22
21,21
22,2
22,2
22,22
22,20
22,20
22,27
22,22
22,22
22,22
22,22
22,22
22,22
22,2
22,22
22,27
23,23
23,23
23,23
23,7
23,8
23,23
23,23
23,23
23,23
23,23
24,27
24,13
24,10
24,10
24,10
24,10
24,10
24,10
24,10
24,10
24,5
24,5
24,10
24,13
24,27
24,27
25,18
25,7
25,5
25,13
25,16
25,16
25,25
25,7
25,25
25,11
25,1
25,19
25,25
26,26
26,26
26,26
26,26
26,26
26,22
26,27
26,26
26,27
26,26
26,10
26,22
26,13
26,26
26,10
26,5
26,10
27,2
27,27
27,27
27,27
27,27
27,2
27,27
27,26
27,27
27,26
27,22
27,2
27,20
27,27
27,27
28,10
28,5
28,10
28,28
28,28
28,28
28,28
28,28
28,28
0,0
0,0
0,0
0,0
0,0
0,0
0,0
0,0
0,0
0,0
0,0
0,0
0,7
0,0
0,0
0,0
0,0
0,1
0,10
0,28
0,28
0,10
0,10
0,0
0,0
0,0
0,0
0,0
0,0
0,0
0,0
0,0
0,0
0,0
0,0
0,0
0,0
0,0
0,0
0,0
0,0
0,0
0,0
0,0
0,0
0,0
0,0
0,0
0,0
0,0
0,0
0,0
0,0
0,0
0,0
0,0
0,0
0,0
0,1
0,10
0,0
0,0
0,10
0,0
0,0
0,0
0,0
0,0
0,0
0,0
0,0
0,0
0,0
0,0
0,0
0,0
0,0
0,0
0,0
0,0
0,0
0,0
0,0
0,0
0,0
0,0
0,0
0,0
0,0
0,2
0,0
0,0
0,0
0,0
0,0
0,3
0,3
0,0
0,0
0,0
0,0
0,0
0,0
0,1
0,13
0,13
0,0
0,2
0,2
0,2
0,0
0,2
0,0
0,0
0,0
0,0
0,0
0,0
0,0
0,0
0,0
0,0
0,0
0,0
0,0
0,0
0,0
0,0
0,0
0,0
0,0
0,0
0,0
0,0
2,10
2,26
2,26
2,10
2,13
2,2
2,0
2,2
2,0
2,0
2,2
2,2
2,0
2,0
2,2
2,2
2,2
2,13
2,2
2,13
2,5
2,26
2,27
2,10
2,26
2,26
2,26
2,27
2,27
2,26
2,26
2,22
2,27
2,27
2,22
2,26
2,5
2,26
2,26
2,27
2,27
2,27
2,22
2,2
2,2
2,2
2,2
2,5
2,27
2,9
2,9
3,3
3,3
3,3
3,3
3,26
3,3
3,3
3,3
3,3
3,3
3,3
3,10
3,3
3,3
3,3
3,3
3,3
3,10
3,10
3,3
3,3
3,3
3,26
3,3
3,3
3,3
3,3
3,3
3,3
3,3
3,3
3,3
3,3
3,3
3,3
3,3
3,3
3,3
3,3
3,10
3,3
3,3
3,10
3,10
3,10
3,26
3,26
3,3
3,3
3,3
3,26
3,3
3,3
3,3
3,3
3,3
3,3
3,17
3,3
3,3
3,3
3,3
3,3
3,10
3,26
3,3
3,17
3,3
3,3
3,3
3,3
3,3
3,19
3,3
3,24
4,11
4,4
4,13
4,25
4,13
4,13
4,13
4,10
4,10
4,10
4,4
4,13
4,10
4,10
4,4
4,10
4,2
4,13
4,4
4,10
4,4
4,4
4,4
4,4
4,10
4,11
4,10
4,4
4,3
4,10
4,10
4,4
4,4
4,4
4,2
4,11
4,3
4,13
4,10
4,4
4,4
4,13
4,5
4,10
4,10
4,10
4,10
4,4
4,4
4,4
4,4
5,5
5,5
5,5
5,5
5,5
5,5
5,5
5,5
5,5
5,5
5,5
5,5
5,5
5,5
5,5
5,5
5,5
5,5
5,5
5,5
5,5
5,5
5,5
5,5
5,5
5,5
5,13
5,13
5,13
5,13
5,5
5,5
5,5
5,5
5,5
5,5
5,5
5,5
5,5
5,5
5,5
5,5
5,5
5,5
5,5
5,5
5,5
5,5
5,5
5,5
5,5
5,5
5,5
5,5
5,5
5,5
5,5
5,5
5,5
5,5
5,5
5,5
5,5
5,5
5,5
5,5
5,5
5,5
5,5
6,6
6,6
6,6
6,6
6,6
6,6
6,6
6,6
6,6
6,6
6,6
6,6
6,6
6,2
6,11
6,2
6,6
6,6
6,6
6,6
6,6
6,6
6,6
6,6
6,6
6,6
6,6
7,7
7,7
7,7
7,7
7,7
7,7
7,7
7,7
7,7
7,7
7,7
7,7
7,7
7,7
7,7
7,7
7,7
7,7
7,7
7,7
7,7
7,7
7,7
7,7
7,7
8,25
8,8
8,25
8,8
8,8
8,25
8,25
8,22
8,22
8,8
8,2
8,2
8,23
8,8
8,8
8,8
8,25
8,20
8,8
8,20
8,8
8,18
8,27
8,9
8,8
8,9
8,8
9,9
9,9
9,9
9,9
9,9
9,9
9,9
9,9
9,9
9,9
9,9
9,9
9,9
9,9
9,9
9,9
9,9
9,9
9,9
9,9
9,9
9,9
9,20
9,20
9,27
9,20
9,20
9,27
9,27
9,9
9,9
9,20
9,20
9,20
9,20
9,24
9,9
9,20
9,13
9,9
9,6
9,9
9,9
9,9
9,9
9,20
9,27
9,13
9,20
9,20
9,27
9,20
9,20
9,18
9,22
9,9
9,9
9,9
9,9
9,9
9,9
9,27
9,9
9,20
9,9
9,9
9,27
9,15
9,20
9,20
9,9
9,24
9,20
9,9
9,9
9,9
9,7
10,10
10,5
10,10
10,10
10,10
10,10
10,10
10,10
10,10
10,10
10,10
10,10
10,5
10,10
10,5
10,10
10,13
10,5
10,10
10,10
10,10
10,10
10,10
10,10
10,10
10,10
10,10
10,10
10,10
10,10
10,10
10,10
10,10
10,10
10,10
10,10
10,10
10,10
10,10
10,5
10,5
10,12
10,10
10,10
10,5
10,5
10,10
10,10
10,10
10,5
10,5
10,12
10,12
10,12
10,12
10,10
10,10
10,10
10,10
10,10
10,5
10,10
10,10
10,10
10,12
10,10
10,10
10,10
10,5
11,5
11,10
11,28
11,5
11,5
11,28
11,5
11,5
11,5
11,10
11,10
11,10
11,13
11,13
11,5
11,10
11,5
11,5
11,5
11,5
11,5
11,5
11,10
11,5
11,10
11,5
11,5
11,5
11,10
11,10
11,5
11,5
11,5
11,5
11,5
11,5
11,10
11,5
11,5
11,5
11,5
11,10
11,10
12,5
12,5
12,5
12,5
12,12
12,10
12,10
12,5
12,10
12,5
12,10
12,10
12,5
12,13
12,26
12,26
12,26
12,26
12,22
13,25
13,13
13,2
13,13
13,13
13,13
13,13
13,25
13,13
13,5
13,13
13,25
13,25
13,4
13,13
13,25
13,10
13,4
13,13
13,5
13,13
13,25
13,13
13,5
13,26
13,13
13,25
13,13
13,26
13,5
13,13
13,13
13,13
13,5
13,13
13,13
13,26
13,10
13,10
13,10
13,5
13,5
13,25
13,5
13,13
13,5
13,13
13,2
13,13
13,13
13,13
13,13
13,26
13,2
13,13
13,10
13,13
13,4
13,13
13,4
13,13
14,10
14,10
14,5
14,5
14,27
14,27
14,17
14,17
14,11
14,11
14,11
14,11
14,11
14,11
14,11
15,15
15,15
15,15
15,13
15,3
15,15
15,19
16,13
16,16
16,28
16,25
16,13
16,13
16,13
17,3
17,17
17,18
17,17
17,17
17,3
17,3
17,3
17,18
17,18
17,17
17,18
17,17
17,17
17,3
17,3
17,17
17,18
17,3
18,18
18,18
18,18
18,18
18,18
18,18
18,18
18,18
18,18
18,18
18,18
18,18
18,18
18,18
18,18
18,18
18,18
18,18
18,18
18,18
18,18
19,16
19,16
19,15
19,15
19,16
19,17
19,17
19,19
19,19
19,19
19,17
20,20
20,20
20,2
20,2
20,20
20,2
20,27
20,20
20,20
20,20
20,20
20,20
20,20
20,20
20,26
20,20
20,20
20,20
20,4
20,7
20,4
20,7
20,7
20,7
20,20
20,20
20,20
21,21
21,21
21,20
21,14
21,16
21,21
21,2
21,22
21,27
21,27
21,21
21,21
21,21
22,15
22,27
22,2
22,27
22,22
22,27
22,2
22,15
22,27
22,22
22,2
22,22
22,5
22,5
22,2
22,22
22,2
22,22
22,13
22,2
22,22
22,13
22,2
23,23
23,23
23,23
23,23
23,23
23,23
23,7
23,23
23,23
23,23
23,23
23,23
23,23
23,23
23,23
24,24
24,24
24,24
24,5
24,24
24,10
24,3
24,13
24,13
24,13
24,26
24,26
24,24
24,24
24,12
24,24
24,24
24,10
24,24
24,24
24,24
24,24
24,26
25,25
25,25
25,25
25,25
25,25
25,25
25,25
25,3
25,18
25,18
25,25
25,25
25,25
25,25
26,26
26,26
26,26
26,5
26,5
26,5
26,5
26,26
26,20
26,2
26,22
26,27
26,22
26,26
26,26
26,27
26,26
26,26
26,27
26,26
26,26
26,26
26,27
26,26
26,27
26,27
26,27
26,22
26,27
26,27
26,27
26,26
26,27
26,27
26,26
26,27
26,26
26,26
26,26
27,22
27,18
27,27
27,22
27,27
27,19
27,27
27,27
27,27
27,2
27,27
27,27
27,27
28,5
28,5
28,5
28,5
28,28
28,28
28,5
28,5
28,5
28,28
28,10
28,10
28,10
28,10
28,10
28,28
28,5
0,0
0,0
0,0
0,0
0,0
0,0
0,0
0,0
0,0
0,0
0,0
0,0
0,0
0,0
0,0
0,0
0,0
0,0
0,0
0,0
0,0
0,0
0,0
0,0
0,0
0,0
0,0
0,0
0,2
0,0
0,0
0,0
0,0
0,0
0,0
0,0
0,0
0,0
0,0
0,0
0,0
0,0
0,0
0,0
0,0
0,0
0,0
0,0
0,0
0,0
0,0
0,0
0,0
0,0
0,0
0,0
0,0
0,0
0,0
0,0
0,0
0,0
0,0
0,0
0,0
0,0
0,0
0,0
0,0
0,0
0,0
0,0
0,0
0,0
0,3
0,0
0,0
0,0
0,0
0,0
0,0
0,2
0,0
0,0
0,0
0,0
0,0
0,0
0,0
0,0
0,0
0,0
0,0
0,0
0,0
0,0
0,0
0,0
0,0
0,0
0,0
0,0
0,0
0,0
0,0
0,0
0,0
0,0
0,0
0,0
0,0
0,0
0,0
0,0
0,0
0,0
0,0
0,0
0,0
0,0
0,0
0,0
0,0
0,0
0,0
0,0
0,0
0,0
0,0
0,0
0,0
0,27
0,0
0,0
0,0
0,0
0,0
0,0
0,0
0,0
0,0
0,0
0,0
0,0
0,0
0,0
0,0
0,0
0,0
0,0
0,0
0,0
0,0
0,0
0,0
0,0
0,0
0,0
0,0
0,0
0,0
0,0
0,0
0,0
0,0
0,0
0,0
0,0
0,2
0,0
0,0
0,0
0,0
0,0
0,0
0,0
0,0
0,0
0,0
0,0
0,0
0,2
0,0
0,0
0,0
0,0
0,0
0,0
0,2
0,0
0,0
0,0
0,0
0,0
0,2
0,0
0,2
0,0
0,0
0,0
0,0
0,0
0,0
0,16
2,2
2,2
2,2
2,2
2,2
2,13
2,22
2,2
2,2
2,20
2,2
2,2
2,2
2,2
2,2
2,2
2,2
2,2
2,4
2,13
2,10
2,2
2,2
2,2
2,22
2,13
2,2
2,6
2,2
2,2
2,2
2,6
2,2
2,2
2,23
2,2
2,2
2,2
2,2
2,2
2,2
2,2
2,2
2,2
2,2
2,2
2,2
2,2
2,2
2,2
2,2
2,2
2,2
2,2
2,2
2,2
2,4
2,20
2,21
2,20
2,2
3,3
3,11
3,11
3,11
3,12
3,12
3,3
3,3
3,26
3,5
3,13
3,3
3,3
3,3
3,3
3,12
3,12
3,12
3,12
3,12
3,12
3,12
3,11
3,12
3,12
3,12
3,12
3,3
3,3
3,3
3,13
3,3
3,17
3,3
3,12
3,12
3,12
3,12
3,12
3,12
3,12
3,12
3,12
3,12
3,12
3,12
3,18
3,3
3,3
3,3
3,5
3,13
3,5
3,13
3,5
3,3
3,3
3,3
3,3
3,12
3,12
3,12
3,12
3,12
3,12
3,12
3,12
4,13
4,13
4,13
4,13
4,4
4,13
4,28
4,25
4,18
4,13
4,25
4,11
4,3
4,13
4,5
4,5
4,5
4,10
4,11
4,13
4,13
4,13
4,13
4,28
4,10
4,4
4,13
4,13
4,13
4,13
4,3
4,3
4,11
4,11
4,11
4,11
4,11
4,11
4,18
4,11
4,13
4,13
4,13
4,13
4,13
4,10
4,10
4,4
4,25
5,5
5,5
5,5
5,5
5,5
5,5
5,10
5,5
5,10
5,10
5,5
5,5
5,10
5,5
5,5
5,5
5,5
5,5
5,5
5,5
5,5
5,5
5,5
5,10
5,5
5,10
5,5
5,5
5,5
5,5
5,5
5,10
5,5
5,5
5,5
5,5
5,5
5,5
5,5
5,5
5,5
5,5
5,5
5,5
5,5
5,5
5,5
5,5
5,5
5,5
5,5
5,5
5,5
5,5
5,5
5,5
5,5
5,5
5,5
6,6
6,6
6,6
6,6
6,6
6,6
6,6
6,2
6,6
6,6
6,6
6,2
6,6
6,0
6,6
6,6
6,6
6,6
6,6
6,6
6,6
6,6
6,6
6,6
6,6
7,7
7,7
7,7
7,7
7,7
7,7
7,7
7,7
7,16
7,13
7,7
7,7
7,7
7,7
7,7
7,7
7,7
7,7
7,7
7,7
7,7
7,7
7,7
7,7
7,7
7,7
7,7
7,7
7,7
7,7
7,7
7,16
7,7
7,7
7,7
8,9
8,8
8,6
8,9
8,8
8,8
8,8
8,9
8,8
8,8
8,8
8,20
8,8
8,8
8,8
8,8
8,8
8,8
8,8
8,8
8,8
8,8
8,8
8,8
8,8
8,8
8,8
8,20
8,8
8,8
8,9
8,8
8,8
8,8
8,9
8,8
8,8
8,8
8,8
8,8
8,8
8,8
8,8
8,19
8,22
8,2
8,8
9,9
9,9
9,9
9,9
9,9
9,9
9,9
9,9
9,6
9,9
9,9
9,9
9,9
9,9
9,9
9,9
9,9
9,9
9,9
9,9
9,9
9,9
9,9
9,9
9,9
9,9
9,27
9,20
9,9
9,9
9,9
9,9
9,9
9,9
9,20
9,9
9,20
9,9
9,9
9,6
9,9
9,9
9,9
9,9
9,9
9,9
9,27
9,9
9,9
9,9
9,9
9,6
9,7
9,7
9,7
9,7
9,7
9,9
9,7
9,9
9,6
9,7
9,9
9,9
9,9
9,20
9,20
9,14
9,19
9,25
9,25
9,25
9,13
9,25
9,21
9,8
9,13
9,9
9,13
9,9
9,22
9,9
9,13
9,22
9,22
9,13
9,13
9,27
9,2
10,10
10,10
10,10
10,10
10,10
10,10
10,10
10,10
10,10
10,10
10,10
10,10
10,10
10,10
10,5
10,13
10,10
10,5
10,5
10,10
10,10
10,13
10,10
10,10
10,10
10,10
10,10
10,10
10,10
10,10
10,10
10,10
10,10
10,25
10,13
10,10
10,10
10,10
10,10
10,10
10,10
10,10
10,10
10,5
10,10
10,5
10,4
10,13
10,10
10,10
10,10
10,10
10,10
10,10
10,10
10,10
10,10
10,10
10,10
10,10
10,5
10,18
10,18
10,5
10,5
10,10
10,18
10,11
10,5
10,5
10,10
10,5
10,5
10,5
10,5
10,5
10,13
10,28
10,10
10,10
10,10
10,10
10,10
10,10
10,10
10,10
10,10
10,10
10,10
10,10
10,10
10,10
10,10
10,10
10,10
10,10
10,10
10,10
10,10
10,4
10,13
10,10
10,10
10,10
10,13
10,5
10,10
10,10
10,10
10,10
10,10
10,10
10,10
10,10
10,10
10,10
10,10
10,10
10,10
10,10
11,11
11,10
11,11
11,11
11,18
11,10
11,11
11,4
11,10
11,10
11,10
11,10
11,11
11,11
11,11
11,10
11,4
11,11
11,4
11,10
11,11
11,11
11,13
11,11
11,4
11,11
11,11
11,11
11,11
11,11
11,11
11,10
11,11
11,11
11,11
11,11
11,11
11,11
11,11
11,10
11,11
11,18
11,18
11,10
11,11
11,11
11,4
11,10
11,4
11,11
11,10
11,10
11,18
11,18
11,17
11,11
11,11
11,18
11,4
11,11
11,11
11,13
11,10
11,4
11,4
11,11
11,11
11,11
11,4
12,11
12,10
12,10
12,5
12,5
12,5
12,5
12,10
12,10
12,10
12,11
12,13
12,13
12,5
12,5
12,5
13,7
13,13
13,4
13,13
13,13
13,13
13,18
13,11
13,11
13,13
13,13
13,20
13,8
13,13
13,13
13,13
13,13
13,13
13,18
13,18
13,18
13,4
13,4
13,13
13,28
14,10
14,10
14,10
14,10
14,10
14,4
14,10
14,10
14,4
14,19
14,20
14,19
14,11
14,12
14,4
15,8
15,15
15,15
15,15
15,15
16,13
16,13
16,8
16,8
16,2
16,2
17,17
17,3
17,17
17,19
17,17
17,18
17,17
17,17
17,17
17,17
17,17
17,17
17,17
17,17
17,17
17,11
17,19
17,17
18,18
18,18
18,18
18,18
18,18
18,18
18,18
18,18
18,18
18,18
18,18
19,13
19,13
19,13
19,13
19,19
19,19
19,19
19,25
19,20
19,16
19,19
19,19
19,18
19,19
19,21
19,19
19,1
20,20
20,20
20,20
20,7
20,7
20,20
20,20
20,20
20,20
20,20
20,25
20,20
20,9
20,20
20,22
21,8
21,15
21,21
21,20
21,21
21,15
21,21
21,20
21,21
21,27
21,25
21,22
21,16
21,6
21,20
22,22
22,22
22,22
22,27
22,13
22,5
22,5
22,5
22,26
22,26
22,10
22,5
22,13
22,25
22,26
22,5
22,10
22,10
22,5
22,12
22,12
22,5
22,5
22,27
22,27
22,27
22,22
22,27
22,27
22,26
22,2
22,22
22,2
22,10
22,22
22,26
22,13
23,23
23,23
23,23
23,23
23,23
23,23
23,23
23,23
23,23
23,23
23,23
24,10
24,3
24,24
24,24
24,24
24,24
24,1
24,1
24,24
24,24
24,1
24,1
24,24
24,24
24,1
24,26
24,24
25,7
25,25
25,18
25,16
25,25
25,3
25,20
25,18
25,25
25,13
25,16
25,18
26,5
26,5
26,13
26,13
26,13
26,5
26,13
26,5
26,5
26,13
26,13
26,26
26,10
26,5
26,10
26,5
26,5
26,13
26,26
26,5
26,5
26,13
26,10
27,5
27,13
27,5
27,26
27,2
27,25
27,27
27,15
27,9
27,27
27,27
27,20
27,27
27,27
27,27
28,10
28,10
28,28
28,10
28,5
28,28
28,5
28,5
28,28
1,1
1,1
1,1
1,1
1,1
1,1
1,1
1,1
1,1
1,1
1,1
1,1
1,1
1,1
1,1
1,1
1,1
1,1
1,1
1,1
1,1
1,1
1,1
1,1
1,1
1,1
1,1
1,1
1,1
1,1
1,1
1,1
1,1
1,1
1,1
1,1
1,12
1,1
1,1
1,1
1,1
1,1
1,19
1,1
1,1
1,1
1,1
1,1
1,1
1,1
1,1
1,1
1,1
1,1
1,1
1,1
1,1
1,1
1,1
1,1
1,1
1,1
1,1
1,1
1,1
1,1
1,1
1,1
1,1
1,1
1,1
1,1
1,1
1,1
1,0
1,1
1,1
1,1
1,1
1,1
1,1
1,1
1,1
1,1
1,1
1,1
1,1
1,1
1,1
2,10
2,2
2,10
2,2
2,2
2,16
2,13
2,11
2,28
2,16
2,2
2,4
2,0
2,2
2,2
2,13
2,2
2,13
2,5
2,5
2,5
2,13
2,5
2,22
2,13
2,10
2,11
2,13
2,2
2,27
2,2
2,2
2,2
2,5
2,13
2,13
2,2
2,2
2,13
2,2
2,13
2,26
2,13
3,24
3,3
3,3
3,3
3,1
3,24
3,3
3,3
3,19
3,1
3,26
3,3
3,3
3,3
3,1
3,24
3,3
3,3
3,1
3,1
3,3
3,1
3,3
3,1
3,1
3,1
3,3
3,3
3,19
3,3
3,3
3,3
3,3
3,19
3,1
3,24
3,3
3,3
3,14
4,11
4,11
4,11
4,11
4,4
4,13
4,16
4,25
4,7
4,7
4,7
4,4
4,16
4,11
4,11
4,11
4,11
4,11
4,11
4,11
4,11
4,11
4,11
4,11
4,11
4,24
4,27
4,26
4,7
4,7
4,1
6,6
6,6
6,6
6,6
6,6
6,6
6,6
6,6
6,6
6,6
6,6
6,6
6,6
6,6
6,0
6,6
6,6
6,2
6,6
6,6
6,6
6,6
6,0
6,2
6,23
7,7
7,7
7,7
7,7
7,24
7,7
7,5
7,7
7,7
7,7
7,7
7,7
7,7
7,7
7,7
7,7
7,7
7,7
7,7
7,7
7,7
7,7
7,7
7,7
7,16
7,25
7,7
7,19
7,16
7,1
7,24
7,24
7,7
8,23
8,8
8,8
8,8
8,8
8,8
8,8
8,8
8,8
8,8
8,8
8,8
8,8
8,7
8,8
8,8
8,8
8,8
8,8
8,8
8,8
8,8
8,8
8,8
8,8
8,8
8,8
8,8
8,7
8,8
8,8
8,8
8,8
9,16
9,9
9,9
9,2
9,2
9,25
9,9
9,15
9,27
9,8
9,7
9,8
9,16
9,9
9,9
9,27
9,7
9,8
9,9
9,8
9,8
9,20
9,7
9,9
9,9
9,9
9,7
9,9
9,9
9,20
9,8
9,23
9,8
9,9
9,7
9,9
9,9
9,9
9,7
9,4
9,7
9,8
9,8
9,9
9,7
9,8
9,7
9,9
9,8
9,13
9,9
10,1
10,12
10,24
10,1
10,12
10,1
10,10
10,12
10,12
10,24
10,12
10,12
10,1
10,12
10,12
10,24
10,24
10,24
10,12
10,12
10,1
10,7
10,24
10,12
10,12
10,1
10,12
10,12
10,24
10,1
10,1
10,7
10,7
10,12
10,12
10,24
10,24
10,12
10,1
10,1
10,12
10,12
10,1
10,12
10,1
10,12
10,12
10,12
10,24
10,12
10,24
10,24
10,12
10,24
10,12
10,1
10,1
10,1
10,24
10,1
10,12
11,11
11,11
11,11
11,11
11,1
11,24
11,24
11,1
11,1
11,12
11,1
11,1
11,11
11,11
11,11
11,1
11,12
11,12
11,12
11,14
11,12
11,24
11,24
11,1
11,1
11,1
11,1
11,1
11,11
11,11
11,17
11,17
11,12
11,11
11,11
11,11
11,17
11,17
11,14
11,12
11,12
11,12
11,12
11,11
11,1
11,12
11,17
11,12
11,12
11,24
11,1
11,1
11,12
11,1
11,1
11,24
11,1
11,12
11,12
11,1
11,19
11,1
11,1
11,1
11,12
11,11
11,12
11,11
11,24
12,12
12,12
12,12
12,12
12,12
12,12
12,12
12,12
12,17
12,12
12,1
12,12
12,11
12,12
12,12
12,12
12,1
12,12
12,12
12,17
12,12
12,12
12,12
12,17
12,12
12,12
12,17
12,17
12,12
12,12
12,12
12,12
12,11
12,1
12,1
12,12
12,12
12,12
12,17
12,12
12,24
12,12
12,12
12,12
12,12
12,1
12,12
12,12
12,17
12,17
12,12
12,12
12,17
12,17
12,12
12,1
12,14
12,1
12,12
13,24
13,24
13,24
13,24
13,24
13,24
13,24
13,24
13,24
13,24
13,24
13,24
13,24
13,26
13,24
13,26
13,1
13,1
13,3
13,12
13,1
13,24
13,24
13,24
13,1
13,24
13,24
13,24
13,1
13,24
13,26
14,1
14,12
14,12
14,12
14,12
14,12
14,1
14,24
14,24
14,3
14,19
14,16
14,14
14,14
14,14
15,13
15,15
15,16
15,22
15,21
16,0
16,7
16,16
16,1
16,16
16,16
16,16
16,16
17,18
17,18
17,19
17,18
17,12
17,23
17,12
17,23
17,23
17,23
17,23
17,23
17,23
17,23
17,23
17,23
17,3
17,3
17,10
17,10
17,10
17,10
17,10
17,10
17,10
17,10
17,10
18,18
18,18
18,17
18,17
18,18
18,18
18,18
18,18
18,18
18,11
18,19
18,18
18,13
19,16
19,19
19,17
19,19
19,18
19,3
19,13
19,14
20,20
20,20
20,20
20,20
20,20
20,20
20,7
20,7
20,7
20,20
20,7
20,7
20,7
20,23
20,20
21,20
21,20
21,20
21,21
21,20
21,2
21,9
21,20
21,9
21,9
21,7
21,21
22,22
22,13
22,27
22,20
22,22
22,22
22,22
22,22
22,20
22,22
22,2
22,22
22,10
22,22
22,22
22,13
22,22
22,2
22,2
22,22
22,22
22,2
22,22
22,22
22,22
22,22
22,10
22,22
22,2
22,22
22,2
22,22
22,22
22,22
22,2
22,16
22,22
22,25
22,22
22,2
22,22
22,22
22,22
22,22
22,22
22,22
22,26
22,25
22,26
22,10
22,22
22,22
22,22
22,22
22,5
22,22
22,13
22,10
22,27
23,23
23,23
23,23
23,23
23,23
23,23
23,23
23,23
23,23
24,24
24,24
24,24
24,24
24,24
24,13
24,1
24,24
24,1
24,1
24,24
24,24
24,24
24,24
24,24
24,24
24,1
24,10
24,24
24,10
24,1
24,24
24,24
24,24
24,1
24,1
24,24
24,1
24,1
25,2
25,25
25,25
25,25
25,25
25,27
25,3
25,3
25,25
25,25
25,25
26,1
26,1
26,1
26,1
26,1
26,1
26,1
26,12
26,27
26,1
26,12
26,12
26,1
26,1
26,24
26,1
26,1
26,1
26,1
26,16
26,19
26,1
26,1
26,1
26,1
26,1
26,24
26,26
26,16
28,1
28,1
28,1
28,1
28,1
28,1
28,1
28,1
28,1
0,0
0,0
0,0
0,0
0,0
0,0
0,0
0,0
0,0
0,0
0,0
0,0
0,0
0,0
0,0
0,0
0,0
0,0
0,0
0,0
0,0
0,0
0,0
0,0
0,0
0,0
0,0
0,4
0,0
0,0
0,0
0,0
0,0
0,0
0,0
0,9
0,0
0,0
0,0
0,0
0,0
0,2
0,2
0,0
0,0
0,0
0,0
0,0
0,0
0,0
0,0
0,0
0,0
0,0
0,0
0,0
0,0
0,0
0,0
0,0
0,0
0,0
0,0
0,0
0,0
0,0
0,0
0,0
0,0
0,0
0,0
0,0
0,0
0,0
0,0
0,0
0,7
0,0
0,0
0,0
0,23
0,23
0,0
0,0
0,0
0,0
0,0
0,0
0,0
0,0
0,0
0,7
0,13
0,0
0,0
0,0
0,0
0,0
0,0
0,0
0,0
0,0
0,0
0,0
0,2
0,0
0,0
0,0
0,0
0,0
0,0
0,0
0,0
0,0
0,0
0,2
0,0
0,0
0,0
0,0
0,0
0,0
0,2
0,0
0,0
0,0
0,2
0,0
0,0
0,0
0,2
0,8
0,0
0,0
0,0
0,0
0,0
0,0
0,0
0,0
0,0
0,0
0,0
0,0
0,0
0,0
0,0
0,2
2,2
2,2
2,2
2,2
2,2
2,22
2,13
2,2
2,16
2,2
2,22
2,13
2,2
2,27
2,2
2,2
2,27
2,2
2,2
2,2
2,2
2,2
2,27
2,2
2,22
2,2
2,2
2,2
2,13
2,2
2,2
2,27
2,2
2,2
2,2
2,2
2,2
2,2
2,2
2,26
2,22
2,2
2,2
3,3
3,3
3,3
3,3
3,3
3,3
3,3
3,3
3,3
3,27
3,3
3,3
3,3
3,3
3,26
3,27
3,13
3,3
3,17
3,25
3,3
3,3
3,3
3,17
3,13
3,2
3,18
3,3
3,17
3,3
3,13
3,13
3,18
3,3
3,3
3,3
3,3
3,18
3,13
3,3
3,3
3,3
3,17
4,4
4,13
4,13
4,13
4,4
4,10
4,4
4,10
4,4
4,11
4,11
4,11
4,11
4,11
4,11
4,28
4,4
4,4
4,4
4,4
4,4
4,0
4,11
4,11
4,11
4,11
4,11
4,11
4,4
4,4
4,10
4,4
4,13
4,4
4,2
4,0
4,2
4,13
4,16
4,13
4,4
4,4
4,10
5,10
5,10
5,10
5,10
5,10
5,5
5,5
5,10
5,10
5,10
5,10
5,5
5,5
5,5
5,5
5,5
5,22
5,13
5,5
5,13
5,13
5,10
5,10
5,13
5,5
5,5
5,5
5,5
5,5
5,10
5,10
5,10
5,10
5,10
5,5
5,10
5,13
5,5
5,10
6,6
6,6
6,6
6,6
6,6
6,6
6,6
6,6
6,6
6,6
6,6
6,6
6,6
6,6
6,6
6,6
6,6
6,6
6,6
6,6
6,6
6,6
6,6
6,6
6,6
6,6
6,6
6,6
6,6
6,6
6,6
7,7
7,7
7,7
7,7
7,7
7,7
7,7
7,9
7,20
7,7
7,13
7,2
7,20
7,9
7,8
7,20
7,9
7,16
7,7
7,9
7,7
7,7
7,16
7,7
7,7
7,7
7,7
7,7
7,7
7,7
7,7
7,7
7,7
7,7
7,7
8,4
8,4
8,4
8,8
8,8
8,8
8,8
8,8
8,8
8,8
8,8
8,8
8,8
8,8
8,8
8,4
8,8
8,4
8,13
8,8
8,4
8,8
8,8
8,4
8,8
9,8
9,20
9,9
9,20
9,9
9,9
9,9
9,20
9,9
9,20
9,9
9,9
9,7
9,9
9,9
9,9
9,9
9,9
9,9
9,9
9,8
9,9
9,9
9,20
9,9
9,2
9,9
9,27
9,20
9,27
9,13
9,9
9,20
9,9
9,27
9,20
9,20
9,9
9,9
9,9
9,9
9,9
9,9
9,9
9,9
9,9
9,2
9,20
9,9
9,9
9,9
9,9
9,9
9,9
9,9
9,9
9,9
9,6
9,9
10,10
10,10
10,10
10,10
10,10
10,10
10,10
10,10
10,10
10,10
10,10
10,10
10,10
10,10
10,10
10,10
10,10
10,10
10,10
10,10
10,10
10,10
10,10
10,10
10,10
10,10
10,10
10,10
10,10
10,10
10,10
10,10
10,10
10,10
10,10
10,10
10,10
10,10
10,10
10,10
10,10
10,10
10,10
10,10
10,10
10,10
10,10
10,10
10,10
10,13
10,4
10,10
10,10
10,10
10,10
10,10
10,10
10,10
10,10
10,10
10,10
10,10
10,5
10,10
10,10
10,10
10,10
10,10
10,10
10,10
10,10
10,10
10,10
10,10
10,10
10,10
10,10
10,10
10,10
10,10
10,10
10,10
10,10
10,10
10,10
10,10
10,10
10,10
10,10
11,13
11,13
11,13
11,10
11,13
11,4
11,11
11,11
11,11
11,11
11,4
11,13
11,4
11,4
11,4
11,4
11,4
11,4
11,11
11,13
11,13
11,11
11,11
11,11
11,13
11,4
11,4
11,10
11,10
11,28
11,4
11,5
11,28
12,10
12,10
12,5
12,12
12,10
12,12
12,12
12,10
12,12
12,12
12,12
12,12
12,12
12,12
12,12
12,12
12,12
12,12
12,12
12,10
12,12
12,12
12,12
12,12
12,10
12,12
12,12
12,10
12,10
12,12
12,12
12,12
12,12
12,10
12,12
12,12
12,10
12,12
12,12
13,25
13,20
13,13
13,25
13,13
13,0
13,13
13,13
13,5
13,28
13,13
13,13
13,18
13,13
13,13
13,5
13,13
13,22
13,5
13,13
13,2
13,13
13,13
13,2
13,5
13,13
13,13
13,5
13,5
14,12
14,12
14,12
14,10
14,12
14,10
14,3
14,17
14,17
14,12
14,12
14,12
14,12
14,12
14,11
14,3
14,11
14,3
14,3
14,5
14,11
15,15
15,15
15,25
15,25
15,22
15,22
15,16
15,15
15,27
15,27
16,13
16,13
16,2
16,13
16,13
16,13
16,13
16,13
16,28
17,18
17,9
17,17
17,18
17,18
17,17
17,17
17,17
17,17
17,17
17,17
17,18
17,17
17,17
17,17
17,15
17,27
18,18
18,18
18,18
18,18
18,18
18,18
18,18
18,18
18,18
18,18
18,14
19,16
19,27
19,9
19,19
19,19
19,25
19,19
19,19
19,18
19,15
23,23
23,23
23,23
23,23
23,23
23,23
23,23
23,23
23,23
23,23
23,23
24,24
24,10
24,24
24,24
24,24
24,24
24,27
24,3
24,18
24,18
24,13
25,13
25,13
25,13
25,26
25,13
25,13
25,13
25,18
25,16
25,13
25,25
25,13
28,28
28,28
28,28
28,28
28,5
28,10
28,5
28,28
28,28
28,28
28,28
28,28
28,28
0,26
0,0
0,0
0,0
0,0
0,0
0,0
0,0
0,13
0,4
0,1
0,0
0,0
0,2
0,4
0,0
0,0
0,0
0,20
0,7
0,11
0,25
0,25
0,0
0,0
0,0
0,0
0,0
0,0
0,0
0,7
0,0
0,0
0,0
0,7
0,24
0,7
0,7
0,7
0,15
0,25
0,13
0,2
0,0
0,0
0,0
0,16
0,11
0,19
2,2
2,2
2,2
2,2
2,2
2,2
2,2
2,2
2,2
2,13
2,0
2,2
2,0
2,2
2,2
2,2
2,2
2,13
2,13
2,10
2,10
2,5
2,25
2,5
2,5
2,5
2,5
2,2
2,2
2,4
2,26
2,5
2,5
2,18
2,18
2,5
2,13
2,13
2,2
2,13
2,13
2,13
2,18
2,13
2,13
2,27
2,13
2,6
2,2
2,2
2,2
3,9
3,3
3,3
3,3
3,18
3,19
3,27
3,19
3,18
3,19
3,1
3,3
3,3
3,3
3,19
3,18
3,27
3,15
3,3
3,27
3,19
3,18
3,13
3,19
3,25
3,13
3,19
3,18
3,3
3,3
3,10
3,25
3,13
3,13
3,3
3,3
3,3
3,3
3,3
3,3
3,3
3,15
3,18
3,3
3,3
3,3
3,3
3,3
3,3
3,3
3,19
3,3
3,3
3,19
3,25
3,3
3,3
3,3
3,3
3,3
3,3
3,3
3,18
3,13
3,3
3,19
3,18
3,27
3,27
3,19
3,3
3,3
3,1
3,16
3,3
3,3
3,27
3,1
3,3
3,18
3,15
3,3
3,3
3,19
3,3
3,3
3,26
3,18
3,17
3,3
3,3
3,17
3,3
4,13
4,4
4,28
4,2
4,4
4,4
4,2
4,4
4,11
4,11
4,4
4,4
4,28
4,4
4,4
4,4
4,10
4,13
4,4
4,4
4,10
4,4
4,4
4,0
4,13
4,11
4,13
4,4
4,4
4,4
4,28
4,4
4,13
4,13
4,11
4,11
4,4
6,0
6,0
6,0
6,0
6,6
6,0
6,0
6,6
6,0
6,2
6,6
6,0
6,0
6,0
6,0
6,6
6,0
6,6
6,0
6,2
6,0
6,6
6,0
6,6
6,0
6,0
6,2
6,6
6,6
7,7
7,0
7,0
7,9
7,13
7,7
7,9
7,6
7,24
7,9
7,9
7,24
7,0
7,0
7,7
7,0
7,9
7,9
7,9
7,7
7,9
7,6
7,9
7,4
7,9
7,4
7,9
7,9
7,0
8,8
8,8
8,8
8,9
8,8
8,8
8,20
8,8
8,8
8,8
8,8
9,9
9,21
9,9
9,20
9,20
9,9
9,9
9,9
9,9
9,9
9,9
9,8
9,20
9,9
9,9
9,20
9,20
9,9
9,9
9,9
9,27
9,27
9,9
9,27
9,22
9,27
9,27
9,2
9,16
9,22
9,9
9,9
9,9
9,20
9,27
9,25
9,10
9,27
9,27
9,27
9,9
9,9
9,9
9,9
9,8
9,9
9,9
9,20
9,9
9,9
9,9
9,20
9,9
9,27
9,9
9,21
9,9
9,21
9,27
9,22
9,27
9,27
9,27
10,5
10,5
10,13
10,2
10,10
10,10
10,10
10,10
10,10
10,10
10,10
10,10
10,10
10,10
10,10
10,10
10,10
10,10
10,10
10,2
10,13
10,13
10,10
10,10
10,10
10,10
10,10
10,10
10,4
10,10
10,10
10,10
10,10
10,10
10,10
10,10
10,10
10,10
10,10
10,10
10,10
10,10
10,10
10,10
10,10
10,10
10,2
10,13
10,2
10,10
10,10
10,10
10,10
10,10
10,13
10,13
10,11
10,3
10,13
10,10
10,10
10,10
10,10
10,10
10,10
10,10
10,10
10,10
10,10
11,11
11,11
11,11
11,11
11,11
11,4
11,4
11,11
11,11
11,11
11,11
11,11
11,11
11,11
11,11
11,11
11,11
11,11
11,11
11,11
11,11
11,13
11,4
11,4
11,3
11,11
11,4
11,11
11,13
11,1
11,11
11,11
11,11
11,11
11,11
11,13
11,9
11,13
11,13
11,11
11,11
11,4
11,11
11,11
11,11
11,11
11,11
11,11
11,1
11,11
11,11
11,11
11,11
11,11
11,11
11,11
11,11
11,11
11,11
11,11
11,11
11,11
11,11
11,11
11,11
11,11
11,11
11,11
11,11
11,5
11,11
11,11
11,11
11,11
11,11
11,11
11,11
11,4
11,11
11,8
11,11
11,4
11,11
11,11
11,4
11,4
11,4
11,4
11,11
11,11
11,11
11,11
11,13
11,13
11,11
11,11
11,13
11,4
11,4
12,12
12,12
12,12
12,12
12,12
12,12
12,12
12,12
12,12
12,12
12,12
12,12
12,12
12,12
12,12
12,12
12,12
12,12
12,12
12,10
12,12
12,12
12,12
12,12
12,12
12,10
12,4
12,12
12,12
12,12
12,12
12,12
12,12
12,12
12,12
12,12
12,12
12,12
12,12
12,12
12,12
12,12
12,12
12,12
12,12
12,12
12,12
12,12
12,12
12,12
12,12
12,12
12,10
12,12
12,12
12,12
12,12
12,12
12,12
13,4
13,25
13,13
13,2
13,16
13,13
13,13
13,13
13,4
13,4
13,4
13,13
13,4
13,9
13,9
13,16
13,4
13,13
13,4
13,4
13,25
13,9
13,13
13,13
13,13
13,2
13,2
13,13
13,13
13,4
13,4
13,27
13,13
13,27
13,10
13,4
13,4
13,13
13,13
13,9
13,5
13,13
13,13
13,13
13,13
13,0
13,4
13,4
13,13
13,13
13,13
13,16
13,13
13,4
13,13
14,12
14,12
14,10
14,10
14,10
14,12
14,3
14,1
14,11
14,10
14,13
15,15
15,22
15,22
15,22
15,22
15,15
15,15
15,19
15,27
16,13
16,13
16,2
16,13
16,2
17,17
17,18
17,18
17,18
17,17
17,17
17,17
17,17
17,17
17,17
17,17
17,17
17,17
17,17
17,17
17,17
17,17
17,17
17,11
17,17
17,17
17,17
17,17
17,17
17,11
17,18
18,18
18,18
18,18
18,18
18,18
18,18
18,25
18,13
18,4
18,4
18,0
18,10
18,0
18,0
18,0
18,0
18,10
18,18
18,18
18,18
18,18
18,18
18,18
18,18
18,18
19,19
19,11
19,19
19,7
19,27
19,7
19,19
20,20
20,20
20,20
20,20
20,20
20,20
20,9
20,20
20,20
20,20
20,20
20,20
20,20
21,21
21,22
21,20
21,20
21,20
21,21
21,27
21,27
21,20
21,20
22,2
22,6
22,2
22,22
22,2
22,22
22,2
22,13
22,22
22,22
22,27
22,20
22,2
22,27
22,22
22,27
22,27
22,27
22,2
22,27
22,22
22,27
22,26
22,26
22,22
22,22
22,22
22,22
22,20
23,23
23,23
23,23
23,23
23,23
23,23
23,23
23,23
23,23
23,23
23,23
23,23
23,23
23,23
23,23
23,23
23,23
24,24
24,24
24,24
24,24
24,24
24,24
24,24
24,24
24,0
24,24
24,24
24,24
24,24
24,24
24,24
24,26
24,7
25,13
25,13
25,9
25,20
25,13
25,4
25,4
25,5
25,13
25,26
25,13
25,25
26,13
26,4
26,1
26,4
26,26
26,12
26,13
26,24
26,4
26,24
26,4
26,4
26,4
26,4
26,4
26,4
26,12
26,4
26,4
26,26
26,24
26,24
26,28
26,13
26,26
26,13
26,24
26,10
26,4
26,4
26,7
26,13
26,13
26,13
26,13
26,13
26,4
26,4
26,4
26,26
26,13
26,10
26,13
26,26
26,13
26,28
26,10
26,4
26,13
26,4
26,5
26,4
26,5
26,4
26,4
26,4
26,4
26,4
26,4
27,27
27,27
27,27
27,27
27,27
27,27
27,27
27,27
27,27
27,27
27,27
27,26
27,13
27,13
27,13
27,13
27,10
27,27
27,27
27,27
27,2
27,6
27,20
27,20
27,27
27,27
27,2
27,27
27,27
28,5
28,4
28,28
28,28
28,4
28,28
28,28
28,28
28,28
28,28
28,28
28,5
28,5
28,28
28,5
28,28
28,13
28,13
28,13
28,13
28,7
28,28
28,4
28,12
28,4
28,28
28,28
28,13
28,5
28,5
28,5
28,13
28,5
0,0
0,0
0,0
0,0
0,0
0,0
0,0
0,0
0,0
0,0
0,0
0,0
0,0
0,0
0,0
0,0
0,0
2,2
2,22
2,2
2,2
2,2
2,2
2,2
2,10
2,2
2,2
2,2
2,2
2,2
2,2
2,24
2,10
2,22
2,26
2,2
2,26
2,2
2,2
2,2
2,2
2,2
2,13
2,13
2,2
2,2
2,5
3,1
3,1
3,4
3,4
3,1
3,3
3,3
3,1
3,3
3,4
3,26
3,26
3,3
3,3
3,3
3,3
3,3
3,11
3,3
3,3
3,3
3,3
3,11
3,3
3,3
3,26
3,3
3,26
3,3
3,3
3,3
4,4
4,13
4,11
4,11
4,4
4,11
4,11
4,11
4,11
4,24
4,13
4,11
4,11
4,11
4,13
4,11
4,10
4,11
4,11
4,11
4,1
4,1
4,11
4,16
4,16
6,6
6,6
6,6
6,6
6,6
6,0
6,6
6,6
6,6
6,6
6,0
6,6
6,2
7,7
7,7
7,7
7,7
7,8
7,7
7,8
7,9
7,7
7,16
7,7
7,7
7,16
7,7
7,8
7,7
7,7
7,7
7,7
7,13
7,7
7,16
7,7
7,7
7,7
8,28
8,13
8,8
8,8
8,8
8,8
8,8
8,8
8,8
8,8
8,8
8,8
8,8
8,8
8,8
8,8
8,8
8,8
8,8
8,8
8,8
9,9
9,9
9,20
9,7
9,24
9,9
9,20
9,20
9,9
9,9
9,9
9,9
9,9
9,9
9,9
9,9
9,20
9,9
9,9
9,9
9,27
9,9
9,20
9,9
9,9
9,9
9,9
9,20
9,9
9,20
9,20
9,20
9,9
9,9
9,20
9,20
9,20
9,9
9,20
10,10
10,10
10,10
10,10
10,10
10,10
10,10
10,10
10,10
10,10
10,10
10,10
10,10
10,10
10,10
10,10
10,10
10,10
10,10
10,10
10,10
10,10
10,10
11,11
11,11
11,11
11,11
11,11
11,11
11,11
11,11
11,11
11,11
11,11
11,11
11,11
11,11
11,11
11,11
11,11
11,11
11,11
11,11
11,11
11,11
11,11
11,11
11,11
11,11
11,11
11,11
11,11
11,11
11,11
11,11
11,11
11,11
11,11
11,11
11,11
11,11
11,11
11,11
11,11
11,11
11,11
11,11
11,11
11,11
11,11
11,11
11,11
11,11
11,11
11,11
11,11
11,11
11,11
11,11
11,11
11,11
11,11
11,11
11,11
11,11
11,11
12,12
12,12
12,12
12,12
12,12
12,12
12,12
12,12
12,12
12,12
12,12
12,12
12,12
12,12
12,12
12,12
12,12
12,12
12,12
12,12
12,12
12,12
12,12
12,12
12,12
12,12
12,12
12,12
12,12
13,4
13,13
13,13
13,13
13,13
13,4
13,13
13,16
13,13
13,13
13,28
13,13
13,13
13,13
13,13
13,10
13,10
13,13
13,5
13,13
13,16
13,13
13,13
13,28
13,26
13,5
13,13
13,26
13,16
13,1
13,16
13,13
13,11
13,28
13,10
13,5
13,5
13,13
13,26
14,3
14,17
14,19
14,19
14,19
14,12
15,13
15,15
15,27
15,3
15,27
15,19
15,17
15,3
16,4
16,16
16,16
16,16
16,16
16,16
17,19
17,14
17,5
17,18
17,17
17,17
17,18
17,18
17,11
17,19
17,17
17,18
17,18
17,3
17,3
17,13
17,2
18,5
18,18
18,17
18,18
18,18
18,18
18,12
18,12
18,18
18,18
18,18
18,3
18,18
19,27
19,19
19,19
19,19
19,19
19,1
19,1
19,12
19,19
19,19
19,19
19,1
20,20
20,20
20,2
20,20
20,20
20,20
20,21
20,20
20,20
20,9
20,20
20,7
20,20
20,20
20,20
20,9
20,9
21,21
21,21
21,20
21,2
21,9
21,20
21,27
21,21
21,3
21,27
21,21
21,27
21,27
22,2
22,2
22,13
22,2
22,5
22,2
22,5
22,22
22,2
22,22
22,2
22,22
22,2
22,2
22,2
22,27
22,26
22,22
22,2
22,2
22,2
22,26
22,27
23,23
23,23
23,23
23,23
24,19
24,19
24,12
24,24
24,7
24,1
24,24
24,24
24,27
24,12
24,12
24,1
24,24
24,24
24,24
25,25
25,25
25,25
25,25
25,3
25,25
25,25
25,25
25,25
25,25
25,25
25,25
25,27
25,25
25,14
26,13
26,13
26,13
26,13
26,26
26,26
26,13
26,3
26,26
26,13
26,26
26,10
26,10
26,13
26,10
26,26
26,10
26,13
26,26
27,5
27,5
27,13
27,5
27,5
27,25
27,27
27,27
27,27
27,27
27,13
27,13
27,13
27,16
27,13
27,27
27,13
27,10
27,9
27,20
27,2
27,3
27,10
28,28
28,5
28,13
28,5
28,13
28,10
28,10
28,26
28,13
28,28
28,13
28,13
28,28
28,10
28,28
28,20
28,28
0,11
0,11
0,1
0,1
0,1
0,1
0,1
0,24
0,1
0,1
0,1
0,1
0,1
0,1
0,1
0,1
0,1
0,16
0,1
0,1
0,1
0,24
0,1
0,1
0,1
0,1
0,1
0,1
0,1
0,1
0,1
0,1
0,1
0,1
0,24
0,1
0,1
0,1
0,12
0,1
0,1
0,1
0,1
0,1
0,1
0,1
0,1
0,1
0,1
0,24
0,1
0,1
0,24
0,1
0,1
0,1
0,1
0,1
0,1
0,1
0,24
0,1
0,1
0,1
0,1
0,1
0,1
0,1
0,1
0,1
0,1
0,1
0,1
0,1
0,1
0,1
0,1
0,1
0,1
0,1
0,1
0,24
0,1
0,1
0,1
0,1
0,1
0,1
0,1
0,1
0,12
0,1
0,1
0,1
0,1
0,1
0,1
0,1
0,1
0,1
0,3
0,1
0,1
0,12
0,1
0,1
0,1
0,1
0,1
0,1
0,1
0,1
0,24
0,1
0,1
0,1
0,1
0,1
0,24
0,1
0,1
0,1
0,1
0,1
0,1
0,16
0,7
0,1
0,1
0,1
0,1
0,1
0,1
0,1
0,1
0,1
0,1
0,1
0,26
0,1
0,1
0,27
2,2
2,2
2,2
2,2
2,2
2,22
2,26
2,27
2,2
2,2
2,2
2,2
2,2
2,22
2,2
2,2
2,2
2,2
2,2
2,2
2,27
2,13
2,2
2,2
2,5
2,13
2,16
2,2
2,2
2,2
2,27
2,2
2,2
2,27
2,27
2,2
2,2
2,2
2,2
2,2
2,2
2,2
2,2
2,2
2,2
2,2
2,2
2,2
2,20
2,2
2,27
2,27
2,27
2,20
2,2
2,23
2,6
2,2
2,2
3,3
3,3
3,3
3,3
3,3
3,3
3,3
3,3
3,3
3,3
3,3
3,3
3,10
3,3
3,10
3,10
3,3
3,3
3,3
3,18
3,3
3,3
3,3
3,3
3,26
3,25
3,3
3,3
3,3
3,3
3,3
3,3
3,3
3,3
3,10
3,25
3,22
3,10
3,3
3,3
3,3
3,3
3,3
3,3
3,17
4,4
4,4
4,22
4,4
4,25
4,13
4,4
4,4
4,25
4,4
4,4
4,10
4,25
4,25
4,5
4,4
4,4
4,4
4,4
4,4
4,4
4,28
4,22
4,4
4,4
4,28
4,13
4,25
5,10
5,28
5,5
5,5
5,5
5,5
5,10
5,5
5,5
5,10
5,28
5,5
5,5
5,5
5,5
5,5
5,5
5,28
5,28
5,10
5,28
5,5
5,13
5,10
5,10
5,2
5,10
5,5
5,5
5,5
5,28
5,5
5,5
5,28
5,5
5,5
5,28
5,10
5,28
5,5
5,13
6,6
6,6
6,6
6,6
6,6
6,6
6,6
6,6
6,6
6,6
6,6
6,6
6,6
6,6
6,6
6,6
6,6
6,6
6,6
6,6
6,6
7,7
7,7
7,7
7,7
7,7
7,7
7,7
7,7
7,7
7,7
7,7
7,7
7,7
7,7
7,7
7,7
7,7
7,7
7,7
7,28
7,7
7,7
7,7
7,7
7,7
7,7
7,7
7,7
7,8
7,7
7,9
7,7
7,8
7,9
7,7
7,7
7,7
8,8
8,8
8,8
8,8
8,8
8,8
8,8
8,8
8,8
8,8
8,8
8,8
8,8
8,8
8,8
8,8
8,8
8,8
8,8
8,8
8,8
8,8
8,8
8,8
8,8
8,8
8,8
8,8
8,8
8,8
8,8
8,8
8,8
8,8
8,8
8,8
8,8
8,8
8,22
8,4
8,8
9,9
9,2
9,9
9,9
9,9
9,9
9,20
9,9
9,9
9,7
9,9
9,9
9,9
9,16
9,8
9,9
9,20
9,9
9,9
9,8
9,9
9,8
9,8
9,20
9,8
9,9
9,24
9,7
9,9
9,9
9,9
9,9
9,9
9,7
9,9
10,10
10,10
10,10
10,10
10,10
10,10
10,10
10,10
10,10
10,10
10,10
10,10
10,10
10,10
10,10
10,10
10,10
10,10
10,10
10,10
10,10
10,10
10,10
10,2
10,27
10,2
10,10
10,10
10,10
10,10
10,10
10,10
10,10
10,10
10,10
11,1
11,11
11,11
11,11
11,11
11,12
11,12
11,11
11,11
11,11
11,11
11,13
11,10
11,11
11,11
11,11
11,10
11,11
11,11
11,11
11,11
11,11
11,11
11,11
11,11
11,11
11,11
11,11
11,11
11,11
11,11
11,11
11,11
12,12
12,12
12,12
12,12
12,12
12,12
12,12
12,12
12,12
12,12
12,12
12,12
12,12
12,12
12,12
12,12
12,12
12,12
12,1
12,12
12,12
12,12
12,12
12,12
12,12
12,12
12,12
13,13
13,25
13,13
13,13
13,13
13,13
13,28
13,13
13,13
13,13
13,20
13,13
13,5
13,5
13,13
13,9
13,8
13,13
13,13
13,20
13,13
13,28
13,13
13,13
13,13
13,13
13,13
13,13
13,16
14,12
14,12
14,26
14,18
14,19
14,19
14,17
14,17
14,17
14,17
14,17
14,19
14,14
15,20
15,15
15,22
15,15
15,15
15,15
16,16
16,16
16,16
16,19
16,27
16,13
16,15
16,25
17,17
17,17
17,19
17,17
17,17
17,17
17,17
17,17
17,17
17,17
17,17
17,17
17,17
17,17
17,17
17,17
17,17
17,17
17,17
17,14
17,3
18,18
18,18
18,18
18,18
18,18
18,18
18,18
18,18
18,18
18,18
18,18
18,18
18,18
18,18
18,18
19,19
19,19
19,17
19,19
19,19
19,19
19,16
20,20
20,2
20,20
20,20
20,20
20,20
20,20
20,18
20,16
20,25
20,20
20,20
20,20
20,20
20,2
21,20
21,20
21,21
21,22
21,22
21,16
22,22
22,5
22,5
22,22
22,5
22,5
22,22
22,22
22,22
22,22
22,22
22,22
22,22
22,20
22,20
22,22
22,28
22,28
22,2
22,22
22,5
22,22
22,27
23,23
23,23
23,23
23,23
23,23
23,23
23,23
23,23
23,23
23,23
24,7
24,7
24,24
24,24
24,24
24,1
24,1
24,24
24,24
24,24
24,24
24,1
24,1
24,1
24,1
25,25
25,25
25,18
25,25
25,13
25,25
25,25
25,25
25,18
25,25
25,25
26,24
26,16
26,13
26,13
26,24
26,26
26,13
26,2
26,26
26,26
26,26
26,26
26,26
26,26
26,26
26,26
26,5
26,5
26,26
26,13
26,26
26,5
26,26
26,13
26,26
26,26
26,26
26,26
26,26
27,2
27,13
27,27
27,3
27,16
27,19
27,27
27,27
27,13
27,13
28,5
28,28
28,28
28,28
28,28
28,28
28,28
28,28
28,5
28,28
28,28
28,28
28,28
28,28
28,28
28,28
28,28
0,0
0,0
0,0
0,0
0,0
0,0
0,0
0,0
0,0
0,0
0,0
0,0
0,0
0,0
0,0
0,0
0,0
0,0
0,24
0,0
0,0
0,0
0,0
0,1
0,1
0,0
0,0
0,0
0,0
0,0
0,0
0,0
0,0
0,16
0,0
0,0
0,0
0,27
0,0
0,0
0,0
0,0
0,0
0,0
0,0
0,0
0,0
0,0
0,0
0,0
0,24
0,0
0,0
0,0
0,0
0,0
0,0
0,0
0,0
0,0
0,0
0,2
0,6
0,0
0,0
0,0
0,0
0,0
0,24
0,0
0,0
0,0
0,0
0,0
0,0
0,0
0,0
0,0
0,0
0,0
0,0
0,0
0,0
0,0
0,0
0,0
0,0
0,0
0,0
0,6
0,0
0,0
0,0
0,0
0,0
0,0
0,0
0,0
0,1
0,0
0,0
0,0
0,0
0,0
0,0
0,0
0,0
0,0
0,0
0,0
0,0
0,0
0,0
0,0
0,0
0,0
0,0
0,0
0,0
0,7
0,24
0,1
0,0
0,0
0,0
0,0
0,0
0,0
0,0
0,0
0,0
0,0
0,0
0,0
0,0
0,0
0,0
0,0
0,0
0,0
0,0
0,0
0,1
0,0
0,0
0,0
0,0
0,0
0,0
0,0
0,0
0,0
0,0
0,0
0,0
0,0
0,0
0,0
0,0
0,0
0,0
0,0
0,0
0,16
0,24
0,0
0,0
0,0
0,0
0,0
0,0
0,0
0,0
0,0
0,0
0,0
0,0
0,0
0,0
0,0
0,0
0,0
0,0
0,0
0,0
0,0
0,0
0,0
0,0
0,0
0,0
0,0
0,0
0,0
0,0
0,0
0,0
0,0
0,0
0,0
0,0
0,0
0,0
0,0
0,0
0,0
0,0
0,0
0,0
0,0
0,0
0,0
0,0
0,1
2,2
2,2
2,26
2,2
2,13
2,2
2,6
2,27
2,13
2,10
2,26
2,2
2,27
2,2
2,2
2,20
2,2
2,2
2,2
2,2
2,2
2,2
2,2
2,2
2,2
2,2
2,22
2,2
2,26
2,2
2,2
2,2
2,2
2,2
2,26
2,2
2,2
2,2
2,6
2,2
2,2
2,13
2,2
2,27
2,2
2,13
2,2
2,2
2,2
2,2
2,2
2,13
2,13
2,26
2,2
2,2
2,27
2,22
2,2
2,27
2,2
2,2
2,27
2,2
2,2
2,28
2,2
2,2
2,22
2,2
2,2
2,2
2,2
2,2
2,2
2,2
2,2
2,13
2,22
2,22
2,27
2,2
2,2
2,27
2,2
2,2
2,2
2,2
2,2
2,2
2,2
2,2
2,2
2,27
2,3
2,3
2,6
2,6
2,27
3,3
3,3
3,3
3,3
3,3
3,3
3,3
3,3
3,3
3,3
3,3
3,3
3,26
3,26
3,3
3,3
3,3
3,3
3,3
3,3
3,3
3,3
3,3
3,3
3,26
3,27
3,3
3,3
3,3
3,3
3,3
3,26
3,3
3,3
3,26
3,13
3,13
3,13
3,18
3,27
3,3
3,3
3,3
3,3
3,3
3,3
3,13
3,26
3,25
3,26
3,3
4,16
4,13
4,11
4,4
4,13
4,13
4,13
4,13
4,26
4,13
4,13
4,13
4,13
4,13
4,10
4,13
4,2
4,2
4,4
4,10
4,2
4,13
4,13
4,10
4,10
4,13
4,3
4,25
4,26
4,10
5,5
5,28
5,5
5,5
5,5
5,5
5,13
5,26
5,13
5,5
5,28
5,5
5,5
5,5
5,5
5,13
5,13
5,13
5,5
5,5
5,5
5,13
5,2
5,5
5,5
6,6
6,6
6,6
6,6
6,2
6,6
6,6
6,6
6,6
6,6
6,6
6,6
6,6
6,6
6,6
6,6
6,6
6,2
6,6
6,6
6,6
7,7
7,7
7,7
7,7
7,7
7,9
7,9
7,7
7,7
7,7
7,7
7,7
7,7
7,7
7,7
7,7
7,7
7,7
7,7
7,7
7,7
7,7
7,7
7,7
7,7
7,7
7,7
7,7
7,7
7,7
7,7
7,7
7,7
7,7
7,7
7,7
7,7
7,7
7,7
7,7
7,7
7,7
7,7
7,7
7,7
7,7
7,7
8,4
8,8
8,8
8,8
8,8
8,23
8,23
8,8
8,8
8,28
8,8
8,8
8,8
8,8
8,8
8,8
8,8
8,8
8,8
8,23
8,8
9,9
9,7
9,8
9,9
9,16
9,2
9,9
9,9
9,8
9,9
9,9
9,9
9,27
9,9
9,9
9,9
9,9
9,9
9,9
9,9
9,8
9,9
9,9
9,9
9,9
9,20
9,8
9,9
9,9
9,9
9,9
9,9
9,9
9,0
9,0
9,9
9,9
9,27
9,7
10,10
10,10
10,10
10,10
10,10
10,10
10,10
10,10
10,10
10,10
10,10
10,10
10,10
10,10
10,10
10,10
10,10
10,10
10,26
10,16
10,10
10,10
10,10
10,10
10,10
10,10
10,10
10,10
10,10
10,10
10,10
10,10
10,10
10,10
10,10
10,10
10,10
10,10
10,10
10,10
10,10
11,11
11,11
11,11
11,24
11,11
11,11
11,11
11,11
11,11
11,24
11,11
11,11
11,1
11,24
11,11
11,11
11,11
11,11
11,11
11,1
11,11
11,1
11,11
11,10
11,24
11,11
11,1
11,1
11,11
11,1
11,1
11,11
11,1
11,1
11,11
11,11
11,11
12,12
12,12
12,12
12,1
12,12
12,12
12,1
12,1
12,12
12,12
12,12
12,12
12,12
12,12
12,12
12,12
12,12
12,12
12,12
12,12
12,12
12,12
12,12
12,12
12,12
13,16
13,13
13,13
13,13
13,13
13,26
13,13
13,13
13,13
13,13
13,20
13,18
13,18
13,13
13,2
13,13
13,13
13,13
13,13
13,7
13,13
13,13
13,26
13,13
14,12
14,10
14,26
14,24
14,19
14,14
14,19
14,1
14,1
14,14
14,17
14,17
14,19
14,19
14,7
15,15
15,15
15,15
15,15
16,25
16,7
16,16
16,13
16,16
16,16
16,19
16,16
17,19
17,17
17,17
17,17
17,17
17,17
17,17
17,17
17,12
17,17
17,17
17,17
17,17
17,17
17,19
17,17
18,3
18,27
18,18
18,18
18,18
18,18
18,18
18,18
18,18
18,25
18,4
18,18
18,18
19,16
19,27
19,19
19,19
19,19
19,19
19,15
19,15
20,20
20,20
20,20
20,20
20,20
20,20
20,20
20,20
20,9
20,20
20,20
21,20
21,21
21,21
21,21
21,21
21,20
21,21
22,2
22,22
22,22
22,22
22,21
22,20
22,22
22,22
22,22
22,22
22,2
22,22
22,2
22,22
22,22
22,2
22,22
22,22
22,2
23,23
23,23
23,23
23,23
23,23
23,23
23,23
23,23
23,23
24,16
24,1
24,10
24,24
24,24
24,24
24,27
24,24
24,20
24,27
24,20
24,27
24,24
24,0
24,24
24,13
24,27
25,13
25,13
25,3
25,25
25,13
25,13
25,3
25,4
25,16
25,25
26,16
26,13
26,26
26,13
26,26
26,13
26,5
26,5
26,13
26,26
26,26
26,26
26,26
26,13
26,13
26,13
26,26
26,26
26,26
26,26
26,26
27,22
27,2
27,27
27,15
27,3
27,19
27,27
27,27
27,2
27,22
27,22
28,28
28,28
28,28
28,28
28,28
28,28
28,28
28,28
28,5
28,28
28,28
28,13
28,28
14,14
14,15
14,16
14,15
14,25
14,19
14,19
14,15
14,14
14,15
14,19
14,15
14,1
14,14
14,16
14,20
14,21
14,21
14,15
14,15
14,15
14,21
14,14
14,16
14,26
14,14
14,14
14,19
14,15
14,15
14,14
14,14
14,14
14,14
14,15
14,19
14,14
14,19
14,14
14,19
14,14
14,15
14,16
14,19
14,19
14,14
14,14
14,19
14,14
14,14
14,14
14,16
14,14
14,14
14,14
14,19
14,19
14,19
14,14
14,15
14,16
14,19
14,14
14,14
14,14
14,15
14,14
14,14
14,19
14,15
14,14
14,14
14,15
14,15
14,14
14,17
14,19
14,14
14,14
14,14
14,14
14,19
14,21
14,16
14,19
14,19
14,19
14,19
14,14
14,14
14,14
14,14
14,14
14,14
14,14
14,14
14,14
14,14
14,19
14,14
14,14
14,14
14,15
14,15
14,19
14,19
14,15
14,19
14,14
14,14
14,19
14,14
14,14
14,15
14,19
14,14
14,19
14,19
14,16
14,19
14,16
14,21
14,16
14,14
14,14
14,14
14,14
14,27
14,15
14,19
14,14
14,14
14,14
14,19
14,19
14,19
14,11
14,3
14,14
14,19
14,19
14,16
14,14
14,16
14,21
14,19
14,15
14,19
14,14
14,19
14,14
14,19
14,14
14,19
14,19
14,14
14,16
14,19
14,16
14,15
14,16
14,16
14,14
14,1
14,19
14,19
14,15
14,14
14,14
14,14
14,14
14,14
14,14
14,19
14,14
14,14
14,14
14,19
14,19
14,14
14,16
14,19
14,19
14,19
14,21
14,21
14,19
14,19
14,19
14,19
14,16
14,16
14,19
14,14
14,19
14,19
14,19
14,19
14,16
14,14
14,14
14,14
14,14
14,16
14,14
14,14
14,14
14,14
14,15
14,0
14,14
14,14
14,14
14,19
14,14
14,19
14,14
14,15
14,21
14,19
14,21
14,21
14,14
14,21
14,16
14,21
14,19
14,16
14,15
14,21
14,21
14,14
14,14
14,14
14,19
14,19
14,16
14,21
14,19
14,14
14,14
14,14
14,14
14,14
14,14
14,14
14,14
14,14
14,14
14,14
14,14
14,16
14,15
14,19
14,14
14,15
14,19
14,19
14,14
14,19
14,14
14,1
14,15
14,14
14,14
14,15
14,15
14,15
14,16
14,16
14,14
14,16
14,16
14,11
14,14
14,19
14,15
14,19
14,15
14,15
14,14
14,14
14,15
14,14
14,19
14,19
14,14
14,14
14,14
14,14
14,19
14,15
14,14
14,14
14,17
14,14
14,19
14,14
14,14
14,19
14,14
14,14
14,15
14,19
14,15
14,19
14,14
14,15
14,15
14,14
14,19
14,14
14,14
14,14
14,15
14,15
14,16
14,16
14,19
14,15
14,15
14,14
14,19
14,14
14,16
14,21
14,14
14,1
14,15
14,15
14,16
14,21
14,16
14,16
14,15
14,14
14,15
14,3
14,14
14,15
14,19
14,19
15,15
15,15
15,15
15,16
15,15
15,15
15,15
15,15
15,15
15,16
15,16
15,15
15,16
15,16
15,16
15,16
15,15
15,16
15,15
15,15
15,15
15,15
15,15
15,15
15,15
15,15
15,15
15,15
15,15
15,16
15,16
15,21
15,16
15,16
15,15
15,16
15,15
15,14
15,15
15,15
15,16
15,15
15,15
15,15
15,15
15,16
15,16
15,15
15,16
15,15
15,16
15,15
15,19
15,15
15,19
15,15
15,15
15,21
15,21
15,15
15,21
15,16
15,15
15,15
15,16
15,16
15,15
15,15
15,16
15,15
15,15
15,15
15,16
15,15
15,15
15,15
15,15
15,15
15,15
15,15
15,15
15,15
15,15
15,15
15,15
15,15
15,14
15,15
15,14
15,14
15,19
15,16
15,16
15,16
15,16
15,16
15,16
15,16
15,15
15,15
15,16
15,15
15,15
15,19
15,15
15,16
15,15
15,15
15,15
15,15
15,15
15,16
15,16
15,21
15,16
15,16
15,15
15,15
15,19
15,21
15,21
15,21
15,15
15,15
15,15
15,15
15,16
15,21
15,16
15,15
15,16
15,15
15,15
15,15
15,16
15,16
15,15
15,15
15,16
15,15
15,19
15,19
15,16
15,16
15,16
15,15
15,16
15,15
15,15
15,15
15,15
15,15
16,16
16,16
16,16
16,16
16,16
16,16
16,15
16,16
16,16
16,16
16,16
16,16
16,16
16,19
16,16
16,19
16,19
16,16
16,16
16,0
16,16
16,16
16,16
16,16
16,16
16,16
16,15
16,16
16,16
16,16
16,16
16,16
16,21
16,16
16,16
16,15
16,16
16,16
16,16
16,16
16,16
16,16
16,15
16,15
16,16
16,21
16,16
16,15
16,21
16,16
16,16
16,16
16,16
16,16
16,16
16,16
16,16
16,16
16,16
16,16
16,16
16,16
16,21
16,16
16,16
16,16
16,16
16,16
16,15
16,16
16,16
16,16
16,16
16,15
16,15
16,16
16,16
16,21
16,16
16,15
16,16
16,16
16,16
16,14
16,19
16,19
16,16
16,16
16,16
16,16
16,16
16,16
16,16
16,16
16,16
16,16
16,16
16,15
16,16
16,21
16,21
16,16
16,16
16,16
16,16
16,19
16,16
16,16
16,16
16,16
16,16
16,16
16,16
16,16
16,16
16,16
16,16
16,16
16,16
16,16
16,16
16,16
16,16
16,16
16,16
16,16
16,16
16,16
16,16
16,21
16,16
16,21
16,16
16,15
16,19
16,16
16,16
16,15
16,15
16,16
16,19
16,16
16,21
16,16
16,16
16,16
16,16
16,16
16,16
16,16
16,21
16,16
16,16
16,19
16,16
19,19
19,19
19,19
19,19
19,16
19,15
19,15
19,15
19,19
19,15
19,15
19,16
19,14
19,15
19,16
19,19
19,16
19,16
19,16
19,15
19,15
19,19
19,16
19,16
19,16
19,15
19,15
19,19
19,15
19,19
19,16
19,19
19,15
19,16
19,15
19,20
19,15
19,16
19,21
19,16
19,16
19,14
19,14
19,15
19,16
19,19
19,16
19,15
19,19
19,19
19,16
19,11
19,16
19,14
19,14
19,19
19,16
19,16
19,16
19,19
19,15
19,16
19,19
19,21
19,16
19,19
19,14
19,15
19,16
19,15
19,14
19,15
19,16
19,15
19,19
19,19
19,15
19,15
19,15
19,19
19,21
19,19
19,15
19,15
19,16
19,15
19,15
19,15
19,14
19,16
19,19
19,19
19,15
19,19
19,14
19,15
19,15
19,19
19,21
19,21
19,19
19,14
19,14
19,19
19,19
19,19
19,14
19,14
19,19
19,16
19,19
19,19
19,19
19,21
19,15
19,14
19,19
19,19
19,19
19,15
19,16
19,15
19,16
19,19
19,19
19,14
19,14
19,19
19,15
19,19
19,14
19,19
19,21
19,19
19,19
19,14
19,15
19,19
19,19
19,15
19,19
19,15
19,19
19,19
19,19
19,19
19,15
19,15
19,15
19,15
19,1
19,15
19,15
19,14
19,19
19,19
19,19
19,15
19,19
19,19
19,19
19,19
19,19
19,21
19,19
19,15
19,15
19,19
19,15
19,14
19,19
19,19
19,19
19,15
19,14
19,15
19,19
19,19
19,14
19,15
19,19
19,19
19,15
19,15
19,19
19,19
19,19
19,21
19,21
19,19
19,16
19,19
19,15
19,14
19,19
19,19
19,16
19,16
19,14
19,19
19,19
19,16
19,15
19,15
19,19
19,15
19,15
19,21
19,19
19,15
19,15
19,19
19,19
19,19
19,15
19,19
19,15
19,15
21,21
21,21
21,9
21,21
21,21
21,21
21,21
21,21
21,20
21,21
21,21
21,21
21,20
21,21
21,21
21,21
21,21
21,21
21,9
21,23
21,21
21,21
21,21
21,21
21,21
21,16
21,16
21,27
21,21
21,0
21,27
21,16
21,16
21,16
21,16
21,21
21,20
21,21
21,21
21,21
21,16
21,21
21,21
21,21
21,21
21,21
21,21
21,21
21,21
21,21
21,21
21,21
21,21
21,16
21,21
21,21
21,21
21,15
21,16
21,21
21,16
21,21
21,16
21,21
21,21
21,21
21,16
21,16
21,21
21,21
21,21
21,21
21,16
21,15
21,21
21,16
21,21
21,21
21,21
21,21
21,21
21,21
21,16
21,21
21,21
21,21
21,21
21,21
21,21
21,21
21,21
21,21
21,21
21,21
21,21
21,16
21,21
21,16
21,21
21,21
21,21
21,21
21,21
21,21
21,21
21,21
21,16
21,15
21,21
21,16
21,16
21,16
21,15
21,15
21,16
21,16
21,16
21,15
21,16
21,14
21,16
21,16
21,21
21,21
21,21
21,21
21,21
21,21
21,21
21,21
21,15
21,21
21,21
21,21
21,21
21,21
21,14
21,21
21,15
21,19
21,21
21,21
21,17
21,21
21,21
21,21
21,15
21,14
21,21
21,21
21,21
21,14
21,19
21,21
21,21
21,21
21,19
21,21
21,21
21,15
21,21
21,21
21,21
21,21
21,21
21,21
21,16
21,21
21,16
21,16
21,21
21,21
21,21
21,19
21,21
21,19
21,21
21,21
21,21
21,21
21,21
21,21
21,21
21,14
21,21
21,21
21,16
21,16
21,16
21,19
21,21
21,21
21,16
21,21
21,14
21,21
21,21
21,15
21,21
21,16
21,21
21,21
21,21
21,21
21,21
21,21
21,16
21,21
21,21
21,21
21,21
21,21
21,21
21,16
21,16
21,21
21,16
21,16
21,15
21,16
21,21
21,16
21,21
21,21
21,27
21,21
21,21
21,21
21,16
21,16
21,21
21,21
21,21
21,21
21,19
21,21
21,16
21,21
21,21
21,21
21,15
21,16
21,21
21,21
21,21
21,21
21,21
21,21
21,21
21,16
21,21
21,16
21,21
21,21
21,21
21,21
21,21
21,16
21,16
21,16
21,16
21,16
21,21
21,21
21,21
21,16
21,21
21,14
21,16
21,21
21,21
21,16
21,16
21,21
21,21
21,16
21,15
21,16
21,21
21,21
21,21
21,21
21,21
21,21
21,21
21,21
21,21
21,21
21,21
21,21
21,21
21,15
21,21
21,21
21,21
21,21
21,21
21,21
21,21
21,16
21,21
21,21
21,16
21,21
21,21
21,21
21,16
21,21
21,21
21,21
21,19
21,15
21,16
21,16
21,15
21,21
21,21
21,21
21,21
21,21
21,21
21,21
21,21
21,21
21,21
21,21
21,21
21,21
21,16
