true_label,predicted_label
0,7
0,0
0,0
0,0
0,0
0,0
0,0
0,0
0,0
0,0
0,0
0,0
0,0
0,0
0,0
0,0
0,0
0,0
0,0
0,0
0,0
0,0
0,0
0,0
0,0
0,0
0,0
0,0
0,0
0,0
0,0
0,0
0,0
0,0
0,0
0,0
0,0
0,0
0,0
0,0
0,0
0,0
0,0
0,0
0,0
0,0
0,0
0,0
0,0
0,0
0,0
0,0
0,0
0,0
0,0
0,0
0,0
0,0
0,0
0,0
0,0
0,0
0,0
0,0
0,0
0,0
0,0
0,0
0,0
0,0
0,0
0,0
0,0
0,0
0,0
0,0
0,0
0,0
0,0
0,0
0,0
0,0
0,0
0,0
0,0
0,1
0,0
0,0
0,0
0,0
0,0
0,0
0,0
0,0
0,0
0,0
0,0
0,0
0,0
0,1
0,0
0,1
0,1
0,1
0,1
0,1
0,0
0,0
0,0
0,0
0,0
0,0
0,0
0,0
0,0
0,0
0,0
0,0
0,0
0,0
0,0
0,0
0,0
0,0
0,0
0,0
0,0
0,0
0,0
0,0
0,0
0,0
0,0
0,0
0,0
0,0
0,0
0,0
0,0
0,0
0,0
0,0
0,0
0,0
0,0
0,0
0,0
0,0
0,0
0,0
0,0
0,0
0,0
0,0
0,0
0,0
0,0
0,0
0,0
0,0
0,0
0,0
0,0
0,0
0,0
0,0
0,0
0,0
0,0
0,0
0,0
0,1
0,0
0,0
0,0
0,1
0,0
0,0
0,1
0,0
0,0
0,0
0,0
0,0
0,0
0,0
0,0
0,0
0,0
0,0
0,0
0,0
0,0
0,2
0,3
0,0
0,0
0,0
0,0
0,0
0,0
0,0
0,0
0,0
0,0
0,0
0,0
0,0
0,0
0,0
0,0
0,0
0,0
0,0
0,0
0,0
0,0
0,0
0,0
0,0
0,0
0,0
0,0
0,0
0,0
0,0
0,0
0,0
0,0
0,0
0,0
0,0
0,0
0,0
0,0
0,0
0,0
0,0
0,0
0,27
0,0
0,0
0,0
0,0
0,0
0,0
0,24
0,0
0,0
0,0
0,0
0,0
0,1
0,1
0,1
0,1
0,7
0,0
0,0
0,0
0,0
0,0
0,6
0,0
0,0
0,0
0,0
0,0
0,0
0,0
0,0
0,0
0,0
0,0
0,0
0,0
0,0
0,0
0,0
0,0
0,0
0,0
0,0
0,0
0,0
0,0
0,0
0,0
0,0
0,0
0,0
0,0
0,0
0,0
0,0
0,24
0,0
0,0
0,0
0,0
0,0
0,0
0,0
0,0
0,0
0,0
0,0
0,0
0,0
0,0
0,0
0,0
0,0
0,0
0,0
0,0
0,2
0,2
0,0
0,0
0,0
0,0
0,0
0,0
0,0
0,0
0,0
0,0
0,13
0,0
0,0
0,0
0,0
0,0
0,0
0,0
0,0
0,0
0,0
0,0
0,0
0,0
0,0
0,0
0,0
0,0
0,0
0,0
0,0
0,0
0,13
0,3
0,3
0,3
0,19
0,0
0,2
0,0
0,0
0,0
0,0
0,0
0,0
0,0
0,4
0,4
0,10
0,3
0,3
0,3
0,0
0,2
0,2
0,0
0,19
0,0
0,26
0,0
0,0
0,0
0,0
0,0
0,0
0,0
0,0
0,0
0,0
0,0
0,0
0,0
0,0
0,0
0,0
0,0
0,0
0,0
0,0
0,0
0,0
0,0
0,0
0,0
0,0
0,0
0,0
0,0
0,0
0,0
0,0
0,0
0,0
0,0
0,0
0,0
0,0
0,0
0,0
0,0
0,0
0,0
0,0
0,0
0,0
0,0
0,0
0,0
0,0
0,0
0,2
0,0
0,0
0,2
0,0
0,0
0,2
0,0
0,2
0,23
0,2
0,0
0,0
0,0
0,0
0,2
0,0
0,2
0,0
0,0
0,0
0,0
0,0
0,0
0,2
0,0
0,0
0,0
0,0
0,0
0,0
0,0
0,0
0,0
0,0
0,0
0,0
0,0
0,0
0,0
0,0
0,0
0,0
0,0
0,0
0,0
0,2
0,23
0,0
0,0
0,0
0,0
0,0
0,0
0,0
0,0
0,0
0,0
0,0
0,6
0,6
0,7
0,19
0,25
0,22
0,2
0,25
0,15
0,27
0,9
0,25
0,2
0,22
0,2
0,21
0,2
0,2
0,19
0,2
0,20
0,2
0,2
0,22
0,2
0,22
0,22
0,2
0,19
0,0
0,0
0,0
0,2
0,0
0,0
0,0
0,13
0,22
0,0
1,1
1,1
1,1
1,1
1,1
1,1
1,1
1,1
1,1
1,1
1,0
1,1
1,1
1,1
1,1
1,1
1,1
1,1
1,1
1,1
1,1
1,1
1,1
1,1
1,1
1,1
1,1
1,1
1,1
1,1
1,1
1,1
1,1
1,1
1,1
1,1
1,1
1,1
1,1
1,1
1,1
1,1
1,1
1,1
1,1
1,1
1,1
1,1
1,1
1,12
1,1
1,1
1,1
1,1
1,12
1,12
1,12
1,12
1,12
1,1
1,1
1,12
1,1
1,1
1,1
1,1
1,3
1,1
1,1
1,1
1,1
1,1
1,1
1,1
1,1
1,1
1,1
1,1
1,1
1,1
1,1
1,1
1,1
1,1
1,1
1,1
1,1
1,1
1,1
1,1
1,1
1,1
1,1
1,1
1,1
1,1
1,12
1,1
1,1
1,1
1,1
1,1
1,12
1,1
1,1
1,1
1,1
1,1
1,1
1,1
1,1
1,1
1,1
1,1
1,1
1,1
1,1
1,12
1,3
1,1
1,1
1,1
1,1
1,1
1,1
1,1
1,1
1,1
1,1
1,1
1,1
1,1
1,1
1,1
1,1
1,1
1,1
1,1
1,1
1,1
1,1
1,1
1,1
1,1
1,12
1,12
1,12
1,12
1,1
1,1
1,1
1,1
1,1
1,1
1,1
1,1
1,1
1,1
1,1
1,1
1,1
1,1
1,10
1,1
1,1
1,1
1,1
1,1
1,1
1,1
1,1
1,1
1,1
1,1
1,1
1,1
1,1
1,1
1,1
1,1
1,1
1,1
1,1
1,1
1,1
1,1
1,1
1,14
1,1
1,1
1,1
1,1
1,1
1,1
1,1
1,12
1,1
1,1
1,0
1,1
1,1
1,1
1,1
1,1
1,1
1,1
1,1
1,1
1,1
1,1
1,1
1,1
1,24
1,1
1,1
1,1
1,1
1,1
1,1
1,1
1,1
1,1
1,1
1,1
1,1
1,1
1,1
1,1
1,1
1,1
1,1
1,1
1,1
1,1
1,1
1,1
1,1
1,1
1,1
1,1
1,1
1,1
1,1
1,1
1,1
1,1
1,1
1,1
1,1
1,1
1,1
1,1
1,1
1,1
1,1
1,1
1,1
1,1
1,1
1,1
1,1
1,1
1,1
1,3
1,1
1,1
1,1
1,1
1,1
1,1
1,1
1,1
1,1
1,1
1,1
1,1
1,1
1,1
1,1
1,1
1,1
1,1
1,1
1,1
1,1
1,1
1,1
1,1
1,1
1,1
1,1
1,1
1,1
1,1
1,1
1,12
1,12
1,12
1,12
1,1
1,12
1,12
1,1
1,1
1,1
1,1
1,1
1,1
1,1
1,1
1,1
1,1
1,1
1,1
1,1
1,1
1,1
1,1
1,1
1,1
1,1
1,1
1,16
1,1
1,1
1,1
1,3
1,1
1,3
1,12
1,12
1,1
1,1
1,1
1,3
1,1
1,1
1,1
1,1
1,1
1,19
1,3
1,11
1,5
1,5
1,4
1,18
1,1
1,1
1,1
1,1
1,1
1,1
1,1
1,1
1,1
1,1
1,1
1,1
1,1
1,1
1,1
1,1
1,1
1,1
1,1
1,1
1,19
1,1
1,1
1,1
1,1
1,1
1,1
1,1
1,1
1,1
1,1
1,1
1,1
1,1
1,1
1,1
1,1
1,1
1,1
1,1
1,1
1,1
1,1
1,1
1,1
1,1
1,1
1,1
1,1
1,12
1,12
1,3
1,1
1,1
1,26
1,26
1,26
1,1
1,1
1,1
1,1
1,1
1,1
1,1
1,1
1,1
1,1
1,1
1,1
1,1
1,1
1,1
1,1
1,1
1,1
1,26
1,3
1,18
1,26
1,1
1,1
1,1
1,1
1,1
1,1
1,1
1,1
1,1
1,1
1,1
1,1
1,24
1,1
1,1
1,1
1,1
1,1
1,1
1,1
1,1
1,1
1,1
1,1
1,1
1,1
1,1
1,1
1,1
1,1
1,1
1,1
1,1
1,1
1,1
1,1
1,1
1,1
1,1
1,1
1,1
1,1
1,1
1,1
1,1
1,1
1,1
1,1
1,1
1,1
1,11
1,3
1,1
1,1
1,1
1,1
1,1
1,26
1,1
1,1
1,1
1,1
1,1
1,1
1,1
1,11
1,1
1,1
1,1
1,1
1,1
1,1
1,1
1,1
1,1
1,1
1,1
1,1
1,1
1,1
1,1
1,1
1,1
1,1
1,1
1,1
1,1
1,1
1,1
1,1
1,1
1,1
1,1
1,1
1,1
1,1
1,1
1,1
1,1
1,1
1,1
1,26
1,1
1,1
1,1
1,1
1,1
1,1
1,1
1,1
1,1
1,7
1,19
1,3
1,1
1,1
1,1
1,1
1,1
1,1
1,1
1,1
1,1
1,1
1,0
1,1
1,1
1,1
1,16
1,13
1,13
1,19
1,19
1,1
1,1
1,1
1,1
1,1
1,1
1,1
1,1
1,1
1,1
1,1
1,1
1,1
1,1
1,1
1,1
1,1
1,11
1,1
1,1
1,1
1,1
1,11
1,1
1,19
1,3
1,3
1,13
1,12
2,2
2,2
2,2
2,2
2,2
2,2
2,2
2,2
2,2
2,2
2,2
2,2
2,2
2,2
2,2
2,2
2,2
2,2
2,2
2,2
2,2
2,2
2,2
2,2
2,2
2,2
2,2
2,2
2,5
2,2
2,2
2,2
2,2
2,2
2,2
2,2
2,2
2,2
2,2
2,2
2,2
2,2
2,2
2,2
2,2
2,2
2,2
2,22
2,2
2,2
2,2
2,2
2,22
2,2
2,2
2,2
2,2
2,2
2,2
2,2
2,2
2,2
2,2
2,2
2,2
2,2
2,2
2,2
2,2
2,2
2,2
2,2
2,2
2,2
2,2
2,2
2,2
2,2
2,2
2,2
2,2
2,2
2,2
2,2
2,2
2,2
2,2
2,2
2,2
2,2
2,2
2,2
2,2
2,2
2,3
2,3
2,27
2,2
2,2
2,2
2,2
2,2
2,2
2,2
2,2
2,2
2,2
2,2
2,2
2,2
2,2
2,2
2,2
2,22
2,2
2,2
2,2
2,2
2,2
2,2
2,2
2,5
2,2
2,2
2,2
2,2
2,2
2,2
2,2
2,2
2,2
2,2
2,2
2,2
2,2
2,2
2,2
2,10
2,10
2,26
2,2
2,2
2,3
2,2
2,2
2,2
2,2
2,2
2,2
2,22
2,2
2,2
2,2
2,2
2,2
2,2
2,2
2,2
2,2
2,2
2,2
2,2
2,2
2,2
2,2
2,2
2,2
2,2
2,2
2,2
2,2
2,2
2,2
2,2
2,2
2,2
2,2
2,2
2,2
2,2
2,2
2,2
2,2
2,2
2,2
2,2
2,2
2,2
2,22
2,2
2,2
2,2
2,2
2,2
2,2
2,2
2,2
2,2
2,2
2,2
2,2
2,2
2,2
2,2
2,2
2,2
2,2
2,2
2,2
2,2
2,2
2,2
2,22
2,3
2,10
2,2
2,2
2,2
2,2
3,3
3,3
3,3
3,3
3,3
3,3
3,3
3,3
3,3
3,3
3,3
3,3
3,3
3,3
3,3
3,3
3,3
3,3
3,3
3,3
3,3
3,3
3,3
3,3
3,3
3,3
3,3
3,3
3,3
3,3
3,3
3,3
3,3
3,3
3,3
3,3
3,3
3,3
3,3
3,3
3,3
3,3
3,3
3,3
3,3
3,1
3,3
3,3
3,3
3,3
3,3
3,3
3,3
3,3
3,3
3,3
3,3
3,3
3,3
3,3
3,3
3,3
3,3
3,3
3,3
3,3
3,3
3,14
3,3
3,3
3,3
3,3
3,3
3,3
3,3
3,3
3,3
3,3
3,3
3,25
3,3
3,3
3,3
3,3
3,3
3,3
3,3
3,19
3,3
3,3
3,26
3,3
3,3
3,3
3,3
3,3
3,3
3,25
3,27
3,19
3,3
3,3
3,3
3,3
3,3
3,12
3,3
3,3
3,3
3,3
3,3
3,3
3,3
3,3
3,26
3,3
3,3
3,3
3,3
3,3
3,3
3,3
3,3
3,3
3,17
3,17
3,3
3,3
3,3
3,3
3,3
3,3
3,3
3,3
3,27
3,3
3,26
3,9
3,3
3,3
3,3
3,3
3,3
3,3
3,3
3,3
3,27
3,3
3,3
3,3
3,26
3,26
3,3
3,3
3,3
3,3
3,3
3,3
3,26
3,3
3,3
3,3
3,3
3,3
3,1
3,3
3,3
3,3
3,3
3,3
3,3
3,3
3,3
3,1
3,26
3,3
3,3
3,3
3,3
3,3
3,3
3,3
3,3
3,26
3,26
3,3
3,18
3,3
3,3
3,3
3,3
3,3
3,3
3,17
3,3
3,3
3,3
3,12
3,26
3,3
3,3
3,3
3,3
3,3
3,3
3,3
3,3
3,3
3,3
3,3
3,3
4,13
4,4
4,4
4,4
4,4
4,4
4,4
4,8
4,4
4,4
4,4
4,4
4,4
4,4
4,4
4,8
4,8
4,4
4,4
4,4
4,8
4,8
4,4
4,4
4,25
4,3
4,18
4,13
4,4
4,11
4,3
4,3
4,4
4,25
4,4
4,4
4,8
4,8
4,8
4,4
4,8
4,4
4,8
4,8
4,22
4,25
4,4
4,4
4,4
4,13
4,4
4,4
4,4
4,4
4,4
4,4
4,4
4,11
4,4
4,4
4,4
4,4
4,4
4,11
4,11
4,4
4,4
4,4
4,4
4,4
4,4
4,4
4,4
4,11
4,11
4,4
4,4
4,4
4,4
4,4
4,4
4,4
4,4
4,4
4,4
4,4
4,8
4,4
4,22
4,8
4,4
4,4
4,4
4,4
4,4
4,4
4,28
4,28
4,8
4,4
4,4
4,8
4,25
4,18
4,25
4,8
4,8
4,4
4,4
4,8
4,4
4,4
4,4
4,8
4,4
4,8
4,4
4,8
4,4
4,8
4,4
4,4
4,4
4,4
4,4
4,4
4,4
4,4
4,4
4,4
4,4
4,4
4,8
4,4
4,4
4,4
4,4
4,4
4,4
4,4
4,28
4,4
4,8
5,5
5,5
5,5
5,5
5,5
5,5
5,5
5,5
5,5
5,5
5,5
5,5
5,5
5,5
5,5
5,5
5,5
5,13
5,12
5,5
5,5
5,5
5,5
5,5
5,18
5,5
5,5
5,5
5,5
5,5
5,5
5,5
5,5
5,5
5,5
5,5
5,5
5,5
5,5
5,5
5,5
5,5
5,5
5,5
5,28
5,5
5,5
5,5
5,13
5,28
5,5
5,5
5,5
5,5
5,13
5,5
5,5
5,5
5,5
5,5
5,5
5,5
5,5
5,5
5,5
5,5
5,5
5,5
5,5
5,5
5,5
5,5
5,2
5,5
5,5
5,28
5,5
5,5
5,2
5,5
5,5
5,5
5,5
5,5
5,5
5,5
5,5
5,5
5,5
5,28
5,5
5,28
5,28
5,5
6,6
6,6
6,6
6,6
6,6
6,6
6,6
6,21
6,6
6,6
6,6
6,6
6,6
6,6
6,6
6,6
6,6
6,6
6,6
6,7
6,6
6,6
6,21
6,6
6,6
6,6
6,6
6,6
6,6
6,6
6,6
6,6
6,6
6,6
6,6
6,6
6,6
6,6
6,6
6,6
6,6
6,6
6,6
6,6
6,6
6,6
6,6
6,6
6,6
6,6
6,6
6,6
6,6
6,6
6,6
6,6
6,6
6,6
6,6
6,6
6,6
6,6
6,6
6,6
6,6
6,6
6,6
6,6
6,6
6,6
6,6
6,6
6,6
6,2
6,6
7,7
7,7
7,7
7,7
7,7
7,7
7,7
7,7
7,7
7,7
7,7
7,7
7,7
7,7
7,7
7,7
7,7
7,7
7,7
7,7
7,7
7,7
7,7
7,7
7,7
7,7
7,7
7,7
7,7
7,7
7,7
7,7
7,7
7,7
7,7
7,7
7,7
7,7
7,7
7,7
7,7
7,7
7,16
7,7
7,7
7,7
7,7
7,7
7,7
7,7
7,7
7,7
7,7
7,7
7,7
7,7
7,7
7,7
7,7
7,7
7,7
7,7
7,7
7,7
7,7
7,7
7,7
7,7
7,7
7,7
7,7
7,7
7,7
7,7
7,7
7,7
7,7
7,7
7,7
7,7
7,7
7,7
7,7
7,7
7,7
7,7
7,7
7,7
7,7
7,7
7,7
7,7
7,7
7,7
7,7
7,7
7,7
7,7
7,7
7,7
7,7
7,7
7,7
7,7
7,7
7,7
7,7
7,7
7,7
7,7
7,7
7,7
7,7
7,7
7,7
7,7
7,7
7,7
7,7
7,7
7,7
7,7
7,9
7,7
7,7
7,7
7,7
7,7
7,7
7,7
7,7
7,7
7,7
7,7
7,7
7,7
7,7
7,7
7,7
7,7
7,7
7,7
7,7
7,7
7,7
7,7
7,7
7,7
7,7
7,7
7,7
7,7
7,7
7,7
7,7
7,7
7,7
7,7
7,7
7,7
7,7
7,7
7,7
7,7
7,7
7,7
7,7
7,7
7,7
7,7
7,7
7,7
7,7
7,7
7,7
7,7
7,7
7,7
7,7
7,7
7,7
7,7
7,7
7,7
7,7
7,7
7,7
7,7
7,7
7,7
7,7
7,7
7,7
7,7
7,7
7,7
7,7
7,7
7,7
7,7
7,7
7,7
7,7
7,7
7,7
7,7
7,20
7,7
7,7
7,7
7,7
7,7
7,7
7,7
7,7
7,7
7,7
7,7
7,7
7,7
7,7
7,7
7,7
7,7
7,7
7,13
7,7
7,7
7,7
7,7
7,7
7,7
7,7
7,7
7,7
7,7
7,7
7,7
7,7
7,7
7,7
7,7
7,16
7,7
7,7
7,7
7,7
7,7
7,7
7,7
7,7
7,7
7,7
7,7
7,7
7,7
7,7
7,7
7,7
7,7
7,7
7,7
7,7
7,7
7,7
7,7
7,7
7,7
7,7
7,7
7,7
7,7
7,7
7,7
7,7
7,7
7,7
7,7
7,7
7,7
8,8
8,8
8,8
8,8
8,8
8,8
8,8
8,8
8,8
8,22
8,8
8,8
8,8
8,8
8,8
8,8
8,8
8,8
8,8
8,8
8,8
8,8
8,8
8,8
8,8
8,8
8,8
8,8
8,8
8,8
8,8
8,8
8,8
8,8
8,8
8,8
8,8
8,8
8,8
8,8
8,8
8,8
8,8
8,8
8,8
8,8
8,8
8,8
8,8
8,8
8,8
8,8
8,8
8,8
8,8
8,8
8,8
8,8
8,8
8,8
8,8
8,8
8,8
8,8
8,8
8,8
8,8
8,8
8,8
8,8
8,8
8,8
8,8
8,8
8,8
8,8
8,8
8,8
8,8
8,8
8,8
8,8
8,8
8,8
8,8
8,8
8,8
8,8
8,8
8,8
8,8
8,8
8,8
8,8
8,8
8,8
8,8
8,8
8,4
8,8
8,8
8,8
8,8
8,8
8,8
8,8
8,8
8,8
8,8
8,8
8,8
8,8
8,8
8,8
8,8
8,8
8,8
8,8
8,8
8,8
8,8
9,9
9,9
9,9
9,9
9,9
9,9
9,9
9,9
9,9
9,9
9,9
9,9
9,9
9,9
9,9
9,9
9,9
9,9
9,9
9,9
9,9
9,9
9,9
9,9
9,9
9,9
9,9
9,9
9,9
9,9
9,9
9,9
9,9
9,9
9,9
9,9
9,9
9,19
9,9
9,9
9,25
9,25
9,15
9,25
9,9
9,4
9,25
9,9
9,9
9,9
9,9
9,9
9,9
9,20
9,21
9,22
9,9
9,9
9,8
9,15
9,25
9,22
9,9
9,9
9,9
9,19
9,9
9,9
9,9
9,8
9,9
9,9
9,9
9,9
9,9
9,9
9,9
9,9
9,8
9,9
9,9
9,9
9,9
9,9
9,9
9,9
9,9
9,9
9,9
9,9
9,9
9,9
9,9
9,9
9,9
9,9
9,9
9,9
9,9
9,9
9,9
9,9
9,9
9,9
9,9
9,9
9,9
9,9
9,8
9,9
9,9
9,9
9,9
9,9
9,9
9,9
9,9
9,9
9,9
9,9
9,9
9,9
9,9
9,9
9,9
9,9
9,9
9,9
9,9
9,9
9,9
9,9
9,9
9,9
9,9
9,9
9,7
9,9
9,9
9,7
9,9
9,9
9,9
9,7
9,7
9,9
9,9
9,9
9,9
9,9
9,8
9,9
9,9
9,7
9,9
9,9
9,9
9,8
9,9
9,9
9,9
9,9
9,9
9,6
9,9
9,9
9,9
9,9
9,8
9,9
9,9
9,9
9,9
9,9
9,9
10,10
10,10
10,10
10,10
10,10
10,10
10,10
10,10
10,10
10,10
10,10
10,5
10,5
10,10
10,10
10,10
10,10
10,10
10,10
10,10
10,10
10,10
10,10
10,10
10,5
10,10
10,10
10,10
10,10
10,10
10,10
10,10
10,10
10,10
10,10
10,10
10,10
10,10
10,10
10,26
10,3
10,10
10,10
10,10
10,10
10,1
10,10
10,10
10,10
10,10
10,10
10,10
10,10
10,13
10,7
10,24
10,10
10,10
10,10
10,10
10,10
10,10
10,10
10,10
10,10
10,10
10,10
10,10
10,10
10,10
10,10
10,10
10,10
10,10
10,10
10,10
10,10
10,10
10,26
10,10
10,10
10,10
10,10
10,10
10,10
10,10
10,10
10,10
10,10
10,10
10,10
10,10
10,10
10,10
10,10
10,10
10,10
10,10
10,10
10,10
10,10
10,10
10,10
10,10
10,10
10,10
10,10
10,10
10,10
10,10
10,10
10,10
10,10
10,12
10,10
10,10
10,10
10,10
10,10
10,10
10,10
10,10
10,10
10,10
10,10
10,10
10,10
10,10
10,10
10,10
10,10
10,10
10,10
10,10
10,10
10,26
10,10
10,10
10,10
10,10
10,10
10,10
10,10
10,10
10,10
10,10
10,10
10,10
10,10
10,10
10,10
10,10
10,10
10,10
10,10
10,10
10,10
10,10
10,10
10,26
10,10
10,10
10,10
10,10
10,10
10,10
10,10
10,10
10,10
10,10
10,10
10,10
10,10
10,10
10,10
10,10
10,10
10,10
10,10
10,10
10,10
10,10
10,10
10,10
10,10
10,10
10,10
10,10
10,10
10,10
10,10
10,10
10,10
10,10
10,10
10,10
10,10
10,10
10,10
10,10
10,10
10,10
10,10
10,10
10,10
10,10
10,10
10,10
10,10
10,10
10,10
10,10
10,10
10,10
10,10
10,10
10,10
10,10
10,10
10,10
10,10
10,10
10,10
10,10
10,10
10,10
10,5
10,10
10,10
10,10
10,10
10,10
10,10
10,10
10,10
10,10
11,11
11,11
11,11
11,11
11,11
11,11
11,11
11,11
11,11
11,18
11,11
11,11
11,11
11,11
11,11
11,11
11,11
11,11
11,11
11,11
11,11
11,11
11,11
11,11
11,11
11,11
11,11
11,11
11,11
11,11
11,11
11,11
11,11
11,11
11,11
11,11
11,11
11,11
11,11
11,11
11,11
11,11
11,11
11,11
11,11
11,11
11,11
11,11
11,11
11,11
11,11
11,11
11,11
11,11
11,11
11,11
11,11
11,11
11,11
11,11
11,11
11,11
11,11
11,11
11,14
11,11
11,11
11,11
11,11
11,11
11,11
11,11
11,11
11,11
11,11
11,11
11,11
11,11
11,11
11,11
11,11
11,11
11,11
11,11
11,11
11,11
11,11
11,11
11,11
11,11
11,11
11,11
11,11
11,11
11,11
11,11
11,11
11,11
11,11
11,11
11,11
11,11
11,11
11,11
11,11
11,11
11,11
11,11
11,11
11,11
11,11
11,11
11,11
11,11
11,11
11,11
11,11
11,11
11,11
11,11
11,11
11,11
11,1
11,11
11,11
11,11
11,11
11,11
11,11
11,11
11,11
11,11
11,11
11,11
11,11
11,11
11,11
11,11
11,11
11,11
11,11
11,11
11,11
11,11
11,11
11,11
11,11
11,11
11,11
11,11
11,11
11,11
11,11
11,11
11,11
11,11
11,11
11,11
11,11
11,11
11,11
11,11
11,11
11,11
11,11
11,11
11,11
11,11
11,11
11,11
11,11
11,11
11,11
11,11
11,11
11,11
11,11
11,11
11,11
11,11
11,11
11,11
11,11
11,11
11,11
11,11
11,11
11,11
11,11
11,11
11,11
11,11
11,11
11,11
11,11
11,11
11,11
11,11
11,11
11,11
11,11
11,11
11,11
11,11
11,11
11,11
11,11
11,11
11,11
11,11
11,11
11,11
11,11
11,11
11,11
11,11
11,11
11,11
11,11
11,11
11,11
11,11
11,11
11,11
11,11
11,11
11,11
11,11
11,11
11,11
11,11
11,11
11,11
11,11
11,11
11,11
11,11
11,11
11,11
11,11
11,11
11,11
11,11
11,11
11,11
11,11
11,11
11,11
11,11
12,12
12,12
12,12
12,12
12,12
12,12
12,12
12,12
12,12
12,12
12,12
12,12
12,12
12,12
12,12
12,12
12,12
12,12
12,12
12,12
12,12
12,12
12,12
12,12
12,12
12,12
12,12
12,12
12,12
12,12
12,12
12,12
12,12
12,3
12,3
12,3
12,12
12,12
12,12
12,12
12,12
12,12
12,12
12,12
12,12
12,12
12,12
12,12
12,12
12,12
12,12
12,12
12,12
12,12
12,12
12,12
12,12
12,12
12,12
12,12
12,12
12,12
12,12
12,12
12,12
12,12
12,12
12,12
12,12
12,12
12,12
12,12
12,12
12,12
12,12
12,12
12,12
12,12
12,12
12,12
12,12
12,12
12,12
12,12
12,12
12,12
12,12
12,12
12,12
12,12
12,12
12,12
12,12
12,12
12,12
12,12
12,12
12,12
12,12
12,12
12,12
12,12
12,12
12,12
12,12
12,12
12,12
12,12
12,12
12,12
12,12
12,12
12,12
12,12
12,12
12,12
12,12
12,12
12,12
12,12
12,12
12,12
12,12
12,12
12,12
12,12
12,12
12,12
12,12
12,12
12,12
12,12
12,12
12,12
12,12
12,12
12,12
12,12
12,12
12,12
12,12
12,12
12,12
12,12
12,12
12,12
12,12
12,12
12,12
12,12
12,12
12,12
12,12
12,17
12,12
12,12
12,12
12,12
12,12
12,12
12,12
12,12
12,12
12,12
12,12
12,12
12,12
12,12
12,12
12,12
12,12
12,12
12,12
12,12
12,17
12,12
12,12
12,12
12,12
12,12
12,12
12,17
12,12
12,12
12,12
12,12
12,12
12,12
12,12
12,12
12,12
12,12
12,12
12,12
12,12
12,12
12,12
12,12
12,12
12,12
12,12
12,12
12,12
12,12
12,12
12,12
12,17
12,12
12,12
12,12
12,12
13,13
13,26
13,13
13,13
13,4
13,18
13,13
13,13
13,13
13,26
13,11
13,13
13,26
13,13
13,11
13,13
13,4
13,28
13,27
13,13
13,13
13,13
13,13
13,13
13,13
13,13
13,5
13,13
13,13
13,5
13,5
13,13
13,13
13,13
13,13
13,13
13,13
13,5
13,4
13,13
13,5
13,13
13,13
13,13
13,3
13,13
13,2
13,13
13,4
13,13
13,5
13,5
13,5
13,13
13,13
13,13
13,13
13,13
13,13
13,13
13,13
13,13
13,13
13,13
13,13
13,26
13,13
13,13
13,26
13,5
13,13
13,13
13,13
13,4
13,13
13,13
13,13
13,22
13,2
13,13
13,13
13,28
13,2
13,13
13,22
13,5
13,13
13,5
13,5
13,13
13,13
13,26
13,5
13,13
13,13
13,13
13,13
13,2
13,13
13,5
13,4
13,8
13,4
13,13
13,13
13,13
13,25
13,4
13,13
13,2
13,13
13,13
13,28
13,4
13,4
13,13
13,13
13,13
13,2
13,13
13,2
13,2
13,5
13,13
13,8
13,2
13,13
14,12
14,14
14,12
14,12
14,19
14,14
14,14
14,14
14,14
14,14
14,14
14,1
14,10
14,12
14,3
14,14
14,14
14,19
14,19
14,19
14,19
14,19
14,12
14,1
14,24
14,1
14,14
14,14
14,19
14,19
14,14
14,17
14,17
14,17
14,14
14,1
14,14
15,15
15,22
15,15
15,27
15,19
15,15
15,15
15,2
15,4
15,4
15,4
15,8
15,15
15,15
15,22
15,22
15,19
15,15
15,17
15,25
15,19
16,16
16,15
16,19
16,16
16,13
16,5
16,14
16,19
16,19
16,16
16,13
16,7
16,19
16,19
16,1
16,14
16,14
16,13
16,5
16,13
16,21
16,19
16,24
16,24
17,17
17,19
17,3
17,18
17,3
17,3
17,17
17,3
17,3
17,17
17,17
17,17
17,17
17,17
17,17
17,17
17,17
17,18
17,17
17,17
17,17
17,17
17,17
17,17
17,17
17,11
17,19
17,19
17,19
17,17
17,3
17,3
17,17
17,14
17,17
17,17
17,17
17,17
17,17
17,17
17,17
17,17
17,17
17,14
17,17
17,3
17,17
17,17
17,17
17,3
17,3
17,17
17,17
17,17
17,17
17,17
17,17
17,17
17,14
17,14
17,14
17,17
17,17
17,14
17,17
17,17
17,17
17,17
17,17
17,17
17,17
17,17
17,17
17,17
17,17
17,17
17,17
17,17
17,19
18,26
18,26
18,15
18,18
18,18
18,18
18,18
18,18
18,18
18,17
18,17
18,17
18,17
18,17
18,17
18,17
18,4
18,4
18,4
18,25
18,25
18,25
18,18
18,25
18,4
18,18
18,18
18,19
18,13
18,13
18,18
18,18
18,17
18,17
18,17
18,17
18,17
18,3
18,18
18,17
18,17
18,11
18,11
18,11
18,18
18,18
18,18
18,18
18,25
18,19
18,3
18,13
18,18
18,18
18,18
18,18
18,3
18,18
18,18
18,18
18,18
18,18
18,18
18,4
18,4
19,19
19,24
19,14
19,19
19,19
19,14
19,19
19,19
19,19
19,19
19,19
19,19
19,19
19,17
19,1
19,19
19,19
19,19
19,19
19,17
19,17
19,19
19,27
20,2
20,8
20,22
20,20
20,20
20,20
20,20
20,20
20,20
20,21
20,7
20,20
20,20
20,20
20,20
20,20
20,20
20,2
20,20
20,20
20,22
20,20
20,7
20,2
20,7
20,7
20,20
20,7
20,9
20,20
20,20
20,20
20,20
20,21
20,21
20,20
20,20
20,2
20,4
20,13
20,4
20,4
20,4
20,21
20,20
20,21
20,20
20,20
20,20
20,22
20,20
21,21
21,21
21,21
21,21
21,21
21,20
21,21
21,2
21,2
21,21
21,21
21,21
21,21
21,21
21,22
21,2
21,22
21,22
21,21
21,23
21,2
21,21
21,21
21,21
21,20
21,22
21,22
21,21
21,22
21,22
21,22
22,25
22,22
22,25
22,22
22,22
22,22
22,2
22,22
22,2
22,22
22,22
22,22
22,22
22,2
22,22
22,22
22,22
22,2
22,22
22,22
22,22
22,22
22,22
22,22
22,2
22,22
22,22
22,22
22,22
22,22
22,22
22,22
22,22
22,2
22,22
22,22
22,22
22,2
22,22
22,22
22,22
22,22
22,22
22,22
22,22
22,2
22,22
22,22
22,19
22,1
22,13
22,13
22,21
22,22
22,2
22,22
22,22
22,22
22,22
22,22
22,22
22,22
22,22
22,22
22,22
23,28
23,28
23,23
23,23
23,23
23,23
23,23
23,23
23,23
23,23
23,23
23,23
23,23
23,23
23,23
23,23
23,23
23,23
23,23
23,23
23,23
23,23
23,23
23,23
23,23
23,23
23,23
23,23
23,8
23,23
23,23
23,23
23,23
23,23
23,23
23,23
23,23
23,23
23,23
23,23
23,8
23,23
23,23
23,23
23,23
23,23
23,8
23,23
23,23
24,24
24,10
24,7
24,7
24,24
24,24
24,1
24,24
24,7
24,7
24,1
24,13
24,13
24,24
24,24
24,1
24,1
24,1
24,1
24,1
24,1
24,0
24,1
24,1
24,24
24,7
24,0
24,24
24,13
24,24
24,0
24,24
24,1
24,1
24,10
24,11
24,1
24,1
24,1
24,24
24,26
24,1
24,1
24,26
24,24
24,24
24,13
24,0
24,26
24,26
24,7
24,24
24,1
24,1
24,26
24,26
24,1
24,1
24,1
24,24
24,1
24,0
24,24
24,26
24,2
24,26
24,26
25,5
25,25
25,18
25,25
25,25
25,25
25,3
25,3
25,3
25,18
25,25
25,25
25,25
25,25
25,25
25,25
25,4
25,25
25,25
25,25
25,25
25,22
25,22
25,3
25,25
25,25
25,18
25,4
25,10
25,18
25,4
25,25
25,25
25,25
25,20
25,27
25,22
25,2
25,3
25,25
25,25
25,4
25,25
25,25
25,25
25,4
25,25
26,26
26,26
26,1
26,1
26,1
26,1
26,1
26,24
26,5
26,26
26,13
26,5
26,5
26,1
26,26
26,26
26,26
26,13
26,26
26,27
26,26
26,14
26,26
26,3
26,26
26,3
26,3
26,3
26,3
26,3
26,26
26,26
26,26
26,2
26,26
26,26
26,26
26,3
26,3
26,24
26,26
26,26
26,26
26,1
26,1
26,26
26,26
26,2
26,26
26,3
26,26
26,3
26,26
26,26
26,26
26,26
26,3
26,12
26,3
26,26
26,26
26,26
26,10
26,26
26,26
26,10
26,12
26,26
26,26
26,26
26,26
26,3
26,26
26,26
26,26
26,26
26,26
26,26
26,26
26,2
26,26
26,26
26,26
26,26
26,26
26,26
26,5
26,13
26,26
26,26
26,26
26,26
26,13
26,13
26,13
26,13
26,26
26,26
26,1
26,1
26,5
26,26
26,13
26,13
26,26
26,26
26,26
26,10
26,11
26,3
26,12
26,26
26,26
26,26
26,26
26,26
26,13
26,26
26,26
26,13
26,26
26,10
26,5
26,13
26,13
26,10
26,4
26,26
26,5
26,13
26,13
26,10
26,5
26,26
26,5
27,27
27,16
27,19
27,14
27,14
27,15
27,2
27,2
27,27
27,2
27,21
27,22
27,20
27,7
27,16
27,24
27,26
27,26
27,27
27,2
27,21
27,0
27,2
27,22
27,27
27,26
27,22
27,2
27,2
27,5
27,13
27,19
27,19
27,4
27,1
27,13
27,27
27,20
27,2
27,18
27,2
27,2
27,26
27,2
27,7
27,1
27,7
27,20
27,27
27,2
27,13
27,15
28,5
28,5
28,5
28,28
28,1
28,5
28,28
28,28
28,28
28,28
28,28
28,28
28,5
28,7
28,26
28,28
28,28
28,28
28,28
28,28
28,28
28,28
28,28
28,5
28,5
28,5
28,5
28,28
28,28
28,28
28,28
28,28
28,28
28,8
28,13
28,28
28,28
28,28
28,28
28,5
28,28
28,28
28,28
28,28
28,5
28,5
28,5
28,5
28,5
28,5
28,5
28,28
28,28
28,28
28,28
28,28
0,0
0,0
0,0
0,0
0,0
0,0
0,0
0,0
0,0
0,0
0,0
0,0
0,0
0,0
0,0
0,0
0,0
0,0
0,0
0,0
0,0
0,0
0,0
0,0
0,0
0,0
0,0
0,0
0,2
0,2
0,2
0,2
0,2
0,2
0,0
0,13
0,0
0,0
0,0
0,2
0,2
0,27
0,2
0,2
0,10
0,10
0,2
0,26
0,0
0,0
0,0
0,0
0,0
0,0
0,0
0,0
0,0
0,0
0,0
2,2
2,2
2,2
2,2
2,2
2,22
2,2
2,2
2,22
2,2
2,2
2,2
2,2
2,2
2,2
2,2
2,22
2,2
2,2
2,22
2,2
2,2
2,2
2,22
2,2
2,22
2,2
2,22
2,2
3,4
3,10
3,10
3,4
3,22
3,22
3,3
3,3
3,3
3,11
3,3
3,3
3,3
3,3
3,3
3,3
3,3
3,3
3,3
3,3
3,3
3,3
3,3
3,3
3,3
3,3
3,3
3,3
3,3
3,3
3,3
3,3
3,3
3,3
3,26
3,22
3,3
3,3
3,18
3,3
3,3
3,3
3,3
3,3
3,3
3,3
3,3
3,3
3,3
4,4
4,4
4,4
4,4
4,13
4,4
4,4
4,4
4,4
4,4
4,4
4,4
4,12
4,12
4,12
4,4
4,4
4,4
4,25
4,4
4,10
4,4
4,4
4,4
4,4
4,4
4,4
4,3
4,4
4,4
4,4
4,4
4,4
4,4
4,4
4,4
4,4
4,12
4,12
4,12
4,4
4,4
4,4
4,25
4,4
4,4
4,4
5,2
5,26
5,5
5,10
5,10
5,10
5,5
5,10
5,5
5,5
5,10
5,10
5,5
5,10
5,13
5,2
5,5
5,10
5,10
5,10
5,10
5,5
5,5
5,10
5,10
5,5
5,10
5,10
5,10
5,5
5,2
5,5
5,10
5,13
5,5
5,5
5,5
5,10
5,5
5,5
5,10
5,10
5,10
5,5
5,5
5,10
5,2
5,13
5,18
5,3
5,3
5,5
5,5
5,10
5,10
5,10
5,10
5,10
5,5
6,6
6,6
6,6
6,6
6,6
6,6
6,7
6,27
6,26
6,2
6,13
6,13
6,13
6,4
6,13
6,6
6,6
6,6
6,6
6,6
6,6
6,6
6,6
6,6
6,6
6,6
6,6
6,6
6,2
6,2
6,6
6,6
6,2
6,2
6,27
6,13
6,15
6,2
6,6
6,6
6,6
6,6
7,20
7,7
7,13
7,20
7,7
7,2
7,20
7,7
7,13
7,13
7,7
7,7
7,13
7,7
7,7
7,7
7,13
7,7
7,7
7,7
7,20
7,7
7,13
7,20
7,7
7,7
7,5
7,28
7,7
7,7
7,7
7,7
7,7
7,7
7,7
7,7
7,7
7,7
7,7
7,13
7,13
7,7
7,13
8,8
8,8
8,8
8,8
8,8
8,8
8,8
8,8
8,8
8,0
8,9
8,8
8,8
8,8
8,8
8,8
8,8
8,8
8,8
8,8
8,8
8,8
8,8
8,8
8,8
8,8
8,8
8,8
8,8
9,9
9,9
9,9
9,9
9,9
9,9
9,9
9,9
9,9
9,9
9,9
9,9
9,9
9,9
9,9
9,9
9,9
9,9
9,9
9,9
9,9
9,9
9,9
9,9
9,9
9,9
9,7
9,9
9,9
9,17
9,20
9,20
9,27
9,9
9,9
9,9
9,9
9,9
9,9
9,9
9,9
9,9
9,9
9,19
9,19
9,21
9,9
9,9
9,9
9,9
9,9
9,9
9,9
9,9
9,9
9,9
9,9
9,9
9,9
10,10
10,10
10,10
10,10
10,10
10,10
10,10
10,10
10,10
10,10
10,10
10,10
10,10
10,10
10,10
10,10
10,10
10,5
10,26
10,10
10,10
10,10
10,10
10,10
10,10
10,10
10,10
10,10
10,10
10,10
10,10
10,10
10,10
10,10
10,10
10,10
10,10
10,10
10,10
10,10
10,10
10,10
10,10
10,10
10,10
10,10
10,10
10,10
10,10
10,10
10,10
10,10
10,10
10,10
10,10
10,5
10,10
10,10
10,10
10,10
10,10
10,10
10,10
10,10
10,10
10,10
10,10
10,10
10,2
10,2
10,13
10,10
10,10
10,10
10,10
10,10
10,10
10,10
10,10
10,10
10,10
10,10
10,10
10,10
10,10
10,10
10,10
10,10
10,10
10,10
10,10
10,10
10,10
10,10
10,10
10,10
10,10
10,10
10,10
10,10
10,10
10,10
10,10
10,10
10,10
10,10
10,10
10,10
10,10
10,10
10,10
10,10
10,10
10,10
10,10
10,10
10,10
10,10
10,10
10,10
10,10
10,10
10,10
10,10
10,10
10,10
10,10
10,10
10,10
10,10
10,10
10,10
10,10
10,10
10,10
10,10
10,10
10,10
10,10
10,10
10,10
10,10
10,10
10,10
10,10
10,5
10,5
10,13
10,10
10,10
11,5
11,13
11,13
11,11
11,5
11,5
11,10
11,11
11,5
11,5
11,3
11,11
11,11
11,11
11,11
11,11
11,11
11,11
11,11
11,11
11,11
11,11
11,11
11,11
11,11
11,11
11,11
11,11
11,11
11,11
11,11
11,11
11,11
11,11
11,11
11,11
11,11
11,11
11,11
11,11
11,11
11,11
11,11
11,11
11,11
11,11
11,4
11,11
11,11
11,11
11,11
11,11
11,11
11,11
11,11
11,11
11,11
11,10
11,11
11,11
11,11
11,11
11,11
11,11
11,11
11,11
11,11
11,11
11,11
11,11
11,11
11,11
11,11
11,11
11,11
11,11
11,11
11,11
11,11
11,11
11,11
11,11
11,11
11,11
11,11
11,11
11,11
11,11
11,11
12,12
12,12
12,12
12,12
12,12
12,12
12,12
12,12
12,12
12,12
12,12
12,12
12,12
12,12
12,12
12,12
12,12
12,12
12,12
12,12
12,12
12,12
12,12
12,18
12,13
12,13
12,2
12,2
12,22
12,3
12,12
12,12
12,11
12,11
12,11
12,11
12,11
12,11
12,11
12,11
12,11
12,11
12,11
12,11
12,11
12,11
12,11
12,11
12,11
12,11
12,11
12,11
12,11
12,11
12,11
12,11
12,11
12,11
12,11
12,11
12,11
12,11
12,11
12,11
12,11
13,5
13,13
13,2
13,13
13,13
13,2
13,2
13,25
13,13
13,5
13,5
13,5
13,5
13,5
13,4
13,13
13,13
13,22
13,13
13,10
13,10
13,10
13,4
13,2
13,4
13,13
13,13
13,13
13,5
13,5
13,5
13,5
13,13
13,13
13,13
13,13
13,25
13,13
13,4
13,4
13,13
13,25
13,2
13,13
13,13
13,13
13,5
13,13
13,13
13,13
13,13
13,5
13,13
13,5
13,13
13,4
13,13
13,4
13,4
13,4
13,13
13,13
13,13
13,13
13,13
13,13
13,13
13,13
13,2
14,10
14,10
14,10
14,11
14,12
14,14
14,14
14,17
14,12
14,12
14,18
14,12
14,17
14,17
14,3
15,4
15,25
15,8
15,19
15,19
16,19
16,0
16,19
16,19
16,19
17,25
17,25
17,19
17,17
17,17
17,18
17,18
17,18
17,18
17,17
17,3
17,17
17,17
18,13
18,18
18,18
18,18
18,18
18,18
18,18
18,18
18,17
18,18
18,17
18,25
18,22
19,14
19,13
19,25
19,19
19,17
19,27
19,19
20,21
20,25
20,25
20,21
20,21
20,8
20,22
20,21
20,22
20,22
20,20
20,9
20,21
20,22
20,21
20,9
20,20
20,20
20,20
21,4
21,4
21,2
21,21
21,19
21,21
21,22
21,22
21,21
21,21
21,21
21,21
21,22
21,21
21,22
22,27
22,13
22,22
22,2
22,2
22,2
22,22
22,22
22,22
22,22
22,2
22,2
22,22
22,22
22,22
22,2
22,10
22,22
22,2
22,2
22,2
22,22
22,22
22,22
22,2
23,23
23,8
23,7
23,8
23,23
23,23
24,1
24,24
24,1
24,10
24,10
24,26
24,26
24,24
24,2
24,3
24,3
24,11
24,24
24,1
24,12
25,25
25,25
25,25
25,25
25,25
25,25
25,25
25,25
25,25
25,4
25,8
25,21
25,13
25,25
25,25
25,25
25,25
25,25
25,25
25,25
25,25
25,25
25,25
25,25
25,25
25,22
25,25
25,25
25,15
25,25
25,25
25,25
25,25
25,25
25,25
25,25
25,25
25,25
25,22
25,22
25,15
26,12
26,26
26,5
26,10
26,10
26,10
26,11
26,11
26,5
26,26
26,13
26,26
26,11
26,10
26,10
26,10
26,5
26,26
26,11
26,5
26,10
26,5
26,26
26,26
26,26
26,26
26,10
26,5
26,10
26,26
26,26
26,5
26,10
26,5
26,13
26,26
26,11
26,10
26,11
26,11
26,26
27,11
27,10
27,10
27,10
27,10
27,10
27,3
27,10
27,3
27,22
27,26
27,26
27,13
27,13
27,27
27,26
27,3
27,3
27,3
27,26
27,13
28,4
28,28
28,28
28,13
28,13
28,28
28,13
28,28
28,28
28,10
28,10
28,28
28,5
28,28
28,10
28,10
28,4
28,5
28,10
1,4
1,0
1,0
1,0
1,4
1,4
1,4
1,4
1,4
1,11
1,4
1,4
1,4
1,1
1,4
1,4
1,11
1,4
1,13
1,13
1,4
1,0
1,11
1,11
1,11
1,11
1,11
1,11
1,1
1,1
1,11
1,11
1,1
1,11
1,12
1,11
1,1
1,1
1,11
1,11
1,11
1,1
1,1
1,11
1,11
1,11
1,1
1,11
1,5
1,5
1,28
1,4
1,11
1,11
1,17
1,13
1,28
1,10
1,11
1,11
1,14
1,14
1,14
1,14
1,11
1,1
1,11
1,11
1,11
1,1
1,1
1,4
1,13
1,1
1,3
1,4
1,11
1,4
1,11
1,11
1,11
1,4
1,11
1,4
1,1
1,4
1,4
1,11
1,4
1,4
1,4
1,10
1,4
1,4
1,4
1,11
1,11
1,11
1,11
1,11
1,13
1,13
1,11
1,11
1,11
1,0
1,0
1,0
1,2
1,4
2,2
2,2
2,13
2,13
2,2
2,2
2,13
2,14
2,13
2,13
2,20
2,2
2,2
2,2
2,8
2,6
2,2
2,2
2,2
2,2
2,2
2,2
2,2
2,2
2,13
2,2
2,28
2,2
2,13
2,2
2,2
2,2
2,2
2,2
2,2
2,2
2,13
2,2
2,13
2,2
2,2
2,2
2,2
2,2
2,13
2,2
2,2
2,2
2,13
2,2
2,13
2,13
2,2
2,2
2,2
2,2
2,13
2,2
2,2
2,2
2,2
2,2
2,2
2,6
2,2
2,2
2,2
2,2
2,2
2,2
2,2
2,2
2,2
2,13
2,2
2,2
2,2
2,13
2,21
2,13
2,11
2,2
2,27
2,2
2,22
2,2
2,2
2,2
2,2
2,2
2,13
2,13
2,2
2,2
2,2
2,2
2,9
2,27
2,27
2,13
2,2
2,2
2,2
2,2
2,2
2,22
2,2
2,2
2,2
2,2
2,2
2,2
2,2
2,2
2,2
2,2
2,2
2,13
2,2
2,10
4,3
4,18
4,12
4,12
4,4
4,4
4,4
4,13
4,4
4,3
4,4
4,4
4,4
4,4
4,13
4,4
4,4
4,23
4,18
4,11
4,11
4,12
4,11
4,12
4,4
4,4
4,4
4,23
4,12
4,12
4,12
4,12
4,12
4,12
4,12
4,12
4,12
4,12
4,12
4,12
4,12
4,12
4,3
4,3
4,12
4,12
4,12
4,12
4,12
4,12
4,12
4,12
4,3
4,4
4,4
4,4
4,13
4,4
4,4
4,4
4,4
4,4
4,4
6,6
6,6
6,6
6,6
6,6
6,6
6,6
6,6
6,6
6,6
6,6
6,6
6,6
6,6
6,6
6,6
6,6
6,6
6,6
6,6
6,6
6,6
6,6
6,6
6,6
6,6
6,6
6,6
6,6
6,6
6,6
6,6
6,6
6,6
6,6
6,6
6,6
6,6
6,6
6,6
6,6
6,6
6,6
6,6
6,6
6,6
6,6
6,6
6,6
6,6
6,6
6,6
6,6
6,6
6,6
6,6
6,6
8,8
8,8
8,8
8,8
8,8
8,8
8,8
8,8
8,8
8,8
8,8
8,8
8,7
8,8
8,8
8,8
8,8
8,8
8,8
8,8
8,8
8,8
8,8
8,8
8,8
8,8
8,8
8,8
8,8
8,8
8,8
8,8
8,8
8,8
8,8
8,8
8,8
8,8
8,8
8,8
8,8
8,8
8,8
8,8
8,8
8,8
8,8
8,8
8,8
8,8
8,8
8,8
8,8
8,8
8,8
9,8
9,9
9,9
9,9
9,9
9,9
9,9
9,9
9,9
9,9
9,9
9,9
9,9
9,9
9,9
9,9
9,8
9,9
9,9
9,9
9,9
9,9
9,9
9,9
9,9
9,9
9,9
9,9
9,20
9,9
9,9
9,9
9,9
9,9
9,9
9,9
9,9
9,9
9,9
9,9
9,9
9,9
9,9
9,9
9,9
9,9
9,9
9,9
9,9
9,9
9,9
9,9
9,9
9,9
9,9
9,9
9,9
9,9
9,9
9,8
9,9
9,9
9,9
10,10
10,10
10,10
10,10
10,10
10,10
10,10
10,10
10,10
10,10
10,10
10,10
10,10
10,10
10,10
10,10
10,10
10,10
10,10
10,10
10,10
10,10
10,10
10,4
10,4
10,10
10,10
10,10
10,10
10,10
10,10
10,10
10,10
10,10
10,10
10,10
10,10
10,10
10,10
10,10
10,10
10,10
10,10
10,10
10,10
10,10
10,10
10,4
10,13
10,4
10,10
10,10
10,10
10,10
10,10
10,10
10,10
11,24
11,11
11,12
11,11
11,11
11,17
11,11
11,11
11,11
11,11
11,11
11,14
11,0
11,12
11,11
11,11
11,11
11,11
11,11
11,11
11,1
11,12
11,1
11,11
11,1
11,1
11,1
11,11
11,11
11,11
11,1
11,1
11,1
11,11
11,1
11,14
11,17
11,1
11,1
11,1
11,1
11,13
11,1
11,11
11,11
11,1
11,1
11,1
11,1
12,11
12,11
12,12
12,12
12,11
12,11
12,11
12,11
12,4
12,11
12,12
12,12
12,12
12,11
12,11
12,11
12,12
12,12
12,12
12,12
12,12
12,12
12,12
12,12
12,12
12,11
12,11
12,14
12,12
12,12
12,12
12,1
12,12
12,12
12,11
12,11
12,12
12,12
12,12
12,12
12,12
12,12
12,12
12,12
12,12
12,11
12,12
12,12
12,12
12,12
12,12
12,12
12,12
13,13
13,7
13,13
13,5
13,4
13,4
13,4
13,13
13,7
13,7
13,7
13,13
13,7
13,7
13,13
13,5
13,4
13,5
13,5
13,5
13,4
13,4
13,13
13,13
13,4
13,4
13,13
13,13
13,13
13,4
13,13
13,13
13,13
13,4
13,4
13,4
13,28
13,13
13,13
14,17
14,14
14,14
14,14
14,11
14,11
14,14
14,14
14,11
14,11
14,11
14,11
14,11
14,17
14,17
14,14
14,14
14,14
14,14
14,11
14,11
14,11
14,11
14,11
14,14
15,9
15,9
15,15
16,25
16,19
16,7
16,8
16,7
18,13
18,13
18,13
18,4
18,12
18,18
18,18
18,18
18,18
18,18
18,18
18,18
18,18
18,18
18,18
18,18
18,18
18,18
18,18
18,18
18,18
18,18
18,26
18,18
18,13
18,4
18,25
19,13
19,19
19,17
19,19
19,3
19,19
19,19
20,20
20,21
20,20
20,20
20,8
20,20
20,2
20,21
20,21
20,20
20,20
20,27
21,20
21,20
21,21
21,21
21,21
21,21
21,21
21,21
22,15
22,2
22,2
22,22
22,22
22,2
22,22
22,2
22,22
22,2
22,2
22,22
22,2
22,2
22,2
22,2
23,23
23,6
23,20
23,8
23,8
23,23
23,23
23,23
23,20
23,23
23,23
23,23
23,23
23,23
23,23
23,23
23,23
23,23
25,21
25,22
25,25
25,25
25,15
25,25
25,25
25,25
25,25
25,22
25,22
25,8
25,25
27,2
27,22
27,27
27,3
27,27
27,26
27,26
27,27
27,22
27,10
27,12
27,3
27,26
27,22
27,2
27,2
27,22
27,2
27,2
27,13
27,13
27,5
27,2
27,2
27,2
27,13
27,22
27,13
27,10
27,10
27,10
27,13
27,13
27,13
27,2
28,13
28,4
28,13
28,28
28,28
28,28
28,28
28,28
28,28
28,28
28,28
28,28
28,28
28,28
28,28
28,28
28,28
28,28
28,28
28,28
28,22
28,22
28,22
2,2
2,2
2,2
2,2
2,2
2,2
2,2
2,2
2,2
2,2
2,2
2,2
2,2
2,2
2,2
2,2
2,22
2,2
2,2
2,2
2,22
2,2
2,2
2,2
2,2
2,2
2,22
2,2
2,2
2,2
2,2
2,2
2,22
3,13
3,3
3,3
3,3
3,3
3,3
3,3
3,3
3,3
3,3
3,13
3,3
3,3
3,3
3,3
3,3
3,3
3,12
3,3
3,3
3,3
3,3
3,3
3,3
3,3
3,3
3,11
3,17
3,3
3,11
3,11
3,3
3,3
3,3
3,3
3,3
3,3
3,3
3,3
3,3
3,3
3,3
3,12
3,12
3,3
3,3
3,3
3,3
3,3
3,3
3,3
3,3
3,3
3,3
3,3
3,3
3,3
3,4
3,12
3,12
3,13
3,13
3,3
3,3
3,3
3,3
3,3
4,11
4,11
4,11
4,4
4,4
4,13
4,13
4,11
4,1
4,11
4,11
4,11
4,13
4,13
4,3
4,12
4,18
4,13
4,13
4,11
4,11
4,11
4,11
4,13
4,13
4,12
4,3
4,13
4,11
5,5
5,28
5,28
5,28
5,28
5,28
5,13
5,10
5,13
5,13
5,5
5,5
5,5
5,5
5,28
5,28
5,5
5,5
5,5
5,13
5,5
5,28
5,5
5,13
5,5
5,5
5,5
5,5
5,28
6,6
6,2
6,6
6,6
6,6
6,2
6,2
6,6
6,6
6,6
6,2
6,6
6,6
6,6
6,6
6,2
6,6
6,6
6,6
6,2
6,9
6,6
6,9
6,21
6,6
6,6
6,6
6,6
6,6
6,6
6,6
6,6
6,6
6,6
6,6
6,6
6,2
6,2
6,6
7,11
7,7
7,7
7,7
7,13
7,7
7,7
7,7
7,7
7,13
7,7
7,19
7,7
7,7
7,7
7,7
7,7
7,7
7,7
7,19
7,7
7,9
7,7
7,19
7,7
7,7
7,7
7,7
7,24
8,3
8,25
8,8
8,25
8,8
8,8
8,8
8,25
8,8
8,8
8,8
8,8
8,8
8,8
8,8
8,8
8,8
8,8
8,8
8,8
8,8
8,25
8,8
8,8
8,4
8,4
8,8
8,8
8,8
8,8
8,8
8,8
8,8
8,8
8,8
8,8
8,4
8,8
8,8
8,8
8,25
8,8
8,8
8,8
8,8
8,8
8,8
8,8
8,8
9,9
9,11
9,9
9,27
9,9
9,9
9,9
9,9
9,7
9,7
9,3
9,9
9,7
9,7
9,19
9,7
9,19
9,9
9,9
9,7
9,9
9,9
9,19
9,9
9,3
9,9
9,9
9,14
9,3
9,9
9,9
9,9
9,9
9,9
9,9
9,9
9,9
9,9
9,11
9,24
9,9
9,9
9,9
9,9
9,9
9,9
9,9
9,9
9,9
10,10
10,10
10,10
10,10
10,10
10,10
10,10
10,10
10,10
10,10
10,10
10,10
10,10
10,10
10,10
10,10
10,10
10,10
10,3
10,3
10,3
10,3
10,3
10,10
10,10
10,10
10,10
10,10
10,10
10,10
10,10
10,10
10,10
10,10
10,10
10,10
10,10
10,10
10,10
10,10
10,3
10,10
10,10
10,10
10,3
10,3
10,3
10,3
10,3
10,3
10,11
10,10
10,4
10,4
10,10
10,10
10,10
10,10
10,12
10,12
10,10
10,10
10,10
10,10
10,10
10,10
10,10
10,10
10,10
10,10
10,10
10,10
10,10
11,11
11,11
11,11
11,12
11,11
11,11
11,12
11,11
11,11
11,11
11,1
11,17
11,17
11,17
11,11
11,17
11,11
11,11
11,11
11,11
11,11
11,11
11,11
11,11
11,11
11,12
11,11
11,17
11,11
11,11
11,11
11,11
11,11
11,11
11,11
11,11
11,12
11,11
11,11
11,11
11,11
11,11
11,12
11,17
11,17
11,12
11,11
11,12
11,12
11,11
11,11
11,11
11,11
11,11
11,11
11,11
11,11
11,11
11,11
11,11
11,11
11,11
11,11
11,12
11,12
11,12
11,12
11,14
11,11
12,12
12,12
12,12
12,12
12,12
12,3
12,12
12,12
12,12
12,12
12,12
12,12
12,12
12,12
12,12
12,12
12,12
12,12
12,12
12,12
12,12
13,11
13,11
13,11
13,11
13,11
13,13
13,13
13,28
13,13
13,18
13,19
13,4
13,4
13,11
13,4
13,11
13,11
13,4
13,4
13,11
13,13
13,11
13,11
13,11
13,11
13,11
13,11
13,11
13,4
14,12
14,3
14,10
14,3
14,13
14,19
14,17
14,7
14,1
14,14
14,14
14,14
14,14
14,14
14,14
14,14
14,14
14,17
14,11
14,14
14,14
14,14
14,14
14,14
14,14
14,14
14,14
14,14
14,14
14,14
14,3
14,17
14,14
15,19
15,9
15,9
15,15
15,9
16,11
16,1
16,16
16,7
17,13
17,19
17,11
17,14
17,17
17,17
17,17
17,17
17,17
17,17
17,17
17,17
17,17
18,7
18,19
18,18
18,17
18,17
18,3
18,3
18,3
18,3
18,3
18,17
18,17
18,19
19,13
19,13
19,13
19,19
19,19
19,17
19,1
19,1
19,1
19,11
19,19
20,13
20,13
20,9
20,20
20,7
20,22
20,22
20,22
20,25
20,19
20,20
20,2
20,2
20,8
20,9
20,6
20,2
20,13
20,9
20,14
20,8
20,13
20,7
20,0
20,8
20,9
20,20
20,9
20,20
21,21
21,19
21,20
21,21
21,21
21,20
21,21
21,27
21,27
21,20
21,2
21,7
21,9
21,21
21,6
21,20
21,20
21,20
21,21
23,23
23,23
23,23
23,20
23,20
23,20
23,20
23,20
23,9
23,20
23,8
23,20
24,13
24,13
24,13
24,2
24,4
24,24
24,13
24,11
24,11
24,11
24,11
24,11
24,11
24,11
24,4
24,11
24,11
24,1
24,1
24,1
24,1
24,11
24,1
24,7
24,14
25,13
25,25
25,22
25,25
25,13
25,4
25,25
25,25
25,25
25,25
25,25
25,25
25,22
25,22
25,2
26,13
26,28
26,2
26,4
26,10
26,10
26,4
26,11
26,4
26,13
26,13
26,13
26,13
26,5
26,13
26,10
26,11
26,10
26,4
26,13
26,13
26,13
26,4
27,22
27,22
27,3
27,25
27,2
27,13
27,4
27,22
27,2
27,2
28,4
28,4
28,4
28,4
28,28
28,5
28,28
28,28
28,5
28,28
28,28
28,28
28,22
0,0
0,0
0,0
0,0
0,0
0,0
0,6
0,0
0,0
0,2
0,0
0,0
0,0
0,0
0,2
0,2
0,2
0,6
0,2
0,0
0,2
0,0
0,0
0,0
0,2
0,2
0,2
0,0
0,2
0,0
0,0
0,0
0,8
0,2
0,0
0,0
0,0
0,0
0,6
0,0
0,0
0,0
0,6
0,0
0,0
0,0
0,0
0,6
0,2
0,6
0,0
0,0
0,0
0,0
0,0
0,0
0,0
0,0
0,0
0,0
0,0
0,0
0,0
0,0
0,6
0,0
0,0
0,0
0,0
0,0
0,0
0,0
0,0
0,0
0,2
0,0
0,0
0,0
0,0
0,0
0,0
0,2
0,20
0,2
0,0
0,0
0,0
0,6
0,0
0,6
0,0
0,0
0,0
0,0
0,0
0,0
0,0
0,0
0,0
0,0
0,0
0,0
0,0
0,0
0,0
0,0
0,0
0,0
0,0
0,0
0,0
0,7
0,0
0,0
0,2
0,6
0,0
0,0
0,0
0,0
0,0
0,0
0,0
0,0
0,0
0,0
0,0
0,0
0,0
0,4
2,2
2,2
2,2
2,2
2,13
2,2
2,2
2,2
2,2
2,2
2,2
2,2
2,2
2,2
2,2
2,2
2,2
2,2
2,2
2,2
2,2
2,2
2,2
2,2
2,2
2,2
2,2
2,2
2,2
2,2
2,2
2,2
2,2
2,2
2,2
2,2
2,2
2,2
2,13
2,2
2,13
2,13
2,13
2,13
2,2
2,2
2,2
2,22
2,22
2,8
2,2
2,4
2,2
2,2
2,2
2,2
2,8
2,2
2,6
3,3
3,3
3,3
3,3
3,3
3,3
3,3
3,3
3,3
3,3
3,3
3,3
3,3
3,3
3,3
3,3
3,3
3,3
3,3
3,3
3,3
3,3
3,3
3,3
3,3
3,3
3,3
3,3
3,3
3,3
3,3
3,3
3,3
3,3
3,3
3,3
3,3
3,3
3,3
3,3
3,3
3,3
3,3
3,3
3,3
4,4
4,4
4,4
4,13
4,13
4,4
4,4
4,4
4,4
4,4
4,4
4,4
4,13
4,5
4,5
4,4
4,4
4,4
4,4
4,4
4,4
4,4
4,4
4,13
4,4
4,4
4,5
4,13
4,4
4,13
4,3
4,18
4,3
4,3
4,3
4,4
4,3
4,19
4,3
4,3
4,4
4,24
4,3
5,5
5,5
5,5
5,5
5,5
5,12
5,5
5,5
5,5
5,5
5,5
5,12
5,5
5,5
5,5
5,4
5,11
5,5
5,5
5,5
5,5
5,5
5,5
5,5
5,5
5,5
5,5
5,5
5,5
6,6
6,6
6,6
6,6
6,6
6,6
6,0
6,2
6,6
6,6
6,6
6,6
6,6
6,6
6,6
6,6
6,6
6,6
6,6
6,6
6,6
6,6
6,6
6,6
6,6
6,6
6,6
6,6
6,6
6,6
6,6
6,6
6,6
7,7
7,7
7,7
7,7
7,7
7,7
7,7
7,7
7,7
7,7
7,7
7,7
7,7
7,7
7,13
7,7
7,7
7,7
7,7
7,7
7,7
7,7
7,7
7,7
7,7
7,7
7,7
7,7
7,7
7,7
7,7
7,7
7,7
7,7
7,7
7,7
7,7
7,7
7,7
7,7
7,7
7,4
7,7
7,7
7,7
7,7
7,7
7,7
7,7
7,7
7,7
7,7
7,7
7,7
7,7
7,7
7,7
7,7
7,7
7,4
7,4
7,7
7,19
7,7
7,7
7,9
7,7
7,7
7,7
7,7
7,7
8,0
8,0
8,0
8,0
8,0
8,0
8,0
8,0
8,0
8,0
8,0
8,0
8,0
8,8
8,2
8,8
8,8
8,8
8,8
8,6
8,8
8,8
8,8
8,8
8,8
8,8
8,8
8,8
8,4
8,8
8,8
8,8
8,8
8,4
8,0
8,4
8,8
8,8
8,8
8,8
8,4
8,8
8,11
8,0
8,0
9,9
9,9
9,9
9,9
9,6
9,9
9,9
9,9
9,9
9,9
9,9
9,9
9,9
9,9
9,9
9,9
9,9
9,9
9,9
9,9
9,9
9,9
9,9
9,9
9,9
9,9
9,9
9,9
9,9
9,7
9,7
9,9
9,9
9,7
9,9
9,9
9,9
9,9
9,7
9,9
9,9
9,9
9,9
9,9
9,9
10,23
10,10
10,3
10,10
10,10
10,10
10,10
10,10
10,10
10,10
10,10
10,10
10,10
10,10
10,10
10,10
10,10
10,10
10,10
10,11
10,10
10,10
10,10
10,10
10,10
10,10
10,10
10,10
10,10
10,10
10,10
10,10
10,10
10,10
10,10
10,10
10,10
10,10
10,10
10,10
10,10
10,10
10,10
10,10
10,10
10,10
10,10
10,10
10,10
10,10
10,10
10,10
10,10
10,10
10,10
10,10
10,10
10,10
10,10
10,10
10,10
10,10
10,10
10,10
10,10
10,23
10,23
10,10
10,10
10,10
10,10
10,10
10,10
10,10
10,10
10,10
10,10
10,10
10,10
11,4
11,11
11,11
11,11
11,11
11,4
11,12
11,11
11,11
11,4
11,11
11,11
11,11
11,11
11,11
11,11
11,4
11,11
11,11
11,11
11,11
11,4
11,11
11,11
11,11
11,11
11,11
11,11
11,11
11,4
11,11
11,11
11,11
11,4
11,4
11,4
11,4
11,11
11,11
12,12
12,5
12,5
12,12
12,12
12,12
12,12
12,18
12,4
12,12
12,12
12,12
12,12
12,12
12,12
12,12
12,12
12,12
12,12
12,12
12,11
12,12
12,12
12,12
12,12
12,12
12,12
12,12
12,12
12,12
12,12
12,12
12,12
12,12
12,12
12,12
12,12
12,12
12,12
12,12
12,12
12,12
12,12
12,12
12,11
12,12
12,12
12,12
12,12
13,13
13,13
13,11
13,4
13,3
13,4
13,13
13,4
13,9
13,7
13,4
13,4
13,12
13,4
13,13
13,4
13,13
13,13
13,13
13,4
13,4
13,4
13,4
13,4
13,4
13,13
13,4
13,4
13,4
13,4
13,4
13,13
13,13
14,12
14,12
14,18
14,3
14,3
14,3
14,26
14,14
14,14
14,1
14,19
14,7
14,19
14,17
14,17
14,17
14,17
14,3
14,3
15,19
15,19
15,19
15,14
15,19
16,7
16,13
16,13
16,13
16,7
16,18
16,13
16,18
17,7
17,17
17,17
17,17
17,17
17,17
17,17
17,17
17,17
17,17
17,17
17,17
17,17
17,17
17,17
17,19
18,19
18,4
18,5
18,12
18,18
18,18
18,18
18,18
18,18
18,18
18,18
18,18
18,18
18,18
18,18
18,18
18,3
18,18
18,18
18,17
18,18
18,12
18,14
19,14
19,19
19,3
19,1
19,12
19,12
19,17
19,14
20,21
20,20
20,13
20,20
20,7
20,20
20,20
20,20
20,20
20,21
20,20
20,9
20,20
20,6
20,20
20,7
20,9
21,9
21,27
21,21
21,21
21,9
21,21
21,9
21,9
21,21
21,13
22,2
22,2
22,13
22,13
22,2
22,22
22,27
22,3
22,22
22,2
22,22
22,22
22,22
22,22
22,2
22,22
22,22
22,22
22,22
22,22
22,22
22,22
22,22
22,22
22,22
22,22
22,22
22,2
22,22
22,2
22,22
22,2
22,22
22,22
22,22
23,23
23,23
23,23
23,23
23,23
23,23
23,23
23,23
23,23
23,23
23,23
23,23
23,23
24,26
24,26
24,13
24,13
24,0
24,24
24,0
24,24
24,14
24,14
24,14
24,0
24,0
24,0
24,14
24,14
24,14
24,14
24,24
24,24
24,3
24,3
24,24
25,25
25,25
25,25
25,25
25,25
25,13
25,25
25,22
25,13
25,25
25,25
25,25
25,25
25,4
25,25
25,18
25,13
26,13
26,4
26,4
26,13
26,13
26,13
26,13
26,13
26,10
26,13
26,10
26,4
26,11
26,11
26,5
26,26
26,10
26,2
26,4
26,11
26,13
26,13
26,22
26,5
26,26
26,11
26,11
26,26
26,11
26,23
26,10
26,11
26,11
26,11
26,27
27,26
27,22
27,22
27,20
27,13
27,7
27,11
27,7
27,7
27,1
27,1
27,1
27,7
27,19
27,9
27,13
27,13
28,5
28,5
28,5
28,12
28,12
28,12
28,4
28,4
28,13
28,4
28,13
28,5
28,5
28,5
28,18
2,2
2,22
2,2
2,22
2,2
2,2
2,2
2,2
2,2
2,2
2,2
2,22
2,2
2,22
2,2
2,2
2,2
2,2
2,2
2,2
2,2
2,2
2,2
2,2
2,2
2,2
2,2
2,2
2,2
3,5
3,5
3,3
3,3
3,12
3,18
3,18
3,18
3,12
3,4
3,4
3,11
3,5
3,26
3,5
3,5
3,3
3,3
3,3
3,4
3,5
3,11
3,11
3,11
3,3
3,3
3,3
3,12
3,11
3,3
3,12
3,12
3,11
3,26
3,5
3,3
3,3
3,3
3,3
3,11
3,26
4,4
4,4
4,4
4,4
4,12
4,4
4,18
4,18
4,4
4,13
4,4
4,4
4,4
4,11
4,4
4,4
4,4
4,4
4,4
4,4
4,4
4,13
4,4
4,13
4,4
4,4
4,4
4,4
4,12
4,12
4,4
4,4
4,4
4,4
4,11
4,4
4,4
5,5
5,5
5,5
5,5
5,5
5,5
5,5
5,28
5,5
5,5
5,5
5,13
5,2
5,5
5,10
5,10
5,5
5,5
5,5
5,13
5,13
5,12
5,5
5,5
5,5
5,5
5,5
5,5
5,26
5,5
5,5
5,5
5,5
5,5
5,5
5,5
5,5
5,5
5,5
5,5
5,5
5,5
5,5
5,5
5,5
6,6
6,6
6,6
6,6
6,6
6,6
6,6
6,6
6,6
6,6
6,6
6,6
6,6
6,6
6,6
7,7
7,7
7,7
7,7
7,7
7,7
7,7
7,7
7,7
7,7
7,7
7,7
7,7
7,7
7,7
8,8
8,8
8,20
8,8
8,8
8,8
8,22
8,8
8,8
8,8
8,8
8,8
8,8
9,9
9,9
9,9
9,9
9,9
9,9
9,9
9,9
9,9
9,9
9,9
9,9
9,9
9,9
9,9
9,9
9,9
9,9
9,9
9,9
9,9
9,9
9,9
9,9
9,9
9,9
9,9
9,9
9,9
9,9
9,7
9,9
9,9
9,24
9,27
9,9
9,9
9,9
9,9
9,9
9,9
9,9
9,24
10,10
10,10
10,10
10,10
10,10
10,5
10,10
10,10
10,10
10,10
10,10
10,10
10,10
10,10
10,5
10,10
10,10
10,5
10,5
10,10
10,10
10,10
10,10
10,10
10,10
10,10
10,10
10,10
10,10
10,10
10,10
11,11
11,11
11,11
11,11
11,11
11,11
11,11
11,11
11,11
11,11
11,11
11,11
11,11
11,11
11,11
11,11
11,11
11,11
11,11
11,11
11,11
11,11
11,11
11,11
11,11
11,11
11,11
11,11
11,11
11,11
11,11
11,11
11,11
11,11
11,11
11,11
11,11
11,11
11,11
11,11
11,11
11,11
11,11
11,11
11,11
11,11
11,11
11,11
11,11
12,12
12,12
12,12
12,12
12,12
12,12
12,12
12,18
12,18
12,12
12,18
12,12
12,18
12,12
12,12
12,12
12,12
12,12
12,18
12,12
12,12
12,12
12,12
12,12
12,12
12,18
12,12
12,12
12,12
12,12
12,12
12,12
12,18
12,12
12,12
12,12
12,12
12,18
12,12
12,12
12,18
12,18
12,18
12,12
12,12
12,18
12,18
12,18
12,12
12,12
12,12
12,12
12,12
12,12
12,18
13,5
13,5
13,18
13,4
13,12
13,4
13,4
13,11
13,4
13,4
13,13
13,28
13,28
13,5
13,5
13,4
13,4
13,13
13,13
13,5
13,5
13,13
13,10
13,13
13,13
13,28
13,10
13,13
13,13
14,12
14,18
14,12
14,12
14,7
14,14
14,19
14,17
14,17
14,17
14,17
14,19
14,11
15,22
15,22
15,9
15,19
16,13
16,4
16,7
16,13
16,2
17,3
17,18
17,17
17,17
17,17
17,17
17,17
17,17
17,17
17,17
17,17
17,17
17,17
17,17
17,17
17,19
18,5
18,13
18,18
18,18
18,18
18,18
18,18
18,18
18,13
18,13
18,26
19,13
19,7
19,11
19,17
19,19
19,19
19,19
20,6
20,7
20,22
20,2
20,22
20,2
20,20
20,22
20,20
20,7
20,20
20,20
20,20
21,7
21,2
21,21
21,20
21,21
21,21
21,21
21,9
21,27
21,20
21,21
21,21
21,21
22,2
22,13
22,2
22,2
22,2
22,22
22,2
22,2
22,20
22,22
22,22
22,22
22,2
22,2
22,22
22,22
22,22
22,2
22,2
22,2
22,22
22,22
22,2
22,22
22,20
23,23
23,23
23,23
24,24
24,13
24,13
24,11
24,11
24,0
24,24
24,14
24,11
24,11
24,24
24,24
24,1
24,24
24,24
24,24
24,24
25,15
25,22
25,22
25,8
25,25
25,25
25,22
25,22
25,27
26,3
26,26
26,10
26,5
26,26
26,5
26,26
26,10
26,10
26,13
26,27
26,13
26,26
26,11
26,11
26,26
26,10
26,26
26,10
26,11
26,24
26,26
26,13
26,2
26,22
26,21
26,9
26,10
26,11
26,10
26,10
27,12
27,12
27,4
27,5
27,5
27,13
27,4
27,12
27,12
27,4
27,13
27,13
27,11
27,26
27,24
27,13
27,13
27,13
27,18
27,5
27,13
27,13
27,2
28,22
28,28
28,28
28,2
28,28
28,5
28,28
28,28
28,28
28,2
28,28
0,0
0,0
0,0
0,0
0,0
0,0
0,0
0,0
0,0
0,0
0,0
0,0
0,0
0,0
0,0
0,0
0,0
0,0
0,0
0,0
0,0
0,0
0,0
0,0
0,0
0,0
0,0
0,1
0,1
0,1
0,0
0,0
0,0
0,0
0,0
0,0
0,0
0,0
0,0
0,0
0,0
0,0
0,0
0,0
0,0
0,0
0,0
0,0
0,0
0,0
0,0
0,0
0,0
0,0
0,0
0,0
0,0
0,0
0,0
0,0
0,0
0,0
0,0
0,7
0,0
0,0
0,7
0,0
0,0
0,0
0,0
0,0
0,0
0,0
0,0
0,0
0,1
0,1
0,11
0,0
0,0
0,0
0,0
0,0
0,0
0,0
0,0
0,0
0,0
0,0
0,0
0,0
0,0
0,0
0,0
0,0
0,0
0,0
0,0
0,0
0,0
0,0
0,0
0,0
0,0
2,2
2,2
2,2
2,2
2,2
2,2
2,2
2,2
2,2
2,2
2,2
2,2
2,2
2,2
2,2
2,2
2,2
3,3
3,12
3,4
3,11
3,12
3,12
3,4
3,1
3,24
3,3
3,10
3,3
3,3
3,18
3,18
3,12
3,4
3,4
3,4
3,4
3,3
3,4
3,11
3,12
3,12
3,3
3,4
3,5
3,3
3,1
3,1
3,12
3,3
3,3
3,3
3,3
3,11
3,11
3,3
3,11
3,12
3,3
3,3
3,3
3,1
3,11
3,3
3,3
3,3
3,3
3,3
4,4
4,4
4,4
4,13
4,13
4,3
4,13
4,9
4,13
4,4
4,13
4,4
4,4
4,4
4,4
4,5
4,5
4,4
4,4
4,4
4,4
4,13
4,13
6,6
6,6
6,6
6,6
6,6
6,6
6,6
6,6
6,6
6,6
6,6
6,6
6,6
6,6
6,6
6,6
6,6
6,6
6,6
6,6
6,6
6,6
6,6
6,7
6,6
6,6
6,6
6,6
6,6
6,6
6,6
6,6
6,6
6,6
6,6
6,6
6,6
7,7
7,7
7,7
7,7
7,7
7,7
7,7
7,7
7,7
7,7
7,7
7,7
7,7
7,7
7,7
7,7
7,7
7,7
7,7
7,7
7,7
7,7
7,7
7,7
7,7
7,7
7,7
7,7
7,7
7,7
7,7
7,7
7,7
7,7
7,7
7,7
7,7
7,7
7,7
7,7
7,6
7,7
7,7
7,7
7,7
7,7
7,7
7,7
7,7
7,7
7,7
7,7
7,7
7,7
7,7
7,7
7,7
7,7
7,7
8,8
8,8
8,8
8,8
8,8
8,8
8,8
8,8
8,8
8,8
8,8
8,8
8,8
8,8
8,8
8,8
8,8
8,8
8,8
8,8
8,4
8,8
8,8
8,8
8,8
8,8
8,8
8,8
8,8
8,8
8,8
8,8
8,6
8,8
8,4
8,8
8,8
8,8
8,8
8,8
8,8
8,8
8,8
8,7
8,8
8,8
8,8
9,9
9,9
9,9
9,9
9,9
9,9
9,9
9,9
9,9
9,9
9,9
9,9
9,9
9,9
9,9
9,9
9,9
9,9
9,9
9,9
9,9
9,7
9,21
9,9
9,9
9,9
9,9
9,9
9,9
9,9
9,9
9,9
9,9
9,9
9,6
9,9
9,9
9,9
9,9
9,9
9,9
9,7
9,9
9,9
9,9
9,9
9,9
9,9
9,9
10,10
10,10
10,10
10,10
10,5
10,2
10,26
10,10
10,10
10,10
10,10
10,10
10,10
10,10
10,10
10,5
10,11
10,10
10,10
10,10
10,10
10,10
10,10
10,10
10,10
10,10
10,10
10,10
10,10
10,10
10,5
10,5
10,10
10,3
10,3
10,10
10,10
10,10
10,10
10,10
10,10
10,10
10,10
10,10
10,10
10,10
10,5
10,10
10,10
10,10
10,26
10,10
10,10
10,10
10,10
10,10
10,10
10,10
10,10
10,10
10,10
10,10
10,10
10,10
10,10
10,2
10,10
10,10
10,10
11,12
11,11
11,11
11,11
11,11
11,11
11,12
11,11
11,11
11,11
11,11
11,11
11,11
11,11
11,11
11,14
11,4
11,11
11,11
11,11
11,11
11,11
11,11
11,11
11,11
11,11
11,11
11,11
11,11
11,11
11,11
11,11
11,11
11,11
11,11
11,4
11,11
11,11
11,11
11,11
11,11
11,11
11,13
11,9
11,11
11,14
11,11
11,11
11,11
11,4
11,4
11,11
11,11
11,11
11,4
11,4
11,11
11,11
11,11
11,11
11,11
11,4
11,4
11,4
11,12
11,12
11,12
11,12
11,4
11,12
11,4
11,11
11,4
11,4
11,11
11,11
11,11
11,11
11,12
11,4
11,4
11,4
11,5
12,12
12,12
12,12
12,12
12,12
12,12
12,12
12,12
12,12
12,12
12,12
12,12
12,12
12,12
12,12
12,12
12,12
12,12
12,12
12,12
12,12
12,12
12,12
12,12
12,12
12,12
12,12
12,12
12,14
12,12
12,3
12,26
12,3
12,11
12,12
12,12
12,12
12,12
12,3
12,12
12,12
12,12
12,27
12,27
12,3
12,3
12,11
12,11
12,11
13,12
13,3
13,4
13,13
13,13
13,4
13,4
13,4
13,4
13,3
13,12
13,12
13,12
13,3
13,4
13,13
13,13
13,13
13,13
13,13
13,6
13,6
13,6
13,13
13,10
13,13
13,13
13,13
13,20
13,13
13,13
13,13
13,13
13,13
13,6
13,6
13,13
13,13
13,13
13,5
13,5
13,13
13,2
13,2
13,5
13,5
13,13
13,13
13,13
14,3
14,14
14,14
14,3
14,1
14,1
14,3
14,11
14,3
14,17
14,3
14,1
14,11
14,1
14,24
14,9
14,21
15,27
15,8
15,21
15,19
16,13
16,16
16,13
16,13
16,13
16,28
16,10
17,19
17,14
17,3
17,17
17,17
17,12
17,12
17,17
17,17
17,12
17,17
17,17
17,17
17,17
17,17
17,17
17,10
18,13
18,18
18,18
18,18
18,18
18,12
18,12
18,12
18,18
18,18
18,18
18,18
18,18
18,18
18,18
18,17
18,17
18,17
18,17
18,1
18,1
19,7
19,14
19,19
19,3
19,3
19,3
19,3
19,3
19,3
19,19
20,20
20,2
20,21
20,22
20,2
20,20
20,7
20,7
20,13
20,9
20,9
20,9
20,21
20,9
20,20
20,7
20,20
20,6
20,20
20,20
20,21
21,20
21,21
21,9
21,9
21,21
21,21
21,21
21,21
21,21
21,9
21,22
21,22
21,20
22,22
22,22
22,22
22,27
22,22
22,22
22,22
22,22
22,22
22,22
22,22
22,22
22,2
22,22
22,22
22,22
22,22
22,22
22,2
22,2
22,21
23,23
23,23
23,23
23,23
23,23
23,23
23,23
23,23
23,23
23,23
23,23
24,24
24,3
24,12
24,3
24,3
24,3
24,1
24,1
24,3
24,3
24,3
24,3
24,3
24,1
24,19
24,19
24,11
24,1
24,1
24,24
24,27
25,13
25,2
25,25
25,13
25,4
25,4
25,25
25,25
25,8
25,15
25,25
25,25
25,2
25,22
25,21
26,2
26,20
26,13
26,13
26,9
26,7
26,13
26,13
26,4
26,4
26,4
26,13
26,4
26,4
26,4
26,4
26,4
26,13
26,13
26,13
26,10
26,4
26,13
26,13
26,13
26,13
26,13
26,13
26,13
26,5
26,13
26,13
26,13
26,13
26,13
26,10
26,13
26,13
26,13
27,22
27,9
27,27
27,22
27,15
27,8
27,21
27,9
27,27
27,19
27,19
27,7
27,13
27,13
27,9
27,17
27,21
28,10
28,10
28,10
28,5
28,13
28,5
28,5
28,13
28,5
28,5
28,22
28,28
28,5
28,28
28,5
28,5
28,28
28,5
28,5
0,0
0,0
0,0
0,0
0,0
0,0
0,0
0,0
0,0
0,0
0,0
0,0
0,0
0,0
0,0
0,0
0,0
0,0
0,0
0,0
0,0
0,0
0,0
0,0
0,0
0,0
0,0
0,0
0,0
0,0
0,0
0,0
0,0
0,0
0,0
0,0
0,0
0,0
0,0
0,0
0,0
0,0
0,0
0,4
0,0
0,0
0,0
0,0
0,0
0,2
0,13
0,13
0,28
0,0
0,1
0,0
0,0
0,0
0,0
2,2
2,2
2,13
2,2
2,2
2,2
2,2
2,2
2,2
2,0
2,0
2,2
2,2
2,0
2,2
2,6
2,2
2,7
2,13
2,13
2,13
2,4
2,27
2,2
2,2
2,2
2,13
2,13
2,2
2,2
2,21
2,2
2,2
2,7
2,13
2,2
2,2
2,2
2,2
2,2
2,26
3,3
3,3
3,3
3,3
3,3
3,3
3,3
3,3
3,3
3,3
3,3
3,3
3,3
3,3
3,3
3,3
3,3
3,25
3,3
3,3
3,3
3,3
3,3
3,3
3,3
3,3
3,3
3,18
3,3
3,3
3,18
3,3
3,3
3,25
3,3
3,3
3,3
3,3
3,3
3,3
3,3
3,3
3,3
3,25
3,3
3,3
3,3
3,18
3,8
4,4
4,4
4,4
4,4
4,13
4,4
4,4
4,4
4,4
4,4
4,4
4,4
4,10
4,10
4,10
4,4
4,4
4,10
4,10
4,8
4,25
4,4
4,3
4,11
4,4
4,4
4,4
4,4
4,5
4,13
4,4
4,4
4,4
4,13
4,11
4,11
4,11
4,11
4,11
4,1
4,4
4,13
4,11
4,4
4,4
4,2
4,2
4,4
4,4
4,4
4,4
4,4
4,4
4,4
4,4
4,4
4,10
4,4
4,4
6,6
6,6
6,6
6,21
6,6
6,6
6,6
6,2
6,6
6,9
6,6
6,6
6,6
6,9
6,6
6,6
6,8
6,6
6,6
6,6
6,6
6,6
6,6
6,6
6,6
6,6
6,6
6,6
6,6
6,6
6,6
6,6
6,6
6,8
6,6
6,6
6,6
6,6
6,8
7,15
7,20
7,20
7,7
7,7
7,7
7,6
7,9
7,8
7,7
7,20
7,20
7,13
7,2
7,7
7,20
7,20
7,9
7,9
8,8
8,8
8,9
8,8
8,8
8,8
8,8
8,9
8,8
8,8
8,8
8,8
8,8
8,8
8,8
8,8
8,8
8,8
8,8
8,8
8,8
8,8
8,8
8,9
8,9
8,19
8,8
8,8
8,8
8,8
8,8
8,8
8,8
9,8
9,9
9,9
9,8
9,8
9,9
9,9
9,9
9,9
9,9
9,9
9,9
9,9
9,9
9,8
9,9
9,9
9,9
9,9
9,9
9,9
9,9
9,9
9,9
9,9
9,25
9,9
9,9
9,8
9,9
9,9
9,9
9,9
9,9
9,9
9,9
9,9
9,9
9,9
9,9
9,9
9,9
9,9
9,9
9,9
9,9
9,9
9,8
9,8
9,9
9,9
9,9
9,9
10,10
10,10
10,10
10,10
10,10
10,10
10,10
10,10
10,10
10,5
10,10
10,10
10,10
10,10
10,10
10,10
10,10
10,10
10,10
10,10
10,10
10,10
10,10
10,10
10,10
10,10
10,10
10,10
10,10
10,10
10,10
10,10
10,10
10,10
10,10
10,10
10,10
10,10
10,10
10,10
10,10
10,10
10,5
10,5
10,10
10,10
10,10
10,10
10,10
10,10
10,10
10,10
10,10
10,10
10,10
10,10
10,10
10,5
10,13
10,10
10,10
11,11
11,11
11,11
11,11
11,11
11,11
11,11
11,11
11,11
11,11
11,17
11,17
11,11
11,11
11,11
11,11
11,11
11,11
11,11
11,11
11,11
11,11
11,11
11,11
11,11
11,11
11,11
11,11
11,11
11,11
11,11
11,11
11,11
11,11
11,11
11,17
11,17
11,11
11,11
11,11
11,11
11,11
11,11
11,11
11,11
11,11
11,11
11,11
11,11
11,11
11,11
12,12
12,12
12,12
12,12
12,12
12,12
12,12
12,12
12,12
12,12
12,12
12,12
12,12
12,12
12,12
12,12
12,12
12,12
12,12
12,12
12,12
12,12
12,5
12,12
12,12
12,12
12,12
12,12
12,12
13,13
13,13
13,13
13,13
13,13
13,25
13,13
13,13
13,2
13,2
13,13
13,13
13,4
13,13
13,2
13,13
13,8
13,13
13,13
13,13
13,13
13,13
13,4
13,13
13,13
13,25
13,25
13,13
13,13
13,13
13,2
13,13
13,5
13,13
13,25
13,2
13,2
13,28
13,13
13,13
13,22
13,13
13,2
14,5
14,5
14,5
14,5
14,5
14,18
14,19
14,3
14,17
14,17
14,17
14,17
14,17
14,17
14,17
14,17
14,17
14,17
14,14
14,14
14,25
15,15
15,9
15,15
15,15
15,3
16,22
16,28
16,13
16,15
16,22
16,8
16,2
17,22
17,25
17,18
17,8
17,17
17,17
17,11
17,11
17,11
17,11
17,11
17,11
17,11
17,11
17,11
17,11
17,11
17,11
17,11
17,11
17,11
17,11
17,11
17,11
17,11
17,17
17,13
17,14
17,19
17,8
17,25
17,15
17,17
18,19
18,17
18,18
18,17
18,3
18,18
18,18
18,18
18,18
18,18
18,4
18,25
18,25
18,25
18,25
18,17
18,17
18,18
18,17
18,25
19,22
19,25
19,17
19,17
19,17
19,11
19,17
19,25
19,17
19,4
19,25
19,8
19,25
19,4
19,25
20,22
20,22
20,2
20,20
20,20
20,20
20,25
20,8
20,21
20,21
20,8
20,8
20,22
21,21
21,15
21,8
21,22
21,22
21,22
21,21
21,22
21,22
21,4
21,4
21,22
21,15
21,21
21,21
21,21
21,21
21,21
21,21
21,20
21,21
22,2
22,22
22,22
22,22
22,22
22,22
22,22
22,22
22,22
22,22
22,22
22,22
22,22
22,22
22,2
22,22
22,22
22,22
22,3
23,23
23,23
23,23
23,23
23,23
23,23
23,23
23,23
23,23
23,23
23,23
23,23
23,23
23,23
23,23
24,24
24,7
24,13
24,1
24,3
24,11
24,11
24,11
24,1
24,1
24,1
24,12
24,11
24,12
24,12
24,12
24,1
24,10
24,10
24,1
24,1
24,1
24,24
24,13
24,7
24,13
24,13
24,13
24,13
24,13
24,24
24,24
24,1
24,4
24,7
24,24
24,13
24,13
24,24
25,3
25,13
25,13
25,13
25,27
25,15
25,19
25,25
25,3
25,15
25,19
25,26
25,0
25,25
25,25
25,19
25,19
25,3
25,4
25,4
25,11
26,22
26,10
26,4
26,10
26,25
26,22
26,22
26,22
26,22
26,10
26,25
26,22
26,22
26,22
26,8
26,25
26,25
27,22
27,27
27,22
27,21
27,22
27,27
27,14
27,26
27,3
27,12
27,3
27,3
27,26
27,12
27,3
27,27
27,9
27,15
27,22
27,21
28,5
28,5
28,28
28,28
28,28
28,5
28,5
28,28
28,28
28,28
28,5
28,28
28,28
28,28
28,13
28,13
28,5
28,28
28,5
28,28
28,5
28,5
28,28
28,5
28,28
28,5
28,28
28,28
28,5
28,5
28,5
28,11
28,5
28,28
28,28
28,28
28,13
28,28
28,28
28,28
28,28
28,2
28,13
28,28
28,28
0,0
0,0
0,0
0,0
0,0
0,0
0,0
0,0
0,0
0,0
0,0
0,0
0,0
0,0
0,0
0,0
0,0
0,0
0,0
0,0
0,0
0,0
0,0
0,0
0,0
0,0
0,0
0,0
0,0
0,0
0,0
0,0
0,0
0,0
0,0
0,0
0,0
0,0
0,0
0,0
0,0
0,0
0,0
0,0
0,0
0,0
0,0
0,0
0,0
0,0
0,0
0,0
0,0
0,0
0,0
0,0
0,0
0,0
0,0
0,0
0,0
0,0
0,0
0,0
0,0
0,0
0,0
0,0
0,0
0,0
0,0
0,0
0,0
0,0
0,0
0,0
0,0
0,0
0,0
0,0
0,0
0,0
0,0
0,0
0,0
0,0
0,0
0,0
0,0
0,0
0,0
0,0
0,0
0,0
0,0
0,0
0,0
0,0
0,0
0,0
0,0
0,0
0,0
0,0
0,0
0,0
0,0
0,0
0,0
0,0
0,0
0,0
0,0
0,0
0,0
0,0
0,0
0,0
0,0
0,0
0,0
0,0
0,0
0,0
0,0
0,0
0,0
0,0
0,0
0,0
0,0
0,0
0,0
0,0
0,0
0,0
0,0
0,0
0,0
0,0
0,0
0,0
0,0
0,0
0,0
0,0
0,0
0,0
0,0
0,0
0,0
0,0
0,0
0,0
0,0
0,0
0,0
0,0
0,0
0,0
0,0
0,0
0,0
0,0
0,0
0,0
0,0
0,0
0,0
0,0
0,0
0,0
0,0
0,0
0,0
0,0
0,0
0,0
0,0
0,0
0,0
0,0
0,0
0,0
0,0
0,15
2,2
2,2
2,2
2,13
2,2
2,2
2,2
2,2
2,2
2,2
2,2
2,2
2,2
2,2
2,2
2,2
2,2
2,2
2,2
2,2
2,2
2,13
2,2
2,2
2,2
2,2
2,2
2,2
2,22
2,8
2,9
2,13
2,2
2,26
2,27
2,3
2,22
2,2
2,2
2,2
2,27
2,22
2,2
2,13
2,2
2,2
2,2
2,22
2,2
2,2
2,2
2,2
2,13
2,13
2,2
2,13
2,18
2,13
2,2
2,13
2,13
2,5
2,10
2,10
2,5
2,5
2,13
2,22
2,2
2,2
2,2
2,2
2,8
7,7
7,7
7,7
7,7
7,7
7,19
7,7
7,7
7,7
7,7
7,7
7,19
7,7
7,7
7,7
7,7
7,7
7,7
7,7
7,7
7,7
7,7
7,7
7,7
7,7
7,7
7,7
7,13
7,7
7,7
7,7
7,7
7,7
7,7
7,7
7,7
7,7
7,13
7,19
7,7
7,7
7,7
7,7
7,7
7,7
7,7
7,7
7,7
7,7
7,7
7,7
7,7
7,7
7,7
7,7
7,13
7,11
7,7
7,7
7,7
7,7
7,7
7,7
7,7
7,7
7,7
7,7
7,7
7,7
7,7
7,7
7,7
7,7
7,7
7,7
7,7
7,20
7,7
7,7
10,10
10,10
10,10
10,10
10,10
10,10
10,10
10,10
10,10
10,10
10,10
10,10
10,10
10,10
10,10
10,10
10,10
10,10
10,10
10,10
10,10
10,10
10,10
10,10
10,10
10,10
10,10
10,10
10,10
10,10
10,9
10,26
10,10
10,10
10,26
10,11
10,10
10,10
10,10
10,10
10,10
10,10
10,10
10,10
10,10
10,10
10,10
10,10
10,10
10,10
10,10
10,10
10,10
10,10
10,10
10,10
10,10
10,10
10,10
10,10
10,10
10,10
10,10
10,10
10,10
10,10
10,10
10,10
10,10
10,10
10,10
10,10
10,10
10,10
10,10
10,10
10,10
10,5
10,10
10,10
10,10
10,10
10,10
10,10
10,10
10,10
10,10
10,10
10,10
10,10
10,10
10,10
10,10
10,10
10,10
10,13
10,10
10,10
10,10
10,10
10,10
10,10
10,10
10,10
10,10
10,10
10,10
10,10
10,10
10,10
10,10
10,10
10,10
10,10
10,10
10,10
10,10
10,10
10,10
10,10
10,10
10,10
10,10
10,10
10,10
10,10
10,10
10,10
10,10
10,10
10,10
10,10
10,10
10,10
10,10
10,10
10,10
10,10
10,10
10,10
10,10
10,10
10,10
10,10
10,10
10,10
10,10
10,10
10,10
10,0
11,4
11,4
11,4
11,4
11,22
11,13
11,22
11,19
11,25
11,13
11,13
11,11
11,18
11,3
11,22
12,12
12,12
12,12
12,12
12,12
12,12
12,9
12,4
12,3
12,9
12,20
12,20
12,12
12,12
12,5
12,12
12,13
12,20
12,12
12,12
12,12
12,7
12,12
13,9
13,20
13,22
13,22
13,22
13,22
13,8
13,8
13,8
13,13
13,13
14,2
14,13
14,7
14,14
14,7
14,7
14,9
14,17
14,7
14,19
14,9
14,4
14,19
15,17
15,19
15,19
15,19
15,19
15,19
15,11
15,19
15,19
15,3
17,13
17,25
17,5
17,5
17,4
19,25
19,4
19,4
19,8
19,25
19,5
19,25
20,17
20,17
20,17
20,17
20,17
20,17
20,17
20,17
20,17
20,17
20,17
20,17
20,17
20,17
20,17
20,17
20,17
20,20
20,17
20,17
20,17
20,17
20,20
20,20
20,17
20,17
20,17
20,17
20,17
20,17
20,20
20,20
20,20
20,20
20,20
20,20
20,20
20,20
20,20
20,20
20,20
20,20
20,20
20,20
20,20
20,20
20,20
20,20
20,20
20,20
20,20
20,20
20,20
20,20
20,20
20,20
20,20
20,20
20,20
20,20
20,20
20,20
20,20
20,20
20,20
20,20
20,20
20,20
20,17
20,13
20,3
20,12
20,12
20,12
20,14
20,14
20,11
21,11
21,11
21,11
21,11
21,11
21,21
21,21
21,21
21,27
21,21
21,22
21,22
21,11
21,21
21,11
21,11
21,5
21,13
21,27
21,21
21,21
21,21
21,22
21,11
21,22
21,21
21,11
21,21
21,21
21,11
21,22
21,22
21,11
21,11
21,21
21,26
21,2
21,11
21,22
21,21
21,21
21,11
21,21
21,22
21,22
21,11
21,22
21,11
21,21
21,26
21,26
21,21
21,22
21,11
21,21
21,21
21,21
21,21
21,21
21,21
21,21
21,5
21,21
21,21
21,21
21,21
21,21
21,22
21,11
22,22
22,22
22,22
22,11
22,11
22,11
22,11
22,11
22,11
22,11
22,11
22,11
22,11
22,11
22,11
22,22
22,22
22,22
22,11
22,22
22,11
22,11
22,22
22,11
22,22
22,22
22,22
22,11
22,11
22,11
22,11
22,11
22,11
22,22
22,22
22,22
22,11
22,11
22,11
22,22
22,11
22,11
22,11
22,22
22,22
22,11
22,11
22,11
22,11
23,23
23,23
23,23
23,23
23,23
23,23
23,23
23,23
23,23
23,23
23,23
23,23
23,23
23,23
23,23
23,23
23,23
23,23
23,23
23,23
23,23
23,23
23,23
23,23
23,23
23,23
23,23
23,23
23,23
23,23
23,23
23,23
23,23
23,23
23,23
23,23
23,23
23,23
23,23
23,23
23,23
23,23
23,23
23,23
23,23
23,23
23,23
23,23
23,23
23,23
23,23
23,23
23,23
23,23
23,23
23,23
23,23
23,23
23,23
23,23
23,23
23,23
23,23
23,23
23,23
23,23
23,23
23,23
23,23
23,23
23,23
23,23
23,23
23,23
23,23
23,23
23,23
23,23
23,23
23,23
23,23
23,23
23,23
23,23
23,23
23,23
23,23
23,23
23,23
6,6
6,6
6,6
6,6
6,6
6,6
6,6
6,6
6,6
6,6
6,6
6,6
6,6
6,6
6,6
6,6
6,6
6,6
6,6
6,6
6,6
6,6
6,6
6,6
6,6
6,6
6,6
0,0
0,0
0,0
0,0
0,0
0,0
0,0
0,0
0,10
0,0
0,0
0,0
0,0
0,0
0,0
0,0
0,0
0,0
0,0
0,0
0,0
0,0
0,0
0,0
0,0
0,0
0,0
0,0
0,0
0,0
0,0
0,0
0,0
0,1
0,0
0,0
0,0
0,0
0,0
0,0
0,0
0,0
0,0
0,0
0,0
0,0
0,0
0,0
0,0
0,0
0,0
0,0
0,0
0,0
0,0
0,0
0,0
0,0
0,0
0,0
0,0
0,0
0,0
0,0
0,0
0,0
0,0
0,0
0,0
0,0
0,0
0,0
0,0
0,7
0,10
0,0
0,0
0,0
0,0
0,0
0,0
0,0
0,0
0,0
0,0
0,0
0,0
0,0
0,0
0,0
0,0
0,0
0,0
0,0
0,0
0,0
0,0
0,0
0,0
0,0
0,0
0,0
0,0
0,0
0,0
0,0
0,0
0,0
0,0
0,0
0,0
0,3
0,3
0,26
0,0
0,0
0,0
0,0
0,0
0,0
0,0
0,0
0,0
0,0
0,0
0,0
0,0
0,0
0,0
0,0
0,0
0,0
0,0
0,0
0,0
0,0
0,0
0,0
0,0
0,0
0,0
0,0
0,0
0,0
0,0
0,0
0,0
0,0
0,0
0,0
0,0
0,0
0,0
0,0
0,0
0,0
0,0
0,0
0,0
0,0
0,0
0,0
0,0
0,0
1,1
1,1
1,1
1,1
1,3
1,4
1,4
1,10
1,5
1,10
1,10
1,1
1,1
1,1
1,1
1,1
1,1
1,3
1,1
1,1
1,1
1,1
1,3
1,3
1,3
1,1
1,1
1,1
1,10
1,10
1,10
1,10
1,11
1,12
1,1
1,1
1,1
1,1
1,5
1,11
1,1
1,1
1,1
1,1
1,1
1,1
1,1
1,1
1,1
1,1
1,1
1,3
1,11
1,11
1,11
1,1
1,1
1,1
1,1
1,1
1,1
1,1
1,1
1,1
1,1
1,1
1,1
1,1
1,1
1,1
1,1
1,1
1,1
1,1
1,1
1,1
1,1
1,1
1,1
1,1
1,1
1,1
1,1
1,1
1,1
1,1
1,1
1,1
1,1
1,1
1,1
1,1
1,1
1,1
1,1
1,1
1,10
1,1
1,10
1,5
1,12
1,5
1,11
1,5
1,1
1,1
1,1
1,1
1,1
1,1
1,1
1,1
1,1
1,1
1,1
1,1
1,1
1,1
1,1
1,1
1,1
1,11
1,11
1,11
1,11
1,11
1,1
1,4
1,10
1,1
1,1
1,0
1,24
1,1
1,1
1,1
1,1
1,12
1,1
1,1
1,1
1,1
1,1
1,1
1,1
1,1
1,1
1,1
1,1
1,1
1,1
1,1
1,1
1,1
1,1
1,1
1,1
1,1
1,1
1,1
1,1
1,1
1,1
1,1
1,1
1,1
1,1
1,1
1,1
1,1
1,1
1,1
1,1
1,1
1,1
1,1
1,1
1,1
1,1
1,1
1,1
1,1
1,1
1,1
1,1
1,1
1,1
1,1
1,1
1,1
1,1
1,0
1,1
1,1
1,1
1,1
1,12
1,12
1,1
1,12
1,1
1,1
1,12
1,12
1,12
1,3
1,1
1,1
1,1
1,1
1,1
1,1
1,1
1,12
1,1
1,1
1,1
1,1
1,1
1,1
1,1
1,1
1,1
1,1
1,1
1,1
1,1
1,1
1,1
1,1
1,1
1,1
1,1
1,1
1,1
1,1
1,1
1,1
1,1
1,1
1,1
1,1
1,1
1,1
1,1
1,1
1,1
1,1
1,1
1,1
1,1
1,1
1,1
1,1
1,0
1,0
2,2
2,2
2,2
2,2
2,2
2,2
2,2
2,2
2,2
2,2
2,2
2,2
2,2
2,2
2,2
2,2
2,2
2,5
2,2
2,2
2,2
2,2
2,2
2,2
2,2
2,2
2,2
2,2
2,2
2,2
2,2
2,5
2,2
2,2
2,2
2,2
2,2
2,2
2,2
2,2
2,2
2,2
2,22
2,2
2,2
2,2
2,2
2,2
2,2
2,2
2,2
2,2
2,2
2,2
2,2
2,22
2,2
2,2
2,2
2,2
2,2
2,2
2,2
2,2
2,2
2,2
2,2
2,2
2,2
2,2
2,2
2,2
2,2
2,2
2,2
2,2
2,2
2,2
2,2
2,2
2,2
2,2
2,2
2,2
2,2
2,2
3,3
3,3
3,3
3,17
3,17
3,11
3,3
3,3
3,3
3,3
3,17
3,17
3,11
3,3
3,11
3,3
3,11
3,11
3,11
3,11
3,12
3,11
3,11
3,12
3,1
3,1
3,3
3,3
3,3
3,3
3,3
3,5
3,1
3,1
3,1
3,3
3,3
3,3
3,3
3,3
3,3
3,5
3,3
3,3
3,3
3,3
3,17
3,3
3,3
3,3
3,3
3,3
3,3
3,3
3,10
3,3
3,3
3,3
3,25
3,3
3,10
3,3
3,3
3,3
3,3
3,3
3,25
3,3
3,10
3,3
3,3
3,3
3,3
3,3
3,3
3,3
3,3
3,3
3,3
3,3
3,3
3,3
3,3
3,10
3,3
3,3
3,3
3,3
3,3
3,3
3,3
3,10
3,10
3,3
3,3
3,3
3,3
3,4
3,3
3,3
3,3
3,10
3,3
3,3
3,3
3,3
3,3
3,3
3,3
3,3
3,10
3,3
4,11
4,4
4,4
4,4
4,12
4,12
4,12
4,12
4,4
4,3
4,4
4,4
4,4
4,4
4,4
4,4
4,4
4,12
4,12
4,4
4,4
4,17
4,18
4,4
4,4
4,4
4,24
4,4
4,4
4,12
4,12
4,4
4,4
4,4
4,4
4,4
4,4
4,11
4,5
4,5
4,4
4,4
4,4
4,4
4,4
4,12
4,12
4,12
4,4
4,13
4,4
4,4
4,5
4,5
4,13
4,4
4,11
4,4
4,4
4,4
4,28
4,4
4,25
4,4
4,4
4,4
4,4
4,4
4,4
4,2
4,5
4,28
4,4
4,4
4,4
4,4
4,4
4,4
4,4
4,4
4,4
4,4
4,4
4,4
4,4
4,4
4,4
4,4
4,4
4,4
4,4
4,4
4,4
4,25
4,4
4,4
4,4
4,4
4,4
4,4
4,4
4,4
4,4
4,4
4,4
4,4
5,5
5,12
5,5
5,5
5,5
5,5
5,5
5,5
5,5
5,5
5,5
5,5
5,5
5,5
5,5
5,5
5,5
5,5
5,5
5,5
5,5
5,5
5,5
5,5
5,5
5,5
5,5
5,5
5,5
5,5
5,5
5,13
5,5
5,5
5,5
5,5
5,13
6,6
6,6
6,6
6,6
6,6
6,6
6,6
6,6
6,6
6,6
6,6
6,6
6,6
6,6
6,6
6,6
6,6
6,6
6,6
6,6
6,6
6,6
6,6
6,6
6,6
6,6
6,6
6,6
6,6
6,6
6,6
6,6
6,23
6,6
6,6
6,6
6,6
6,6
6,6
6,6
6,6
6,6
6,6
6,6
6,6
6,6
6,6
6,6
6,6
6,2
6,6
6,6
6,6
6,6
6,6
6,6
6,6
6,6
6,6
6,6
6,6
6,6
6,6
6,6
6,6
6,6
7,7
7,7
7,20
7,7
7,7
7,9
7,14
7,7
7,7
7,7
7,20
7,7
7,20
7,7
7,8
7,7
7,7
7,7
7,7
7,7
7,7
7,7
7,7
7,7
7,7
7,7
7,7
7,7
7,7
7,7
7,7
7,7
7,7
7,7
7,7
7,7
7,7
7,7
7,7
7,7
7,7
7,7
7,7
7,7
7,7
7,7
7,7
7,7
7,7
7,13
7,7
7,7
7,7
7,7
7,7
7,7
7,7
7,11
7,7
7,7
7,7
7,7
7,7
7,7
7,7
7,7
7,7
7,4
7,7
7,7
7,7
7,7
7,7
7,7
7,7
7,7
7,7
7,7
7,7
7,7
7,7
7,7
7,7
7,7
7,7
7,7
7,7
7,7
7,7
7,7
7,7
7,7
7,7
7,7
7,7
7,7
7,7
7,7
7,7
7,7
7,7
7,7
7,7
7,7
7,7
7,7
7,7
7,7
7,7
7,7
7,7
7,7
7,7
7,7
7,7
7,7
7,7
7,7
7,7
7,7
7,7
7,7
8,8
8,8
8,8
8,8
8,8
8,8
8,8
8,8
8,8
8,8
8,8
8,8
8,8
8,8
8,8
8,8
8,8
8,8
8,22
8,8
8,8
8,8
8,8
8,8
8,8
8,8
8,8
8,8
8,8
8,22
8,8
8,22
8,8
8,8
8,9
8,8
8,8
8,8
8,8
8,8
8,8
8,8
8,8
8,8
8,8
8,8
8,8
8,8
8,8
8,8
8,8
8,8
8,8
8,8
8,8
8,8
8,8
8,8
8,8
8,8
8,8
8,8
8,8
8,8
8,8
8,8
8,8
8,8
8,8
8,8
8,8
8,8
8,8
8,8
8,8
8,8
8,8
8,8
8,8
8,8
9,9
9,9
9,9
9,9
9,9
9,9
9,9
9,9
9,9
9,9
9,9
9,9
9,9
9,9
9,9
9,7
9,9
9,9
9,9
9,9
9,9
9,9
9,9
9,9
9,9
9,9
9,9
9,9
9,9
9,9
9,9
9,9
9,9
9,9
9,9
9,9
9,9
9,9
9,9
9,9
9,9
9,9
9,9
9,9
9,21
9,9
9,8
9,9
9,9
9,8
9,9
9,8
9,13
9,8
9,8
9,13
9,9
9,9
9,9
9,9
9,9
9,9
9,9
9,9
9,9
9,9
9,9
9,8
9,9
9,9
9,9
9,9
9,9
9,9
9,9
9,7
9,9
9,7
9,9
9,9
9,9
9,9
9,9
9,9
9,9
9,9
9,7
9,9
9,9
9,9
9,9
9,9
9,9
9,9
9,9
9,9
9,9
9,9
9,9
9,7
9,9
9,9
9,9
9,9
9,9
9,9
9,9
9,9
9,9
9,9
9,8
9,9
9,9
9,9
9,9
9,9
9,9
9,19
9,19
9,9
9,9
9,9
9,9
9,9
9,9
9,9
9,9
9,20
9,9
9,9
9,9
9,9
9,8
9,9
9,9
9,9
9,8
9,9
10,10
10,10
10,10
10,10
10,10
10,10
10,10
10,10
10,10
10,10
10,10
10,10
10,10
10,10
10,10
10,10
10,10
10,10
10,10
10,10
10,10
10,10
10,10
10,10
10,10
10,13
10,4
10,10
10,10
10,10
10,10
10,10
10,10
10,10
10,10
10,10
10,10
10,10
10,10
10,10
10,10
10,10
10,10
10,10
10,10
10,10
10,10
10,10
10,10
10,10
10,10
10,10
10,13
10,10
10,10
10,10
10,10
10,10
10,10
10,10
10,10
10,10
10,10
10,10
10,10
10,10
10,10
10,10
10,10
10,10
10,10
10,10
10,10
10,10
10,10
10,10
10,10
10,10
10,10
10,10
10,10
10,10
10,10
10,10
10,10
10,10
10,10
10,10
10,10
10,10
10,10
10,10
10,10
10,25
10,4
10,4
10,10
10,10
10,10
10,10
10,10
10,10
10,10
10,10
10,10
10,10
10,10
10,10
10,10
10,10
10,10
10,10
10,10
10,10
10,10
10,10
10,10
10,10
10,10
10,10
10,10
10,10
10,10
10,10
10,10
10,10
10,10
10,10
10,22
10,22
10,10
10,10
10,10
10,10
10,10
10,10
10,10
10,10
10,10
10,10
10,10
10,10
10,10
10,10
10,10
10,10
10,10
10,10
10,10
10,10
10,10
10,10
10,10
10,10
10,10
10,10
10,10
10,10
10,10
10,10
10,25
10,25
10,22
10,10
10,10
10,10
10,10
10,10
10,10
10,10
10,10
10,10
10,10
10,10
10,10
10,10
10,10
10,10
10,10
10,10
10,10
10,10
10,10
10,10
10,10
10,22
10,22
10,22
10,10
10,10
10,10
10,10
10,10
10,10
10,10
10,10
10,10
10,10
10,10
10,10
10,10
10,10
10,10
10,10
10,25
10,10
10,10
10,10
10,10
10,10
10,10
10,10
10,10
10,10
10,10
10,10
10,15
10,25
10,10
11,11
11,11
11,11
11,11
11,11
11,11
11,11
11,23
11,11
11,11
11,11
11,11
11,11
11,23
11,23
11,11
11,11
11,11
11,11
11,11
11,11
11,11
11,11
11,11
11,11
11,11
11,11
11,23
11,23
11,11
11,10
11,10
11,11
11,11
11,11
11,11
11,23
11,11
11,23
11,23
11,23
11,23
11,11
11,11
11,11
11,11
11,11
11,11
11,11
11,11
11,11
11,11
11,10
11,11
11,11
11,11
11,11
11,11
11,11
11,11
11,11
11,11
11,3
11,11
11,11
11,11
11,11
11,11
11,11
11,11
11,11
11,11
11,4
11,11
11,11
11,11
11,11
11,11
11,11
11,11
11,11
11,11
11,11
11,11
11,11
11,11
11,11
11,11
11,11
11,11
11,11
11,11
11,11
11,11
11,11
11,11
11,11
11,11
11,11
11,3
11,11
11,11
11,11
11,11
11,11
11,11
11,11
11,11
11,11
11,11
11,11
11,17
11,11
11,11
11,11
11,11
11,11
11,10
11,11
11,11
11,11
11,11
11,11
11,11
11,11
11,10
11,11
11,11
12,12
12,12
12,12
12,12
12,12
12,12
12,12
12,12
12,12
12,12
12,12
12,12
12,12
12,12
12,12
12,12
12,12
12,12
12,12
12,12
12,12
12,12
12,12
12,12
12,12
12,12
12,12
12,12
12,12
12,12
12,12
12,12
12,12
12,12
12,12
12,12
12,12
12,12
12,12
12,12
12,12
12,12
12,12
12,12
12,12
12,12
12,12
12,12
12,12
12,12
12,12
12,12
12,12
12,12
12,12
12,12
12,12
12,12
12,12
12,12
12,12
12,12
12,12
12,12
12,12
12,12
12,12
12,12
12,12
12,12
12,12
12,12
12,12
12,12
12,12
12,12
12,12
12,12
12,12
12,12
12,12
12,12
12,12
12,12
12,12
12,12
12,12
12,12
12,11
12,11
12,12
12,12
12,27
12,27
12,26
12,4
12,12
12,12
12,12
12,12
13,13
13,13
13,13
13,2
13,10
13,11
13,3
13,5
13,5
13,13
13,13
13,13
13,5
13,5
13,5
13,3
13,3
13,3
13,13
13,13
13,28
13,13
13,5
13,13
13,13
13,5
13,13
13,11
13,5
13,5
13,13
13,13
13,22
13,2
13,2
13,13
13,13
13,13
13,13
13,13
13,13
13,13
13,13
13,13
13,13
13,5
13,13
13,2
13,13
13,13
13,13
13,7
13,13
13,10
13,4
13,18
13,18
13,13
13,22
13,13
13,13
13,13
13,13
13,13
13,13
13,13
13,26
13,13
13,13
13,13
13,18
13,13
13,13
13,13
13,26
13,13
13,26
13,13
13,13
13,13
13,4
13,4
13,4
13,10
13,4
13,4
13,13
13,13
13,11
13,11
13,4
13,13
13,4
13,13
13,13
13,13
13,10
13,13
13,13
13,13
13,10
13,4
13,13
13,13
13,13
13,13
13,13
13,13
13,13
13,13
13,26
13,3
13,13
13,13
13,2
13,5
13,13
13,5
13,5
13,5
13,13
13,11
13,4
13,13
13,13
13,13
13,13
13,4
13,4
13,13
13,2
13,26
13,2
13,5
13,13
13,13
13,4
13,5
13,11
13,11
13,13
13,24
14,11
14,10
14,11
14,11
14,11
14,10
14,11
14,11
14,11
14,11
14,6
14,17
14,17
14,12
14,12
14,14
15,25
15,22
15,22
15,2
15,25
15,15
15,25
15,25
15,25
15,15
15,25
15,15
15,15
15,15
15,15
15,25
15,25
15,25
15,3
15,25
15,15
15,19
15,25
15,4
16,4
16,22
16,2
16,2
16,2
16,2
16,27
16,4
16,13
16,4
16,15
16,22
16,22
16,25
16,22
16,13
16,28
16,4
17,19
17,11
17,17
17,17
17,17
17,17
17,17
17,17
17,17
17,17
17,17
17,17
17,17
17,17
17,17
17,17
17,17
17,17
17,17
17,17
17,17
17,17
17,17
17,17
17,17
17,17
17,17
17,17
17,17
17,17
17,11
17,17
17,17
17,17
17,17
17,17
17,17
17,17
17,17
17,17
17,17
17,17
17,17
17,17
17,17
17,17
17,17
17,17
17,3
17,17
17,11
17,17
17,17
17,17
17,17
17,17
17,17
17,17
17,17
17,14
17,17
17,17
17,17
17,17
17,17
17,17
17,17
17,17
17,17
17,17
17,17
17,17
17,17
17,3
17,3
17,11
17,3
17,3
17,3
17,17
17,17
17,17
17,17
17,17
17,17
17,3
17,14
17,17
17,17
17,17
17,17
17,17
17,17
17,17
17,17
17,17
17,17
17,17
17,17
17,17
17,17
17,14
17,3
17,3
18,3
18,3
18,18
18,18
18,17
18,3
18,3
18,12
18,3
18,3
18,3
18,3
18,12
18,3
18,3
18,3
18,3
18,3
18,3
18,3
18,3
18,3
18,3
18,18
18,17
18,3
18,3
18,25
18,18
18,12
18,18
18,18
18,18
18,18
18,3
18,18
18,3
18,3
18,3
18,3
18,25
18,13
19,27
19,26
19,14
19,5
19,19
19,17
19,18
19,18
19,14
19,20
19,11
19,11
19,1
19,19
19,25
19,15
19,8
19,19
19,25
19,17
19,17
19,19
19,17
19,19
19,11
19,19
19,19
19,19
20,9
20,20
20,20
20,27
20,9
20,21
20,20
20,2
20,20
20,20
20,20
20,21
20,8
20,21
20,20
20,21
20,22
20,22
20,20
20,20
20,20
20,20
20,2
20,21
20,21
20,21
20,20
20,20
20,9
20,20
20,20
20,20
21,21
21,21
21,21
21,21
21,21
21,21
21,21
21,8
21,22
21,22
21,22
21,22
21,22
21,19
21,22
21,9
21,21
21,15
21,21
21,22
21,9
21,21
21,19
21,21
21,21
21,21
21,21
21,21
21,6
21,2
21,2
21,21
21,21
21,8
22,26
22,10
22,2
22,2
22,22
22,13
22,2
22,2
22,2
22,26
22,22
22,22
22,27
22,22
22,22
22,22
22,2
22,22
22,22
22,2
22,2
22,22
22,22
22,2
22,22
22,2
22,22
22,22
22,2
22,2
22,22
22,13
22,22
22,25
22,8
22,22
22,22
22,22
22,22
22,22
22,22
22,22
22,2
22,22
22,22
22,22
22,22
22,22
22,22
22,22
22,22
22,22
22,22
22,22
22,22
22,22
22,22
22,22
22,22
22,22
23,23
23,23
23,23
23,23
23,23
23,23
23,23
23,23
23,8
23,8
23,23
23,23
23,23
23,8
23,23
23,23
23,23
23,20
23,8
23,20
23,23
23,23
23,23
23,28
23,28
23,28
23,23
23,23
23,23
23,23
23,23
23,23
23,23
23,23
23,23
23,23
23,23
23,23
24,24
24,26
24,10
24,10
24,10
24,12
24,11
24,11
24,5
24,5
24,5
24,26
24,3
24,27
24,11
24,21
24,26
24,24
24,11
24,3
24,11
24,11
24,26
24,2
24,2
24,27
24,22
24,2
24,24
24,14
24,1
24,10
24,10
24,10
24,12
24,10
24,10
24,26
24,24
24,14
24,24
24,24
24,26
24,26
24,2
24,27
25,19
25,17
25,18
25,27
25,3
25,3
25,25
25,25
25,4
25,25
25,3
25,18
25,3
25,4
25,25
25,10
25,13
25,3
25,4
25,4
25,17
25,17
25,17
25,19
25,3
25,25
25,3
25,3
25,3
25,3
25,3
25,25
25,18
25,18
25,18
25,3
25,25
26,2
26,13
26,5
26,13
26,11
26,5
26,10
26,18
26,18
26,13
26,13
26,13
26,13
26,13
26,26
26,13
26,5
26,26
26,13
26,13
26,11
26,5
26,22
26,22
26,22
26,10
26,26
26,26
26,26
26,5
26,13
26,13
26,2
26,26
26,26
26,13
26,26
26,3
26,11
26,13
26,3
26,13
26,13
26,13
26,10
26,13
26,13
26,13
26,13
26,22
26,10
26,13
26,22
26,5
26,13
26,22
26,2
26,9
27,22
27,27
27,26
27,22
27,22
27,22
27,22
27,27
27,22
27,17
27,9
27,24
27,21
27,27
27,11
27,21
27,22
27,9
27,17
27,27
27,27
27,9
27,2
27,22
27,21
27,22
27,22
27,22
27,22
27,22
27,22
27,22
27,26
27,26
27,27
27,22
27,25
27,2
27,25
27,22
27,13
27,13
27,2
27,4
27,9
27,25
27,27
27,15
27,19
27,7
27,7
27,9
27,3
27,25
27,19
27,21
27,13
27,9
27,2
27,22
27,22
27,22
27,22
27,22
27,13
27,21
28,28
28,28
28,22
28,28
28,22
28,28
28,28
28,22
28,22
28,22
28,28
28,28
28,22
28,22
28,28
28,28
28,28
28,28
28,22
28,28
28,28
28,28
28,22
28,22
28,22
28,22
28,28
28,5
28,28
28,28
28,5
28,28
28,22
28,28
28,28
28,5
28,28
28,4
28,5
28,28
28,28
28,5
28,28
28,28
28,5
28,28
28,4
28,4
28,4
28,4
28,4
28,4
1,1
1,1
1,1
1,1
1,1
1,1
1,1
1,1
1,1
1,1
1,1
1,1
1,1
1,1
1,1
1,1
1,1
1,1
1,1
1,1
1,1
1,1
1,1
1,1
1,1
1,1
1,1
1,1
1,1
1,1
1,0
1,1
1,1
1,1
1,1
1,1
1,1
1,1
1,1
1,1
1,1
1,1
1,1
1,1
1,1
1,1
1,1
1,1
1,1
1,1
1,1
1,1
1,1
1,1
1,1
1,1
1,1
1,1
1,1
1,1
1,1
1,1
1,1
1,1
1,1
1,1
1,1
1,1
1,1
1,1
1,1
1,1
1,1
1,1
1,1
1,1
1,1
1,1
1,1
1,1
1,1
1,1
1,1
1,1
1,1
1,1
1,1
1,1
1,1
1,1
1,1
1,1
1,1
1,1
1,1
2,2
2,2
2,2
2,2
2,2
2,2
2,2
2,2
2,2
2,2
2,2
2,2
2,2
2,2
2,2
2,2
2,2
2,2
2,2
2,2
2,2
2,2
2,2
2,2
2,2
2,2
2,2
2,2
2,2
2,2
2,2
2,2
2,2
3,3
3,3
3,3
3,3
3,3
3,11
3,3
3,3
3,3
3,3
3,3
3,3
3,3
3,11
3,3
3,3
3,3
3,3
3,3
3,3
3,3
3,3
3,3
3,3
3,3
3,3
3,3
3,3
3,3
3,3
3,3
3,3
3,3
3,3
3,3
3,3
3,3
3,3
3,3
3,3
3,3
3,3
3,3
3,3
3,3
3,3
3,3
3,12
3,3
3,3
3,18
3,3
3,9
3,3
3,3
3,11
3,11
3,11
3,3
3,3
3,3
3,3
3,3
3,3
3,3
3,3
3,3
3,3
3,3
3,4
3,4
3,3
3,3
3,3
3,3
3,3
3,3
3,3
3,3
3,3
3,3
3,3
3,3
3,3
3,3
3,3
3,3
3,3
3,17
3,3
4,4
4,4
4,4
4,4
4,4
4,13
4,4
4,12
4,12
4,4
4,4
4,12
4,4
4,4
4,4
4,12
4,28
4,4
4,4
4,4
4,4
4,4
4,4
4,4
4,4
4,4
4,4
4,4
4,4
4,4
4,12
4,12
4,4
4,4
4,4
4,4
4,4
4,4
4,4
4,4
4,4
4,4
4,4
4,4
4,4
4,4
4,4
4,4
4,4
4,4
4,4
4,13
4,4
4,4
4,4
4,4
4,4
4,12
4,4
4,4
4,4
4,4
4,4
5,5
5,11
5,12
5,5
5,17
5,17
5,12
5,12
5,5
5,5
5,5
5,5
5,12
5,5
5,5
5,5
5,5
5,26
5,3
5,5
5,5
5,5
5,13
5,13
5,18
5,11
5,5
5,13
5,13
5,26
5,3
5,12
5,12
5,12
5,12
5,12
5,4
5,13
5,13
5,13
5,12
5,4
5,13
5,13
5,13
5,10
5,12
5,5
5,10
6,6
6,6
6,6
6,6
6,6
6,6
6,6
6,6
6,6
6,6
6,6
6,6
6,6
6,6
6,6
6,6
6,6
6,6
6,6
6,6
6,6
7,7
7,7
7,7
7,7
7,7
7,7
7,7
7,7
7,7
7,7
7,7
7,7
7,7
7,7
7,7
7,7
7,7
7,7
7,7
7,7
7,7
7,7
7,7
7,7
7,7
7,7
7,7
7,7
7,7
7,7
7,7
7,7
7,7
7,7
7,7
7,7
7,7
8,8
8,8
8,8
8,8
8,8
8,8
8,8
8,8
8,8
8,9
8,8
8,8
8,8
8,8
8,8
8,8
8,8
8,8
8,8
8,8
8,8
9,9
9,9
9,9
9,9
9,9
9,9
9,9
9,9
9,9
9,9
9,9
9,9
9,9
9,9
9,9
9,9
9,9
9,9
9,9
9,9
9,9
9,9
9,9
9,9
9,9
9,9
9,9
9,9
9,9
9,9
9,9
9,9
9,9
9,9
9,9
9,9
9,9
9,9
9,9
9,9
9,9
9,20
9,9
9,9
9,9
9,9
9,9
9,9
9,9
9,7
9,9
9,9
9,9
9,9
9,6
9,9
9,9
9,9
9,9
10,5
10,5
10,5
10,10
10,10
10,10
10,10
10,12
10,12
10,10
10,10
10,12
10,10
10,10
10,10
10,10
10,10
10,10
10,10
10,10
10,10
10,10
10,10
10,10
10,10
10,5
10,10
10,12
10,12
10,10
10,10
10,10
10,12
10,12
10,10
10,10
10,10
10,10
10,10
10,10
10,10
10,10
10,10
10,10
10,10
10,10
10,10
10,12
10,12
10,12
10,10
10,10
10,4
10,12
10,12
10,28
10,10
10,10
10,10
10,10
10,10
10,12
10,12
10,10
10,5
10,12
10,10
10,10
10,10
10,10
10,10
10,10
10,10
10,10
10,10
10,12
10,11
10,10
10,10
10,4
10,18
10,18
10,10
10,12
10,10
10,10
10,12
10,10
10,12
10,12
10,5
10,10
10,10
10,10
10,10
10,10
10,10
10,10
10,10
11,11
11,12
11,1
11,11
11,11
11,11
11,11
11,11
11,11
11,12
11,11
11,12
11,11
11,11
11,11
11,11
11,11
11,11
11,11
11,11
11,11
11,11
11,11
11,11
11,11
11,11
11,11
11,11
11,11
11,11
11,12
11,11
11,3
11,12
11,11
11,11
11,11
11,11
11,11
11,11
11,11
11,17
11,11
11,11
11,11
11,11
11,11
11,11
11,11
11,11
11,11
11,11
11,11
11,11
11,1
11,11
11,12
11,11
11,11
11,11
11,11
11,11
11,11
11,11
11,11
11,11
11,11
11,11
11,11
11,11
11,11
11,11
11,11
11,11
11,11
11,11
11,11
11,11
11,1
11,11
11,1
11,11
11,11
11,11
11,12
11,11
11,11
11,12
11,11
11,12
11,12
11,12
11,12
11,11
11,12
11,11
11,12
11,12
11,11
11,11
11,11
11,11
11,11
11,11
11,11
11,11
11,11
11,11
11,11
11,11
11,11
11,11
11,11
11,11
11,12
11,11
11,12
11,12
11,12
11,11
11,11
11,11
11,11
11,11
11,11
11,11
11,11
11,11
11,11
11,12
12,12
12,12
12,12
12,12
12,12
12,12
12,12
12,12
12,12
12,12
12,12
12,12
12,12
12,12
12,12
12,12
12,12
12,12
12,12
12,12
12,12
12,12
12,12
12,12
12,12
12,12
12,12
12,12
12,12
12,12
12,12
12,12
12,12
12,12
12,12
12,12
12,12
12,12
12,12
12,12
12,12
12,12
12,12
12,12
12,12
12,12
12,12
12,12
12,12
12,12
12,12
12,12
12,12
12,12
12,12
12,12
12,12
12,12
12,12
12,12
12,12
12,12
12,12
12,12
12,12
12,12
12,12
12,12
12,12
12,12
12,12
12,12
12,12
12,12
12,12
12,12
12,12
12,12
12,12
13,13
13,4
13,13
13,13
13,5
13,23
13,4
13,13
13,4
13,4
13,13
13,2
13,13
13,12
13,18
13,12
13,12
13,12
13,4
13,28
13,4
13,3
13,4
13,4
13,13
13,13
13,2
13,13
13,13
13,13
13,4
13,4
13,4
13,4
13,13
13,28
13,13
13,4
13,4
13,13
13,13
13,3
13,5
13,10
13,13
13,26
13,27
13,5
13,13
13,13
13,3
13,4
13,13
13,13
13,13
13,5
13,5
13,11
13,13
13,13
13,4
13,3
13,3
13,13
13,13
13,13
13,28
13,13
13,13
13,13
13,13
13,13
13,13
13,13
13,13
13,5
13,13
13,13
13,12
13,12
13,4
13,4
13,4
13,13
13,13
13,4
13,13
13,12
13,11
13,13
13,13
13,4
13,13
13,13
13,13
13,4
13,13
13,12
13,18
14,19
14,14
14,14
14,14
14,14
14,14
14,17
14,12
14,14
15,1
15,1
15,1
15,11
15,11
16,0
16,11
16,11
16,11
16,11
16,11
16,11
16,11
16,11
17,17
17,17
17,17
17,17
17,17
17,17
17,17
17,17
17,17
17,17
17,17
17,17
17,17
17,17
17,17
17,17
17,17
17,17
17,17
17,17
17,17
17,17
17,17
17,17
17,17
18,11
18,11
18,18
18,18
18,18
18,18
18,17
18,17
18,17
18,17
18,3
18,4
18,5
19,11
19,19
19,17
19,14
19,19
19,17
19,17
19,17
19,17
20,1
20,7
20,7
20,7
20,20
20,9
20,21
20,20
20,13
20,7
20,20
20,21
20,9
20,9
20,20
20,2
20,27
20,21
20,14
21,3
21,3
21,27
21,22
21,21
21,22
21,21
21,25
21,15
23,21
23,21
23,20
23,9
23,19
23,9
23,9
23,21
23,22
23,21
23,20
23,20
23,13
24,23
24,0
24,6
24,6
24,23
24,6
24,6
24,7
24,7
24,13
24,6
25,1
25,19
25,7
25,1
25,1
25,14
25,1
25,11
25,1
25,14
25,14
25,7
25,13
26,26
26,11
26,13
26,4
26,25
26,3
26,11
26,10
26,10
27,11
27,11
27,11
27,11
27,19
27,11
27,20
27,20
27,20
28,13
28,13
28,13
28,19
28,4
28,4
28,4
28,17
28,13
28,4
28,27
0,0
0,0
0,0
0,0
0,0
0,0
0,0
0,0
0,0
0,0
0,0
0,0
0,0
0,0
0,0
0,0
0,0
0,14
0,1
0,0
0,0
0,0
0,0
0,0
0,0
0,0
0,0
0,0
0,0
0,0
0,0
0,0
0,0
0,0
0,0
0,0
0,0
0,0
0,0
0,0
0,5
0,23
0,0
0,0
0,0
0,0
0,0
0,0
0,0
0,0
0,0
0,0
0,0
0,23
0,0
0,0
0,0
0,0
0,0
0,0
0,0
0,0
0,0
0,0
0,0
0,0
0,0
0,0
0,0
0,0
0,0
0,0
0,0
0,0
0,0
0,0
0,0
0,2
0,0
0,0
0,0
0,0
0,0
0,0
0,0
0,0
0,0
0,0
0,0
0,0
0,4
0,2
0,0
0,0
0,0
0,19
0,0
0,0
0,0
2,2
2,2
2,2
2,2
2,2
2,2
2,2
2,2
2,2
2,13
2,2
2,2
2,2
2,2
2,2
2,13
2,13
2,2
2,2
2,2
2,2
2,2
2,2
2,2
2,2
2,13
2,2
2,2
2,2
3,3
3,11
3,3
3,3
3,3
3,3
3,3
3,3
3,3
3,3
3,3
3,3
3,3
3,11
3,11
3,3
3,3
3,3
3,3
3,3
3,3
3,3
3,3
3,3
3,3
3,3
3,3
3,3
3,3
3,3
3,3
3,3
3,3
3,3
3,3
3,3
3,11
3,3
3,3
3,3
3,3
3,3
3,3
3,3
3,3
3,3
3,3
3,3
3,3
3,3
3,3
4,13
4,4
4,4
4,13
4,13
4,13
4,13
4,13
4,4
4,5
4,13
4,13
4,13
4,10
4,5
4,13
4,4
4,13
4,4
4,4
4,4
4,13
4,2
4,4
4,4
4,4
4,4
4,4
4,4
4,4
4,4
4,10
4,4
4,10
4,10
4,10
4,4
4,10
4,10
4,4
4,5
4,10
4,11
4,4
4,4
4,10
4,11
4,5
4,11
4,4
4,4
4,4
4,4
4,4
4,4
4,4
4,4
4,4
4,4
4,11
4,4
4,4
4,4
4,13
4,5
6,6
6,6
6,6
6,6
6,6
6,6
6,6
6,6
6,6
6,6
6,6
6,6
6,6
6,6
6,6
6,6
6,6
6,6
6,6
6,6
6,6
6,6
6,6
6,6
6,6
6,6
6,6
6,6
6,6
6,6
6,6
6,6
6,6
6,6
6,6
6,6
6,6
6,6
6,6
6,6
6,6
7,7
7,4
7,13
7,7
7,7
7,7
7,7
7,7
7,7
7,7
7,7
7,7
7,7
7,7
7,7
7,4
7,4
7,7
7,7
7,7
7,7
7,7
7,7
7,7
7,7
7,7
7,7
7,7
7,7
7,7
7,7
7,7
7,13
7,7
7,20
7,7
7,7
7,4
7,7
8,8
8,8
8,8
8,8
8,8
8,8
8,8
8,8
8,8
8,8
8,8
8,8
8,8
8,8
8,8
8,8
8,8
8,8
8,10
8,4
8,8
8,8
8,8
8,8
8,8
8,8
8,8
8,8
8,8
8,8
8,8
8,8
8,8
8,8
8,8
8,8
8,8
8,8
8,8
9,9
9,9
9,9
9,9
9,9
9,6
9,9
9,9
9,9
9,20
9,9
9,9
9,9
9,9
9,9
9,9
9,20
9,9
9,9
9,9
9,9
9,6
9,9
9,9
9,9
9,9
9,9
9,9
9,9
9,9
9,9
9,9
9,9
9,9
9,9
9,9
9,9
9,9
9,9
9,9
9,9
9,9
9,9
9,9
9,9
10,10
10,10
10,10
10,10
10,11
10,10
10,10
10,10
10,10
10,10
10,10
10,10
10,10
10,10
10,10
10,10
10,10
10,10
10,10
10,10
10,10
10,10
10,10
10,10
10,27
10,27
10,10
10,10
10,10
10,10
10,10
10,10
10,10
10,10
10,10
11,26
11,11
11,11
11,11
11,11
11,11
11,11
11,11
11,10
11,10
11,10
11,10
11,11
11,3
11,26
11,26
11,26
11,5
11,3
11,11
11,10
11,11
11,11
11,11
11,11
11,11
11,11
11,11
11,11
11,11
11,3
11,3
11,3
11,11
11,11
11,11
11,3
11,3
11,11
11,10
11,11
11,11
11,11
11,11
11,11
11,11
11,11
11,11
11,11
11,11
11,3
11,11
11,11
11,11
11,11
11,11
11,11
11,11
11,11
11,26
11,11
11,11
11,11
11,11
11,11
11,11
11,11
11,11
11,11
11,11
11,11
11,11
11,11
11,11
11,11
11,11
11,10
11,3
11,10
11,10
11,3
11,11
11,11
11,3
11,11
11,11
11,11
11,11
11,11
11,11
11,11
11,11
11,11
11,11
11,11
11,11
11,11
11,11
11,11
11,11
11,11
11,11
11,11
11,26
11,11
11,11
11,11
11,11
11,3
11,3
11,10
11,10
11,10
12,10
12,11
12,11
12,11
12,11
12,12
12,11
12,11
12,11
12,12
12,10
12,11
12,10
12,12
12,12
12,11
12,11
12,11
12,26
12,26
12,12
12,12
12,10
12,10
12,12
13,5
13,5
13,13
13,2
13,28
13,13
13,13
13,5
13,2
13,13
13,13
13,13
13,13
13,5
13,13
13,2
13,2
13,22
13,22
13,26
13,18
13,13
13,2
13,13
13,22
13,2
13,13
13,13
13,13
13,13
13,5
13,26
13,22
13,13
13,13
13,13
13,13
13,2
13,2
13,13
13,13
13,13
13,13
13,13
13,2
13,2
13,22
13,13
13,13
13,13
13,13
13,2
13,13
13,13
13,13
13,2
13,13
13,2
13,13
13,22
13,13
13,13
13,22
13,13
13,13
13,13
13,13
13,13
13,13
13,13
13,13
13,13
13,13
13,13
13,13
13,13
13,13
13,13
13,5
13,26
13,2
13,2
13,13
13,13
13,13
13,13
13,13
13,13
13,13
13,13
13,10
13,13
13,18
14,10
14,11
14,11
14,10
14,10
14,10
14,12
14,12
14,12
14,26
14,26
14,26
14,27
15,25
15,8
15,22
15,22
15,15
15,25
15,17
16,13
16,13
16,13
16,13
16,13
16,19
17,21
17,11
17,3
17,18
17,18
17,18
17,17
17,17
17,17
17,17
17,17
17,17
17,3
17,3
17,3
17,11
17,11
18,12
18,18
18,18
18,11
18,17
18,17
18,17
18,18
18,18
19,14
19,19
19,3
19,7
19,3
19,9
20,27
20,13
20,7
20,7
20,7
20,7
20,20
20,20
20,9
20,20
20,22
20,22
20,22
20,13
20,22
21,21
21,21
21,21
21,22
21,21
21,20
21,2
21,22
21,21
21,9
21,21
22,22
22,22
22,2
22,22
22,22
22,22
22,22
22,22
22,22
22,22
22,22
22,22
22,8
22,22
22,22
23,23
23,23
23,20
23,20
23,8
23,20
23,8
23,23
23,23
23,23
24,13
24,13
24,10
24,10
24,11
24,10
24,10
24,10
24,10
24,23
24,5
24,13
24,11
24,13
24,13
24,27
25,7
25,26
25,13
25,4
25,19
25,13
25,14
25,19
25,1
25,12
25,1
25,19
25,19
26,26
26,26
26,26
26,26
26,26
26,22
26,22
26,22
26,5
26,10
26,5
26,22
26,26
26,5
26,10
26,10
26,10
27,22
27,22
27,22
27,27
27,22
27,22
27,3
27,22
27,22
27,22
27,22
27,20
27,2
27,21
27,21
28,2
28,5
28,5
28,2
28,22
28,22
28,28
28,22
28,22
0,0
0,0
0,0
0,0
0,0
0,0
0,0
0,0
0,0
0,0
0,0
0,0
0,0
0,0
0,0
0,0
0,0
0,0
0,0
0,0
0,0
0,10
0,10
0,0
0,0
0,0
0,0
0,0
0,0
0,0
0,0
0,0
0,0
0,0
0,0
0,0
0,0
0,0
0,0
0,0
0,0
0,0
0,0
0,0
0,0
0,0
0,0
0,0
0,0
0,0
0,0
0,0
0,0
0,0
0,0
0,0
0,0
0,0
0,0
0,0
0,0
0,0
0,0
0,0
0,0
0,0
0,0
0,0
0,0
0,0
0,0
0,0
0,0
0,0
0,0
0,0
0,0
0,0
0,0
0,0
0,0
0,0
0,0
0,0
0,0
0,0
0,0
0,0
0,0
0,0
0,0
0,0
0,0
0,0
0,0
0,3
0,3
0,0
0,0
0,0
0,0
0,0
0,0
0,0
0,4
0,4
0,4
0,0
0,0
0,8
0,0
0,0
0,0
0,0
0,0
0,0
0,0
0,0
0,0
0,0
0,0
0,0
0,0
0,0
0,0
0,0
0,0
0,0
0,0
0,0
0,0
0,0
0,0
0,0
2,13
2,2
2,10
2,10
2,2
2,2
2,2
2,2
2,2
2,2
2,2
2,2
2,2
2,2
2,2
2,2
2,2
2,2
2,2
2,2
2,26
2,13
2,13
2,5
2,26
2,3
2,26
2,3
2,3
2,26
2,13
2,26
2,26
2,2
2,22
2,26
2,5
2,2
2,10
2,10
2,26
2,2
2,26
2,2
2,2
2,2
2,2
2,10
2,2
2,9
2,2
3,3
3,3
3,3
3,3
3,3
3,3
3,3
3,3
3,3
3,3
3,3
3,3
3,3
3,3
3,3
3,3
3,3
3,3
3,3
3,3
3,3
3,3
3,3
3,3
3,3
3,3
3,3
3,3
3,3
3,3
3,3
3,3
3,3
3,3
3,3
3,3
3,3
3,3
3,3
3,3
3,3
3,3
3,3
3,11
3,3
3,3
3,3
3,3
3,3
3,3
3,3
3,3
3,3
3,3
3,3
3,3
3,3
3,3
3,3
3,3
3,3
3,3
3,3
3,3
3,3
3,3
3,3
3,11
3,3
3,3
3,3
3,3
3,3
3,3
3,3
4,4
4,4
4,13
4,13
4,13
4,13
4,4
4,10
4,4
4,4
4,4
4,4
4,4
4,4
4,4
4,4
4,4
4,4
4,4
4,4
4,4
4,6
4,4
4,4
4,4
4,4
4,4
4,4
4,4
4,10
4,10
4,4
4,4
4,4
4,4
4,3
4,3
4,4
4,4
4,4
4,4
4,4
4,4
4,10
4,4
4,4
4,4
4,4
4,4
4,4
4,4
5,5
5,5
5,5
5,5
5,5
5,5
5,5
5,5
5,5
5,5
5,5
5,5
5,5
5,5
5,5
5,5
5,5
5,5
5,5
5,5
5,5
5,5
5,5
5,5
5,5
5,5
5,13
5,13
5,13
5,13
5,5
5,5
5,5
5,5
5,5
5,5
5,5
5,13
5,5
5,5
5,5
5,5
5,5
5,5
5,5
5,5
5,5
5,5
5,5
5,5
5,10
5,5
5,5
5,5
5,5
5,5
5,5
5,5
5,5
5,5
5,5
5,5
5,5
5,5
5,5
5,5
5,5
5,5
5,5
6,6
6,6
6,6
6,6
6,6
6,6
6,6
6,6
6,6
6,6
6,6
6,6
6,6
6,6
6,11
6,10
6,6
6,6
6,6
6,6
6,6
6,6
6,6
6,6
6,6
6,6
6,6
7,7
7,7
7,7
7,7
7,7
7,7
7,7
7,7
7,7
7,7
7,13
7,7
7,7
7,7
7,7
7,7
7,7
7,7
7,7
7,7
7,7
7,7
7,7
7,7
7,7
8,25
8,8
8,8
8,8
8,8
8,8
8,25
8,8
8,8
8,22
8,22
8,8
8,8
8,8
8,8
8,8
8,8
8,8
8,8
8,9
8,8
8,8
8,8
8,9
8,8
8,8
8,8
9,9
9,9
9,9
9,9
9,9
9,9
9,9
9,9
9,9
9,9
9,9
9,9
9,9
9,9
9,9
9,9
9,9
9,9
9,9
9,9
9,9
9,9
9,9
9,9
9,9
9,9
9,20
9,9
9,27
9,9
9,9
9,9
9,9
9,9
9,9
9,9
9,9
9,9
9,9
9,9
9,9
9,9
9,9
9,9
9,9
9,9
9,20
9,9
9,9
9,9
9,9
9,9
9,9
9,22
9,9
9,9
9,9
9,9
9,9
9,9
9,9
9,9
9,9
9,9
9,9
9,9
9,9
9,9
9,9
9,9
9,9
9,9
9,9
9,9
9,9
9,9
9,24
10,10
10,10
10,10
10,10
10,10
10,10
10,10
10,10
10,10
10,10
10,10
10,10
10,10
10,10
10,10
10,10
10,4
10,4
10,10
10,10
10,10
10,10
10,10
10,10
10,10
10,10
10,10
10,10
10,10
10,10
10,10
10,10
10,10
10,10
10,10
10,10
10,10
10,10
10,10
10,4
10,4
10,12
10,10
10,12
10,10
10,10
10,10
10,10
10,10
10,10
10,12
10,10
10,10
10,10
10,10
10,10
10,10
10,10
10,10
10,10
10,10
10,10
10,10
10,10
10,10
10,10
10,10
10,10
10,10
11,10
11,10
11,10
11,5
11,11
11,28
11,5
11,10
11,10
11,10
11,5
11,5
11,5
11,4
11,10
11,10
11,5
11,11
11,11
11,5
11,5
11,11
11,5
11,10
11,5
11,10
11,10
11,5
11,5
11,28
11,10
11,5
11,5
11,5
11,11
11,11
11,28
11,28
11,10
11,10
11,10
11,5
11,5
12,12
12,10
12,10
12,12
12,12
12,10
12,10
12,10
12,10
12,10
12,10
12,10
12,10
12,4
12,25
12,13
12,5
12,3
12,4
13,25
13,13
13,2
13,22
13,13
13,5
13,5
13,25
13,13
13,5
13,25
13,13
13,13
13,13
13,13
13,13
13,5
13,13
13,13
13,13
13,22
13,13
13,5
13,4
13,5
13,13
13,13
13,13
13,13
13,13
13,13
13,4
13,13
13,25
13,5
13,13
13,13
13,5
13,13
13,5
13,13
13,5
13,13
13,13
13,13
13,13
13,13
13,2
13,13
13,13
13,13
13,22
13,13
13,2
13,22
13,5
13,13
13,13
13,2
13,13
13,4
14,10
14,10
14,10
14,5
14,3
14,25
14,19
14,14
14,17
14,17
14,17
14,17
14,17
14,17
14,14
15,19
15,19
15,25
15,5
15,19
15,19
15,19
16,4
16,8
16,28
16,28
16,28
16,13
16,5
17,3
17,3
17,3
17,11
17,11
17,17
17,17
17,17
17,18
17,17
17,17
17,17
17,17
17,3
17,17
17,17
17,3
17,18
17,25
18,18
18,18
18,18
18,18
18,18
18,18
18,18
18,18
18,18
18,18
18,18
18,18
18,18
18,18
18,18
18,18
18,18
18,18
18,18
18,17
18,3
19,15
19,17
19,19
19,4
19,19
19,17
19,17
19,19
19,17
19,17
19,11
20,21
20,20
20,21
20,20
20,9
20,22
20,2
20,22
20,21
20,21
20,20
20,7
20,13
20,13
20,2
20,20
20,20
20,7
20,8
20,4
20,13
20,7
20,7
20,13
20,20
20,20
20,20
21,21
21,9
21,21
21,21
21,21
21,21
21,21
21,2
21,21
21,21
21,21
21,20
21,21
22,15
22,15
22,22
22,22
22,22
22,15
22,9
22,25
22,25
22,22
22,22
22,22
22,22
22,5
22,13
22,2
22,2
22,22
22,22
22,22
22,2
22,22
22,22
23,23
23,23
23,23
23,7
23,23
23,7
23,20
23,7
23,20
23,23
23,20
23,23
23,23
23,23
23,23
24,11
24,11
24,11
24,5
24,10
24,10
24,3
24,26
24,2
24,16
24,26
24,11
24,11
24,11
24,11
24,11
24,10
24,11
24,10
24,11
24,11
24,10
24,2
25,4
25,25
25,25
25,25
25,25
25,25
25,25
25,3
25,18
25,25
25,25
25,25
25,25
25,25
26,5
26,5
26,5
26,5
26,5
26,5
26,11
26,22
26,22
26,2
26,2
26,2
26,22
26,22
26,22
26,22
26,26
26,3
26,3
26,26
26,26
26,26
26,3
26,3
26,3
26,3
26,3
26,27
26,22
26,22
26,27
26,22
26,22
26,3
26,26
26,10
26,26
26,10
26,26
27,22
27,25
27,25
27,22
27,22
27,19
27,3
27,3
27,27
27,22
27,22
27,22
27,22
28,5
28,5
28,5
28,5
28,5
28,5
28,5
28,5
28,5
28,28
28,5
28,5
28,28
28,28
28,5
28,5
28,5
0,0
0,0
0,0
0,0
0,0
0,0
0,0
0,0
0,0
0,0
0,0
0,0
0,0
0,0
0,0
0,0
0,0
0,0
0,0
0,2
0,0
0,0
0,0
0,0
0,0
0,0
0,0
0,0
0,0
0,0
0,0
0,0
0,0
0,0
0,0
0,0
0,0
0,0
0,0
0,0
0,0
0,0
0,0
0,0
0,2
0,0
0,0
0,2
0,0
0,0
0,0
0,0
0,2
0,0
0,0
0,0
0,0
0,0
0,0
0,0
0,0
0,0
0,0
0,0
0,0
0,0
0,0
0,0
0,0
0,0
0,0
0,0
0,0
0,0
0,0
0,0
0,0
0,0
0,0
0,0
0,0
0,0
0,0
0,0
0,0
0,0
0,0
0,0
0,0
0,0
0,0
0,0
0,0
0,0
0,0
0,0
0,0
0,0
0,0
0,0
0,0
0,0
0,0
0,0
0,0
0,0
0,0
0,0
0,0
0,0
0,0
0,0
0,0
0,0
0,0
0,2
0,0
0,0
0,0
0,0
0,0
0,0
0,0
0,0
0,0
0,0
0,0
0,0
0,0
0,0
0,2
0,0
0,0
0,0
0,0
0,0
0,0
0,0
0,0
0,0
0,0
0,0
0,0
0,0
0,0
0,0
0,0
0,0
0,0
0,0
0,0
0,0
0,0
0,0
0,0
0,0
0,0
0,2
0,0
0,0
0,0
0,0
0,0
0,0
0,0
0,0
0,0
0,0
0,0
0,0
0,0
0,0
0,0
0,0
0,0
0,0
0,2
0,0
0,0
0,0
0,0
0,0
0,0
0,0
0,0
0,0
0,0
0,0
0,0
0,0
0,0
0,0
0,0
0,0
0,0
0,0
0,0
0,0
0,0
0,0
0,0
0,0
0,0
0,1
2,2
2,2
2,2
2,2
2,2
2,2
2,2
2,2
2,2
2,2
2,2
2,2
2,2
2,2
2,2
2,2
2,2
2,2
2,2
2,2
2,2
2,2
2,2
2,2
2,2
2,2
2,2
2,2
2,2
2,2
2,2
2,2
2,2
2,2
2,2
2,2
2,2
2,2
2,2
2,2
2,2
2,2
2,2
2,2
2,2
2,2
2,2
2,2
2,2
2,2
2,2
2,2
2,2
2,2
2,2
2,2
2,2
2,2
2,8
2,2
2,2
3,3
3,3
3,3
3,3
3,3
3,3
3,3
3,3
3,3
3,10
3,5
3,3
3,3
3,3
3,3
3,3
3,3
3,3
3,3
3,3
3,3
3,3
3,3
3,3
3,3
3,3
3,3
3,3
3,3
3,3
3,3
3,3
3,3
3,3
3,3
3,3
3,3
3,3
3,3
3,3
3,3
3,3
3,3
3,3
3,3
3,3
3,3
3,17
3,3
3,3
3,11
3,3
3,4
3,11
3,4
3,3
3,3
3,3
3,3
3,3
3,3
3,3
3,3
3,3
3,3
3,3
3,3
4,13
4,13
4,13
4,13
4,4
4,4
4,4
4,13
4,13
4,13
4,13
4,11
4,4
4,4
4,5
4,5
4,5
4,10
4,4
4,4
4,4
4,4
4,4
4,4
4,10
4,4
4,4
4,4
4,4
4,4
4,4
4,11
4,17
4,17
4,17
4,17
4,17
4,11
4,11
4,4
4,4
4,5
4,4
4,4
4,4
4,4
4,10
4,4
4,13
5,5
5,5
5,5
5,5
5,5
5,5
5,10
5,5
5,10
5,5
5,10
5,5
5,10
5,5
5,10
5,10
5,10
5,10
5,5
5,5
5,10
5,5
5,5
5,10
5,10
5,10
5,10
5,10
5,5
5,5
5,5
5,10
5,10
5,5
5,5
5,5
5,5
5,5
5,5
5,5
5,5
5,5
5,5
5,5
5,5
5,5
5,13
5,5
5,5
5,5
5,13
5,5
5,5
5,5
5,5
5,5
5,13
5,5
5,13
6,6
6,2
6,6
6,6
6,6
6,6
6,6
6,6
6,6
6,6
6,2
6,6
6,6
6,6
6,6
6,6
6,6
6,6
6,6
6,6
6,6
6,6
6,6
6,6
6,6
7,7
7,7
7,7
7,7
7,7
7,7
7,7
7,7
7,7
7,7
7,7
7,7
7,13
7,7
7,7
7,7
7,7
7,7
7,7
7,7
7,7
7,7
7,7
7,7
7,7
7,7
7,7
7,7
7,7
7,7
7,7
7,7
7,7
7,7
7,0
8,8
8,8
8,8
8,8
8,8
8,8
8,8
8,8
8,8
8,8
8,8
8,8
8,8
8,8
8,8
8,8
8,8
8,8
8,8
8,8
8,8
8,8
8,8
8,8
8,8
8,8
8,8
8,8
8,9
8,8
8,8
8,8
8,8
8,8
8,8
8,8
8,8
8,8
8,8
8,8
8,8
8,8
8,8
8,17
8,8
8,8
8,8
9,9
9,9
9,9
9,9
9,9
9,9
9,9
9,9
9,9
9,9
9,9
9,9
9,9
9,9
9,9
9,9
9,9
9,9
9,9
9,9
9,9
9,9
9,9
9,9
9,9
9,9
9,9
9,9
9,9
9,9
9,9
9,9
9,9
9,9
9,9
9,9
9,9
9,9
9,9
9,8
9,9
9,9
9,9
9,9
9,9
9,9
9,9
9,9
9,9
9,9
9,9
9,7
9,0
9,9
9,9
9,9
9,9
9,9
9,9
9,9
9,7
9,7
9,9
9,7
9,9
9,20
9,20
9,17
9,17
9,25
9,4
9,25
9,22
9,8
9,9
9,8
9,8
9,8
9,8
9,9
9,8
9,9
9,9
9,8
9,9
9,8
9,13
9,2
9,22
10,10
10,10
10,10
10,10
10,10
10,10
10,10
10,10
10,10
10,10
10,10
10,10
10,10
10,10
10,5
10,5
10,5
10,10
10,10
10,10
10,10
10,10
10,4
10,10
10,10
10,10
10,10
10,10
10,10
10,10
10,10
10,10
10,10
10,18
10,10
10,10
10,10
10,10
10,10
10,10
10,10
10,10
10,10
10,10
10,10
10,10
10,10
10,4
10,10
10,10
10,10
10,10
10,10
10,10
10,10
10,10
10,10
10,10
10,10
10,10
10,10
10,10
10,10
10,10
10,10
10,10
10,10
10,11
10,11
10,11
10,11
10,11
10,11
10,11
10,10
10,10
10,11
10,10
10,4
10,10
10,10
10,10
10,10
10,10
10,10
10,10
10,10
10,10
10,10
10,10
10,10
10,10
10,10
10,10
10,10
10,10
10,10
10,10
10,4
10,4
10,4
10,10
10,10
10,4
10,13
10,13
10,5
10,10
10,10
10,10
10,5
10,5
10,10
10,5
10,10
10,10
10,10
10,10
10,10
10,10
11,11
11,11
11,11
11,11
11,11
11,11
11,11
11,11
11,11
11,11
11,11
11,11
11,11
11,11
11,11
11,11
11,11
11,11
11,11
11,11
11,11
11,11
11,11
11,11
11,11
11,11
11,11
11,11
11,11
11,11
11,11
11,11
11,11
11,11
11,11
11,11
11,11
11,11
11,11
11,11
11,11
11,11
11,11
11,11
11,11
11,11
11,11
11,4
11,11
11,11
11,11
11,11
11,11
11,11
11,11
11,11
11,11
11,11
11,11
11,11
11,11
11,4
11,11
11,10
11,11
11,11
11,11
11,11
11,11
12,11
12,4
12,5
12,10
12,5
12,10
12,10
12,10
12,4
12,10
12,10
12,13
12,4
12,10
12,10
12,10
13,13
13,8
13,4
13,13
13,13
13,13
13,11
13,11
13,11
13,4
13,13
13,8
13,8
13,13
13,13
13,13
13,13
13,13
13,18
13,17
13,11
13,11
13,4
13,4
13,8
14,3
14,11
14,3
14,10
14,10
14,10
14,10
14,10
14,19
14,7
14,19
14,19
14,14
14,18
14,3
15,25
15,25
15,15
15,15
15,19
16,13
16,25
16,3
16,4
16,13
16,22
17,17
17,17
17,17
17,17
17,17
17,17
17,17
17,17
17,17
17,17
17,17
17,17
17,17
17,17
17,17
17,17
17,18
17,17
18,11
18,18
18,18
18,18
18,3
18,3
18,3
18,3
18,18
18,18
18,5
19,28
19,4
19,28
19,13
19,19
19,3
19,19
19,1
19,19
19,14
19,19
19,19
19,7
19,19
19,21
19,19
19,19
20,9
20,20
20,9
20,7
20,7
20,21
20,20
20,19
20,20
20,9
20,18
20,9
20,9
20,9
20,20
21,8
21,21
21,22
21,19
21,21
21,9
21,22
21,20
21,17
21,9
21,13
21,27
21,20
21,21
21,20
22,8
22,22
22,13
22,2
22,13
22,22
22,10
22,5
22,2
22,5
22,10
22,5
22,4
22,25
22,13
22,10
22,10
22,12
22,10
22,12
22,12
22,4
22,4
22,8
22,3
22,22
22,2
22,22
22,13
22,2
22,2
22,22
22,22
22,2
22,2
22,10
22,13
23,23
23,23
23,23
23,23
23,23
23,23
23,23
23,23
23,7
23,23
23,23
24,11
24,11
24,24
24,26
24,24
24,11
24,11
24,11
24,12
24,11
24,11
24,1
24,11
24,12
24,1
24,11
24,12
25,11
25,1
25,18
25,13
25,3
25,18
25,3
25,3
25,18
25,13
25,4
25,18
26,5
26,5
26,13
26,13
26,13
26,5
26,5
26,5
26,5
26,4
26,13
26,13
26,5
26,5
26,5
26,5
26,5
26,13
26,13
26,5
26,5
26,5
26,13
27,25
27,4
27,5
27,13
27,22
27,22
27,8
27,9
27,9
27,18
27,25
27,19
27,22
27,22
27,8
28,10
28,28
28,5
28,5
28,5
28,5
28,5
28,5
28,28
1,1
1,1
1,1
1,1
1,1
1,1
1,1
1,1
1,1
1,1
1,1
1,1
1,1
1,1
1,1
1,1
1,11
1,1
1,1
1,1
1,1
1,1
1,1
1,1
1,1
1,1
1,1
1,1
1,1
1,1
1,1
1,1
1,1
1,1
1,1
1,1
1,11
1,1
1,1
1,1
1,1
1,1
1,3
1,1
1,1
1,1
1,1
1,1
1,1
1,1
1,1
1,11
1,1
1,1
1,1
1,1
1,1
1,1
1,1
1,1
1,1
1,1
1,1
1,1
1,1
1,1
1,1
1,1
1,1
1,0
1,1
1,1
1,1
1,1
1,1
1,1
1,1
1,1
1,1
1,1
1,1
1,1
1,1
1,1
1,1
1,1
1,1
1,1
1,1
2,2
2,2
2,2
2,2
2,13
2,13
2,2
2,4
2,4
2,2
2,2
2,2
2,2
2,2
2,2
2,2
2,2
2,22
2,2
2,2
2,2
2,2
2,28
2,13
2,11
2,11
2,11
2,2
2,2
2,2
2,2
2,2
2,2
2,2
2,2
2,13
2,2
2,2
2,13
2,2
2,2
2,22
2,2
3,3
3,3
3,3
3,3
3,3
3,3
3,3
3,3
3,3
3,3
3,3
3,3
3,3
3,3
3,3
3,3
3,3
3,3
3,3
3,3
3,3
3,3
3,3
3,3
3,3
3,3
3,3
3,3
3,3
3,3
3,3
3,3
3,3
3,3
3,3
3,3
3,3
3,3
3,3
4,11
4,11
4,11
4,11
4,11
4,13
4,11
4,1
4,13
4,2
4,13
4,11
4,11
4,12
4,11
4,11
4,11
4,11
4,11
4,11
4,11
4,11
4,11
4,11
4,11
4,13
4,13
4,13
4,24
4,13
4,1
6,6
6,6
6,6
6,6
6,6
6,6
6,6
6,6
6,6
6,6
6,6
6,6
6,6
6,6
6,6
6,6
6,6
6,6
6,6
6,6
6,6
6,6
6,2
6,6
6,6
7,7
7,7
7,24
7,7
7,9
7,11
7,24
7,7
7,7
7,7
7,7
7,7
7,7
7,7
7,7
7,7
7,9
7,7
7,24
7,7
7,7
7,7
7,7
7,7
7,7
7,14
7,24
7,3
7,1
7,24
7,24
7,24
7,7
8,8
8,8
8,8
8,8
8,8
8,8
8,8
8,8
8,8
8,8
8,8
8,8
8,8
8,8
8,8
8,8
8,8
8,8
8,8
8,8
8,8
8,8
8,8
8,8
8,8
8,8
8,8
8,8
8,8
8,7
8,8
8,8
8,8
9,9
9,9
9,9
9,9
9,9
9,9
9,9
9,9
9,9
9,9
9,7
9,9
9,9
9,9
9,27
9,9
9,9
9,9
9,9
9,9
9,9
9,9
9,9
9,9
9,9
9,9
9,9
9,7
9,9
9,9
9,9
9,9
9,9
9,9
9,13
9,9
9,9
9,9
9,4
9,7
9,7
9,9
9,9
9,9
9,9
9,9
9,7
9,8
9,9
9,9
9,9
10,12
10,12
10,10
10,12
10,12
10,10
10,10
10,12
10,12
10,10
10,12
10,12
10,10
10,12
10,12
10,10
10,10
10,10
10,12
10,12
10,10
10,10
10,10
10,10
10,12
10,10
10,12
10,12
10,10
10,10
10,1
10,10
10,28
10,12
10,12
10,10
10,10
10,12
10,1
10,1
10,12
10,12
10,12
10,12
10,12
10,12
10,12
10,12
10,10
10,11
10,10
10,10
10,10
10,10
10,10
10,12
10,12
10,1
10,10
10,1
10,12
11,11
11,12
11,12
11,11
11,11
11,11
11,11
11,11
11,12
11,11
11,12
11,11
11,12
11,12
11,12
11,12
11,12
11,12
11,12
11,12
11,12
11,11
11,11
11,11
11,1
11,12
11,12
11,1
11,11
11,12
11,17
11,17
11,12
11,12
11,12
11,11
11,17
11,17
11,17
11,12
11,12
11,17
11,12
11,12
11,11
11,12
11,17
11,12
11,12
11,12
11,11
11,11
11,12
11,11
11,1
11,11
11,10
11,12
11,12
11,11
11,11
11,11
11,11
11,12
11,12
11,12
11,12
11,12
11,11
12,12
12,12
12,12
12,12
12,12
12,12
12,12
12,12
12,17
12,12
12,10
12,10
12,12
12,12
12,12
12,12
12,12
12,12
12,12
12,17
12,12
12,12
12,12
12,17
12,12
12,17
12,17
12,17
12,12
12,12
12,12
12,12
12,12
12,12
12,12
12,12
12,12
12,12
12,17
12,17
12,12
12,12
12,12
12,12
12,12
12,12
12,12
12,12
12,17
12,17
12,12
12,12
12,17
12,17
12,12
12,12
12,17
12,12
12,12
13,13
13,24
13,24
13,1
13,26
13,26
13,13
13,13
13,13
13,13
13,26
13,26
13,24
13,13
13,13
13,5
13,12
13,26
13,12
13,3
13,1
13,13
13,24
13,1
13,1
13,24
13,1
13,1
13,24
13,1
13,26
14,12
14,12
14,12
14,12
14,12
14,12
14,12
14,5
14,26
14,3
14,19
14,24
14,12
14,17
14,14
15,16
15,19
15,19
15,2
15,7
16,10
16,24
16,7
16,1
16,1
16,14
16,26
16,3
17,18
17,20
17,17
17,3
17,12
17,12
17,12
17,23
17,17
17,23
17,23
17,23
17,23
17,23
17,23
17,17
17,3
17,3
17,11
17,10
17,10
17,10
17,11
17,11
17,11
17,11
17,11
18,4
18,11
18,3
18,17
18,17
18,3
18,18
18,18
18,3
18,4
18,19
18,19
18,1
19,13
19,3
19,17
19,17
19,13
19,3
19,3
19,14
20,20
20,14
20,17
20,21
20,20
20,7
20,7
20,24
20,7
20,7
20,7
20,7
20,7
20,20
20,6
21,21
21,21
21,21
21,20
21,22
21,21
21,20
21,21
21,21
21,9
21,7
21,7
22,22
22,2
22,22
22,8
22,22
22,22
22,22
22,22
22,22
22,22
22,2
22,22
22,22
22,25
22,22
22,8
22,22
22,8
22,22
22,22
22,22
22,22
22,22
22,22
22,22
22,22
22,22
22,22
22,22
22,22
22,22
22,22
22,22
22,22
22,22
22,22
22,22
22,22
22,22
22,22
22,22
22,22
22,22
22,22
22,22
22,22
22,25
22,25
22,22
22,22
22,22
22,22
22,22
22,5
22,22
22,22
22,22
22,22
22,22
23,23
23,23
23,23
23,23
23,23
23,23
23,23
23,23
23,23
24,24
24,14
24,26
24,24
24,9
24,24
24,1
24,26
24,26
24,1
24,24
24,24
24,24
24,10
24,10
24,1
24,12
24,1
24,1
24,10
24,1
24,13
24,24
24,24
24,26
24,24
24,24
24,1
24,1
25,25
25,15
25,25
25,15
25,25
25,25
25,25
25,3
25,25
25,19
25,25
26,1
26,3
26,1
26,1
26,1
26,1
26,1
26,12
26,14
26,0
26,12
26,12
26,12
26,1
26,11
26,12
26,1
26,12
26,1
26,19
26,19
26,19
26,3
26,1
26,1
26,12
26,13
26,13
26,24
28,1
28,1
28,1
28,10
28,1
28,26
28,26
28,1
28,1
0,2
0,0
0,0
0,0
0,0
0,0
0,0
0,0
0,0
0,0
0,0
0,0
0,0
0,0
0,0
0,0
0,0
0,0
0,0
0,0
0,0
0,0
0,0
0,0
0,0
0,0
0,0
0,2
0,0
0,0
0,0
0,0
0,0
0,0
0,0
0,2
0,2
0,2
0,0
0,0
0,0
0,2
0,2
0,0
0,0
0,0
0,0
0,0
0,0
0,0
0,0
0,0
0,0
0,0
0,0
0,2
0,0
0,0
0,0
0,0
0,0
0,0
0,0
0,0
0,0
0,0
0,0
0,0
0,0
0,0
0,0
0,0
0,0
0,0
0,0
0,2
0,0
0,0
0,2
0,0
0,0
0,0
0,0
0,0
0,0
0,0
0,0
0,0
0,0
0,0
0,0
0,2
0,0
0,0
0,2
0,0
0,0
0,0
0,2
0,0
0,0
0,0
0,0
0,0
0,0
0,0
0,0
0,0
0,0
0,0
0,0
0,0
0,2
0,2
0,0
0,2
0,0
0,0
0,0
0,0
0,0
0,0
0,0
0,0
0,0
0,0
0,0
0,0
0,0
0,0
0,2
0,2
0,2
0,0
0,0
0,0
0,0
0,2
0,0
0,0
0,0
0,2
0,0
0,0
0,0
0,0
0,0
0,0
2,2
2,2
2,2
2,2
2,2
2,2
2,22
2,2
2,2
2,2
2,2
2,2
2,2
2,22
2,2
2,2
2,2
2,2
2,2
2,2
2,2
2,2
2,2
2,2
2,2
2,2
2,2
2,2
2,2
2,22
2,2
2,2
2,2
2,2
2,2
2,2
2,13
2,2
2,13
2,4
2,22
2,2
2,2
3,3
3,3
3,3
3,3
3,3
3,3
3,3
3,3
3,3
3,3
3,3
3,3
3,17
3,17
3,3
3,3
3,20
3,3
3,3
3,3
3,3
3,3
3,3
3,17
3,3
3,3
3,3
3,17
3,17
3,3
3,13
3,13
3,3
3,3
3,17
3,3
3,3
3,3
3,3
3,3
3,3
3,17
3,17
4,4
4,4
4,13
4,13
4,4
4,4
4,4
4,4
4,11
4,11
4,11
4,11
4,11
4,11
4,11
4,4
4,4
4,4
4,4
4,4
4,4
4,2
4,11
4,11
4,11
4,11
4,11
4,11
4,4
4,4
4,4
4,4
4,4
4,4
4,2
4,2
4,6
4,2
4,4
4,4
4,4
4,4
4,4
5,5
5,5
5,5
5,4
5,5
5,5
5,5
5,5
5,5
5,5
5,5
5,5
5,5
5,5
5,5
5,5
5,13
5,2
5,28
5,5
5,5
5,28
5,5
5,13
5,13
5,2
5,13
5,5
5,5
5,5
5,5
5,5
5,5
5,5
5,5
5,5
5,5
5,5
5,5
6,6
6,6
6,6
6,6
6,2
6,2
6,6
6,2
6,2
6,2
6,2
6,2
6,6
6,6
6,6
6,6
6,6
6,6
6,6
6,6
6,6
6,6
6,2
6,6
6,6
6,6
6,6
6,6
6,6
6,6
6,6
7,7
7,7
7,7
7,7
7,7
7,7
7,7
7,7
7,20
7,7
7,13
7,2
7,7
7,9
7,7
7,20
7,9
7,2
7,7
7,7
7,9
7,7
7,9
7,7
7,7
7,7
7,7
7,7
7,7
7,7
7,7
7,7
7,7
7,7
7,7
8,8
8,8
8,8
8,8
8,8
8,8
8,8
8,8
8,8
8,8
8,8
8,8
8,8
8,8
8,8
8,8
8,8
8,8
8,8
8,8
8,8
8,8
8,8
8,8
8,8
9,8
9,9
9,8
9,9
9,9
9,9
9,9
9,9
9,9
9,9
9,9
9,9
9,9
9,9
9,9
9,9
9,9
9,9
9,9
9,9
9,9
9,9
9,9
9,9
9,9
9,9
9,9
9,8
9,20
9,8
9,8
9,9
9,22
9,9
9,8
9,9
9,9
9,9
9,9
9,9
9,9
9,9
9,9
9,9
9,9
9,9
9,9
9,9
9,9
9,9
9,9
9,9
9,9
9,9
9,9
9,9
9,9
9,22
9,9
10,10
10,10
10,10
10,10
10,10
10,10
10,10
10,10
10,10
10,10
10,10
10,10
10,10
10,10
10,10
10,10
10,10
10,10
10,10
10,10
10,10
10,10
10,10
10,10
10,10
10,10
10,10
10,10
10,10
10,10
10,10
10,10
10,10
10,10
10,10
10,10
10,10
10,10
10,10
10,10
10,10
10,10
10,10
10,10
10,10
10,10
10,10
10,10
10,10
10,4
10,4
10,10
10,10
10,10
10,10
10,10
10,10
10,10
10,10
10,5
10,10
10,10
10,10
10,10
10,10
10,10
10,10
10,10
10,10
10,10
10,10
10,10
10,10
10,10
10,10
10,10
10,10
10,10
10,10
10,10
10,10
10,10
10,10
10,10
10,10
10,10
10,10
10,10
10,10
11,4
11,4
11,11
11,11
11,11
11,11
11,11
11,11
11,11
11,11
11,11
11,11
11,11
11,11
11,11
11,4
11,11
11,11
11,11
11,11
11,4
11,11
11,11
11,11
11,11
11,11
11,11
11,11
11,4
11,10
11,4
11,11
11,10
12,10
12,12
12,12
12,12
12,12
12,12
12,12
12,10
12,12
12,12
12,12
12,12
12,12
12,12
12,12
12,12
12,12
12,12
12,12
12,12
12,12
12,12
12,12
12,12
12,10
12,12
12,12
12,12
12,12
12,12
12,12
12,12
12,12
12,12
12,12
12,10
12,12
12,12
12,12
13,13
13,13
13,8
13,13
13,4
13,4
13,4
13,13
13,2
13,28
13,13
13,13
13,5
13,13
13,13
13,13
13,13
13,5
13,22
13,22
13,2
13,2
13,13
13,22
13,22
13,13
13,13
13,5
13,13
14,12
14,12
14,10
14,10
14,12
14,10
14,4
14,14
14,14
14,11
14,12
14,3
14,3
14,3
14,11
14,3
14,11
14,3
14,11
14,11
14,11
15,25
15,25
15,25
15,15
15,22
15,22
15,22
15,15
15,20
15,25
16,13
16,4
16,28
16,2
16,2
16,28
16,13
16,28
16,28
17,9
17,8
17,18
17,17
17,17
17,17
17,17
17,17
17,17
17,17
17,17
17,17
17,17
17,17
17,17
17,13
17,25
18,18
18,18
18,18
18,18
18,18
18,18
18,18
18,17
18,18
18,18
18,3
19,9
19,13
19,25
19,19
19,19
19,11
19,19
19,17
19,18
19,19
23,23
23,23
23,23
23,23
23,23
23,23
23,23
23,23
23,23
23,23
23,23
24,3
24,3
24,11
24,11
24,11
24,3
24,9
24,25
24,18
24,18
24,2
25,13
25,13
25,13
25,13
25,28
25,13
25,3
25,18
25,7
25,13
25,13
25,25
28,28
28,28
28,28
28,28
28,28
28,4
28,22
28,28
28,28
28,22
28,28
28,28
28,28
0,0
0,0
0,0
0,0
0,0
0,0
0,0
0,0
0,4
0,4
0,0
0,0
0,0
0,0
0,0
0,4
0,0
0,0
0,20
0,8
0,1
0,3
0,0
0,0
0,0
0,0
0,0
0,0
0,0
0,0
0,0
0,0
0,0
0,0
0,0
0,0
0,1
0,7
0,19
0,3
0,25
0,8
0,6
0,0
0,0
0,7
0,19
0,1
0,19
2,2
2,2
2,22
2,2
2,2
2,2
2,2
2,2
2,2
2,13
2,2
2,2
2,2
2,2
2,2
2,2
2,2
2,2
2,13
2,5
2,5
2,13
2,13
2,5
2,5
2,5
2,5
2,2
2,2
2,2
2,22
2,5
2,5
2,5
2,13
2,2
2,2
2,13
2,8
2,2
2,2
2,13
2,13
2,13
2,2
2,13
2,13
2,2
2,2
2,2
2,8
3,3
3,3
3,3
3,3
3,17
3,3
3,3
3,3
3,3
3,3
3,3
3,17
3,3
3,3
3,3
3,3
3,3
3,3
3,3
3,3
3,3
3,3
3,17
3,3
3,3
3,3
3,3
3,3
3,3
3,3
3,4
3,11
3,3
3,3
3,3
3,3
3,3
3,4
3,3
3,3
3,3
3,3
3,3
3,3
3,3
3,3
3,3
3,3
3,3
3,3
3,3
3,3
3,3
3,3
3,3
3,18
3,3
3,17
3,3
3,3
3,3
3,3
3,11
3,11
3,3
3,17
3,3
3,9
3,3
3,3
3,3
3,3
3,3
3,3
3,3
3,3
3,3
3,4
3,3
3,3
3,3
3,3
3,3
3,3
3,3
3,17
3,3
3,17
3,3
3,3
3,3
3,17
3,3
4,4
4,8
4,8
4,2
4,4
4,2
4,8
4,4
4,11
4,11
4,4
4,4
4,4
4,4
4,4
4,4
4,4
4,4
4,4
4,4
4,4
4,4
4,4
4,4
4,4
4,1
4,4
4,4
4,4
4,4
4,11
4,4
4,4
4,13
4,11
4,11
4,4
6,0
6,2
6,0
6,6
6,6
6,2
6,6
6,6
6,6
6,6
6,6
6,6
6,6
6,6
6,2
6,6
6,6
6,6
6,6
6,6
6,6
6,2
6,6
6,6
6,2
6,2
6,2
6,6
6,2
7,7
7,7
7,7
7,7
7,8
7,6
7,9
7,7
7,6
7,7
7,7
7,9
7,7
7,7
7,7
7,7
7,7
7,9
7,7
7,9
7,9
7,9
7,7
7,4
7,4
7,7
7,9
7,9
7,7
8,8
8,8
8,8
8,8
8,8
8,8
8,8
8,8
8,8
8,8
8,8
9,21
9,20
9,9
9,9
9,9
9,9
9,9
9,9
9,9
9,9
9,9
9,9
9,9
9,9
9,9
9,9
9,9
9,8
9,9
9,6
9,8
9,9
9,9
9,9
9,8
9,8
9,8
9,9
9,9
9,8
9,8
9,21
9,9
9,9
9,4
9,25
9,4
9,4
9,26
9,4
9,9
9,9
9,7
9,9
9,9
9,9
9,9
9,9
9,9
9,9
9,9
9,9
9,19
9,9
9,9
9,9
9,9
9,9
9,27
9,15
9,15
9,9
9,21
10,5
10,5
10,10
10,2
10,2
10,5
10,5
10,4
10,10
10,4
10,10
10,10
10,10
10,10
10,10
10,10
10,10
10,10
10,10
10,2
10,2
10,4
10,4
10,4
10,10
10,10
10,10
10,10
10,4
10,10
10,10
10,10
10,10
10,2
10,10
10,10
10,10
10,10
10,10
10,10
10,10
10,10
10,10
10,10
10,10
10,10
10,2
10,4
10,2
10,10
10,10
10,10
10,10
10,10
10,2
10,13
10,4
10,4
10,13
10,2
10,10
10,10
10,10
10,10
10,10
10,10
10,10
10,4
10,10
11,11
11,11
11,11
11,11
11,11
11,11
11,4
11,4
11,11
11,11
11,11
11,11
11,11
11,11
11,11
11,11
11,11
11,11
11,11
11,11
11,11
11,11
11,8
11,4
11,11
11,11
11,11
11,11
11,4
11,4
11,11
11,11
11,11
11,11
11,11
11,4
11,4
11,11
11,4
11,11
11,11
11,11
11,11
11,11
11,11
11,11
11,11
11,11
11,11
11,11
11,11
11,11
11,11
11,11
11,11
11,11
11,11
11,11
11,11
11,11
11,11
11,11
11,11
11,11
11,11
11,11
11,11
11,11
11,11
11,11
11,11
11,11
11,11
11,11
11,17
11,11
11,11
11,11
11,11
11,4
11,4
11,11
11,11
11,11
11,11
11,4
11,4
11,11
11,4
11,11
11,11
11,11
11,4
11,4
11,11
11,11
11,11
11,11
11,11
12,10
12,12
12,12
12,12
12,3
12,12
12,12
12,12
12,12
12,12
12,12
12,12
12,12
12,12
12,12
12,12
12,12
12,12
12,12
12,12
12,12
12,12
12,12
12,12
12,12
12,12
12,12
12,12
12,3
12,12
12,12
12,12
12,12
12,12
12,3
12,12
12,12
12,12
12,12
12,3
12,12
12,12
12,12
12,12
12,12
12,12
12,12
12,12
12,12
12,12
12,12
12,12
12,12
12,12
12,3
12,12
12,12
12,12
12,12
13,25
13,4
13,4
13,4
13,13
13,0
13,13
13,25
13,4
13,4
13,11
13,4
13,4
13,13
13,13
13,3
13,4
13,4
13,13
13,4
13,9
13,9
13,13
13,4
13,4
13,4
13,4
13,13
13,13
13,4
13,4
13,13
13,2
13,4
13,11
13,11
13,11
13,4
13,9
13,4
13,13
13,13
13,4
13,13
13,13
13,4
13,4
13,4
13,4
13,9
13,4
13,13
13,4
13,4
13,4
14,3
14,3
14,10
14,10
14,3
14,3
14,3
14,4
14,4
14,11
14,4
15,22
15,21
15,8
15,27
15,15
15,22
15,15
15,21
15,22
16,2
16,13
16,13
16,2
16,10
17,3
17,18
17,18
17,18
17,17
17,17
17,17
17,17
17,17
17,17
17,17
17,17
17,17
17,17
17,17
17,17
17,17
17,17
17,17
17,17
17,17
17,17
17,17
17,17
17,17
17,9
18,11
18,11
18,3
18,3
18,18
18,18
18,18
18,18
18,4
18,4
18,4
18,4
18,0
18,2
18,0
18,8
18,4
18,18
18,18
18,18
18,18
18,11
18,11
18,18
18,18
19,14
19,11
19,19
19,19
19,19
19,9
19,19
20,20
20,20
20,20
20,20
20,20
20,20
20,9
20,20
20,20
20,20
20,9
20,9
20,9
21,21
21,21
21,21
21,21
21,21
21,21
21,21
21,21
21,21
21,9
22,8
22,2
22,2
22,2
22,2
22,22
22,2
22,22
22,22
22,2
22,22
22,22
22,22
22,22
22,22
22,2
22,22
22,27
22,22
22,22
22,2
22,26
22,26
22,22
22,2
22,22
22,22
22,22
22,22
23,23
23,23
23,23
23,23
23,23
23,23
23,23
23,23
23,23
23,23
23,23
23,23
23,23
23,23
23,23
23,23
23,23
24,26
24,9
24,24
24,24
24,24
24,0
24,4
24,2
24,6
24,0
24,26
24,7
24,24
24,24
24,1
24,26
24,7
25,13
25,2
25,9
25,9
25,13
25,4
25,4
25,13
25,5
25,13
25,13
25,8
26,13
26,13
26,4
26,3
26,12
26,11
26,4
26,4
26,4
26,11
26,4
26,4
26,4
26,4
26,11
26,11
26,11
26,11
26,11
26,11
26,11
26,4
26,5
26,13
26,13
26,13
26,4
26,10
26,4
26,4
26,13
26,4
26,5
26,13
26,10
26,4
26,13
26,4
26,4
26,13
26,13
26,5
26,3
26,13
26,4
26,13
26,10
26,4
26,4
26,4
26,12
26,4
26,5
26,12
26,4
26,12
26,4
26,13
26,13
27,27
27,27
27,27
27,27
27,27
27,9
27,26
27,19
27,8
27,9
27,9
27,13
27,13
27,13
27,2
27,2
27,11
27,13
27,25
27,17
27,27
27,22
27,20
27,21
27,20
27,27
27,22
27,8
27,22
28,5
28,5
28,28
28,28
28,5
28,28
28,5
28,28
28,28
28,28
28,5
28,5
28,5
28,5
28,5
28,13
28,13
28,13
28,4
28,13
28,13
28,13
28,4
28,11
28,4
28,13
28,5
28,13
28,13
28,5
28,5
28,5
28,5
0,0
0,0
0,0
0,0
0,0
0,0
0,0
0,0
0,0
0,0
0,0
0,0
0,0
0,0
0,0
0,0
0,0
2,2
2,2
2,2
2,2
2,2
2,2
2,2
2,2
2,2
2,2
2,2
2,2
2,2
2,2
2,2
2,2
2,22
2,2
2,2
2,2
2,2
2,2
2,22
2,2
2,2
2,2
2,2
2,2
2,2
2,2
3,3
3,3
3,3
3,3
3,3
3,3
3,3
3,3
3,3
3,3
3,13
3,13
3,3
3,3
3,3
3,3
3,3
3,3
3,3
3,3
3,3
3,3
3,3
3,3
3,3
3,3
3,3
3,3
3,3
3,3
3,3
4,11
4,4
4,11
4,11
4,4
4,4
4,11
4,11
4,11
4,4
4,11
4,11
4,11
4,11
4,11
4,11
4,11
4,4
4,11
4,11
4,1
4,1
4,11
4,4
4,13
6,6
6,6
6,6
6,6
6,6
6,6
6,6
6,6
6,6
6,6
6,6
6,6
6,6
7,7
7,7
7,13
7,7
7,7
7,9
7,8
7,27
7,7
7,7
7,7
7,7
7,0
7,7
7,7
7,7
7,7
7,9
7,7
7,7
7,7
7,9
7,7
7,7
7,11
8,13
8,13
8,8
8,8
8,8
8,8
8,8
8,8
8,8
8,8
8,8
8,8
8,8
8,8
8,8
8,8
8,8
8,8
8,8
8,8
8,8
9,9
9,9
9,9
9,3
9,9
9,9
9,7
9,20
9,9
9,9
9,9
9,9
9,9
9,9
9,9
9,9
9,9
9,9
9,9
9,9
9,19
9,3
9,19
9,9
9,9
9,9
9,9
9,9
9,9
9,9
9,9
9,9
9,9
9,9
9,9
9,9
9,9
9,9
9,9
10,10
10,10
10,10
10,10
10,10
10,10
10,10
10,10
10,10
10,10
10,10
10,10
10,10
10,10
10,10
10,10
10,10
10,10
10,10
10,10
10,10
10,10
10,10
11,11
11,11
11,11
11,11
11,11
11,11
11,11
11,11
11,11
11,11
11,11
11,11
11,11
11,11
11,11
11,11
11,11
11,11
11,11
11,11
11,11
11,11
11,11
11,11
11,11
11,11
11,11
11,11
11,11
11,11
11,11
11,11
11,11
11,11
11,11
11,11
11,11
11,11
11,11
11,11
11,11
11,14
11,11
11,11
11,11
11,11
11,11
11,11
11,11
11,11
11,11
11,11
11,11
11,11
11,11
11,11
11,11
11,11
11,11
11,11
11,11
11,11
11,17
12,12
12,12
12,12
12,12
12,12
12,12
12,12
12,12
12,12
12,12
12,12
12,12
12,12
12,12
12,12
12,12
12,12
12,12
12,12
12,12
12,12
12,12
12,12
12,12
12,12
12,12
12,12
12,12
12,12
13,13
13,5
13,5
13,13
13,13
13,5
13,13
13,13
13,5
13,5
13,5
13,13
13,13
13,13
13,13
13,10
13,28
13,13
13,2
13,13
13,13
13,13
13,13
13,5
13,5
13,5
13,13
13,13
13,13
13,13
13,13
13,13
13,11
13,28
13,5
13,5
13,5
13,5
13,28
14,3
14,17
14,19
14,19
14,19
14,14
15,13
15,15
15,25
15,25
15,22
15,25
15,18
15,3
16,4
16,19
16,7
16,0
16,13
16,7
17,3
17,13
17,5
17,18
17,17
17,17
17,18
17,18
17,18
17,1
17,3
17,3
17,18
17,3
17,3
17,5
17,13
18,11
18,3
18,17
18,17
18,18
18,3
18,12
18,12
18,3
18,18
18,17
18,3
18,13
19,19
19,19
19,19
19,19
19,19
19,1
19,1
19,17
19,14
19,19
19,19
19,24
20,15
20,20
20,20
20,20
20,20
20,20
20,20
20,21
20,9
20,7
20,13
20,9
20,9
20,19
20,9
20,9
20,7
21,21
21,21
21,9
21,2
21,2
21,8
21,25
21,3
21,3
21,13
21,22
21,20
21,22
22,22
22,25
22,22
22,22
22,22
22,22
22,22
22,22
22,2
22,22
22,22
22,22
22,22
22,2
22,2
22,22
22,5
22,22
22,2
22,2
22,2
22,2
22,22
23,23
23,23
23,23
23,6
24,19
24,17
24,14
24,24
24,4
24,24
24,1
24,1
24,0
24,14
24,14
24,24
24,1
24,1
24,1
25,25
25,25
25,25
25,25
25,25
25,15
25,25
25,4
25,25
25,25
25,25
25,25
25,25
25,4
25,15
26,13
26,13
26,18
26,13
26,4
26,3
26,13
26,3
26,13
26,13
26,11
26,11
26,2
26,4
26,11
26,11
26,11
26,11
26,4
27,5
27,5
27,5
27,13
27,5
27,13
27,2
27,9
27,25
27,20
27,13
27,13
27,13
27,13
27,13
27,13
27,13
27,2
27,9
27,27
27,18
27,3
27,5
28,5
28,5
28,2
28,5
28,2
28,11
28,10
28,5
28,13
28,13
28,13
28,13
28,10
28,11
28,5
28,2
28,28
0,1
0,1
0,1
0,1
0,1
0,1
0,1
0,1
0,1
0,1
0,0
0,1
0,1
0,1
0,0
0,1
0,1
0,1
0,0
0,1
0,1
0,1
0,1
0,1
0,1
0,0
0,0
0,0
0,1
0,1
0,1
0,1
0,1
0,1
0,1
0,1
0,1
0,0
0,12
0,0
0,1
0,1
0,1
0,1
0,1
0,1
0,1
0,1
0,1
0,1
0,1
0,1
0,1
0,0
0,1
0,14
0,1
0,1
0,1
0,1
0,1
0,1
0,1
0,1
0,1
0,0
0,0
0,0
0,0
0,0
0,1
0,0
0,0
0,1
0,1
0,1
0,1
0,1
0,1
0,12
0,1
0,1
0,1
0,0
0,1
0,1
0,1
0,0
0,1
0,1
0,12
0,0
0,12
0,12
0,0
0,0
0,12
0,12
0,12
0,1
0,3
0,0
0,0
0,0
0,0
0,1
0,1
0,1
0,1
0,1
0,1
0,1
0,1
0,19
0,1
0,1
0,1
0,1
0,0
0,1
0,1
0,1
0,1
0,3
0,1
0,1
0,1
0,1
0,1
0,1
0,1
0,1
0,11
0,1
0,1
0,1
0,1
0,1
0,11
0,11
0,0
0,0
2,2
2,2
2,2
2,2
2,2
2,2
2,15
2,2
2,2
2,2
2,2
2,2
2,2
2,2
2,2
2,2
2,2
2,2
2,2
2,2
2,2
2,2
2,2
2,2
2,2
2,13
2,2
2,2
2,2
2,2
2,2
2,2
2,2
2,2
2,2
2,2
2,2
2,2
2,2
2,2
2,2
2,2
2,2
2,2
2,2
2,2
2,2
2,2
2,2
2,2
2,22
2,21
2,21
2,2
2,2
2,2
2,2
2,2
2,2
3,3
3,3
3,3
3,3
3,25
3,3
3,18
3,3
3,3
3,3
3,3
3,3
3,10
3,3
3,10
3,10
3,3
3,17
3,3
3,3
3,3
3,3
3,3
3,3
3,25
3,25
3,25
3,3
3,3
3,3
3,3
3,3
3,3
3,3
3,10
3,25
3,3
3,3
3,3
3,3
3,3
3,3
3,3
3,3
3,3
4,4
4,8
4,4
4,4
4,13
4,4
4,4
4,4
4,8
4,8
4,4
4,4
4,4
4,28
4,4
4,5
4,5
4,4
4,4
4,8
4,4
4,4
4,22
4,4
4,4
4,4
4,4
4,4
5,5
5,28
5,28
5,5
5,5
5,5
5,28
5,5
5,5
5,5
5,5
5,5
5,5
5,5
5,5
5,28
5,5
5,5
5,5
5,5
5,5
5,22
5,5
5,5
5,5
5,28
5,5
5,5
5,5
5,5
5,5
5,5
5,5
5,5
5,5
5,5
5,5
5,5
5,5
5,5
5,13
6,6
6,6
6,6
6,6
6,6
6,6
6,6
6,6
6,6
6,6
6,6
6,6
6,6
6,6
6,6
6,6
6,6
6,6
6,6
6,6
6,6
7,7
7,7
7,8
7,7
7,7
7,7
7,7
7,7
7,7
7,7
7,7
7,7
7,7
7,7
7,7
7,7
7,7
7,7
7,7
7,7
7,7
7,7
7,7
7,7
7,9
7,9
7,7
7,7
7,9
7,7
7,7
7,7
7,8
7,7
7,7
7,8
7,7
8,8
8,8
8,8
8,8
8,8
8,8
8,8
8,8
8,8
8,8
8,8
8,8
8,8
8,8
8,8
8,8
8,8
8,8
8,8
8,8
8,9
8,8
8,8
8,8
8,8
8,8
8,8
8,8
8,8
8,8
8,8
8,8
8,8
8,8
8,8
8,8
8,8
8,8
8,8
8,8
8,8
9,9
9,8
9,9
9,8
9,9
9,9
9,9
9,9
9,9
9,9
9,9
9,9
9,9
9,9
9,9
9,9
9,9
9,9
9,9
9,8
9,9
9,9
9,9
9,9
9,8
9,9
9,9
9,9
9,9
9,7
9,9
9,9
9,9
9,9
9,9
10,10
10,10
10,10
10,10
10,10
10,10
10,10
10,10
10,10
10,10
10,10
10,10
10,10
10,10
10,10
10,10
10,10
10,10
10,10
10,10
10,10
10,10
10,10
10,10
10,22
10,22
10,10
10,10
10,10
10,10
10,10
10,10
10,10
10,10
10,10
11,11
11,11
11,11
11,11
11,12
11,12
11,12
11,10
11,10
11,11
11,11
11,11
11,10
11,11
11,12
11,11
11,11
11,11
11,11
11,11
11,11
11,11
11,11
11,11
11,11
11,12
11,11
11,11
11,11
11,11
11,11
11,11
11,11
12,12
12,12
12,12
12,12
12,12
12,12
12,12
12,12
12,12
12,12
12,12
12,12
12,12
12,12
12,12
12,12
12,12
12,12
12,12
12,12
12,12
12,12
12,12
12,12
12,12
12,3
12,12
13,13
13,8
13,13
13,13
13,13
13,13
13,22
13,5
13,13
13,13
13,13
13,2
13,5
13,13
13,2
13,4
13,8
13,13
13,13
13,2
13,13
13,5
13,5
13,13
13,13
13,2
13,5
13,13
13,13
14,12
14,12
14,26
14,19
14,14
14,19
14,17
14,17
14,17
14,17
14,17
14,14
14,14
15,25
15,21
15,22
15,15
15,19
15,15
16,22
16,21
16,14
16,14
16,25
16,22
16,25
16,15
17,19
17,17
17,17
17,17
17,3
17,17
17,17
17,17
17,17
17,3
17,3
17,3
17,17
17,17
17,17
17,17
17,17
17,17
17,17
17,17
17,3
18,18
18,18
18,18
18,18
18,13
18,17
18,18
18,17
18,17
18,18
18,18
18,17
18,3
18,18
18,4
19,19
19,17
19,17
19,3
19,19
19,19
19,19
20,9
20,20
20,2
20,20
20,21
20,20
20,20
20,20
20,25
20,8
20,9
20,21
20,9
20,20
20,25
21,21
21,21
21,22
21,21
21,21
21,21
22,22
22,22
22,22
22,5
22,22
22,22
22,22
22,22
22,22
22,13
22,22
22,22
22,22
22,22
22,22
22,22
22,22
22,22
22,22
22,5
22,22
22,22
22,22
23,23
23,23
23,23
23,23
23,23
23,23
23,23
23,23
23,23
23,23
24,7
24,7
24,0
24,24
24,1
24,1
24,1
24,24
24,26
24,24
24,0
24,1
24,1
24,1
24,1
25,25
25,25
25,18
25,5
25,18
25,18
25,18
25,18
25,18
25,25
25,8
26,27
26,13
26,26
26,26
26,26
26,5
26,13
26,26
26,13
26,26
26,13
26,26
26,26
26,26
26,26
26,5
26,5
26,5
26,5
26,13
26,5
26,5
26,26
26,5
26,26
26,13
26,5
26,26
26,13
27,13
27,22
27,26
27,19
27,19
27,3
27,3
27,26
27,2
27,13
28,28
28,28
28,5
28,5
28,5
28,28
28,28
28,28
28,5
28,28
28,28
28,13
28,28
28,8
28,8
28,4
28,4
0,0
0,0
0,0
0,0
0,0
0,0
0,0
0,0
0,0
0,0
0,0
0,0
0,0
0,0
0,0
0,0
0,0
0,0
0,0
0,0
0,0
0,0
0,0
0,0
0,0
0,0
0,0
0,0
0,0
0,0
0,0
0,0
0,0
0,0
0,0
0,2
0,2
0,0
0,24
0,0
0,0
0,0
0,0
0,0
0,0
0,0
0,0
0,0
0,0
0,0
0,1
0,0
0,0
0,0
0,0
0,0
0,0
0,0
0,0
0,0
0,0
0,0
0,0
0,0
0,0
0,0
0,0
0,0
0,0
0,0
0,0
0,0
0,0
0,0
0,0
0,0
0,0
0,0
0,0
0,0
0,0
0,0
0,0
0,0
0,0
0,0
0,0
0,2
0,0
0,0
0,0
0,0
0,0
0,0
0,0
0,0
0,0
0,0
0,0
0,0
0,0
0,0
0,0
0,0
0,0
0,2
0,0
0,0
0,0
0,0
0,0
0,2
0,2
0,0
0,0
0,0
0,0
0,0
0,0
0,0
0,2
0,0
0,0
0,0
0,0
0,0
0,0
0,0
0,0
0,0
0,0
0,0
0,0
0,0
0,0
0,0
0,0
0,0
0,0
0,0
0,0
0,0
0,0
0,0
0,0
0,0
0,0
0,0
0,0
0,0
0,0
0,0
0,0
0,0
0,0
0,0
0,0
0,0
0,0
0,0
0,0
0,0
0,0
0,0
0,0
0,0
0,0
0,0
0,0
0,0
0,0
0,0
0,0
0,0
0,0
0,0
0,0
0,0
0,0
0,0
0,0
0,0
0,0
0,0
0,0
0,0
0,0
0,0
0,0
0,0
0,0
0,0
0,0
0,0
0,0
0,0
0,0
0,0
0,0
0,0
0,0
0,0
0,0
0,0
0,0
0,0
0,0
0,0
0,0
0,0
0,0
0,0
0,0
0,0
2,2
2,2
2,2
2,2
2,2
2,2
2,2
2,2
2,2
2,2
2,2
2,2
2,2
2,2
2,2
2,13
2,2
2,2
2,2
2,2
2,2
2,22
2,2
2,2
2,2
2,2
2,2
2,22
2,2
2,2
2,2
2,2
2,2
2,2
2,27
2,2
2,2
2,2
2,2
2,2
2,2
2,2
2,2
2,2
2,2
2,2
2,2
2,2
2,2
2,2
2,2
2,2
2,2
2,2
2,2
2,2
2,2
2,2
2,2
2,2
2,2
2,2
2,2
2,2
2,2
2,2
2,2
2,2
2,2
2,2
2,2
2,2
2,2
2,2
2,2
2,2
2,2
2,2
2,2
2,2
2,2
2,2
2,2
2,2
2,2
2,2
2,2
2,2
2,2
2,2
2,2
2,2
2,2
2,22
2,17
2,19
2,2
2,23
2,2
3,13
3,3
3,3
3,3
3,3
3,3
3,3
3,3
3,3
3,3
3,3
3,3
3,3
3,3
3,3
3,3
3,3
3,3
3,3
3,3
3,3
3,3
3,3
3,3
3,13
3,3
3,3
3,3
3,3
3,3
3,3
3,3
3,3
3,3
3,10
3,13
3,13
3,26
3,3
3,3
3,3
3,3
3,3
3,3
3,3
3,3
3,3
3,13
3,13
3,3
3,3
4,4
4,4
4,4
4,4
4,4
4,4
4,13
4,27
4,4
4,13
4,4
4,4
4,4
4,4
4,4
4,13
4,13
4,8
4,2
4,4
4,13
4,4
4,4
4,4
4,10
4,13
4,13
4,13
4,4
4,10
5,5
5,5
5,5
5,5
5,5
5,5
5,5
5,5
5,5
5,5
5,5
5,5
5,5
5,5
5,5
5,5
5,13
5,13
5,2
5,2
5,5
5,5
5,13
5,5
5,5
6,6
6,6
6,6
6,6
6,6
6,6
6,6
6,6
6,6
6,6
6,6
6,6
6,6
6,6
6,6
6,2
6,6
6,6
6,6
6,6
6,6
7,7
7,7
7,7
7,7
7,7
7,7
7,7
7,7
7,7
7,7
7,7
7,7
7,7
7,7
7,7
7,7
7,7
7,7
7,7
7,7
7,7
7,7
7,7
7,7
7,7
7,7
7,7
7,7
7,7
7,7
7,7
7,7
7,7
7,7
7,7
7,7
7,7
7,7
7,7
7,7
7,7
7,7
7,7
7,7
7,7
7,7
7,28
8,8
8,8
8,8
8,8
8,8
8,8
8,8
8,8
8,8
8,8
8,8
8,8
8,8
8,2
8,8
8,8
8,8
8,8
8,8
8,8
8,8
9,9
9,9
9,9
9,9
9,9
9,9
9,9
9,9
9,9
9,9
9,9
9,9
9,9
9,9
9,9
9,9
9,9
9,9
9,9
9,9
9,9
9,9
9,9
9,9
9,9
9,9
9,9
9,9
9,9
9,9
9,9
9,9
9,9
9,9
9,9
9,9
9,9
9,9
9,9
10,10
10,10
10,10
10,10
10,10
10,10
10,10
10,10
10,10
10,10
10,10
10,10
10,10
10,10
10,10
10,10
10,10
10,10
10,10
10,4
10,10
10,10
10,10
10,10
10,10
10,10
10,10
10,10
10,10
10,10
10,10
10,10
10,10
10,10
10,10
10,10
10,10
10,10
10,10
10,10
10,10
11,11
11,11
11,11
11,11
11,11
11,11
11,11
11,11
11,11
11,1
11,11
11,11
11,11
11,11
11,11
11,11
11,11
11,11
11,11
11,1
11,11
11,11
11,11
11,11
11,11
11,11
11,11
11,11
11,11
11,11
11,11
11,11
11,1
11,11
11,11
11,11
11,11
12,12
12,12
12,12
12,12
12,12
12,12
12,12
12,12
12,12
12,12
12,12
12,12
12,12
12,12
12,12
12,12
12,12
12,12
12,12
12,12
12,12
12,12
12,12
12,12
12,12
13,7
13,13
13,7
13,13
13,13
13,5
13,13
13,13
13,13
13,4
13,13
13,2
13,13
13,13
13,2
13,13
13,13
13,13
13,13
13,20
13,13
13,16
13,13
13,13
14,12
14,12
14,12
14,26
14,14
14,14
14,19
14,14
14,14
14,17
14,17
14,17
14,14
14,14
14,14
15,25
15,25
15,19
15,19
16,19
16,19
16,14
16,8
16,13
16,13
16,7
16,19
17,17
17,17
17,17
17,17
17,17
17,17
17,17
17,17
17,12
17,17
17,17
17,17
17,17
17,17
17,17
17,19
18,25
18,18
18,25
18,18
18,18
18,18
18,18
18,18
18,17
18,18
18,4
18,25
18,18
19,19
19,19
19,19
19,19
19,17
19,19
19,19
19,15
20,22
20,20
20,21
20,2
20,13
20,7
20,8
20,20
20,20
20,20
20,22
21,21
21,21
21,21
21,21
21,21
21,21
21,21
22,22
22,22
22,22
22,22
22,22
22,22
22,22
22,22
22,22
22,22
22,22
22,22
22,22
22,22
22,22
22,22
22,2
22,22
22,22
23,23
23,23
23,23
23,23
23,23
23,23
23,23
23,23
23,21
24,24
24,10
24,10
24,4
24,2
24,2
24,24
24,2
24,2
24,2
24,24
24,27
24,26
24,0
24,2
24,2
24,22
25,13
25,13
25,3
25,13
25,13
25,13
25,3
25,3
25,13
25,19
26,26
26,26
26,5
26,13
26,5
26,26
26,5
26,5
26,13
26,26
26,5
26,13
26,5
26,5
26,5
26,5
26,13
26,13
26,26
26,26
26,5
27,22
27,22
27,2
27,19
27,17
27,3
27,14
27,17
27,22
27,22
27,22
28,28
28,28
28,28
28,28
28,5
28,28
28,28
28,5
28,5
28,28
28,28
28,28
28,28
14,14
14,14
14,14
14,14
14,19
14,14
14,14
14,19
14,19
14,19
14,19
14,14
14,11
14,12
14,14
14,19
14,19
14,14
14,19
14,14
14,19
14,19
14,14
14,14
14,14
14,16
14,21
14,14
14,19
14,19
14,14
14,3
14,3
14,17
14,19
14,14
14,19
14,14
14,14
14,14
14,14
14,19
14,19
14,14
14,19
14,14
14,14
14,14
14,14
14,14
14,14
14,16
14,14
14,14
14,14
14,14
14,14
14,14
14,14
14,14
14,19
14,14
14,14
14,14
14,14
14,14
14,14
14,14
14,14
14,19
14,14
14,14
14,14
14,14
14,14
14,14
14,14
14,14
14,14
14,14
14,14
14,14
14,19
14,19
14,19
14,14
14,14
14,14
14,14
14,14
14,14
14,14
14,14
14,14
14,14
14,14
14,14
14,14
14,14
14,14
14,14
14,14
14,14
14,14
14,17
14,19
14,19
14,19
14,14
14,14
14,14
14,12
14,14
14,14
14,14
14,1
14,14
14,14
14,19
14,14
14,19
14,21
14,19
14,14
14,14
14,14
14,14
14,14
14,3
14,14
14,14
14,14
14,14
14,14
14,19
14,19
14,14
14,3
14,14
14,14
14,14
14,19
14,19
14,14
14,19
14,21
14,14
14,19
14,14
14,14
14,14
14,14
14,14
14,14
14,14
14,14
14,21
14,16
14,14
14,14
14,16
14,15
14,14
14,16
14,19
14,14
14,14
14,14
14,14
14,14
14,14
14,14
14,14
14,14
14,14
14,14
14,14
14,14
14,14
14,14
14,19
14,19
14,14
14,21
14,19
14,21
14,19
14,19
14,14
14,19
14,19
14,19
14,19
14,14
14,14
14,14
14,14
14,14
14,14
14,14
14,14
14,14
14,14
14,14
14,14
14,14
14,14
14,14
14,14
14,14
14,14
14,14
14,14
14,14
14,14
14,14
14,14
14,14
14,14
14,14
14,14
14,14
14,14
14,21
14,14
14,21
14,19
14,19
14,19
14,19
14,19
14,14
14,14
14,14
14,14
14,14
14,19
14,19
14,14
14,14
14,14
14,14
14,14
14,14
14,14
14,14
14,14
14,14
14,14
14,14
14,14
14,14
14,14
14,14
14,14
14,14
14,19
14,19
14,14
14,14
14,14
14,14
14,14
14,14
14,14
14,14
14,25
14,14
14,14
14,16
14,19
14,21
14,19
14,11
14,14
14,14
14,14
14,14
14,14
14,14
14,14
14,19
14,14
14,14
14,14
14,14
14,14
14,14
14,14
14,14
14,14
14,14
14,14
14,14
14,14
14,14
14,14
14,14
14,14
14,14
14,14
14,14
14,14
14,14
14,14
14,19
14,14
14,14
14,14
14,14
14,14
14,19
14,14
14,14
14,14
14,19
14,19
14,14
14,14
14,19
14,19
14,14
14,14
14,14
14,14
14,14
14,19
14,12
14,14
14,19
14,19
14,14
14,15
14,19
14,15
14,14
14,3
14,3
14,14
14,25
14,14
14,14
15,19
15,15
15,19
15,19
15,14
15,14
15,14
15,16
15,14
15,14
15,21
15,16
15,15
15,19
15,16
15,19
15,14
15,19
15,19
15,19
15,14
15,19
15,16
15,16
15,14
15,14
15,19
15,19
15,19
15,19
15,19
15,21
15,21
15,19
15,19
15,14
15,14
15,14
15,19
15,19
15,19
15,21
15,15
15,19
15,14
15,19
15,19
15,14
15,19
15,19
15,14
15,19
15,14
15,14
15,14
15,14
15,14
15,14
15,14
15,14
15,16
15,19
15,19
15,19
15,15
15,19
15,14
15,19
15,15
15,19
15,14
15,14
15,14
15,14
15,19
15,15
15,14
15,14
15,14
15,14
15,14
15,14
15,14
15,14
15,14
15,14
15,14
15,15
15,11
15,14
15,14
15,19
15,19
15,19
15,15
15,19
15,21
15,19
15,14
15,14
15,14
15,14
15,19
15,14
15,14
15,19
15,19
15,14
15,14
15,19
15,19
15,16
15,19
15,21
15,16
15,19
15,19
15,14
15,19
15,19
15,21
15,21
15,21
15,17
15,19
15,21
15,21
15,21
15,21
15,16
15,14
15,19
15,19
15,19
15,19
15,19
15,19
15,19
15,14
15,14
15,14
15,14
15,21
15,21
15,16
15,19
15,19
15,19
15,14
15,19
15,19
15,21
16,16
16,19
16,21
16,19
16,19
16,16
16,15
16,19
16,15
16,21
16,21
16,16
16,19
16,14
16,14
16,19
16,19
16,19
16,21
16,8
16,21
16,19
16,16
16,19
16,19
16,19
16,19
16,14
16,19
16,19
16,19
16,16
16,21
16,21
16,19
16,16
16,14
16,14
16,19
16,19
16,16
16,19
16,19
16,14
16,14
16,14
16,19
16,14
16,19
16,21
16,16
16,16
16,21
16,21
16,19
16,19
16,16
16,16
16,16
16,16
16,16
16,19
16,19
16,16
16,19
16,19
16,14
16,19
16,16
16,19
16,21
16,16
16,14
16,19
16,14
16,16
16,21
16,21
16,19
16,16
16,21
16,21
16,16
16,14
16,14
16,14
16,19
16,19
16,19
16,19
16,14
16,14
16,19
16,19
16,14
16,19
16,19
16,19
16,16
16,21
16,21
16,16
16,16
16,19
16,19
16,14
16,19
16,16
16,19
16,16
16,16
16,21
16,19
16,15
16,19
16,14
16,13
16,21
16,16
16,19
16,16
16,16
16,21
16,19
16,19
16,16
16,16
16,22
16,19
16,16
16,19
16,21
16,16
16,16
16,14
16,19
16,16
16,19
16,19
16,21
16,19
16,14
16,21
16,19
16,21
16,19
16,19
16,14
16,19
16,19
16,21
16,21
16,19
16,14
16,14
19,3
19,19
19,19
19,19
19,19
19,19
19,14
19,19
19,19
19,19
19,19
19,19
19,15
19,14
19,19
19,19
19,19
19,14
19,19
19,14
19,19
19,19
19,15
19,14
19,19
19,15
19,19
19,19
19,19
19,19
19,14
19,19
19,19
19,19
19,3
19,21
19,14
19,19
19,21
19,19
19,19
19,19
19,14
19,19
19,14
19,19
19,19
19,19
19,19
19,14
19,14
19,18
19,14
19,14
19,14
19,19
19,14
19,14
19,19
19,14
19,19
19,19
19,14
19,19
19,19
19,9
19,14
19,19
19,19
19,14
19,14
19,19
19,19
19,19
19,19
19,14
19,14
19,14
19,14
19,14
19,14
19,21
19,14
19,14
19,16
19,19
19,14
19,19
19,14
19,14
19,14
19,14
19,14
19,14
19,14
19,15
19,19
19,14
19,21
19,14
19,19
19,14
19,14
19,14
19,14
19,14
19,14
19,14
19,14
19,19
19,19
19,19
19,19
19,19
19,19
19,14
19,21
19,19
19,14
19,14
19,19
19,19
19,19
19,19
19,14
19,14
19,14
19,17
19,14
19,14
19,14
19,14
19,19
19,21
19,14
19,19
19,19
19,21
19,19
19,19
19,14
19,14
19,14
19,14
19,14
19,14
19,14
19,14
19,14
19,19
19,19
19,19
19,14
19,14
19,14
19,19
19,14
19,19
19,14
19,19
19,19
19,19
19,19
19,19
19,19
19,19
19,19
19,3
19,14
19,14
19,19
19,19
19,14
19,3
19,19
19,19
19,14
19,19
19,14
19,14
19,19
19,19
19,19
19,15
19,19
19,19
19,19
19,19
19,16
19,19
19,14
19,19
19,14
19,19
19,14
19,19
19,15
19,14
19,14
19,14
19,19
19,19
19,19
19,19
19,14
19,19
19,25
19,14
19,16
19,19
19,19
19,14
19,14
19,19
19,14
19,14
19,19
19,19
21,7
21,21
21,8
21,21
21,21
21,21
21,21
21,21
21,20
21,21
21,21
21,21
21,21
21,21
21,21
21,21
21,21
21,22
21,21
21,23
21,21
21,21
21,21
21,21
21,21
21,21
21,21
21,21
21,21
21,21
21,21
21,16
21,19
21,19
21,21
21,21
21,21
21,21
21,21
21,21
21,21
21,21
21,21
21,21
21,21
21,21
21,19
21,21
21,21
21,21
21,21
21,21
21,21
21,21
21,21
21,21
21,14
21,21
21,19
21,21
21,19
21,21
21,21
21,21
21,21
21,21
21,21
21,21
21,21
21,21
21,21
21,21
21,21
21,21
21,21
21,21
21,21
21,21
21,21
21,21
21,21
21,16
21,19
21,21
21,21
21,21
21,21
21,21
21,21
21,21
21,21
21,21
21,21
21,21
21,21
21,21
21,21
21,21
21,21
21,21
21,21
21,21
21,21
21,21
21,21
21,21
21,21
21,21
21,21
21,19
21,19
21,21
21,14
21,16
21,14
21,21
21,21
21,19
21,19
21,14
21,19
21,21
21,21
21,21
21,21
21,21
21,21
21,21
21,21
21,21
21,19
21,21
21,14
21,14
21,14
21,14
21,14
21,21
21,14
21,19
21,21
21,14
21,11
21,21
21,21
21,21
21,14
21,14
21,19
21,21
21,21
21,14
21,14
21,21
21,14
21,21
21,14
21,21
21,14
21,19
21,14
21,14
21,14
21,14
21,14
21,16
21,21
21,14
21,19
21,21
21,21
21,14
21,21
21,21
21,14
21,21
21,21
21,21
21,21
21,21
21,19
21,19
21,14
21,14
21,21
21,21
21,14
21,14
21,21
21,19
21,21
21,21
21,16
21,21
21,14
21,21
21,14
21,14
21,14
21,21
21,21
21,21
21,21
21,21
21,21
21,21
21,19
21,21
21,21
21,21
21,21
21,21
21,21
21,19
21,15
21,21
21,21
21,19
21,21
21,21
21,21
21,16
21,14
21,21
21,21
21,21
21,7
21,21
21,16
21,15
21,21
21,9
21,21
21,19
21,14
21,16
21,21
21,21
21,21
21,16
21,19
21,14
21,21
21,21
21,16
21,21
21,21
21,21
21,16
21,21
21,21
21,21
21,21
21,21
21,21
21,21
21,21
21,19
21,19
21,21
21,21
21,19
21,21
21,21
21,21
21,21
21,15
21,19
21,21
21,21
21,21
21,21
21,19
21,19
21,19
21,19
21,19
21,19
21,21
21,21
21,21
21,14
21,14
21,21
21,21
21,21
21,21
21,21
21,21
21,7
21,21
21,21
21,21
21,21
21,21
21,21
21,21
21,21
21,19
21,21
21,21
21,21
21,21
21,21
21,19
21,21
21,21
21,14
21,21
21,21
21,14
21,14
21,19
21,21
21,21
21,21
21,21
21,21
21,21
21,21
21,21
21,21
21,21
21,21
21,14
21,21
21,21
21,21
21,21
